{
    "id": "126",
    "parts": [
        {
            "id": "1",
            "category": "SERVICE PARTS",
            "category_parts": [
                {
                    "id": "",
                    "name": ""
                },
                {
                    "id": "Z88G",
                    "name": "OIL FILTER GUD"
                },
                {
                    "id": "PH2870A",
                    "name": "OIL FILTER FRAM"
                },
                {
                    "id": "0451103033",
                    "name": "OIL FILTER BOSCH"
                },
                {
                    "id": "0451103314",
                    "name": "OIL FILTER BOSCH"
                },
                {
                    "id": "FEB22542",
                    "name": "OIL FILTER FEBI"
                },
                {
                    "id": "LO71",
                    "name": "OIL FILTER CGI"
                },
                {
                    "id": "WL7070",
                    "name": "OIL FILTER WIX"
                },
                {
                    "id": "MAF773",
                    "name": "OIL FILTER KAIZEN"
                },
                {
                    "id": "AG838",
                    "name": "AIR FILTER GUD PANEL L308 W183 H57"
                },
                {
                    "id": "CA6545",
                    "name": "AIR FILTER FRAM"
                },
                {
                    "id": "1457429777",
                    "name": "AIR FILTER BOSCH"
                },
                {
                    "id": "FEB01512",
                    "name": "AIR FILTER FEBI"
                },
                {
                    "id": "LA172",
                    "name": "AIR FILTER CGI"
                },
                {
                    "id": "MAF1362",
                    "name": "AIR FILTER KAIZEN"
                },
                {
                    "id": "E32",
                    "name": "FUEL FILTER GUD"
                },
                {
                    "id": "G3744",
                    "name": "FUEL FILTER FRAM"
                },
                {
                    "id": "IF82011",
                    "name": "FUEL FILTER CGI"
                },
                {
                    "id": "WF8027",
                    "name": "FUEL FILTER WIX"
                },
                {
                    "id": "IE3",
                    "name": "FUEL FILTER KAIZEN"
                },
                {
                    "id": "BKUR6ET-10",
                    "name": "SPARK PLUG NGK"
                },
                {
                    "id": "IK20TT",
                    "name": "SPARK PLUG DENSO IRIDIUM TT [D14MM HEX16MM 22NM TL19]"
                },
                {
                    "id": "K20TT",
                    "name": "SPARK PLUG DENSO NICKEL TT [D14MM HEX16MM 22NM TL19]"
                },
                {
                    "id": "K20PBRS10",
                    "name": "SPARK PLUG DENSO NICKEL [D14MM HEX16MM 22NM TL19]"
                },
                {
                    "id": "OE032",
                    "name": "SPARK PLUG CHAMPION"
                },
                {
                    "id": "0242232502",
                    "name": "SPARK PLUG BOSCH"
                },
                {
                    "id": "0242235668",
                    "name": "SPARK PLUG BOSCH"
                },
                {
                    "id": "0242240593",
                    "name": "SPARK PLUG BOSCH"
                },
                {
                    "id": "0242240653",
                    "name": "SPARK PLUG BOSCH"
                },
                {
                    "id": "FR7LDC+",
                    "name": "SPARK PLUG BOSCH SUPER +"
                },
                {
                    "id": "FR78X",
                    "name": "SPARK PLUG BOSCH SUPER 4"
                },
                {
                    "id": "ATE467",
                    "name": "DISC PAD FRNT ATE L119 H70 T19"
                },
                {
                    "id": "FDB775",
                    "name": "DISC PAD FRNT FERODO L119 H70 T19"
                },
                {
                    "id": "FDB954",
                    "name": "DISC PAD FRNT FERODO L119 H70 T20"
                },
                {
                    "id": "FDB590",
                    "name": "DISC PAD FRNT FERODO L157 H75 T20"
                },
                {
                    "id": "0986466693",
                    "name": "DISC PAD FRNT BOSCH L119 H70 T19"
                },
                {
                    "id": "0986466700",
                    "name": "DISC PAD FRNT BOSCH L119 H70 T20"
                },
                {
                    "id": "D3178",
                    "name": "DISC PAD FRNT SAFELINE L119 H70 T16"
                },
                {
                    "id": "D3761",
                    "name": "DISC PAD FRNT SAFELINE L119 H70 T18"
                },
                {
                    "id": "D953",
                    "name": "DISC PAD FRNT SAFELINE L119 H70 T19"
                },
                {
                    "id": "OPT3025",
                    "name": "DISC PAD FRNT L/R OPTIMA"
                },
                {
                    "id": "OPT0953",
                    "name": "DISC PAD FRNT OPTIMA L119 H70"
                },
                {
                    "id": "05P221",
                    "name": "DISC PAD FRNT LPR L119 H70 T19"
                },
                {
                    "id": "05P453",
                    "name": "DISC PAD FRNT LPR L156 H74 T20"
                },
                {
                    "id": "ADB1103",
                    "name": "DISC PAD FRNT NIPPON L0 H0 T0"
                },
                {
                    "id": "ADB0511",
                    "name": "DISC PAD FRNT NIPPON L119 H69 T19"
                },
                {
                    "id": "ATE521",
                    "name": "DISC PAD REAR ATE L87 H67 T17"
                },
                {
                    "id": "FDB222",
                    "name": "DISC PAD REAR FERODO L88 H68 T17"
                },
                {
                    "id": "098650A056",
                    "name": "DISC PAD REAR BOSCH L88 H68"
                },
                {
                    "id": "0986494059",
                    "name": "DISC PAD REAR BOSCH L87 H67 T16"
                },
                {
                    "id": "0986491441",
                    "name": "DISC PAD SET REAR BOSCH"
                },
                {
                    "id": "D965",
                    "name": "DISC PAD REAR SAFELINE L87 H66 T17"
                },
                {
                    "id": "D3320",
                    "name": "DISC PAD REAR SAFELINE L87 H67 T17 [USE D965]"
                },
                {
                    "id": "D4026",
                    "name": "DISC PAD REAR SAFELINE L88 H68 T17"
                },
                {
                    "id": "05P215",
                    "name": "DISC PAD REAR LPR L87 H67 T17"
                },
                {
                    "id": "ADB0558",
                    "name": "DISC PAD REAR NIPPON L87 H67 T17"
                },
                {
                    "id": "FEB07215",
                    "name": "DRAIN PLUG WASHER COPPER 14X20"
                },
                {
                    "id": "3359766",
                    "name": "ENGINE OIL CASTROL GTX 20W50 5L"
                },
                {
                    "id": "550039899",
                    "name": "ENGINE OIL SHELL HELIX HX3 20W50 5L"
                }
            ]
        },
        {
            "id": "2",
            "category": "BRAKES",
            "category_parts": [
                {
                    "id": "",
                    "name": ""
                },
                {
                    "id": "ATE467",
                    "name": "DISC PAD FRNT ATE L119 H70 T19"
                },
                {
                    "id": "FDB775",
                    "name": "DISC PAD FRNT FERODO L119 H70 T19"
                },
                {
                    "id": "FDB954",
                    "name": "DISC PAD FRNT FERODO L119 H70 T20"
                },
                {
                    "id": "FDB590",
                    "name": "DISC PAD FRNT FERODO L157 H75 T20"
                },
                {
                    "id": "0986466693",
                    "name": "DISC PAD FRNT BOSCH L119 H70 T19"
                },
                {
                    "id": "0986466700",
                    "name": "DISC PAD FRNT BOSCH L119 H70 T20"
                },
                {
                    "id": "D3178",
                    "name": "DISC PAD FRNT SAFELINE L119 H70 T16"
                },
                {
                    "id": "D3761",
                    "name": "DISC PAD FRNT SAFELINE L119 H70 T18"
                },
                {
                    "id": "D953",
                    "name": "DISC PAD FRNT SAFELINE L119 H70 T19"
                },
                {
                    "id": "OPT3025",
                    "name": "DISC PAD FRNT L/R OPTIMA"
                },
                {
                    "id": "OPT0953",
                    "name": "DISC PAD FRNT OPTIMA L119 H70"
                },
                {
                    "id": "05P221",
                    "name": "DISC PAD FRNT LPR L119 H70 T19"
                },
                {
                    "id": "05P453",
                    "name": "DISC PAD FRNT LPR L156 H74 T20"
                },
                {
                    "id": "ADB1103",
                    "name": "DISC PAD FRNT NIPPON L0 H0 T0"
                },
                {
                    "id": "ADB0511",
                    "name": "DISC PAD FRNT NIPPON L119 H69 T19"
                },
                {
                    "id": "ATE521",
                    "name": "DISC PAD REAR ATE L87 H67 T17"
                },
                {
                    "id": "FDB222",
                    "name": "DISC PAD REAR FERODO L88 H68 T17"
                },
                {
                    "id": "098650A056",
                    "name": "DISC PAD REAR BOSCH L88 H68"
                },
                {
                    "id": "0986494059",
                    "name": "DISC PAD REAR BOSCH L87 H67 T16"
                },
                {
                    "id": "0986491441",
                    "name": "DISC PAD SET REAR BOSCH"
                },
                {
                    "id": "D965",
                    "name": "DISC PAD REAR SAFELINE L87 H66 T17"
                },
                {
                    "id": "D3320",
                    "name": "DISC PAD REAR SAFELINE L87 H67 T17 [USE D965]"
                },
                {
                    "id": "D4026",
                    "name": "DISC PAD REAR SAFELINE L88 H68 T17"
                },
                {
                    "id": "05P215",
                    "name": "DISC PAD REAR LPR L87 H67 T17"
                },
                {
                    "id": "ADB0558",
                    "name": "DISC PAD REAR NIPPON L87 H67 T17"
                },
                {
                    "id": "DR6385",
                    "name": "BRAKE DISC FV ALFA D287 H46 S68 [5]"
                },
                {
                    "id": "DR6063",
                    "name": "BRAKE DISC FV ALFA D287 H46 S68 [9]"
                },
                {
                    "id": "125.0105",
                    "name": "BRAKE DISC FV ATE D288 H47 S68 ID135 [5]"
                },
                {
                    "id": "DDF1706",
                    "name": "BRAKE DISC FV FERODO D288 H46 S68 [5]"
                },
                {
                    "id": "DDF320",
                    "name": "BRAKE DISC FV FERODO D288 H46 S68 [5]"
                },
                {
                    "id": "DDF1706C",
                    "name": "BRAKE DISC FV FERODO D288 H46 S68 [9]"
                },
                {
                    "id": "DR6386",
                    "name": "BRAKE DISC RS ALFA D244 H64 S68 [5]"
                },
                {
                    "id": "110.0201",
                    "name": "BRAKE DISC RS ATE D245 H64 S68 ID136 [5]"
                },
                {
                    "id": "DDF321",
                    "name": "BRAKE DISC RS FERODO D245 H64 S68 [5]"
                },
                {
                    "id": "DDF321C",
                    "name": "BRAKE DISC RS FERODO D245 H64 S68 [5]"
                },
                {
                    "id": "FWI235",
                    "name": "DISC PAD SENSOR FRNT [L250MM] FERODO"
                },
                {
                    "id": "WS0155B",
                    "name": "DISC PAD SENSOR FRONT [255MM] QB"
                },
                {
                    "id": "WS0180B",
                    "name": "DISC PAD SENSOR FRONT [340MM] QB"
                },
                {
                    "id": "WS0237B",
                    "name": "DISC PAD SENSOR FRONT [355MM] QB"
                },
                {
                    "id": "CPD.AUD101",
                    "name": "BRAKE M/CYL 23.81MM CPD"
                },
                {
                    "id": "0986480832",
                    "name": "BRAKE M/CYL BOSCH"
                },
                {
                    "id": "BM238.9004",
                    "name": "BRAKE M/CYL PQ"
                },
                {
                    "id": "BM238.9007",
                    "name": "BRAKE M/CYL PQ"
                },
                {
                    "id": "SEA8403E",
                    "name": "BRAKE M/CYL KIT 23.81MM CPD"
                },
                {
                    "id": "RK2.23.27",
                    "name": "BRAKE M/CYL KIT LMB"
                },
                {
                    "id": "P8403X",
                    "name": "BRAKE M/CYL KIT 23.81MM PQ"
                },
                {
                    "id": "BMK238.8403",
                    "name": "BRAKE M/CYL KIT PQ"
                },
                {
                    "id": "RW1057L",
                    "name": "CABLE H/BRAKE REAR PQ"
                },
                {
                    "id": "RW1057R",
                    "name": "CABLE H/BRAKE REAR PQ"
                },
                {
                    "id": "CK38.2304",
                    "name": "CALIPER KIT REAR PQ 57MM"
                },
                {
                    "id": "CK57.2305",
                    "name": "W/CYL KIT REAR PQ"
                },
                {
                    "id": "FEB18344",
                    "name": "WHEEL HUB FRNT FEBI PQ"
                },
                {
                    "id": "434HUB",
                    "name": "WHEEL HUB FRONT PQ"
                },
                {
                    "id": "510587",
                    "name": "BRAKE HOSE AUDI"
                },
                {
                    "id": "510012",
                    "name": "BRAKE HOSE AUDI 80/PASSAT"
                },
                {
                    "id": "1123-1",
                    "name": "ANTI RATTLE CLIP FRNT BHCS"
                },
                {
                    "id": "SED7003C",
                    "name": "CAL GUIDE BOLT FRNT CPD"
                },
                {
                    "id": "SED7007C",
                    "name": "CAL GUIDE BOLT FRNT CPD"
                },
                {
                    "id": "1306X",
                    "name": "CALIPER GUIDE BOLT KIT FRNT BHCS"
                },
                {
                    "id": "P2305S",
                    "name": "CALIPER KIT FRNT 57MM ATE PQ"
                },
                {
                    "id": "RK5.60.12",
                    "name": "CALIPER KIT LMB"
                },
                {
                    "id": "RK5.38.08",
                    "name": "CALIPER KIT [REAR] LMB"
                },
                {
                    "id": "1211-1",
                    "name": "ANTI RATTLE CLIP REAR BHCS"
                },
                {
                    "id": "1301X",
                    "name": "CALIPER GUIDE BOLT KIT BHCS"
                },
                {
                    "id": "SEA453E",
                    "name": "CALIPER KIT REAR 42.00MM CPD"
                },
                {
                    "id": "P2304S",
                    "name": "CALIPER KIT REAR 38MM ATE PQ"
                },
                {
                    "id": "113-1302X",
                    "name": "BRAKE CALIPER GUIDE SLEEVE KIT QB"
                },
                {
                    "id": "113-1306X",
                    "name": "BRAKE CALIPER GUIDE SLEEVE KIT QB"
                }
            ]
        },
        {
            "id": "3",
            "category": "SUSPENSION COMPONENTS [FRONT]",
            "category_parts": [
                {
                    "id": "",
                    "name": ""
                },
                {
                    "id": "MR315",
                    "name": "SHOCK FRNT MONROE"
                },
                {
                    "id": "61303",
                    "name": "SHOCK FRNT GABRIEL"
                },
                {
                    "id": "366002",
                    "name": "SHOCK FRNT KYB"
                },
                {
                    "id": "MK043",
                    "name": "STRUT MOUNTING FRNT MONROE"
                },
                {
                    "id": "AU2823",
                    "name": "MOUNTING SHOCK FRNT L/R TEKNOSA"
                },
                {
                    "id": "FEB01876",
                    "name": "STRUT MOUNTING FRNT FEBI FEBI"
                },
                {
                    "id": "VKDP32103T",
                    "name": "DUST COVER KIT FRNT SKF"
                },
                {
                    "id": "PK002",
                    "name": "SHOCK PROTECTION KIT MON FRNT"
                },
                {
                    "id": "PK038",
                    "name": "SHOCK PROTECTION KIT MON FRNT"
                },
                {
                    "id": "PK094",
                    "name": "SHOCK PROTECTION KIT REAR"
                },
                {
                    "id": "12154AP",
                    "name": "TIE ROD END ASSEMBLY LHS A-PLUS"
                },
                {
                    "id": "12152AP",
                    "name": "TIE ROD END ASSEMBLY RHS A-PLUS"
                },
                {
                    "id": "AU2014",
                    "name": "CONTROL ARM LOWER FRNT LHS TEKNOSA"
                },
                {
                    "id": "AU2015",
                    "name": "CONTROL ARM LOWER FRNT RHS TEKNOSA"
                },
                {
                    "id": "11858AP",
                    "name": "CONTROL ARM LOWER LHS A-PLUS"
                },
                {
                    "id": "11859AP",
                    "name": "CONTROL ARM LOWER RHS A-PLUS"
                },
                {
                    "id": "CJ294",
                    "name": "CONTROL ARM LOWER LHS AUTOCOM"
                },
                {
                    "id": "CJ295",
                    "name": "CONTROL ARM LOWER RHS AUTOCOM"
                },
                {
                    "id": "BJ986",
                    "name": "TRACK CONTROL ARM LOWER LHS PQ"
                },
                {
                    "id": "BJ985",
                    "name": "TRACK CONTROL ARM LOWER RHS PQ"
                },
                {
                    "id": "AR7148",
                    "name": "C/ARM BUSH F/SUSP LOWER INNER PQ"
                },
                {
                    "id": "AR7155",
                    "name": "C/ARM BUSH F/SUSP LOWER INNER PQ"
                },
                {
                    "id": "AR7149",
                    "name": "C/ARM BUSH F/SUSP LOWER OUTER PQ"
                },
                {
                    "id": "AU2112",
                    "name": "BUSH CONT ARM LOW FRNT L/R TEKNOSA"
                },
                {
                    "id": "AR7181",
                    "name": "STABILISER BAR BUSH FRNT SUSP PQ"
                }
            ]
        },
        {
            "id": "4",
            "category": "SUSPENSION COMPONENTS [REAR]",
            "category_parts": [
                {
                    "id": "",
                    "name": ""
                },
                {
                    "id": "VKDP32103T",
                    "name": "DUST COVER KIT FRNT SKF"
                },
                {
                    "id": "E2003",
                    "name": "SHOCK REAR MONROE [DISCONTINUED]"
                },
                {
                    "id": "69072",
                    "name": "SHOCK REAR GABRIEL"
                },
                {
                    "id": "341133",
                    "name": "SHOCK REAR KYB"
                },
                {
                    "id": "VKDC35100",
                    "name": "TOP MOUNT REAR SHOCK [SINGLE] SKF"
                },
                {
                    "id": "VKDC35100T",
                    "name": "TOP MOUNT REAR SHOCK [TWIN PACK] SKF"
                },
                {
                    "id": "MK119",
                    "name": "STRUT MOUNTING REAR MONROE"
                },
                {
                    "id": "FEB09522",
                    "name": "STRUT MOUNTING REAR FEBI"
                },
                {
                    "id": "AR7164",
                    "name": "SUBFRAME MTG REAR S/FRAME LHS PQ"
                },
                {
                    "id": "AR7165",
                    "name": "SUBFRAME MTG RR S/FRAME RHS"
                },
                {
                    "id": "PK002",
                    "name": "SHOCK PROTECTION KIT MON FRNT"
                },
                {
                    "id": "PK038",
                    "name": "SHOCK PROTECTION KIT MON FRNT"
                },
                {
                    "id": "PK094",
                    "name": "SHOCK PROTECTION KIT REAR"
                },
                {
                    "id": "14263AP",
                    "name": "C/ARM BUSH LOWER L/R A-PLUS"
                },
                {
                    "id": "14305AP",
                    "name": "C/ARM BUSH LOWER L/R A-PLUS"
                },
                {
                    "id": "AU2112",
                    "name": "BUSH CONT ARM LOW FRNT L/R TEKNOSA"
                },
                {
                    "id": "AR7150",
                    "name": "AXLE BEAM BUSH REAR AXLE PQ"
                },
                {
                    "id": "AR7152",
                    "name": "PANHARD ROD BUSH RR SUSP"
                },
                {
                    "id": "13464AP",
                    "name": "STABILIZER LINK L/R A-PLUS L123"
                },
                {
                    "id": "AU1510",
                    "name": "STABILIZER LINK REAR L/R L123 TEKNOSA"
                }
            ]
        },
        {
            "id": "5",
            "category": "COOLING SYSTEM",
            "category_parts": [
                {
                    "id": "",
                    "name": ""
                },
                {
                    "id": "RDAD0010C",
                    "name": "RADIATOR [AUTO]"
                },
                {
                    "id": "04975",
                    "name": "OIL COOLER O-RING OSSCA/ATS"
                },
                {
                    "id": "00753",
                    "name": "OIL COOLER OSSCA/ATS"
                },
                {
                    "id": "02388",
                    "name": "OIL COOLER OSSCA/ATS"
                },
                {
                    "id": "00253",
                    "name": "RADIATOR CAP OSSCA/ATS"
                },
                {
                    "id": "TP1-18",
                    "name": "RADIATOR CAP [45MM ID THREAD] RAM"
                },
                {
                    "id": "5604-005",
                    "name": "RADIATOR CAP 45MM ID THREAD M/PART"
                },
                {
                    "id": "5630-032",
                    "name": "RADIATOR CAP [45MM ID THREAD] MP"
                },
                {
                    "id": "TP1-18M",
                    "name": "RADIATOR CAP [45MM ID THREAD] MP"
                },
                {
                    "id": "FEB02269",
                    "name": "RADIATOR CAP [45MM ID THREAD] FEBI"
                },
                {
                    "id": "6966",
                    "name": "THERMOSTAT [67MM 87C] ECHLIN"
                },
                {
                    "id": "6966M",
                    "name": "THERMOSTAT [67MM 87C] MOTOPART"
                },
                {
                    "id": "229.87",
                    "name": "THERMOSTAT HELLA"
                },
                {
                    "id": "VKPC81800",
                    "name": "WATER PUMP SKF"
                },
                {
                    "id": "NWP9035",
                    "name": "WATER PUMP PI"
                },
                {
                    "id": "NWP9035M",
                    "name": "WATER PUMP MP"
                },
                {
                    "id": "W17995",
                    "name": "WATER PUMP AZ"
                },
                {
                    "id": "QCP4051",
                    "name": "WATER PUMP ECHLIN"
                },
                {
                    "id": "A-172",
                    "name": "WATER PUMP DOLZ"
                },
                {
                    "id": "534011620",
                    "name": "FAN BELT TENSIONER/PULLEY LUK"
                },
                {
                    "id": "FEB04131",
                    "name": "MULTI V BELT PULLEY INA"
                },
                {
                    "id": "FEB21905",
                    "name": "FAN BELT TENSIONER/PULLEY"
                },
                {
                    "id": "FS157",
                    "name": "FAN SWITCH [M22 3-SPADE] ECHLIN"
                },
                {
                    "id": "FS157M",
                    "name": "FAN SWITCH [M22 3-SPADE] MP"
                },
                {
                    "id": "FS7173",
                    "name": "FAN SWITCH [M22 3-SPADE] HELLA"
                },
                {
                    "id": "TFS6",
                    "name": "FAN SWITCH [M22 3-SPADE] ATS"
                }
            ]
        },
        {
            "id": "6",
            "category": "CLUTCH COMPONENTS",
            "category_parts": [
                {
                    "id": "",
                    "name": ""
                },
                {
                    "id": "CPD.AUD302",
                    "name": "CLUTCH M/CYL 19.05MM CPD"
                },
                {
                    "id": "SEA7892E",
                    "name": "CLUTCH M/CYL KIT 19.05MM CPD"
                },
                {
                    "id": "30.190.0124",
                    "name": "CLUTCH M/CYL HYDRADRIVE 19.05MM"
                },
                {
                    "id": "M1900124",
                    "name": "CLUTCH M/CYL BETTABRAKE 19.05MM"
                },
                {
                    "id": "CM190.9000",
                    "name": "CLUTCH M/CYL PQ"
                },
                {
                    "id": "CMK190.7892",
                    "name": "CLUTCH M/CYL KIT 19.05 PQ"
                },
                {
                    "id": "CMK190.7892P",
                    "name": "CLUTCH M/CYL KIT 19.05 PQ"
                },
                {
                    "id": "P7892X",
                    "name": "CLUTCH M/CYL KIT 19.05 PQ"
                },
                {
                    "id": "P7892X-PIST",
                    "name": "CLUTCH M/CYL KIT 19.05 PQ"
                },
                {
                    "id": "CPD.VW202",
                    "name": "CLUTCH S/CYL 22.22MM CPD"
                },
                {
                    "id": "CPD.VW212",
                    "name": "CLUTCH S/CYL 22.22MM CPD"
                },
                {
                    "id": "SEA1215E",
                    "name": "CLUTCH S/CYL KIT 22.22MM CPD"
                },
                {
                    "id": "CS222.9001",
                    "name": "CLUTCH S/CYL PQ"
                },
                {
                    "id": "P1215S",
                    "name": "CLUTCH S/CYL KIT 22.22MM PQ"
                },
                {
                    "id": "RB9854",
                    "name": "CLUTCH RELEASE BRG PQ"
                },
                {
                    "id": "124008910",
                    "name": "PRESSURE PLATE LUK"
                },
                {
                    "id": "624083300",
                    "name": "CLUTCH KIT LUK D240 S24.3 ST23"
                },
                {
                    "id": "R134MK",
                    "name": "CLUTCH KIT LUK D240 S24.3 ST23"
                },
                {
                    "id": "AR7161",
                    "name": "GEARBOX MOUNTING PQ"
                },
                {
                    "id": "FEB01907",
                    "name": "GEARBOX MOUNTING FEBI"
                }
            ]
        },
        {
            "id": "7",
            "category": "IGNITION SYSTEM",
            "category_parts": [
                {
                    "id": "",
                    "name": ""
                },
                {
                    "id": "00487",
                    "name": "HALL SENDER PICK UP OSSCA/ATS"
                },
                {
                    "id": "138052",
                    "name": "DISTRIBUTOR MODULE [4+3 PIN] HUCO"
                },
                {
                    "id": "MP311",
                    "name": "DIST PICKUP (TP900B) ECHLIN"
                },
                {
                    "id": "W19-306",
                    "name": "PLUG WIRE SET BOUGICORD"
                },
                {
                    "id": "08-164",
                    "name": "PLUG WIRE SET"
                },
                {
                    "id": "IC90",
                    "name": "IGN COIL ELEC [BOSCH +PIN] ECHLIN"
                },
                {
                    "id": "IC70",
                    "name": "IGN COIL ELEC [BOSCH STD -PIN] ECHLIN"
                },
                {
                    "id": "IC035",
                    "name": "IGNITION COIL 5-PIN ECHLIN"
                },
                {
                    "id": "110003",
                    "name": "IGN COIL ELEC [BOSCH +PIN] HUCO"
                },
                {
                    "id": "110006",
                    "name": "IGN COIL ELEC [BOSCH STD -PIN] HUCO"
                },
                {
                    "id": "IC8137",
                    "name": "IGNITION COIL ATS"
                },
                {
                    "id": "ICU15",
                    "name": "IGNITION COIL OSSCA/ATS"
                },
                {
                    "id": "IC330009",
                    "name": "IGNITION COIL KAIZEN"
                },
                {
                    "id": "IC330018",
                    "name": "IGNITION COIL KAIZEN"
                }
            ]
        },
        {
            "id": "8",
            "category": "DRIVESHAFT COMPONENTS",
            "category_parts": [
                {
                    "id": "",
                    "name": ""
                },
                {
                    "id": "PJ803004",
                    "name": "CV JOINT OUTER 26X25X57X90 O PQ"
                },
                {
                    "id": "PJ803015",
                    "name": "CV JOINT OUTER 38X30X60X88 I PQ"
                },
                {
                    "id": "PJ803054",
                    "name": "CV JOINT OUTER 96T 26X28X57X94 O PQ"
                },
                {
                    "id": "CVJ3311",
                    "name": "CV JOINT OUTER ATS"
                },
                {
                    "id": "CVJ903M",
                    "name": "CV JOINT OUTER [+ABS] MP"
                },
                {
                    "id": "CVJ937M",
                    "name": "CV JOINT OUTER [+ABS] MP"
                },
                {
                    "id": "CVAD1008A",
                    "name": "CV JOINT OUTER [+ABS] CVJ903M GM"
                },
                {
                    "id": "CVAD1007A",
                    "name": "CV JOINT OUTER [+ABS] CVJ937M GM"
                },
                {
                    "id": "VW6931",
                    "name": "CV JOINT INNER F/R L/R 28X32X108 TEKNOSA"
                },
                {
                    "id": "VW6931-X",
                    "name": "CV JOINT INNER F/R L/R 28X32X108 X-LINE"
                },
                {
                    "id": "AD5929A",
                    "name": "CV JOINT OUTER FRNT L/R 38X27X59.5XIX45T TEKNOSA"
                },
                {
                    "id": "AD5918F2A",
                    "name": "CV JOINT OUTER FRNT L/R 38X30X59.5XIX45T TEKNOSA"
                },
                {
                    "id": "CV19K",
                    "name": "CV BOOT KIT OUTER"
                },
                {
                    "id": "CV120K",
                    "name": "CV BOOT KIT OUTER PQ"
                },
                {
                    "id": "CV118K",
                    "name": "CV BOOT KIT INNER PQ"
                },
                {
                    "id": "456008",
                    "name": "DRIVE SHAFT OIL SEAL [AUTO] PQ"
                },
                {
                    "id": "300811/49",
                    "name": "DIFF CARRIER BRG L/R PQ"
                },
                {
                    "id": "501310/49",
                    "name": "DIFF CARRIER BRG L/R PQ"
                },
                {
                    "id": "501310",
                    "name": "DIFF CARRIER BRG PQ"
                },
                {
                    "id": "501349",
                    "name": "DIFF CARRIER BRG PQ"
                },
                {
                    "id": "9877",
                    "name": "PINION OIL SEAL [AUTO] PQ"
                },
                {
                    "id": "9876",
                    "name": "PINION OIL SEAL [MAN] PQ"
                }
            ]
        },
        {
            "id": "9",
            "category": "FUEL SYSTEM",
            "category_parts": [
                {
                    "id": "",
                    "name": ""
                },
                {
                    "id": "0580314068",
                    "name": "FUEL PUMP BOSCH"
                },
                {
                    "id": "EP60010A",
                    "name": "FUEL INJ PUMP [6 BAR 120 L/H] PI"
                },
                {
                    "id": "EP60031A",
                    "name": "FUEL INJ PUMP [6 BAR 120 L/H] PI"
                },
                {
                    "id": "00625",
                    "name": "FUEL INJECTION PUMP OSSCA/ATS"
                },
                {
                    "id": "03096",
                    "name": "FUEL INJECTION PUMP OSSCA/ATS"
                },
                {
                    "id": "443095",
                    "name": "FUEL INJ PUMP [6 BAR 120 L/H]"
                },
                {
                    "id": "443096",
                    "name": "FUEL INJ PUMP [6 BAR 120 L/H]"
                },
                {
                    "id": "443109",
                    "name": "FUEL INJ PUMP [6 BAR 120 L/H]"
                },
                {
                    "id": "0580254001",
                    "name": "FUEL INJECTION PUMP"
                },
                {
                    "id": "0580254040",
                    "name": "FUEL INJECTION PUMP"
                },
                {
                    "id": "0580464125",
                    "name": "FUEL INJECTION PUMP"
                },
                {
                    "id": "FP3093",
                    "name": "FUEL INJECTION PUMP"
                },
                {
                    "id": "FP3095",
                    "name": "FUEL INJECTION PUMP"
                },
                {
                    "id": "FP3096",
                    "name": "FUEL INJECTION PUMP"
                },
                {
                    "id": "E32",
                    "name": "FUEL FILTER GUD"
                },
                {
                    "id": "G3744",
                    "name": "FUEL FILTER FRAM"
                },
                {
                    "id": "IF82011",
                    "name": "FUEL FILTER CGI"
                },
                {
                    "id": "WF8027",
                    "name": "FUEL FILTER WIX"
                },
                {
                    "id": "IE3",
                    "name": "FUEL FILTER KAIZEN"
                },
                {
                    "id": "0280150921",
                    "name": "INJECTORS BOSCH"
                },
                {
                    "id": "AC1058",
                    "name": "CABLE ACCELERATOR PQ"
                },
                {
                    "id": "AC14-133",
                    "name": "CABLE ACCELERATOR"
                },
                {
                    "id": "1002",
                    "name": "FUEL TANK CAP LOCKING ECHLIN"
                },
                {
                    "id": "5601-023",
                    "name": "FUEL TANK CAP LOCKING PI"
                },
                {
                    "id": "3013",
                    "name": "FUEL TANK CAP [-LOCKING] ECHLIN"
                },
                {
                    "id": "FEB02211",
                    "name": "FUEL TANK CAP LOCKING FEBI"
                },
                {
                    "id": "01173",
                    "name": "FUEL TANK CAP LOCKING OSSCA/ATS"
                }
            ]
        },
        {
            "id": "10",
            "category": "TIMING COMPONENTS",
            "category_parts": [
                {
                    "id": "",
                    "name": ""
                },
                {
                    "id": "VKMA01200",
                    "name": "TIM BELT KIT SKF"
                },
                {
                    "id": "1987948547",
                    "name": "TIM BELT KIT BOSCH [AUD239]"
                },
                {
                    "id": "AUD239-FSD",
                    "name": "TIM BELT [239X25MM] 5344XS AUTOBAX"
                },
                {
                    "id": "VKMV6PK2260",
                    "name": "MULTI-GROOVE BELT SKF"
                },
                {
                    "id": "G1353H",
                    "name": "TIM BELT [239X25MM] RAM"
                },
                {
                    "id": "QTB366",
                    "name": "TIM BELT [239X25MM] ECHLIN"
                },
                {
                    "id": "94417",
                    "name": "TIM BELT [239X25MM] DAYCO"
                },
                {
                    "id": "6PK2260",
                    "name": "MULTI-GROOVE BELT [ALT] RAM"
                },
                {
                    "id": "BT-AUD14",
                    "name": "T/BELT TENSIONER [59X26] AUTOBAX"
                },
                {
                    "id": "VKM21201",
                    "name": "T/BELT TENSIONER [59X26] AUTOBAX"
                },
                {
                    "id": "BT-AUD13",
                    "name": "T/BELT TENSIONER [72X27] AUTOBAX"
                },
                {
                    "id": "FEB09614",
                    "name": "TIM BELT TENSIONER [59X26] FEBI"
                },
                {
                    "id": "FEB09613",
                    "name": "TIM BELT TENSIONER [72X27] FEBI"
                },
                {
                    "id": "531008420",
                    "name": "T/BELT TENSIONER [72X27] LUK"
                },
                {
                    "id": "VKM11200",
                    "name": "T/BELT TENSIONER [D:72 W:27] LHS SKF"
                },
                {
                    "id": "VKM11201",
                    "name": "T/BELT TENSIONER [D:72 W:27] SKF"
                },
                {
                    "id": "VKM21052",
                    "name": "TIM BELT TENSIONER [RHS] SKF"
                }
            ]
        },
        {
            "id": "11",
            "category": "CYLINDER HEAD COMPONENTS",
            "category_parts": [
                {
                    "id": "",
                    "name": ""
                },
                {
                    "id": "DY850",
                    "name": "HEAD SET GASKETS"
                },
                {
                    "id": "BY850",
                    "name": "CYL HEAD GASKET"
                },
                {
                    "id": "BY850X",
                    "name": "CYL HEAD GASKET"
                },
                {
                    "id": "50114300",
                    "name": "FULL GASKET SET"
                },
                {
                    "id": "GY850X",
                    "name": "FULL GASKET SET"
                },
                {
                    "id": "EY850",
                    "name": "CONVERSION SET GASKETS"
                },
                {
                    "id": "71-31697-00",
                    "name": "CYL HEAD COVER GASKET VR"
                },
                {
                    "id": "324710",
                    "name": "CAMSHAFT OIL SEAL"
                },
                {
                    "id": "NB446",
                    "name": "CAMSHAFT OIL SEAL [324710]"
                },
                {
                    "id": "81009800",
                    "name": "CYL HEAD BOLT KIT"
                },
                {
                    "id": "FEB07076",
                    "name": "CYL HEAD BOLT SET FEBI"
                },
                {
                    "id": "HBS064",
                    "name": "CYL HEAD BOLT KIT"
                },
                {
                    "id": "14-32054-01",
                    "name": "CYL HEAD BOLT SET REINZ"
                },
                {
                    "id": "OFC-79",
                    "name": "OIL FILLER CAP"
                },
                {
                    "id": "5625-003",
                    "name": "OIL FILLER CAP ECHLIN"
                },
                {
                    "id": "00484",
                    "name": "OIL FILLER CAP OSSCA/ATS"
                },
                {
                    "id": "FEB02113",
                    "name": "OIL FILLER CAP FEBI"
                }
            ]
        },
        {
            "id": "12",
            "category": "ENGINE SUB ASSEMBLY",
            "category_parts": [
                {
                    "id": "",
                    "name": ""
                },
                {
                    "id": "RP83048-000",
                    "name": "PISTON 82.5MM AUDI AAH"
                },
                {
                    "id": "RP83048-020",
                    "name": "PISTON 82.5MM AUDI AAH"
                },
                {
                    "id": "RP83048-030",
                    "name": "PISTON 82.5MM AUDI AAH"
                },
                {
                    "id": "RP83048-040",
                    "name": "PISTON 82.5MM AUDI AAH"
                },
                {
                    "id": "RR83028",
                    "name": "RINGSET FED 82.50MM 1.2/1.5/2MM"
                },
                {
                    "id": "RR83028-030",
                    "name": "RINGSET 82.5MM 1.2/1.5/2MM FED"
                },
                {
                    "id": "RR83028-040",
                    "name": "RINGSET 82.5MM 1.2/1.5/2MM FED"
                },
                {
                    "id": "71-3711/6-000",
                    "name": "CONROD BRG SET"
                },
                {
                    "id": "71-3711/6-010",
                    "name": "CONROD BRG SET"
                },
                {
                    "id": "71-3711/6-020",
                    "name": "CONROD BRG SET"
                },
                {
                    "id": "71-3711/6-030",
                    "name": "CONROD BRG SET"
                },
                {
                    "id": "71-3711/6-040",
                    "name": "CONROD BRG SET"
                },
                {
                    "id": "HO34/4-000",
                    "name": "MAIN BRG SET"
                },
                {
                    "id": "HO34/4-010",
                    "name": "MAIN BRG SET"
                },
                {
                    "id": "HO34/4-020",
                    "name": "MAIN BRG SET"
                },
                {
                    "id": "HO34/4-030",
                    "name": "MAIN BRG SET"
                },
                {
                    "id": "FEB07215",
                    "name": "DRAIN PLUG WASHER COPPER 14X20"
                },
                {
                    "id": "A138/4",
                    "name": "THRUST WASHER SET"
                },
                {
                    "id": "9757",
                    "name": "OIL SEAL G/BOX FRNT PQ"
                },
                {
                    "id": "9875",
                    "name": "OIL SEAL G/BOX FRNT [AUTO] PQ"
                },
                {
                    "id": "8510512",
                    "name": "MAIN BRG SEAL"
                },
                {
                    "id": "NB620",
                    "name": "MAIN BRG SEAL [8510512]"
                },
                {
                    "id": "456008",
                    "name": "DRIVE SHAFT OIL SEAL [AUTO] PQ"
                },
                {
                    "id": "NB716",
                    "name": "CRANKSHAFT OIL SEAL T/COVER PAYEN"
                },
                {
                    "id": "354810",
                    "name": "CRANKSHAFT OIL SEAL [T/COVER] PQ"
                },
                {
                    "id": "324710",
                    "name": "CAMSHAFT OIL SEAL"
                },
                {
                    "id": "NB446",
                    "name": "CAMSHAFT OIL SEAL [324710]"
                },
                {
                    "id": "OPS10",
                    "name": "OIL PUMP SPROCKET"
                }
            ]
        },
        {
            "id": "13",
            "category": "MOUNTINGS ",
            "category_parts": [
                {
                    "id": "",
                    "name": ""
                },
                {
                    "id": "VW273E",
                    "name": "MOUNTING RADIATOR OSSCA/ATS"
                },
                {
                    "id": "00732",
                    "name": "RADIATOR MOUNTING OSSCA/ATS"
                },
                {
                    "id": "5608-001",
                    "name": "RADIATOR MOUNTING OSSCA/ATS"
                },
                {
                    "id": "AR6362",
                    "name": "ENGINE MOUNTING FRNT BUFFER PQ"
                },
                {
                    "id": "AR7156",
                    "name": "ENGINE MOUNTING RHS PQ"
                },
                {
                    "id": "FEB01929",
                    "name": "ENGINE MOUNTING FRNT BUFFER FEBI"
                },
                {
                    "id": "FEB07145",
                    "name": "ENGINE MOUNTING LHS"
                },
                {
                    "id": "FEB07147",
                    "name": "ENGINE MOUNTING RHS"
                },
                {
                    "id": "SB-7493",
                    "name": "MOUNTING ENGINE FRNT L/R TEKNOSA"
                },
                {
                    "id": "AR7161",
                    "name": "GEARBOX MOUNTING PQ"
                },
                {
                    "id": "FEB01907",
                    "name": "GEARBOX MOUNTING FEBI"
                },
                {
                    "id": "MK043",
                    "name": "STRUT MOUNTING FRNT MONROE"
                },
                {
                    "id": "FEB01876",
                    "name": "STRUT MOUNTING FRNT FEBI FEBI"
                },
                {
                    "id": "AU2823",
                    "name": "MOUNTING SHOCK FRNT L/R TEKNOSA"
                },
                {
                    "id": "MK119",
                    "name": "STRUT MOUNTING REAR MONROE"
                },
                {
                    "id": "FEB09522",
                    "name": "STRUT MOUNTING REAR FEBI"
                },
                {
                    "id": "AR123",
                    "name": "AIR CLEANER MOUNTING PQ"
                },
                {
                    "id": "5629-017",
                    "name": "AIR CLEANER MOUNTING PI"
                },
                {
                    "id": "VW573",
                    "name": "AIR CLEANER MOUNTING ATS"
                }
            ]
        },
        {
            "id": "14",
            "category": "STARTER COMPONENTS",
            "category_parts": [
                {
                    "id": "",
                    "name": ""
                },
                {
                    "id": "1239-23",
                    "name": "STARTER MOTOR 1.4KW 9T 2-HOLE"
                },
                {
                    "id": "STR1276",
                    "name": "STARTER MOTOR 1.4KW 9T 2-HOLE"
                },
                {
                    "id": "STR1125",
                    "name": "STARTER MOTOR 12V 1.4KW 9T ARROW"
                },
                {
                    "id": "STR1144A",
                    "name": "STARTER MOTOR 12V ELECTROPART"
                },
                {
                    "id": "112309",
                    "name": "STARTER MOTOR CARGO"
                }
            ]
        },
        {
            "id": "15",
            "category": "ALTERNATOR COMPONENTS",
            "category_parts": [
                {
                    "id": "",
                    "name": ""
                },
                {
                    "id": "6PK2260",
                    "name": "MULTI-GROOVE BELT [ALT] RAM"
                },
                {
                    "id": "534011620",
                    "name": "FAN BELT TENSIONER/PULLEY LUK"
                },
                {
                    "id": "FEB04131",
                    "name": "MULTI V BELT PULLEY INA"
                },
                {
                    "id": "FEB21905",
                    "name": "FAN BELT TENSIONER/PULLEY"
                }
            ]
        },
        {
            "id": "16",
            "category": "BODY PARTS FRONT AND REAR",
            "category_parts": [
                {
                    "id": "",
                    "name": ""
                },
                {
                    "id": "00370",
                    "name": "FLASHER UNIT ATS"
                },
                {
                    "id": "FS16",
                    "name": "FLASHER UNIT ATS"
                },
                {
                    "id": "SL175",
                    "name": "SWITCH STOP LIGHT"
                },
                {
                    "id": "4081",
                    "name": "GASLIFT HOOD/BONNET"
                },
                {
                    "id": "ML0023",
                    "name": "GASLIFT HOOD/BONNET"
                }
            ]
        },
        {
            "id": "17",
            "category": "SWITCHES \u0026 ACCESSORIES",
            "category_parts": [
                {
                    "id": "",
                    "name": ""
                },
                {
                    "id": "S647",
                    "name": "BATTERY SABAT"
                },
                {
                    "id": "F647",
                    "name": "BATTERY EXIDE/MIDAS"
                },
                {
                    "id": "W647",
                    "name": "BATTERY WILLARD"
                },
                {
                    "id": "EU55",
                    "name": "WIPER BLADE FRNT [DR/PASS] CHAMPION"
                },
                {
                    "id": "EU55",
                    "name": "WIPER BLADE FRNT [DR/PASS] CHAMPION"
                },
                {
                    "id": "BU19-22",
                    "name": "WIPER BLADE FRNT [DRIVER] CHAMPION"
                },
                {
                    "id": "BU17-22",
                    "name": "WIPER BLADE FRNT [PASS] CHAMPION"
                },
                {
                    "id": "VW249",
                    "name": "W/SCREEN WASHER MOTOR GLOBAL"
                },
                {
                    "id": "5650-010",
                    "name": "W/SCREEN WASHER PUMP [2 PIPE]"
                },
                {
                    "id": "FEB03940",
                    "name": "WINDSCREEN WASHER PUMP (2 PIPES) FEBI"
                },
                {
                    "id": "00268",
                    "name": "WINDSCREEN WASHER PUMP [2 PIPES] OSCCA/ATS"
                },
                {
                    "id": "00378",
                    "name": "OIL PRESSURE SWITCH ATS"
                },
                {
                    "id": "01078",
                    "name": "OIL PRESSURE SWITCH BLACK OSSCA/ATS"
                },
                {
                    "id": "OPS11",
                    "name": "OIL PRESSURE SWITCH [BLACK] ATS"
                },
                {
                    "id": "OPS12",
                    "name": "OIL PRESSURE SWITCH [GREY] ATS"
                },
                {
                    "id": "OPS13",
                    "name": "OIL SWITCH [BROWN ON CYL HEAD] ATS"
                },
                {
                    "id": "OP6112",
                    "name": "OIL PRESSURE SWITCH [BLACK] ECHLIN"
                },
                {
                    "id": "OP6624",
                    "name": "OIL PRESSURE SWITCH [GAUGE] ECHLIN"
                },
                {
                    "id": "OP6113",
                    "name": "OIL PRESSURE SWITCH [GREY] ECHLIN"
                },
                {
                    "id": "OP6080",
                    "name": "OIL SWITCH [BROWN ON CYL HEAD] ECHLIN"
                },
                {
                    "id": "OP6111",
                    "name": "OIL SWITCH [WHITE ON F/HOUSING ECHLIN"
                },
                {
                    "id": "00393",
                    "name": "SWITCH OIL (WHITE TOP) ATS"
                },
                {
                    "id": "OP6112M",
                    "name": "OIL PRESSURE SWITCH [BLACK] MP"
                },
                {
                    "id": "OP6624M",
                    "name": "OIL PRESSURE SWITCH [GAUGE] MP"
                },
                {
                    "id": "OP6113M",
                    "name": "OIL PRESSURE SWITCH [GREY] MP"
                },
                {
                    "id": "OP6080M",
                    "name": "OIL SWITCH [BROWN ON CYL HEAD] MP"
                },
                {
                    "id": "OP6111M",
                    "name": "OIL SWITCH [WHITE ON F/HOUSING MP"
                },
                {
                    "id": "TS6054",
                    "name": "TEMP SENDER UNIT ECHLIN"
                },
                {
                    "id": "TS6054M",
                    "name": "TEMP SENDER UNIT"
                },
                {
                    "id": "TFS6",
                    "name": "FAN SWITCH [M22 3-SPADE] ATS"
                },
                {
                    "id": "FS157",
                    "name": "FAN SWITCH [M22 3-SPADE] ECHLIN"
                },
                {
                    "id": "FS157M",
                    "name": "FAN SWITCH [M22 3-SPADE] MP"
                },
                {
                    "id": "FS7173",
                    "name": "FAN SWITCH [M22 3-SPADE] HELLA"
                },
                {
                    "id": "SL175",
                    "name": "SWITCH STOP LIGHT"
                }
            ]
        },
        {
            "id": "18",
            "category": "GASKETS ",
            "category_parts": [
                {
                    "id": "",
                    "name": ""
                },
                {
                    "id": "50114300",
                    "name": "FULL GASKET SET"
                },
                {
                    "id": "GY850X",
                    "name": "FULL GASKET SET"
                },
                {
                    "id": "EY850",
                    "name": "CONVERSION SET GASKETS"
                },
                {
                    "id": "DY850",
                    "name": "HEAD SET GASKETS"
                },
                {
                    "id": "BY850",
                    "name": "CYL HEAD GASKET"
                },
                {
                    "id": "BY850X",
                    "name": "CYL HEAD GASKET"
                }
            ]
        },
        {
            "id": "20",
            "category": "SEALS ",
            "category_parts": [
                {
                    "id": "",
                    "name": ""
                },
                {
                    "id": "405208SP",
                    "name": "OIL SEAL REAR WHEEL"
                },
                {
                    "id": "456008",
                    "name": "DRIVE SHAFT OIL SEAL [AUTO] PQ"
                },
                {
                    "id": "9757",
                    "name": "OIL SEAL G/BOX FRNT PQ"
                },
                {
                    "id": "9875",
                    "name": "OIL SEAL G/BOX FRNT [AUTO] PQ"
                },
                {
                    "id": "8510512",
                    "name": "MAIN BRG SEAL"
                },
                {
                    "id": "NB620",
                    "name": "MAIN BRG SEAL [8510512]"
                },
                {
                    "id": "9877",
                    "name": "PINION OIL SEAL [AUTO] PQ"
                },
                {
                    "id": "9876",
                    "name": "PINION OIL SEAL [MAN] PQ"
                },
                {
                    "id": "324710",
                    "name": "CAMSHAFT OIL SEAL"
                },
                {
                    "id": "NB446",
                    "name": "CAMSHAFT OIL SEAL [324710]"
                },
                {
                    "id": "NB716",
                    "name": "CRANKSHAFT OIL SEAL T/COVER PAYEN"
                },
                {
                    "id": "354810",
                    "name": "CRANKSHAFT OIL SEAL [T/COVER] PQ"
                },
                {
                    "id": "OPS10",
                    "name": "OIL PUMP SPROCKET"
                }
            ]
        },
        {
            "id": "21",
            "category": "SENSORS \u0026 RELAYS",
            "category_parts": [
                {
                    "id": "",
                    "name": ""
                },
                {
                    "id": "01303",
                    "name": "RELAY (MULTI FUNCTIONAL) ATS"
                },
                {
                    "id": "VW410",
                    "name": "RELAY HEADLAMP"
                },
                {
                    "id": "VW409",
                    "name": "RELAY MAIN CURRENT 4-PIN ATS"
                },
                {
                    "id": "VW254",
                    "name": "RELAY WIPER MOTOR"
                }
            ]
        },
        {
            "id": "22",
            "category": "CABLES ",
            "category_parts": [
                {
                    "id": "",
                    "name": ""
                },
                {
                    "id": "AC14-133",
                    "name": "CABLE ACCELERATOR"
                },
                {
                    "id": "AC1058",
                    "name": "CABLE ACCELERATOR PQ"
                },
                {
                    "id": "RW1057L",
                    "name": "CABLE H/BRAKE REAR PQ"
                },
                {
                    "id": "RW1057R",
                    "name": "CABLE H/BRAKE REAR PQ"
                }
            ]
        },
        {
            "id": "23",
            "category": "LUBRICANTS",
            "category_parts": [
                {
                    "id": "",
                    "name": ""
                },
                {
                    "id": "3359766",
                    "name": "ENGINE OIL CASTROL GTX 20W50 5L"
                },
                {
                    "id": "550039899",
                    "name": "ENGINE OIL SHELL HELIX HX3 20W50 5L"
                }
            ]
        },
        {
            "id": "24",
            "category": "WHEEL BEARINGS",
            "category_parts": [
                {
                    "id": "",
                    "name": ""
                },
                {
                    "id": "VKBA1356",
                    "name": "WHEEL BRG KIT FRNT [43X82X37] SKF"
                },
                {
                    "id": "ATC9004",
                    "name": "WHEEL BRG KIT FRNT [43X82X37] TC"
                },
                {
                    "id": "ATC9031",
                    "name": "WHEEL BRG KIT FRNT [43X82X37] TC"
                },
                {
                    "id": "633817",
                    "name": "WHEEL BEARING FRNT"
                },
                {
                    "id": "331274",
                    "name": "WHEEL BRG FRNT INNER"
                },
                {
                    "id": "FW434",
                    "name": "WHEEL BRG KIT FRNT [43X82X37] PQ"
                },
                {
                    "id": "FW434P",
                    "name": "WHEEL BRG KIT FRNT [43X82X37] PQ"
                },
                {
                    "id": "FAG1003",
                    "name": "WHEEL BRG KIT FRNT [43X82X37] FAG"
                },
                {
                    "id": "WBFW868",
                    "name": "WHEEL BRG KIT FRNT [43X82X37] GM"
                },
                {
                    "id": "SKF151",
                    "name": "WHEEL BRG KIT REAR SKF"
                },
                {
                    "id": "ATC151",
                    "name": "WHEEL BRG KIT REAR TC"
                },
                {
                    "id": "11910",
                    "name": "WHEEL BRG KIT REAR PQ"
                },
                {
                    "id": "11949",
                    "name": "WHEEL BRG KIT REAR PQ"
                },
                {
                    "id": "300811",
                    "name": "WHEEL BRG KIT REAR PQ"
                },
                {
                    "id": "300849",
                    "name": "WHEEL BRG KIT REAR PQ"
                },
                {
                    "id": "PQ151",
                    "name": "WHEEL BRG KIT REAR PQ"
                },
                {
                    "id": "PQ434",
                    "name": "WHEEL BRG KIT REAR PQ"
                },
                {
                    "id": "RW151",
                    "name": "WHEEL BRG KIT REAR PQ"
                },
                {
                    "id": "11910/49",
                    "name": "WHEEL BRG REAR OUTER PQ"
                },
                {
                    "id": "FAG151",
                    "name": "WHEEL BRG KIT REAR FAG"
                },
                {
                    "id": "151M",
                    "name": "WHEEL BRG KIT REAR MP"
                },
                {
                    "id": "WBRW302",
                    "name": "WHEEL BRG KIT REAR GM"
                }
            ]
        },
        {
            "id": "26",
            "category": "STEERING",
            "category_parts": [
                {
                    "id": "",
                    "name": ""
                },
                {
                    "id": "SR18",
                    "name": "STEERING R/BOOT [1X LONG BOOT]"
                },
                {
                    "id": "SR18B",
                    "name": "STEERING R/BOOT [1X LONG BOOT] PQ"
                },
                {
                    "id": "11230AP",
                    "name": "TIE ROD END OUTER LHS A-PLUS"
                },
                {
                    "id": "11482AP",
                    "name": "TIE ROD END OUTER LHS A-PLUS"
                },
                {
                    "id": "11229AP",
                    "name": "TIE ROD END OUTER RHS A-PLUS"
                },
                {
                    "id": "11481AP",
                    "name": "TIE ROD END OUTER RHS A-PLUS"
                },
                {
                    "id": "TR5381",
                    "name": "TIE ROD END OUTER L/R PQ"
                },
                {
                    "id": "TR5386",
                    "name": "TIE ROD END OUTER L/R PQ"
                },
                {
                    "id": "TR05386",
                    "name": "TIE ROD END OUTER PQ"
                },
                {
                    "id": "TR05381",
                    "name": "TIE ROD ENDS OUTER 16MM PQ"
                },
                {
                    "id": "CTR5392",
                    "name": "TIE ROD ENDS OUTER 16MM AUTOCOM"
                },
                {
                    "id": "AU2310",
                    "name": "TIE ROD ASSEMBLY F/R LHS TEKNOSA"
                },
                {
                    "id": "AU2311",
                    "name": "TIE ROD ASSEMBLY F/R RHS TEKNOSA"
                },
                {
                    "id": "AU1212",
                    "name": "TIE ROD ASSEMBLY FRNT LHS TEKNOSA"
                },
                {
                    "id": "AU1213",
                    "name": "TIE ROD ASSEMBLY FRNT RHS TEKNOSA"
                },
                {
                    "id": "AU1012",
                    "name": "TIE ROD END OUTER FRNT LHS TEKNOSA"
                },
                {
                    "id": "AU1014",
                    "name": "TIE ROD END OUTER FRNT LHS TEKNOSA"
                },
                {
                    "id": "AU1013",
                    "name": "TIE ROD END OUTER FRNT RHS TEKNOSA"
                },
                {
                    "id": "AU1015",
                    "name": "TIE ROD END OUTER FRNT RHS TEKNOSA"
                },
                {
                    "id": "AU1311",
                    "name": "TIE ROD END SET OUTER FRNT L/R TEKNOSA"
                },
                {
                    "id": "AU1312",
                    "name": "TIE ROD END SET OUTER FRNT L/R TEKNOSA"
                },
                {
                    "id": "11844AP",
                    "name": "DRAG LINK/CENTER ROD LHS A-PLUS"
                }
            ]
        },
        {
            "id": "27",
            "category": "BEARINGS",
            "category_parts": [
                {
                    "id": "",
                    "name": ""
                },
                {
                    "id": "RB9854",
                    "name": "CLUTCH RELEASE BRG PQ"
                },
                {
                    "id": "300811/49",
                    "name": "DIFF CARRIER BRG L/R PQ"
                },
                {
                    "id": "501310/49",
                    "name": "DIFF CARRIER BRG L/R PQ"
                },
                {
                    "id": "501310",
                    "name": "DIFF CARRIER BRG PQ"
                },
                {
                    "id": "501349",
                    "name": "DIFF CARRIER BRG PQ"
                },
                {
                    "id": "71-3711/6-000",
                    "name": "CONROD BRG SET"
                },
                {
                    "id": "71-3711/6-010",
                    "name": "CONROD BRG SET"
                },
                {
                    "id": "71-3711/6-020",
                    "name": "CONROD BRG SET"
                },
                {
                    "id": "71-3711/6-030",
                    "name": "CONROD BRG SET"
                },
                {
                    "id": "71-3711/6-040",
                    "name": "CONROD BRG SET"
                },
                {
                    "id": "HO34/4-000",
                    "name": "MAIN BRG SET"
                },
                {
                    "id": "HO34/4-010",
                    "name": "MAIN BRG SET"
                },
                {
                    "id": "HO34/4-020",
                    "name": "MAIN BRG SET"
                },
                {
                    "id": "HO34/4-030",
                    "name": "MAIN BRG SET"
                },
                {
                    "id": "VKBA1356",
                    "name": "WHEEL BRG KIT FRNT [43X82X37] SKF"
                },
                {
                    "id": "ATC9004",
                    "name": "WHEEL BRG KIT FRNT [43X82X37] TC"
                },
                {
                    "id": "ATC9031",
                    "name": "WHEEL BRG KIT FRNT [43X82X37] TC"
                },
                {
                    "id": "633817",
                    "name": "WHEEL BEARING FRNT"
                },
                {
                    "id": "331274",
                    "name": "WHEEL BRG FRNT INNER"
                },
                {
                    "id": "FW434",
                    "name": "WHEEL BRG KIT FRNT [43X82X37] PQ"
                },
                {
                    "id": "FW434P",
                    "name": "WHEEL BRG KIT FRNT [43X82X37] PQ"
                },
                {
                    "id": "FAG1003",
                    "name": "WHEEL BRG KIT FRNT [43X82X37] FAG"
                },
                {
                    "id": "WBFW868",
                    "name": "WHEEL BRG KIT FRNT [43X82X37] GM"
                },
                {
                    "id": "SKF151",
                    "name": "WHEEL BRG KIT REAR SKF"
                },
                {
                    "id": "ATC151",
                    "name": "WHEEL BRG KIT REAR TC"
                },
                {
                    "id": "11910",
                    "name": "WHEEL BRG KIT REAR PQ"
                },
                {
                    "id": "11949",
                    "name": "WHEEL BRG KIT REAR PQ"
                },
                {
                    "id": "300811",
                    "name": "WHEEL BRG KIT REAR PQ"
                },
                {
                    "id": "300849",
                    "name": "WHEEL BRG KIT REAR PQ"
                },
                {
                    "id": "PQ151",
                    "name": "WHEEL BRG KIT REAR PQ"
                },
                {
                    "id": "PQ434",
                    "name": "WHEEL BRG KIT REAR PQ"
                },
                {
                    "id": "RW151",
                    "name": "WHEEL BRG KIT REAR PQ"
                },
                {
                    "id": "11910/49",
                    "name": "WHEEL BRG REAR OUTER PQ"
                },
                {
                    "id": "FAG151",
                    "name": "WHEEL BRG KIT REAR FAG"
                },
                {
                    "id": "151M",
                    "name": "WHEEL BRG KIT REAR MP"
                },
                {
                    "id": "WBRW302",
                    "name": "WHEEL BRG KIT REAR GM"
                }
            ]
        },
        {
            "id": "27",
            "category": "BEARINGS",
            "category_parts": [
                {
                    "id": "",
                    "name": ""
                },
                {
                    "id": "RB9854",
                    "name": "CLUTCH RELEASE BRG PQ"
                },
                {
                    "id": "300811/49",
                    "name": "DIFF CARRIER BRG L/R PQ"
                },
                {
                    "id": "501310/49",
                    "name": "DIFF CARRIER BRG L/R PQ"
                },
                {
                    "id": "501310",
                    "name": "DIFF CARRIER BRG PQ"
                },
                {
                    "id": "501349",
                    "name": "DIFF CARRIER BRG PQ"
                },
                {
                    "id": "71-3711/6-000",
                    "name": "CONROD BRG SET"
                },
                {
                    "id": "71-3711/6-010",
                    "name": "CONROD BRG SET"
                },
                {
                    "id": "71-3711/6-020",
                    "name": "CONROD BRG SET"
                },
                {
                    "id": "71-3711/6-030",
                    "name": "CONROD BRG SET"
                },
                {
                    "id": "71-3711/6-040",
                    "name": "CONROD BRG SET"
                },
                {
                    "id": "HO34/4-000",
                    "name": "MAIN BRG SET"
                },
                {
                    "id": "HO34/4-010",
                    "name": "MAIN BRG SET"
                },
                {
                    "id": "HO34/4-020",
                    "name": "MAIN BRG SET"
                },
                {
                    "id": "HO34/4-030",
                    "name": "MAIN BRG SET"
                },
                {
                    "id": "VKBA1356",
                    "name": "WHEEL BRG KIT FRNT [43X82X37] SKF"
                },
                {
                    "id": "ATC9004",
                    "name": "WHEEL BRG KIT FRNT [43X82X37] TC"
                },
                {
                    "id": "ATC9031",
                    "name": "WHEEL BRG KIT FRNT [43X82X37] TC"
                },
                {
                    "id": "633817",
                    "name": "WHEEL BEARING FRNT"
                },
                {
                    "id": "331274",
                    "name": "WHEEL BRG FRNT INNER"
                },
                {
                    "id": "FW434",
                    "name": "WHEEL BRG KIT FRNT [43X82X37] PQ"
                },
                {
                    "id": "FW434P",
                    "name": "WHEEL BRG KIT FRNT [43X82X37] PQ"
                },
                {
                    "id": "FAG1003",
                    "name": "WHEEL BRG KIT FRNT [43X82X37] FAG"
                },
                {
                    "id": "WBFW868",
                    "name": "WHEEL BRG KIT FRNT [43X82X37] GM"
                },
                {
                    "id": "SKF151",
                    "name": "WHEEL BRG KIT REAR SKF"
                },
                {
                    "id": "ATC151",
                    "name": "WHEEL BRG KIT REAR TC"
                },
                {
                    "id": "11910",
                    "name": "WHEEL BRG KIT REAR PQ"
                },
                {
                    "id": "11949",
                    "name": "WHEEL BRG KIT REAR PQ"
                },
                {
                    "id": "300811",
                    "name": "WHEEL BRG KIT REAR PQ"
                },
                {
                    "id": "300849",
                    "name": "WHEEL BRG KIT REAR PQ"
                },
                {
                    "id": "PQ151",
                    "name": "WHEEL BRG KIT REAR PQ"
                },
                {
                    "id": "PQ434",
                    "name": "WHEEL BRG KIT REAR PQ"
                },
                {
                    "id": "RW151",
                    "name": "WHEEL BRG KIT REAR PQ"
                },
                {
                    "id": "11910/49",
                    "name": "WHEEL BRG REAR OUTER PQ"
                },
                {
                    "id": "FAG151",
                    "name": "WHEEL BRG KIT REAR FAG"
                },
                {
                    "id": "151M",
                    "name": "WHEEL BRG KIT REAR MP"
                },
                {
                    "id": "WBRW302",
                    "name": "WHEEL BRG KIT REAR GM"
                }
            ]
        }
    ]
}
