{
    "id": "163",
    "parts": [
        {
            "id": "1",
            "category": "SERVICE PARTS",
            "category_parts": [
                {
                    "id": "",
                    "name": ""
                },
                {
                    "id": "Z135",
                    "name": "OIL FILTER GUD OD93 H140 [3/4 - 16UNF]"
                },
                {
                    "id": "PH3569",
                    "name": "OIL FILTER FRAM"
                },
                {
                    "id": "0451103313",
                    "name": "OIL FILTER BOSCH"
                },
                {
                    "id": "0451103314",
                    "name": "OIL FILTER BOSCH"
                },
                {
                    "id": "FEB22540",
                    "name": "OIL FILTER FEBI"
                },
                {
                    "id": "22548",
                    "name": "OIL FILTER H114MM OD96MM FEBI"
                },
                {
                    "id": "22550",
                    "name": "OIL FILTER H123.5MM OD78.5MM FEBI"
                },
                {
                    "id": "ADV182130",
                    "name": "OIL FILTER H114MM OD96MM BLUEPRINT"
                },
                {
                    "id": "ADV182108",
                    "name": "OIL FILTER H121MM OD76MM BLUEPRINT"
                },
                {
                    "id": "WL7068",
                    "name": "OIL FILTER WIX"
                },
                {
                    "id": "WL7071",
                    "name": "OIL FILTER WIX"
                },
                {
                    "id": "WL7321",
                    "name": "OIL FILTER WIX"
                },
                {
                    "id": "AG838",
                    "name": "AIR FILTER GUD PANEL L308 W183 H57"
                },
                {
                    "id": "CA6545",
                    "name": "AIR FILTER FRAM"
                },
                {
                    "id": "1457429777",
                    "name": "AIR FILTER BOSCH"
                },
                {
                    "id": "FEB01512",
                    "name": "AIR FILTER FEBI"
                },
                {
                    "id": "LA172",
                    "name": "AIR FILTER CGI"
                },
                {
                    "id": "WA6167",
                    "name": "AIR FILTER WIX"
                },
                {
                    "id": "MAF1362",
                    "name": "AIR FILTER KAIZEN"
                },
                {
                    "id": "E61",
                    "name": "FUEL INJECTION FILTER GUD"
                },
                {
                    "id": "G6398",
                    "name": "FUEL FILTER FRAM"
                },
                {
                    "id": "0450905145",
                    "name": "FUEL FILTER BOSCH"
                },
                {
                    "id": "0450905133",
                    "name": "FUEL INJECTION FILTER BOSCH"
                },
                {
                    "id": "IF85832",
                    "name": "FUEL FILTER CGI"
                },
                {
                    "id": "WF8054",
                    "name": "FUEL FILTER WIX"
                },
                {
                    "id": "BKUR6ET-10",
                    "name": "SPARK PLUG NGK"
                },
                {
                    "id": "IK20TT",
                    "name": "SPARK PLUG DENSO IRIDIUM TT [D14MM HEX16MM 22NM TL19]"
                },
                {
                    "id": "K20TT",
                    "name": "SPARK PLUG DENSO NICKEL TT [D14MM HEX16MM 22NM TL19]"
                },
                {
                    "id": "K20PBRS10",
                    "name": "SPARK PLUG DENSO NICKEL [D14MM HEX16MM 22NM TL19]"
                },
                {
                    "id": "OE032",
                    "name": "SPARK PLUG CHAMPION"
                },
                {
                    "id": "0242232502",
                    "name": "SPARK PLUG BOSCH"
                },
                {
                    "id": "0242235668",
                    "name": "SPARK PLUG BOSCH"
                },
                {
                    "id": "0242240593",
                    "name": "SPARK PLUG BOSCH"
                },
                {
                    "id": "0242240653",
                    "name": "SPARK PLUG BOSCH"
                },
                {
                    "id": "FR7LDC+",
                    "name": "SPARK PLUG BOSCH SUPER +"
                },
                {
                    "id": "FR78X",
                    "name": "SPARK PLUG BOSCH SUPER 4"
                },
                {
                    "id": "0242230579",
                    "name": "SPARK PLUG BOSCH PLAT/IRIDIUM"
                },
                {
                    "id": "0242236596",
                    "name": "SPARK PLUG BOSCH PLAT/IRIDIUM"
                },
                {
                    "id": "AC3GUD",
                    "name": "CABIN AIR FILTER GUD H18 L352 W212"
                },
                {
                    "id": "AC20GUD",
                    "name": "CABIN AIR FILTER GUD H30 L311 W193"
                },
                {
                    "id": "1987432024",
                    "name": "CABIN AIR FILTER BOSCH"
                },
                {
                    "id": "1987432033",
                    "name": "CABIN AIR FILTER BOSCH"
                },
                {
                    "id": "WP6864",
                    "name": "CABIN AIR FILTER WIX"
                },
                {
                    "id": "WP6865",
                    "name": "CABIN AIR FILTER WIX"
                },
                {
                    "id": "WP6872",
                    "name": "CABIN AIR FILTER WIX"
                },
                {
                    "id": "WP6873",
                    "name": "CABIN AIR FILTER WIX"
                },
                {
                    "id": "ATE616",
                    "name": "DISC PAD FRNT ATE L156 H74 T19"
                },
                {
                    "id": "FDB590",
                    "name": "DISC PAD FRNT FERODO L157 H75 T20"
                },
                {
                    "id": "0986460937",
                    "name": "DISC PAD FRNT BOSCH L156 H74 T20"
                },
                {
                    "id": "D3025",
                    "name": "DISC PAD FRNT SAFELINE L158 H75 T20"
                },
                {
                    "id": "OPT3025",
                    "name": "DISC PAD FRNT L/R OPTIMA"
                },
                {
                    "id": "05P453",
                    "name": "DISC PAD FRNT LPR L156 H74 T20"
                },
                {
                    "id": "ADB1715",
                    "name": "DISC PAD FRNT NIPPON L156 H74 T19"
                },
                {
                    "id": "ATE521",
                    "name": "DISC PAD REAR ATE L87 H67 T17"
                },
                {
                    "id": "FDB222",
                    "name": "DISC PAD REAR FERODO L88 H68 T17"
                },
                {
                    "id": "0986494059",
                    "name": "DISC PAD REAR BOSCH L87 H67 T16"
                },
                {
                    "id": "D965",
                    "name": "DISC PAD REAR SAFELINE L87 H66 T17"
                },
                {
                    "id": "D3320",
                    "name": "DISC PAD REAR SAFELINE L87 H67 T17 [USE D965]"
                },
                {
                    "id": "05P215",
                    "name": "DISC PAD REAR LPR L87 H67 T17"
                },
                {
                    "id": "05P440",
                    "name": "DISC PAD REAR LPR L87 H67 T17"
                },
                {
                    "id": "ADB0558",
                    "name": "DISC PAD REAR NIPPON L87 H67 T17"
                },
                {
                    "id": "00921",
                    "name": "DRAIN PLUG SUMP \u0026 WASHER OSSCA/ATS"
                },
                {
                    "id": "FEB15374",
                    "name": "DRAIN PLUG SUMP \u0026 WASHER FEBI"
                },
                {
                    "id": "3359202",
                    "name": "ENGINE OIL CASTROL GTX 15W40 5L"
                },
                {
                    "id": "3433499",
                    "name": "ENGINE OIL CASTROL MAGNATEC 10W40 5L"
                },
                {
                    "id": "550074134",
                    "name": "ENGINE OIL SHELL HELIX HX5 15W40 5L"
                },
                {
                    "id": "550053709",
                    "name": "ENGINE OIL SHELL HELIX HX7 10W40 5L"
                }
            ]
        },
        {
            "id": "2",
            "category": "BRAKES",
            "category_parts": [
                {
                    "id": "",
                    "name": ""
                },
                {
                    "id": "ATE616",
                    "name": "DISC PAD FRNT ATE L156 H74 T19"
                },
                {
                    "id": "FDB590",
                    "name": "DISC PAD FRNT FERODO L157 H75 T20"
                },
                {
                    "id": "0986460937",
                    "name": "DISC PAD FRNT BOSCH L156 H74 T20"
                },
                {
                    "id": "D3025",
                    "name": "DISC PAD FRNT SAFELINE L158 H75 T20"
                },
                {
                    "id": "OPT3025",
                    "name": "DISC PAD FRNT L/R OPTIMA"
                },
                {
                    "id": "05P453",
                    "name": "DISC PAD FRNT LPR L156 H74 T20"
                },
                {
                    "id": "ADB1715",
                    "name": "DISC PAD FRNT NIPPON L156 H74 T19"
                },
                {
                    "id": "ATE521",
                    "name": "DISC PAD REAR ATE L87 H67 T17"
                },
                {
                    "id": "FDB222",
                    "name": "DISC PAD REAR FERODO L88 H68 T17"
                },
                {
                    "id": "0986494059",
                    "name": "DISC PAD REAR BOSCH L87 H67 T16"
                },
                {
                    "id": "D965",
                    "name": "DISC PAD REAR SAFELINE L87 H66 T17"
                },
                {
                    "id": "D3320",
                    "name": "DISC PAD REAR SAFELINE L87 H67 T17 [USE D965]"
                },
                {
                    "id": "05P215",
                    "name": "DISC PAD REAR LPR L87 H67 T17"
                },
                {
                    "id": "05P440",
                    "name": "DISC PAD REAR LPR L87 H67 T17"
                },
                {
                    "id": "ADB0558",
                    "name": "DISC PAD REAR NIPPON L87 H67 T17"
                },
                {
                    "id": "DR6385",
                    "name": "BRAKE DISC FV ALFA D287 H46 S68 [5]"
                },
                {
                    "id": "DR6063",
                    "name": "BRAKE DISC FV ALFA D287 H46 S68 [9]"
                },
                {
                    "id": "125.0105",
                    "name": "BRAKE DISC FV ATE D288 H47 S68 ID135 [5]"
                },
                {
                    "id": "DDF1706",
                    "name": "BRAKE DISC FV FERODO D288 H46 S68 [5]"
                },
                {
                    "id": "DDF320",
                    "name": "BRAKE DISC FV FERODO D288 H46 S68 [5]"
                },
                {
                    "id": "DDF1706C",
                    "name": "BRAKE DISC FV FERODO D288 H46 S68 [9]"
                },
                {
                    "id": "TBD7385-D",
                    "name": "BRAKE DISC FRNT L/R VENTED OPTIMA"
                },
                {
                    "id": "TBD7386-D",
                    "name": "BRAKE DISC REAR L/R SOLID OPTIMA"
                },
                {
                    "id": "DR6386",
                    "name": "BRAKE DISC RS ALFA D244 H64 S68 [5]"
                },
                {
                    "id": "110.0201",
                    "name": "BRAKE DISC RS ATE D245 H64 S68 ID136 [5]"
                },
                {
                    "id": "DDF321",
                    "name": "BRAKE DISC RS FERODO D245 H64 S68 [5]"
                },
                {
                    "id": "DDF321C",
                    "name": "BRAKE DISC RS FERODO D245 H64 S68 [5]"
                },
                {
                    "id": "FWI235",
                    "name": "DISC PAD SENSOR FRNT [L250MM] FERODO"
                },
                {
                    "id": "CPD.VW107",
                    "name": "BRAKE M/CYL 22.22MM CPD"
                },
                {
                    "id": "30.222.0091",
                    "name": "BRAKE M/CYL HYDRADRIVE 22.22MM"
                },
                {
                    "id": "30.238.0072",
                    "name": "BRAKE M/CYL HYDRADRIVE 23.81MM"
                },
                {
                    "id": "30.238.0075",
                    "name": "BRAKE M/CYL HYDRADRIVE 23.81MM"
                },
                {
                    "id": "30.254.0093",
                    "name": "BRAKE M/CYL HYDRADRIVE 25.40MM"
                },
                {
                    "id": "M2220091",
                    "name": "BRAKE M/CYL BETTABRAKE 22.22MM"
                },
                {
                    "id": "M2380072",
                    "name": "BRAKE M/CYL BETTABRAKE 23.81MM"
                },
                {
                    "id": "M2380075",
                    "name": "BRAKE M/CYL BETTABRAKE 23.81MM"
                },
                {
                    "id": "M2540093",
                    "name": "BRAKE M/CYL BETTABRAKE 25.40MM"
                },
                {
                    "id": "0986480829",
                    "name": "BRAKE M/CYL BOSCH"
                },
                {
                    "id": "0986480833",
                    "name": "BRAKE M/CYL BOSCH"
                },
                {
                    "id": "BM222.9003",
                    "name": "BRAKE M/CYL PQ"
                },
                {
                    "id": "BM238.9007",
                    "name": "BRAKE M/CYL PQ"
                },
                {
                    "id": "SEA8428E",
                    "name": "BRAKE M/CYL KIT 23.81 MM CPD"
                },
                {
                    "id": "SEA9316E",
                    "name": "BRAKE M/CYL KIT 23.81MM CPD"
                },
                {
                    "id": "SEA7894E",
                    "name": "BRAKE M/CYL KIT 25.40MM CPD"
                },
                {
                    "id": "SEA7219E",
                    "name": "BRAKE M/CYL KIT 44.45MM CPD"
                },
                {
                    "id": "SEA7816E",
                    "name": "BRAKE M/CYL KIT CPD"
                },
                {
                    "id": "RK2.23.35",
                    "name": "BRAKE M/CYL KIT LMB"
                },
                {
                    "id": "P8428X",
                    "name": "BRAKE M/CYL KIT 23.8MM GIRLING PQ"
                },
                {
                    "id": "BMK222.7681",
                    "name": "BRAKE M/CYL KIT PQ"
                },
                {
                    "id": "BMK238.8403",
                    "name": "BRAKE M/CYL KIT PQ"
                },
                {
                    "id": "BMK238.8428",
                    "name": "BRAKE M/CYL KIT PQ"
                },
                {
                    "id": "BMK238.9318",
                    "name": "BRAKE M/CYL KIT PQ"
                },
                {
                    "id": "RW998",
                    "name": "CABLE H/BRAKE REAR LHS QUATTRO PQ"
                },
                {
                    "id": "RW999L",
                    "name": "CABLE H/BRAKE REAR PQ"
                },
                {
                    "id": "RW999R",
                    "name": "CABLE H/BRAKE REAR PQ"
                },
                {
                    "id": "RW997",
                    "name": "CABLE H/BRAKE REAR RHS QUATTRO PQ"
                },
                {
                    "id": "CK38.2304",
                    "name": "CALIPER KIT REAR PQ 57MM"
                },
                {
                    "id": "CK57.2305",
                    "name": "W/CYL KIT REAR PQ"
                },
                {
                    "id": "FEB18344",
                    "name": "WHEEL HUB FRNT FEBI PQ"
                },
                {
                    "id": "HUB111",
                    "name": "WHEEL HUB REAR"
                },
                {
                    "id": "433HUB",
                    "name": "WHEEL HUB FRONT PQ"
                },
                {
                    "id": "434HUB",
                    "name": "WHEEL HUB FRONT PQ"
                },
                {
                    "id": "693HUB",
                    "name": "WHEEL HUB FRONT PQ"
                },
                {
                    "id": "HUB110",
                    "name": "WHEEL HUB FRNT"
                },
                {
                    "id": "PBH8009",
                    "name": "BRAKE HOSE FRNT BHCS"
                },
                {
                    "id": "1123-1",
                    "name": "ANTI RATTLE CLIP FRNT BHCS"
                },
                {
                    "id": "SED7003C",
                    "name": "CAL GUIDE BOLT FRNT CPD"
                },
                {
                    "id": "SED7007C",
                    "name": "CAL GUIDE BOLT FRNT CPD"
                },
                {
                    "id": "1306X",
                    "name": "CALIPER GUIDE BOLT KIT FRNT BHCS"
                },
                {
                    "id": "SEA2315E",
                    "name": "CALIPER KIT FRNT 57.00MM CPD"
                },
                {
                    "id": "P2305S",
                    "name": "CALIPER KIT FRNT 57MM ATE PQ"
                },
                {
                    "id": "RK5.57.18",
                    "name": "CALIPER KIT LMB"
                },
                {
                    "id": "RK5.38.08",
                    "name": "CALIPER KIT [REAR] LMB"
                },
                {
                    "id": "1301X",
                    "name": "CALIPER GUIDE BOLT KIT REAR BHCS"
                },
                {
                    "id": "P2304S",
                    "name": "CALIPER KIT REAR 38MM ATE PQ"
                }
            ]
        },
        {
            "id": "3",
            "category": "SUSPENSION COMPONENTS [FRONT]",
            "category_parts": [
                {
                    "id": "",
                    "name": ""
                },
                {
                    "id": "MR315",
                    "name": "SHOCK FRNT MONROE"
                },
                {
                    "id": "61303",
                    "name": "SHOCK FRNT GABRIEL"
                },
                {
                    "id": "366002",
                    "name": "SHOCK FRNT KYB"
                },
                {
                    "id": "AR9575",
                    "name": "STRUT MOUNTING FRNT PQ"
                },
                {
                    "id": "16917AP",
                    "name": "SHOCK MOUNT L/R A-PLUS"
                },
                {
                    "id": "MK043",
                    "name": "STRUT MOUNTING FRNT MONROE"
                },
                {
                    "id": "AU2823",
                    "name": "MOUNTING SHOCK FRNT L/R TEKNOSA"
                },
                {
                    "id": "FEB01876",
                    "name": "STRUT MOUNTING FRNT FEBI FEBI"
                },
                {
                    "id": "VKDP33104T",
                    "name": "DUST COVER KIT FRNT SKF"
                },
                {
                    "id": "PK038",
                    "name": "SHOCK PROTECTION KIT MON FRNT"
                },
                {
                    "id": "PK094",
                    "name": "SHOCK PROTECTION KIT REAR"
                },
                {
                    "id": "12154AP",
                    "name": "TIE ROD END ASSEMBLY LHS A-PLUS"
                },
                {
                    "id": "12152AP",
                    "name": "TIE ROD END ASSEMBLY RHS A-PLUS"
                },
                {
                    "id": "DA1192",
                    "name": "CONT ARM UPPER RHS [CURVED] PQ"
                },
                {
                    "id": "CJ292",
                    "name": "C/ARM UPPER LHS [CURVED] AUTOCOM"
                },
                {
                    "id": "CJ287",
                    "name": "C/ARM UPPER LHS [STRAIGHT] AUTOCOM"
                },
                {
                    "id": "CJ293",
                    "name": "C/ARM UPPER RHS [CURVED] AUTOCOM"
                },
                {
                    "id": "CJ288",
                    "name": "C/ARM UPPER RHS [STRAIGHT] AUTOCOM"
                },
                {
                    "id": "FEB21904",
                    "name": "CONT ARM UPPER LHS [CURVED] FEBI"
                },
                {
                    "id": "FEB21906",
                    "name": "CONT ARM UPPER RHS [CURVED] FEBI"
                },
                {
                    "id": "DA1191",
                    "name": "CONT ARM UPPER LHS [CURVED] TC"
                },
                {
                    "id": "DA1326",
                    "name": "CONT ARM UPPER RHS [STRAIGHT] TC"
                },
                {
                    "id": "AU2014",
                    "name": "CONTROL ARM LOWER FRNT LHS TEKNOSA"
                },
                {
                    "id": "AU2015",
                    "name": "CONTROL ARM LOWER FRNT RHS TEKNOSA"
                },
                {
                    "id": "00189",
                    "name": "CONTROL ARM UPPER OSSCA/ATS"
                },
                {
                    "id": "00196",
                    "name": "CONTROL ARM UPPER OSSCA/ATS"
                },
                {
                    "id": "02040",
                    "name": "CONTROL ARM UPPER OSSCA/ATS"
                },
                {
                    "id": "02595",
                    "name": "CONTROL ARM UPPER OSSCA/ATS"
                },
                {
                    "id": "11858AP",
                    "name": "CONTROL ARM LOWER LHS A-PLUS"
                },
                {
                    "id": "11859AP",
                    "name": "CONTROL ARM LOWER RHS A-PLUS"
                },
                {
                    "id": "CJ291",
                    "name": "C/ARM LOWER LHS [CURVED] AUTOCOM"
                },
                {
                    "id": "CJ290",
                    "name": "CONT ARM LOWER RHS [CURVED] AUTOCOM"
                },
                {
                    "id": "CJ286",
                    "name": "CONTROL ARM LOWER L\u0026R STRAIGHT AUTOCOM"
                },
                {
                    "id": "FEB11350",
                    "name": "CONT ARM LOWER L\u0026R [STRAIGHT] FEBI"
                },
                {
                    "id": "DA1190",
                    "name": "CONT ARM LOWER L\u0026R [STRAIGHT] TC"
                },
                {
                    "id": "DA1193",
                    "name": "CONT ARM LOWER LHS [CURVED] TC"
                },
                {
                    "id": "DA1194",
                    "name": "CONT ARM LOWER RHS [CURVED] TC"
                },
                {
                    "id": "DA1190G",
                    "name": "CONTROL ARM LOWER TC"
                },
                {
                    "id": "DA1191G",
                    "name": "CONTROL ARM LOWER TC"
                },
                {
                    "id": "DA1192G",
                    "name": "CONTROL ARM LOWER TC"
                },
                {
                    "id": "DA1193G",
                    "name": "CONTROL ARM LOWER TC"
                },
                {
                    "id": "DA1194G",
                    "name": "CONTROL ARM LOWER TC"
                },
                {
                    "id": "DA1326G",
                    "name": "CONTROL ARM LOWER TC"
                },
                {
                    "id": "DA1327",
                    "name": "CONTROL ARM LOWER TC"
                },
                {
                    "id": "TR5589L",
                    "name": "STABILISER LINK FRONT LHS PQ"
                },
                {
                    "id": "TR5589R",
                    "name": "STABILISER LINK FRONT RHS PQ"
                },
                {
                    "id": "DL1166",
                    "name": "STABILIZER BAR LINK FRNT TC"
                },
                {
                    "id": "DL1167",
                    "name": "STABILIZER BAR LINK FRNT TC"
                },
                {
                    "id": "TR5589",
                    "name": "STABILIZER LINK FRNT [L+R + PINS] PQ"
                },
                {
                    "id": "BJ1020",
                    "name": "WISHBONE LINK ARM FRONT LOWER L/R PQ"
                },
                {
                    "id": "BJ292",
                    "name": "TRACK CONTROL ARM LOWER LHS PQ"
                },
                {
                    "id": "BJ986",
                    "name": "TRACK CONTROL ARM LOWER LHS PQ"
                },
                {
                    "id": "BJ293",
                    "name": "TRACK CONTROL ARM LOWER RHS PQ"
                },
                {
                    "id": "BJ985",
                    "name": "TRACK CONTROL ARM LOWER RHS PQ"
                },
                {
                    "id": "VKDS321039B",
                    "name": "CONTROL ARM L* SKF"
                },
                {
                    "id": "VKDS321045B",
                    "name": "CONTROL ARM L* SKF"
                },
                {
                    "id": "VKDS421025B",
                    "name": "CONTROL ARM L195 SKF"
                },
                {
                    "id": "VKDS421026B",
                    "name": "CONTROL ARM L195 SKF"
                },
                {
                    "id": "VKDS331055",
                    "name": "C/ARM BUSH L* H25 ID16.2 OD62.7 SKF"
                },
                {
                    "id": "VKDS331057",
                    "name": "C/ARM BUSH L47.8 H54.5 ID14.8 OD54.5 SKF"
                },
                {
                    "id": "AR7148",
                    "name": "C/ARM BUSH F/SUSP LOWER INNER PQ"
                },
                {
                    "id": "AR7155",
                    "name": "C/ARM BUSH F/SUSP LOWER INNER PQ"
                },
                {
                    "id": "AR7149",
                    "name": "C/ARM BUSH F/SUSP LOWER OUTER PQ"
                },
                {
                    "id": "AR7148TUBE",
                    "name": "CONTROL ARM BUSH SLEEVE ONLY"
                },
                {
                    "id": "AU2112",
                    "name": "BUSH CONT ARM LOW FRNT L/R TEKNOSA"
                },
                {
                    "id": "AU2129",
                    "name": "BUSH CONT ARM LOW FRNT L/R TEKNOSA"
                },
                {
                    "id": "VKDS351028",
                    "name": "STAB BAR BUSH L66.8 H41.2 ID25 OD33 SKF"
                },
                {
                    "id": "AR7181",
                    "name": "STABILISER BAR BUSH FRNT SUSP PQ"
                },
                {
                    "id": "AR7163",
                    "name": "SUBFRAME BUSH FRNT LHS \u0026 RHS PQ"
                }
            ]
        },
        {
            "id": "4",
            "category": "SUSPENSION COMPONENTS [REAR]",
            "category_parts": [
                {
                    "id": "",
                    "name": ""
                },
                {
                    "id": "VKDP33104T",
                    "name": "DUST COVER KIT FRNT SKF"
                },
                {
                    "id": "E2003",
                    "name": "SHOCK REAR MONROE [DISCONTINUED]"
                },
                {
                    "id": "69072",
                    "name": "SHOCK REAR GABRIEL"
                },
                {
                    "id": "341133",
                    "name": "SHOCK REAR KYB"
                },
                {
                    "id": "MK119",
                    "name": "STRUT MOUNTING REAR MONROE"
                },
                {
                    "id": "FEB09522",
                    "name": "STRUT MOUNTING REAR FEBI"
                },
                {
                    "id": "AR7164",
                    "name": "SUBFRAME MTG REAR S/FRAME LHS PQ"
                },
                {
                    "id": "AR7165",
                    "name": "SUBFRAME MTG RR S/FRAME RHS"
                },
                {
                    "id": "PK038",
                    "name": "SHOCK PROTECTION KIT MON FRNT"
                },
                {
                    "id": "PK094",
                    "name": "SHOCK PROTECTION KIT REAR"
                },
                {
                    "id": "VKDS331055",
                    "name": "C/ARM BUSH L* H25 ID16.2 OD62.7 SKF"
                },
                {
                    "id": "VKDS331057",
                    "name": "C/ARM BUSH L47.8 H54.5 ID14.8 OD54.5 SKF"
                },
                {
                    "id": "16928AP",
                    "name": "C/ARM BUSH LOWER L/R A-PLUS [ID:12|OD:63"
                },
                {
                    "id": "24521AP",
                    "name": "C/ARM BUSH LOWER L/R A-PLUS [ID:16|OD:37"
                },
                {
                    "id": "AU2112",
                    "name": "BUSH CONT ARM LOW FRNT L/R TEKNOSA"
                },
                {
                    "id": "AU2129",
                    "name": "BUSH CONT ARM LOW FRNT L/R TEKNOSA"
                },
                {
                    "id": "VKDS351028",
                    "name": "STAB BAR BUSH L66.8 H41.2 ID25 OD33 SKF"
                },
                {
                    "id": "AR7150",
                    "name": "AXLE BEAM BUSH REAR AXLE PQ"
                },
                {
                    "id": "AR7265",
                    "name": "CARRIER BUSH REAR PQ"
                },
                {
                    "id": "AR7152",
                    "name": "PANHARD ROD BUSH RR SUSP"
                },
                {
                    "id": "BJ1032",
                    "name": "LINK ARM UPPER FRONT LHS PQ"
                },
                {
                    "id": "BJ1033",
                    "name": "LINK ARM UPPER FRONT RHS PQ"
                },
                {
                    "id": "BJ1034",
                    "name": "LINK ARM UPPER REAR LHS PQ"
                },
                {
                    "id": "BJ1035",
                    "name": "LINK ARM UPPER REAR RHS PQ"
                },
                {
                    "id": "BJ1020",
                    "name": "WISHBONE LINK ARM FRONT LOWER L/R PQ"
                },
                {
                    "id": "TR5456",
                    "name": "STABILISER LINK REAR L/R [119MM] PQ"
                },
                {
                    "id": "13464AP",
                    "name": "STABILIZER LINK L/R A-PLUS L123"
                },
                {
                    "id": "AU1510",
                    "name": "STABILIZER LINK REAR L/R L123 TEKNOSA"
                },
                {
                    "id": "VKDS321039B",
                    "name": "CONTROL ARM L* SKF"
                },
                {
                    "id": "VKDS321045B",
                    "name": "CONTROL ARM L* SKF"
                },
                {
                    "id": "VKDS421025B",
                    "name": "CONTROL ARM L195 SKF"
                },
                {
                    "id": "VKDS421026B",
                    "name": "CONTROL ARM L195 SKF"
                }
            ]
        },
        {
            "id": "5",
            "category": "COOLING SYSTEM",
            "category_parts": [
                {
                    "id": "",
                    "name": ""
                },
                {
                    "id": "RDAD0040E",
                    "name": "RADIATOR [AUTO]"
                },
                {
                    "id": "RDAD0040D",
                    "name": "RADIATOR [MAN]"
                },
                {
                    "id": "04975",
                    "name": "OIL COOLER O-RING OSSCA/ATS"
                },
                {
                    "id": "01057",
                    "name": "OIL COOLER OOSCA/ATS"
                },
                {
                    "id": "00753",
                    "name": "OIL COOLER OSSCA/ATS"
                },
                {
                    "id": "02388",
                    "name": "OIL COOLER OSSCA/ATS"
                },
                {
                    "id": "00253",
                    "name": "RADIATOR CAP OSSCA/ATS"
                },
                {
                    "id": "TP1-18",
                    "name": "RADIATOR CAP [45MM ID THREAD] RAM"
                },
                {
                    "id": "5604-005",
                    "name": "RADIATOR CAP 45MM ID THREAD M/PART"
                },
                {
                    "id": "5630-032",
                    "name": "RADIATOR CAP [45MM ID THREAD] MP"
                },
                {
                    "id": "TP1-18M",
                    "name": "RADIATOR CAP [45MM ID THREAD] MP"
                },
                {
                    "id": "FEB02269",
                    "name": "RADIATOR CAP [45MM ID THREAD] FEBI"
                },
                {
                    "id": "1928",
                    "name": "THERMOSTAT [67MM 87C] ECHLIN"
                },
                {
                    "id": "1928M",
                    "name": "THERMOSTAT [67MM 87C] MOTOPART"
                },
                {
                    "id": "VT255.87",
                    "name": "THERMOSTAT HELLA"
                },
                {
                    "id": "VT225.87",
                    "name": "THERMOSTAT [67MM 87C] HELLA"
                },
                {
                    "id": "VKPC81800",
                    "name": "WATER PUMP SKF"
                },
                {
                    "id": "VKPC81802",
                    "name": "WATER PUMP SKF"
                },
                {
                    "id": "NWP9035",
                    "name": "WATER PUMP PI"
                },
                {
                    "id": "NWP9035M",
                    "name": "WATER PUMP MP"
                },
                {
                    "id": "W17995",
                    "name": "WATER PUMP AZ"
                },
                {
                    "id": "QCP4051",
                    "name": "WATER PUMP ECHLIN"
                },
                {
                    "id": "A-172",
                    "name": "WATER PUMP DOLZ"
                },
                {
                    "id": "WP0043",
                    "name": "WATER PUMP LPR"
                },
                {
                    "id": "534011620",
                    "name": "FAN BELT TENSIONER/PULLEY LUK"
                },
                {
                    "id": "FEB04131",
                    "name": "MULTI V BELT PULLEY INA"
                },
                {
                    "id": "VKM31061",
                    "name": "TENSIONER V-BELT PULLEY [OD:76 W:25] SKF"
                },
                {
                    "id": "FEB21905",
                    "name": "FAN BELT TENSIONER/PULLEY"
                },
                {
                    "id": "FS2032",
                    "name": "FAN SWITCH [4 SPADE] ECHLIN"
                },
                {
                    "id": "FS157",
                    "name": "FAN SWITCH [M22 3-SPADE] ECHLIN"
                },
                {
                    "id": "SL196M",
                    "name": "FAN SWITCH MP"
                },
                {
                    "id": "FS157M",
                    "name": "FAN SWITCH [M22 3-SPADE] MP"
                },
                {
                    "id": "FS8400",
                    "name": "FAN SWITCH [4 SPADE] HELLA"
                },
                {
                    "id": "FS7173",
                    "name": "FAN SWITCH [M22 3-SPADE] HELLA"
                },
                {
                    "id": "TFS80",
                    "name": "FAN SWITCH OSSCA/ATS"
                },
                {
                    "id": "TFS6",
                    "name": "FAN SWITCH [M22 3-SPADE] ATS"
                },
                {
                    "id": "437100-5750",
                    "name": "COMPRESSOR / AIR CONDITIONER DENSO"
                }
            ]
        },
        {
            "id": "6",
            "category": "CLUTCH COMPONENTS",
            "category_parts": [
                {
                    "id": "",
                    "name": ""
                },
                {
                    "id": "0986486024",
                    "name": "CLUTCH M/CYL BOSCH"
                },
                {
                    "id": "CPD.AUD302",
                    "name": "CLUTCH M/CYL 19.05MM CPD"
                },
                {
                    "id": "SEA7892E",
                    "name": "CLUTCH M/CYL KIT 19.05MM CPD"
                },
                {
                    "id": "30.190.0120",
                    "name": "CLUTCH M/CYL HYDRADRIVE 19.05MM"
                },
                {
                    "id": "30.190.0148",
                    "name": "CLUTCH M/CYL HYDRADRIVE 19.05MM"
                },
                {
                    "id": "M1900120",
                    "name": "CLUTCH M/CYL BETTABRAKE 19.05MM"
                },
                {
                    "id": "M1900148",
                    "name": "CLUTCH M/CYL BETTABRAKE 19.05MM"
                },
                {
                    "id": "CCM0155",
                    "name": "CLUTCH M/CYL WINGATE 19.05MM"
                },
                {
                    "id": "CM190.9000",
                    "name": "CLUTCH M/CYL PQ"
                },
                {
                    "id": "CM190.9001",
                    "name": "CLUTCH M/CYL PQ"
                },
                {
                    "id": "SEA8515E",
                    "name": "CLUTCH M/CYL KIT 19.05 MM CPD"
                },
                {
                    "id": "CMK190.7892",
                    "name": "CLUTCH M/CYL KIT 19.05 PQ"
                },
                {
                    "id": "CMK190.7892P",
                    "name": "CLUTCH M/CYL KIT 19.05 PQ"
                },
                {
                    "id": "P7892X",
                    "name": "CLUTCH M/CYL KIT 19.05 PQ"
                },
                {
                    "id": "P7892X-PIST",
                    "name": "CLUTCH M/CYL KIT 19.05 PQ"
                },
                {
                    "id": "CMK190.8515",
                    "name": "CLUTCH M/CYL KIT 19.05MM PQ"
                },
                {
                    "id": "P8515X",
                    "name": "CLUTCH M/CYL KIT 19.05MM PQ"
                },
                {
                    "id": "RK7.19.25",
                    "name": "CLUTCH M/CYL KIT LMB"
                },
                {
                    "id": "RK7.19.40",
                    "name": "CLUTCH M/CYL KIT [BOGE] LMB"
                },
                {
                    "id": "0986486532",
                    "name": "CLUTCH S/CYL BOSCH"
                },
                {
                    "id": "CPD.VW202",
                    "name": "CLUTCH S/CYL 22.22MM CPD"
                },
                {
                    "id": "CPD.VW212",
                    "name": "CLUTCH S/CYL 22.22MM CPD"
                },
                {
                    "id": "SEA1215E",
                    "name": "CLUTCH S/CYL KIT 22.22MM CPD"
                },
                {
                    "id": "SEA749E",
                    "name": "CLUTCH S/CYL KIT 22.22MM CPD"
                },
                {
                    "id": "31.222.0033",
                    "name": "CLUTCH S/CYL HYDRADRIVE 22.22MM"
                },
                {
                    "id": "31.222.0035",
                    "name": "CLUTCH S/CYL HYDRADRIVE 22.22MM"
                },
                {
                    "id": "31.222.0036",
                    "name": "CLUTCH S/CYL HYDRADRIVE 22.22MM"
                },
                {
                    "id": "S2220033",
                    "name": "CLUTCH S/CYL BETTABRAKE 22.22MM"
                },
                {
                    "id": "S2220035",
                    "name": "CLUTCH S/CYL BETTABRAKE 22.22MM"
                },
                {
                    "id": "S2220036",
                    "name": "CLUTCH S/CYL BETTABRAKE 22.22MM"
                },
                {
                    "id": "CS222.9001",
                    "name": "CLUTCH S/CYL PQ"
                },
                {
                    "id": "P1215S",
                    "name": "CLUTCH S/CYL KIT 22.22MM PQ"
                },
                {
                    "id": "RK8.22.08",
                    "name": "CLUTCH S/CYL KIT"
                },
                {
                    "id": "RK8.22.30",
                    "name": "CLUTCH S/CYL KIT"
                },
                {
                    "id": "RB9854",
                    "name": "CLUTCH RELEASE BRG"
                },
                {
                    "id": "3209698002",
                    "name": "CLUTCH KIT SACHS"
                },
                {
                    "id": "3000387101",
                    "name": "CLUTCH KIT SACHS [240X24.2-23]"
                },
                {
                    "id": "AR7199",
                    "name": "GEARBOX MOUNTING PQ"
                },
                {
                    "id": "AR7200",
                    "name": "GEARBOX MOUNTING PQ"
                }
            ]
        },
        {
            "id": "7",
            "category": "IGNITION SYSTEM",
            "category_parts": [
                {
                    "id": "",
                    "name": ""
                },
                {
                    "id": "138052",
                    "name": "DISTRIBUTOR MODULE [4+3 PIN] HUCO"
                },
                {
                    "id": "W19-306",
                    "name": "PLUG WIRE SET BOUGICORD"
                },
                {
                    "id": "08-164",
                    "name": "PLUG WIRE SET"
                },
                {
                    "id": "IC035",
                    "name": "IGNITION COIL 5-PIN ECHLIN"
                },
                {
                    "id": "IC866",
                    "name": "IGNITION COIL ECHLIN [5 PIN]"
                },
                {
                    "id": "IC8137",
                    "name": "IGNITION COIL ATS"
                }
            ]
        },
        {
            "id": "8",
            "category": "DRIVESHAFT COMPONENTS",
            "category_parts": [
                {
                    "id": "",
                    "name": ""
                },
                {
                    "id": "VKJA5261",
                    "name": "CV JOINT OUTER SKF"
                },
                {
                    "id": "PJ803017",
                    "name": "CV JOINT OUTER 45T 38X27X60X98 I PQ"
                },
                {
                    "id": "CVJ3280",
                    "name": "CV JOINT OUTER ATS"
                },
                {
                    "id": "CVJ3311",
                    "name": "CV JOINT OUTER ATS"
                },
                {
                    "id": "CVAD5002",
                    "name": "CV JOINT INNER MP"
                },
                {
                    "id": "CVJ941M",
                    "name": "CV JOINT OUTER MP"
                },
                {
                    "id": "CVJ937M",
                    "name": "CV JOINT OUTER [+ABS] MP"
                },
                {
                    "id": "CVAD1007A",
                    "name": "CV JOINT OUTER [+ABS] CVJ937M GM"
                },
                {
                    "id": "CVAD1011A",
                    "name": "CV JOINT OUTER [CVJ941M] GM"
                },
                {
                    "id": "VW6411",
                    "name": "CV JOINT INNER FRNT L/R 34X59.5X130 TEKNOSA"
                },
                {
                    "id": "AD5917F2A",
                    "name": "CV JOINT OUTER FRNT L/R 38X25X59.6XOX45T TEKNOSA"
                },
                {
                    "id": "AD5929",
                    "name": "CV JOINT OUTER FRNT L/R 38X27X59.5XI [NO ABS] TEKNOSA"
                },
                {
                    "id": "AD5929A",
                    "name": "CV JOINT OUTER FRNT L/R 38X27X59.5XIX45T TEKNOSA"
                },
                {
                    "id": "AD5710F2A",
                    "name": "CV JOINT OUTER FRNT L/R 38X27X59.5XIX45W TEKNOSA"
                },
                {
                    "id": "AD5710F2A-X",
                    "name": "CV JOINT OUTER FRNT L/R 38X27X59.5XIX45W X-LINE"
                },
                {
                    "id": "PJ650019",
                    "name": "CV JOINT INNER 0X34X0X88 PQ"
                },
                {
                    "id": "VKJP01001",
                    "name": "CV BOOT KIT OUTER SKF"
                },
                {
                    "id": "VKJP01001S",
                    "name": "CV BOOT KIT OUTER SKF"
                },
                {
                    "id": "VKJP01013",
                    "name": "CV BOOT KIT OUTER SKF"
                },
                {
                    "id": "VKJP1017",
                    "name": "CV BOOT KIT OUTER SKF"
                },
                {
                    "id": "VKJP3005",
                    "name": "CV BOOT KIT OUTER SKF"
                },
                {
                    "id": "CV119K",
                    "name": "CV BOOT KIT OUTER [AUTO] PQ"
                },
                {
                    "id": "CV120K",
                    "name": "CV BOOT KIT OUTER [MAN] PQ"
                },
                {
                    "id": "VKJP6505",
                    "name": "CV BOOT KIT INNER SKF"
                },
                {
                    "id": "CV118K",
                    "name": "CV BOOT KIT INNER PQ"
                },
                {
                    "id": "VKJC1030",
                    "name": "DRIVESHAFT KIT SKF"
                },
                {
                    "id": "VKJC1043",
                    "name": "DRIVESHAFT KIT SKF"
                },
                {
                    "id": "VKJC4810",
                    "name": "DRIVESHAFT KIT SKF"
                },
                {
                    "id": "VKJC4817",
                    "name": "DRIVESHAFT KIT SKF"
                },
                {
                    "id": "VKJC4819",
                    "name": "DRIVESHAFT KIT SKF"
                },
                {
                    "id": "456008",
                    "name": "DRIVE SHAFT OIL SEAL"
                },
                {
                    "id": "300811/49",
                    "name": "DIFF CARRIER BRG L/R PQ"
                },
                {
                    "id": "501310/49",
                    "name": "DIFF CARRIER BRG L/R PQ"
                },
                {
                    "id": "501310",
                    "name": "DIFF CARRIER BRG PQ"
                },
                {
                    "id": "501349",
                    "name": "DIFF CARRIER BRG PQ"
                }
            ]
        },
        {
            "id": "9",
            "category": "FUEL SYSTEM",
            "category_parts": [
                {
                    "id": "",
                    "name": ""
                },
                {
                    "id": "0580314068",
                    "name": "FUEL PUMP BOSCH"
                },
                {
                    "id": "EP60010A",
                    "name": "FUEL INJ PUMP [6 BAR 120 L/H] PI"
                },
                {
                    "id": "00625",
                    "name": "FUEL INJECTION PUMP OSSCA/ATS"
                },
                {
                    "id": "405-052-003-002G",
                    "name": "FUEL PUMP ECHLIN [4 BAR]"
                },
                {
                    "id": "443096",
                    "name": "FUEL INJ PUMP [6 BAR 120 L/H]"
                },
                {
                    "id": "0580464125",
                    "name": "FUEL INJECTION PUMP"
                },
                {
                    "id": "FEB14354",
                    "name": "FUEL INJECTION PUMP"
                },
                {
                    "id": "FP3096",
                    "name": "FUEL INJECTION PUMP"
                },
                {
                    "id": "E61",
                    "name": "FUEL INJECTION FILTER GUD"
                },
                {
                    "id": "G6398",
                    "name": "FUEL FILTER FRAM"
                },
                {
                    "id": "0450905145",
                    "name": "FUEL FILTER BOSCH"
                },
                {
                    "id": "0450905133",
                    "name": "FUEL INJECTION FILTER BOSCH"
                },
                {
                    "id": "IF85832",
                    "name": "FUEL FILTER CGI"
                },
                {
                    "id": "WF8054",
                    "name": "FUEL FILTER WIX"
                },
                {
                    "id": "0280150552",
                    "name": "INJECTORS BOSCH"
                },
                {
                    "id": "AC1269",
                    "name": "CABLE ACCELERATOR [AUTO] PQ"
                },
                {
                    "id": "AC1268",
                    "name": "CABLE ACCELERATOR [MAN] PQ"
                },
                {
                    "id": "AC14-139",
                    "name": "CABLE ACCELERATOR"
                },
                {
                    "id": "AC14-167",
                    "name": "CABLE ACCELERATOR"
                },
                {
                    "id": "1002",
                    "name": "FUEL TANK CAP LOCKING ECHLIN"
                },
                {
                    "id": "5601-023",
                    "name": "FUEL TANK CAP LOCKING PI"
                },
                {
                    "id": "3013",
                    "name": "FUEL TANK CAP [-LOCKING] ECHLIN"
                },
                {
                    "id": "FEB02211",
                    "name": "FUEL TANK CAP LOCKING FEBI"
                },
                {
                    "id": "01173",
                    "name": "FUEL TANK CAP LOCKING OSSCA/ATS"
                }
            ]
        },
        {
            "id": "10",
            "category": "TIMING COMPONENTS",
            "category_parts": [
                {
                    "id": "",
                    "name": ""
                },
                {
                    "id": "VKMA01200",
                    "name": "T/BELT KIT SKF"
                },
                {
                    "id": "VKMA01201",
                    "name": "TIM BELT KIT [AUD239] SKF"
                },
                {
                    "id": "1987946018",
                    "name": "T/BELT KIT BOSCH"
                },
                {
                    "id": "1987946077",
                    "name": "T/BELT KIT BOSCH"
                },
                {
                    "id": "1987947979",
                    "name": "T/BELT KIT BOSCH"
                },
                {
                    "id": "1987948450",
                    "name": "T/BELT KIT BOSCH"
                },
                {
                    "id": "1987948547",
                    "name": "TIM BELT KIT BOSCH [AUD239]"
                },
                {
                    "id": "1987948023",
                    "name": "TIM BELT KIT [AUD239] BOSCH"
                },
                {
                    "id": "K015344XS",
                    "name": "TIM BELT KIT [AUD239] GATES"
                },
                {
                    "id": "K025344XS",
                    "name": "TIM BELT KIT [AUD239] GATES"
                },
                {
                    "id": "AUD239-FSD",
                    "name": "TIM BELT [239X25MM] 5344XS AUTOBAX"
                },
                {
                    "id": "VKMV6PK1632",
                    "name": "MULTI-GROOVE BELT SKF"
                },
                {
                    "id": "VKMV6PK1872",
                    "name": "MULTI-GROOVE BELT SKF"
                },
                {
                    "id": "VKMV6PK1903",
                    "name": "MULTI-GROOVE BELT [94-94] SKF"
                },
                {
                    "id": "VKMV6PK1863",
                    "name": "MULTI-GROOVE BELT [94-95] SKF"
                },
                {
                    "id": "VKMV6PK1870",
                    "name": "MULTI-GROOVE BELT [95-97] SKF"
                },
                {
                    "id": "VKMV6PK1873",
                    "name": "MULTI-GROOVE BELT [95-97] SKF"
                },
                {
                    "id": "G1353H",
                    "name": "TIM BELT [239X25MM] RAM"
                },
                {
                    "id": "QTB366",
                    "name": "TIM BELT [239X25MM] ECHLIN"
                },
                {
                    "id": "94417",
                    "name": "TIM BELT [239X25MM] DAYCO"
                },
                {
                    "id": "VKM31061",
                    "name": "TENSIONER V-BELT PULLEY [OD:76 W:25] SKF"
                },
                {
                    "id": "BT-AUD14",
                    "name": "T/BELT TENSIONER [59X26] AUTOBAX"
                },
                {
                    "id": "VKM21201",
                    "name": "T/BELT TENSIONER [59X26] AUTOBAX"
                },
                {
                    "id": "BT-AUD13",
                    "name": "T/BELT TENSIONER [72X27] AUTOBAX"
                },
                {
                    "id": "T38193",
                    "name": "T/BELT TENSIONER GATES"
                },
                {
                    "id": "FEB09614",
                    "name": "TIM BELT TENSIONER [59X26] FEBI"
                },
                {
                    "id": "FEB09613",
                    "name": "TIM BELT TENSIONER [72X27] FEBI"
                },
                {
                    "id": "532016310",
                    "name": "T/BELT GUIDE PULLEY LUK"
                },
                {
                    "id": "531008420",
                    "name": "T/BELT TENSIONER [72X27] LUK"
                },
                {
                    "id": "531010320",
                    "name": "T/BELT TENSIONER [72X27] LUK"
                },
                {
                    "id": "VKMC01201",
                    "name": "T/BELT PULLEY SKF"
                },
                {
                    "id": "VKM11200",
                    "name": "T/BELT TENSIONER [D:72 W:27] LHS SKF"
                },
                {
                    "id": "VKM11201",
                    "name": "T/BELT TENSIONER [D:72 W:27] SKF"
                },
                {
                    "id": "VKM21052",
                    "name": "T/BELT TENSIONER [RHS] SKF"
                }
            ]
        },
        {
            "id": "11",
            "category": "CYLINDER HEAD COMPONENTS",
            "category_parts": [
                {
                    "id": "",
                    "name": ""
                },
                {
                    "id": "DY850",
                    "name": "HEAD SET GASKETS [E/NUM 821-]"
                },
                {
                    "id": "BY850",
                    "name": "CYL HEAD GASKET"
                },
                {
                    "id": "BY850X",
                    "name": "CYL HEAD GASKET"
                },
                {
                    "id": "JM5104",
                    "name": "VALVE COVER GASKET PAYEN"
                },
                {
                    "id": "50114300",
                    "name": "FULL GASKET SET"
                },
                {
                    "id": "GY850X",
                    "name": "FULL GASKET SET"
                },
                {
                    "id": "EY850",
                    "name": "CONVERSION SET GASKETS"
                },
                {
                    "id": "71-31697-00",
                    "name": "CYL HEAD COVER GASKET VR"
                },
                {
                    "id": "71-31698-00",
                    "name": "CYL HEAD COVER GASKET VR"
                },
                {
                    "id": "RV79568",
                    "name": "VALVE EXHAUST [33X8X91]"
                },
                {
                    "id": "RV79567",
                    "name": "VALVE INLET [39X8X92]"
                },
                {
                    "id": "324710",
                    "name": "CAMSHAFT OIL SEAL"
                },
                {
                    "id": "NB446",
                    "name": "CAMSHAFT OIL SEAL [324710]"
                },
                {
                    "id": "81009800",
                    "name": "CYL HEAD BOLT KIT"
                },
                {
                    "id": "FEB07076",
                    "name": "CYL HEAD BOLT SET FEBI"
                },
                {
                    "id": "HBS064",
                    "name": "CYL HEAD BOLT KIT"
                },
                {
                    "id": "14-32054-01",
                    "name": "CYL HEAD BOLT SET REINZ"
                },
                {
                    "id": "OFC-79",
                    "name": "OIL FILLER CAP"
                },
                {
                    "id": "5625-003",
                    "name": "OIL FILLER CAP ECHLIN"
                },
                {
                    "id": "00484",
                    "name": "OIL FILLER CAP OSSCA/ATS"
                },
                {
                    "id": "FEB02113",
                    "name": "OIL FILLER CAP FEBI"
                }
            ]
        },
        {
            "id": "12",
            "category": "ENGINE SUB ASSEMBLY",
            "category_parts": [
                {
                    "id": "",
                    "name": ""
                },
                {
                    "id": "RP83048-000",
                    "name": "PISTON 82.5MM AUDI AAH"
                },
                {
                    "id": "RP83048-020",
                    "name": "PISTON 82.5MM AUDI AAH"
                },
                {
                    "id": "RP83048-030",
                    "name": "PISTON 82.5MM AUDI AAH"
                },
                {
                    "id": "RP83048-040",
                    "name": "PISTON 82.5MM AUDI AAH"
                },
                {
                    "id": "RR83028",
                    "name": "RINGSET FED 82.50MM 1.2/1.5/2MM"
                },
                {
                    "id": "RR83028-030",
                    "name": "RINGSET 82.5MM 1.2/1.5/2MM FED"
                },
                {
                    "id": "RR83028-040",
                    "name": "RINGSET 82.5MM 1.2/1.5/2MM FED"
                },
                {
                    "id": "71-3711/6-000",
                    "name": "CONROD BRG SET"
                },
                {
                    "id": "71-3711/6-010",
                    "name": "CONROD BRG SET"
                },
                {
                    "id": "71-3711/6-020",
                    "name": "CONROD BRG SET"
                },
                {
                    "id": "HO34/4-000",
                    "name": "MAIN BRG SET"
                },
                {
                    "id": "HO34/4-010",
                    "name": "MAIN BRG SET"
                },
                {
                    "id": "HO34/4-020",
                    "name": "MAIN BRG SET"
                },
                {
                    "id": "NOP9320",
                    "name": "OIL PUMP"
                },
                {
                    "id": "FEB15374",
                    "name": "DRAIN PLUG SUMP \u0026 WASHER FEBI"
                },
                {
                    "id": "00921",
                    "name": "DRAIN PLUG SUMP \u0026 WASHER OSSCA/ATS"
                },
                {
                    "id": "A138/4",
                    "name": "THRUST WASHER SET"
                },
                {
                    "id": "9924",
                    "name": "OIL SEAL G/BOX FRNT"
                },
                {
                    "id": "9874",
                    "name": "OIL SEAL G/BOX REAR"
                },
                {
                    "id": "9923FS",
                    "name": "OIL SEAL MAIN BRG"
                },
                {
                    "id": "456008",
                    "name": "DRIVE SHAFT OIL SEAL"
                },
                {
                    "id": "NB716",
                    "name": "CRANKSHAFT OIL SEAL T/COVER PAYEN"
                },
                {
                    "id": "354810",
                    "name": "CRANKSHAFT OIL SEAL [T/COVER] PQ"
                },
                {
                    "id": "9549",
                    "name": "CRANKSHAFT SEAL FRNT PQ"
                },
                {
                    "id": "324710",
                    "name": "CAMSHAFT OIL SEAL"
                },
                {
                    "id": "NB446",
                    "name": "CAMSHAFT OIL SEAL [324710]"
                },
                {
                    "id": "9548",
                    "name": "TIMING COVER OIL SEAL"
                },
                {
                    "id": "9945FS",
                    "name": "OIL SEAL REAR MAIN BRG PQ"
                }
            ]
        },
        {
            "id": "13",
            "category": "MOUNTINGS ",
            "category_parts": [
                {
                    "id": "",
                    "name": ""
                },
                {
                    "id": "AR7516",
                    "name": "ENGINE MOUNTING FRNT BUFFER PQ"
                },
                {
                    "id": "AR7156",
                    "name": "ENGINE MOUNTING RHS PQ"
                },
                {
                    "id": "FEB07145",
                    "name": "ENGINE MOUNTING LHS"
                },
                {
                    "id": "FEB07147",
                    "name": "ENGINE MOUNTING RHS"
                },
                {
                    "id": "AR7199",
                    "name": "GEARBOX MOUNTING PQ"
                },
                {
                    "id": "AR7200",
                    "name": "GEARBOX MOUNTING PQ"
                },
                {
                    "id": "MK043",
                    "name": "STRUT MOUNTING FRNT MONROE"
                },
                {
                    "id": "AR9575",
                    "name": "STRUT MOUNTING FRNT PQ"
                },
                {
                    "id": "FEB01876",
                    "name": "STRUT MOUNTING FRNT FEBI FEBI"
                },
                {
                    "id": "AU2823",
                    "name": "MOUNTING SHOCK FRNT L/R TEKNOSA"
                },
                {
                    "id": "MK119",
                    "name": "STRUT MOUNTING REAR MONROE"
                },
                {
                    "id": "FEB09522",
                    "name": "STRUT MOUNTING REAR FEBI"
                }
            ]
        },
        {
            "id": "14",
            "category": "STARTER COMPONENTS",
            "category_parts": [
                {
                    "id": "",
                    "name": ""
                },
                {
                    "id": "1239-23",
                    "name": "STARTER MOTOR 1.4KW 9T 2-HOLE"
                },
                {
                    "id": "STR1276",
                    "name": "STARTER MOTOR 1.4KW 9T 2-HOLE"
                },
                {
                    "id": "STR1144A",
                    "name": "STARTER MOTOR 12V ELECTROPART"
                },
                {
                    "id": "F042002038",
                    "name": "STARTER MOTOR BOSCH"
                },
                {
                    "id": "112309",
                    "name": "STARTER MOTOR CARGO"
                },
                {
                    "id": "CM8113",
                    "name": "STARTER MOTOR PI"
                }
            ]
        },
        {
            "id": "15",
            "category": "ALTERNATOR COMPONENTS",
            "category_parts": [
                {
                    "id": "",
                    "name": ""
                },
                {
                    "id": "0123510061",
                    "name": "ALTERNATOR BOSCH"
                },
                {
                    "id": "534011620",
                    "name": "FAN BELT TENSIONER/PULLEY LUK"
                },
                {
                    "id": "FEB04131",
                    "name": "MULTI V BELT PULLEY INA"
                },
                {
                    "id": "VKM31061",
                    "name": "TENSIONER V-BELT PULLEY [OD:76 W:25] SKF"
                },
                {
                    "id": "FEB21905",
                    "name": "FAN BELT TENSIONER/PULLEY"
                }
            ]
        },
        {
            "id": "16",
            "category": "BODY PARTS FRONT AND REAR",
            "category_parts": [
                {
                    "id": "",
                    "name": ""
                },
                {
                    "id": "G66240",
                    "name": "BULB H/LIGHT LOW BEAM [XENON]"
                },
                {
                    "id": "G64150",
                    "name": "BULB HEADLIGHT LOW BEAM"
                },
                {
                    "id": "G64150",
                    "name": "BULB HEADLIGHT HIGH BEAM"
                },
                {
                    "id": "G2825",
                    "name": "BULB PARK LIGHT FRNT"
                },
                {
                    "id": "G3893",
                    "name": "BULB PARK LIGHT FRNT"
                },
                {
                    "id": "00370",
                    "name": "FLASHER UNIT ATS"
                },
                {
                    "id": "FS16",
                    "name": "FLASHER UNIT ATS"
                },
                {
                    "id": "G7507",
                    "name": "BULB FLASHER FRNT"
                },
                {
                    "id": "G64151",
                    "name": "BULB FOG LIGHT FRNT"
                },
                {
                    "id": "G2825",
                    "name": "BULB SIDE MARKER"
                },
                {
                    "id": "G7528",
                    "name": "BULB TAILIGHT"
                },
                {
                    "id": "G7528",
                    "name": "BULB STOPLIGHT"
                },
                {
                    "id": "G7506",
                    "name": "BULB REVERSE LIGHT"
                },
                {
                    "id": "G7506",
                    "name": "BULB FLASHER REAR"
                },
                {
                    "id": "G7506",
                    "name": "BULB FOG LIGHT REAR"
                },
                {
                    "id": "G3893",
                    "name": "BULB LICENSE PLATE"
                },
                {
                    "id": "G2723",
                    "name": "BULB HI-MOUNT STOPLIGHT"
                },
                {
                    "id": "SL195",
                    "name": "STOP LIGHT SWITCH [2-PIN]"
                },
                {
                    "id": "SL195M",
                    "name": "STOP LIGHT SWITCH [2-PIN]"
                },
                {
                    "id": "SL196",
                    "name": "STOP LIGHT SWITCH [4-PIN]"
                }
            ]
        },
        {
            "id": "17",
            "category": "SWITCHES \u0026 ACCESSORIES",
            "category_parts": [
                {
                    "id": "",
                    "name": ""
                },
                {
                    "id": "S652",
                    "name": "BATTERY SABAT"
                },
                {
                    "id": "F652",
                    "name": "BATTERY EXIDE/MIDAS"
                },
                {
                    "id": "W652",
                    "name": "BATTERY WILLARD"
                },
                {
                    "id": "SK55A",
                    "name": "WIPER BLADE FRNT KIT [55/53] HUCO"
                },
                {
                    "id": "3397004918",
                    "name": "WIPER BLADE FRNT PASS BOSCH"
                },
                {
                    "id": "EU50",
                    "name": "WIPER BLADE FRNT PASS CHAMPION"
                },
                {
                    "id": "EU55",
                    "name": "WIPER BLADE FRNT [DR/PASS] CHAMPION"
                },
                {
                    "id": "3397007045",
                    "name": "WIPER BLADE KIT FRNT BOSCH"
                },
                {
                    "id": "VW250",
                    "name": "W/SCREEN WASHER MOTOR"
                },
                {
                    "id": "00626",
                    "name": "WINDSCREEN WASHER MOTOR OSSCA/ATS"
                },
                {
                    "id": "00290",
                    "name": "OIL PRESSURE SWITCH ATS"
                },
                {
                    "id": "00378",
                    "name": "OIL PRESSURE SWITCH ATS"
                },
                {
                    "id": "01078",
                    "name": "OIL PRESSURE SWITCH BLACK OSSCA/ATS"
                },
                {
                    "id": "OPS11",
                    "name": "OIL PRESSURE SWITCH [BLACK] ATS"
                },
                {
                    "id": "OPS12",
                    "name": "OIL PRESSURE SWITCH [GREY]"
                },
                {
                    "id": "OPS25",
                    "name": "OIL PRESSURE SWITCH [SHROUD] ATS"
                },
                {
                    "id": "OPS13",
                    "name": "OIL SWITCH [BROWN ON CYL HEAD]"
                },
                {
                    "id": "OP6112",
                    "name": "OIL PRESSURE SWITCH [BLACK] ECHLIN"
                },
                {
                    "id": "OP6624",
                    "name": "OIL PRESSURE SWITCH [GAUGE] ECHLIN"
                },
                {
                    "id": "OP6113",
                    "name": "OIL PRESSURE SWITCH [GREY]"
                },
                {
                    "id": "OP6114",
                    "name": "OIL PRESSURE SWITCH [L/BLUE] ECHLIN"
                },
                {
                    "id": "OP6633",
                    "name": "OIL PRESSURE SWITCH [RED] ECHLIN"
                },
                {
                    "id": "OP6632",
                    "name": "OIL PRESSURE SWITCH [SHROUD] ECHLIN"
                },
                {
                    "id": "OP6080",
                    "name": "OIL SWITCH [BROWN ON CYL HEAD]"
                },
                {
                    "id": "OP6111",
                    "name": "OIL SWITCH [WHITE ON F/HOUSING ECHLIN"
                },
                {
                    "id": "OP6112M",
                    "name": "OIL PRESSURE SWITCH [BLACK] MP"
                },
                {
                    "id": "OP6624M",
                    "name": "OIL PRESSURE SWITCH [GAUGE] MP"
                },
                {
                    "id": "OP6114M",
                    "name": "OIL PRESSURE SWITCH [L/BLUE] MP"
                },
                {
                    "id": "OP6633M",
                    "name": "OIL PRESSURE SWITCH [RED] MP"
                },
                {
                    "id": "OP6632M",
                    "name": "OIL PRESSURE SWITCH [SHROUD] MP"
                },
                {
                    "id": "OP6111M",
                    "name": "OIL SWITCH [WHITE ON F/HOUSING MP"
                },
                {
                    "id": "TS6091",
                    "name": "TEMP SENDER UNIT ECHLIN"
                },
                {
                    "id": "TS6079",
                    "name": "TEMP SENDER UNIT [2-PIN WHITE] ECHLIN"
                },
                {
                    "id": "TS6089",
                    "name": "TEMP SENDER UNIT [4-PIN BLUE] ECHLIN"
                },
                {
                    "id": "TS6098",
                    "name": "TEMP SENDER UNIT [4-PIN GREEN] ECHLIN"
                },
                {
                    "id": "WTS15",
                    "name": "TEMP SENDER UNIT [4-PIN GREEN]"
                },
                {
                    "id": "TS6098M",
                    "name": "TEMP SENDER UNIT [4-PIN GREEN]"
                },
                {
                    "id": "TS4024",
                    "name": "TEMP SENDER UNIT [2-PIN WHITE] HELLA"
                },
                {
                    "id": "TFS80",
                    "name": "FAN SWITCH OSSCA/ATS"
                },
                {
                    "id": "TFS6",
                    "name": "FAN SWITCH [M22 3-SPADE] ATS"
                },
                {
                    "id": "FS2032",
                    "name": "FAN SWITCH [4 SPADE] ECHLIN"
                },
                {
                    "id": "FS157",
                    "name": "FAN SWITCH [M22 3-SPADE] ECHLIN"
                },
                {
                    "id": "SL196M",
                    "name": "FAN SWITCH MP"
                },
                {
                    "id": "FS157M",
                    "name": "FAN SWITCH [M22 3-SPADE] MP"
                },
                {
                    "id": "FS8400",
                    "name": "FAN SWITCH [4 SPADE] HELLA"
                },
                {
                    "id": "FS7173",
                    "name": "FAN SWITCH [M22 3-SPADE] HELLA"
                },
                {
                    "id": "RS151",
                    "name": "REV LIGHT SWITCH [+CABLE] ECHLIN"
                },
                {
                    "id": "SL195",
                    "name": "STOP LIGHT SWITCH [2-PIN]"
                },
                {
                    "id": "SL195M",
                    "name": "STOP LIGHT SWITCH [2-PIN]"
                },
                {
                    "id": "SL196",
                    "name": "STOP LIGHT SWITCH [4-PIN]"
                }
            ]
        },
        {
            "id": "18",
            "category": "GASKETS ",
            "category_parts": [
                {
                    "id": "",
                    "name": ""
                },
                {
                    "id": "50114300",
                    "name": "FULL GASKET SET"
                },
                {
                    "id": "GY850X",
                    "name": "FULL GASKET SET"
                },
                {
                    "id": "EY850",
                    "name": "CONVERSION SET GASKETS"
                },
                {
                    "id": "DY850",
                    "name": "HEAD SET GASKETS [E/NUM 821-]"
                },
                {
                    "id": "BY850",
                    "name": "CYL HEAD GASKET"
                },
                {
                    "id": "BY850X",
                    "name": "CYL HEAD GASKET"
                },
                {
                    "id": "JM5104",
                    "name": "VALVE COVER GASKET PAYEN"
                }
            ]
        },
        {
            "id": "20",
            "category": "SEALS ",
            "category_parts": [
                {
                    "id": "",
                    "name": ""
                },
                {
                    "id": "456008",
                    "name": "DRIVE SHAFT OIL SEAL"
                },
                {
                    "id": "9924",
                    "name": "OIL SEAL G/BOX FRNT"
                },
                {
                    "id": "9874",
                    "name": "OIL SEAL G/BOX REAR"
                },
                {
                    "id": "9923FS",
                    "name": "OIL SEAL MAIN BRG"
                },
                {
                    "id": "324710",
                    "name": "CAMSHAFT OIL SEAL"
                },
                {
                    "id": "NB446",
                    "name": "CAMSHAFT OIL SEAL [324710]"
                },
                {
                    "id": "9548",
                    "name": "TIMING COVER OIL SEAL"
                },
                {
                    "id": "NB716",
                    "name": "CRANKSHAFT OIL SEAL T/COVER PAYEN"
                },
                {
                    "id": "354810",
                    "name": "CRANKSHAFT OIL SEAL [T/COVER] PQ"
                },
                {
                    "id": "9549",
                    "name": "CRANKSHAFT SEAL FRNT PQ"
                },
                {
                    "id": "9945FS",
                    "name": "OIL SEAL REAR MAIN BRG PQ"
                }
            ]
        },
        {
            "id": "21",
            "category": "SENSORS \u0026 RELAYS",
            "category_parts": [
                {
                    "id": "",
                    "name": ""
                },
                {
                    "id": "VW410",
                    "name": "RELAY HEADLAMP"
                },
                {
                    "id": "VW409",
                    "name": "RELAY MAIN CURRENT 4-PIN ATS"
                }
            ]
        },
        {
            "id": "22",
            "category": "CABLES ",
            "category_parts": [
                {
                    "id": "",
                    "name": ""
                },
                {
                    "id": "AC14-139",
                    "name": "CABLE ACCELERATOR"
                },
                {
                    "id": "AC14-167",
                    "name": "CABLE ACCELERATOR"
                },
                {
                    "id": "AC1269",
                    "name": "CABLE ACCELERATOR [AUTO] PQ"
                },
                {
                    "id": "AC1268",
                    "name": "CABLE ACCELERATOR [MAN] PQ"
                },
                {
                    "id": "RW998",
                    "name": "CABLE H/BRAKE REAR LHS QUATTRO PQ"
                },
                {
                    "id": "RW999L",
                    "name": "CABLE H/BRAKE REAR PQ"
                },
                {
                    "id": "RW999R",
                    "name": "CABLE H/BRAKE REAR PQ"
                },
                {
                    "id": "RW997",
                    "name": "CABLE H/BRAKE REAR RHS QUATTRO PQ"
                }
            ]
        },
        {
            "id": "23",
            "category": "LUBRICANTS",
            "category_parts": [
                {
                    "id": "",
                    "name": ""
                },
                {
                    "id": "3359202",
                    "name": "ENGINE OIL CASTROL GTX 15W40 5L"
                },
                {
                    "id": "3433499",
                    "name": "ENGINE OIL CASTROL MAGNATEC 10W40 5L"
                },
                {
                    "id": "550074134",
                    "name": "ENGINE OIL SHELL HELIX HX5 15W40 5L"
                },
                {
                    "id": "550053709",
                    "name": "ENGINE OIL SHELL HELIX HX7 10W40 5L"
                }
            ]
        },
        {
            "id": "24",
            "category": "WHEEL BEARINGS",
            "category_parts": [
                {
                    "id": "",
                    "name": ""
                },
                {
                    "id": "VKBA1356",
                    "name": "WHEEL BRG KIT FRNT [43X82X37] SKF"
                },
                {
                    "id": "VKBA3427",
                    "name": "WHEEL BRG KIT FRNT [43X85X37] SKF"
                },
                {
                    "id": "ATC9004",
                    "name": "WHEEL BRG KIT FRNT [43X82X37] TC"
                },
                {
                    "id": "ATC9031",
                    "name": "WHEEL BRG KIT FRNT [43X82X37] TC"
                },
                {
                    "id": "ATC9016",
                    "name": "WHEEL BRG KIT FRNT [43X85X37] TC"
                },
                {
                    "id": "30205",
                    "name": "WHEEL BRG FRNT"
                },
                {
                    "id": "633816",
                    "name": "WHEEL BRG FRNT"
                },
                {
                    "id": "633817",
                    "name": "WHEEL BRG FRNT INNER ID43 PQ"
                },
                {
                    "id": "633917",
                    "name": "WHEEL BRG KIT FRNT PQ"
                },
                {
                    "id": "PQ693",
                    "name": "WHEEL BRG KIT FRNT PQ"
                },
                {
                    "id": "FW434",
                    "name": "WHEEL BRG KIT FRNT [43X82X37] PQ"
                },
                {
                    "id": "FW434P",
                    "name": "WHEEL BRG KIT FRNT [43X82X37] PQ"
                },
                {
                    "id": "FW435",
                    "name": "WHEEL BRG KIT FRNT [43X85X37] PQ"
                },
                {
                    "id": "FAG1003",
                    "name": "WHEEL BRG KIT FRNT [43X82X37] FAG"
                },
                {
                    "id": "FAG9016",
                    "name": "WHEEL BRG KIT FRNT [43X85X37] FAG"
                },
                {
                    "id": "FAG9004",
                    "name": "WHEEL BRG KIT FRNT [45X82X37]"
                },
                {
                    "id": "K-151",
                    "name": "WHEEL BEARING KIT REAR L/R TEKNOSA"
                },
                {
                    "id": "WBFW868",
                    "name": "WHEEL BRG KIT FRNT [43X82X37] GM"
                },
                {
                    "id": "WBFW870",
                    "name": "WHEEL BRG KIT FRNT [43X85X37] GM"
                },
                {
                    "id": "SKF151",
                    "name": "WHEEL BRG KIT REAR SKF"
                },
                {
                    "id": "VKBA542",
                    "name": "WHEEL BRG KIT REAR SKF"
                },
                {
                    "id": "ATC151",
                    "name": "WHEEL BRG KIT REAR TC"
                },
                {
                    "id": "300811",
                    "name": "WHEEL BRG KIT REAR PQ"
                },
                {
                    "id": "300849",
                    "name": "WHEEL BRG KIT REAR PQ"
                },
                {
                    "id": "PQ433",
                    "name": "WHEEL BRG KIT REAR PQ"
                },
                {
                    "id": "PQ434",
                    "name": "WHEEL BRG KIT REAR PQ"
                },
                {
                    "id": "PQ736",
                    "name": "WHEEL BRG KIT REAR PQ"
                },
                {
                    "id": "RW151",
                    "name": "WHEEL BRG KIT REAR PQ"
                },
                {
                    "id": "FAG151",
                    "name": "WHEEL BRG KIT REAR FAG"
                },
                {
                    "id": "WBRW302",
                    "name": "WHEEL BRG KIT REAR GM"
                }
            ]
        },
        {
            "id": "26",
            "category": "STEERING",
            "category_parts": [
                {
                    "id": "",
                    "name": ""
                },
                {
                    "id": "SR80B",
                    "name": "STEERING RACK BOOT PQ"
                },
                {
                    "id": "DR1085",
                    "name": "RACK END TC"
                },
                {
                    "id": "DR1085G",
                    "name": "RACK END TC"
                },
                {
                    "id": "TR5492",
                    "name": "STEERING RACK END [130/147MM] PQ"
                },
                {
                    "id": "VKDY311055",
                    "name": "TIE ROD END L75 SKF"
                },
                {
                    "id": "VKDY311056",
                    "name": "TIE ROD END L75 SKF"
                },
                {
                    "id": "11230AP",
                    "name": "TIE ROD END OUTER LHS A-PLUS"
                },
                {
                    "id": "11229AP",
                    "name": "TIE ROD END OUTER RHS A-PLUS"
                },
                {
                    "id": "TR5381",
                    "name": "TIE ROD END OUTER L/R PQ"
                },
                {
                    "id": "TR5382",
                    "name": "TIE ROD END OUTER L/R PQ"
                },
                {
                    "id": "TR5491",
                    "name": "TIE ROD END OUTER L/R PQ"
                },
                {
                    "id": "TR05382",
                    "name": "TIE ROD ENDS OUTER 14MM PQ"
                },
                {
                    "id": "TR05381",
                    "name": "TIE ROD ENDS OUTER 16MM PQ"
                },
                {
                    "id": "CTR5392",
                    "name": "TIE ROD ENDS OUTER 16MM AUTOCOM"
                },
                {
                    "id": "AU2310",
                    "name": "TIE ROD ASSEMBLY F/R LHS TEKNOSA"
                },
                {
                    "id": "AU2311",
                    "name": "TIE ROD ASSEMBLY F/R RHS TEKNOSA"
                },
                {
                    "id": "AU1212",
                    "name": "TIE ROD ASSEMBLY FRNT LHS TEKNOSA"
                },
                {
                    "id": "AU1213",
                    "name": "TIE ROD ASSEMBLY FRNT RHS TEKNOSA"
                },
                {
                    "id": "AU1012",
                    "name": "TIE ROD END OUTER FRNT LHS TEKNOSA"
                },
                {
                    "id": "AU1013",
                    "name": "TIE ROD END OUTER FRNT RHS TEKNOSA"
                },
                {
                    "id": "AU1311",
                    "name": "TIE ROD END SET OUTER FRNT L/R TEKNOSA"
                },
                {
                    "id": "11844AP",
                    "name": "DRAG LINK/CENTER ROD LHS A-PLUS"
                },
                {
                    "id": "11845AP",
                    "name": "DRAG LINK/CENTER ROD RHS A-PLUS"
                }
            ]
        },
        {
            "id": "27",
            "category": "BEARINGS",
            "category_parts": [
                {
                    "id": "",
                    "name": ""
                },
                {
                    "id": "RB9854",
                    "name": "CLUTCH RELEASE BRG"
                },
                {
                    "id": "300811/49",
                    "name": "DIFF CARRIER BRG L/R PQ"
                },
                {
                    "id": "501310/49",
                    "name": "DIFF CARRIER BRG L/R PQ"
                },
                {
                    "id": "501310",
                    "name": "DIFF CARRIER BRG PQ"
                },
                {
                    "id": "501349",
                    "name": "DIFF CARRIER BRG PQ"
                },
                {
                    "id": "71-3711/6-000",
                    "name": "CONROD BRG SET"
                },
                {
                    "id": "71-3711/6-010",
                    "name": "CONROD BRG SET"
                },
                {
                    "id": "71-3711/6-020",
                    "name": "CONROD BRG SET"
                },
                {
                    "id": "HO34/4-000",
                    "name": "MAIN BRG SET"
                },
                {
                    "id": "HO34/4-010",
                    "name": "MAIN BRG SET"
                },
                {
                    "id": "HO34/4-020",
                    "name": "MAIN BRG SET"
                },
                {
                    "id": "VKBA1356",
                    "name": "WHEEL BRG KIT FRNT [43X82X37] SKF"
                },
                {
                    "id": "VKBA3427",
                    "name": "WHEEL BRG KIT FRNT [43X85X37] SKF"
                },
                {
                    "id": "ATC9004",
                    "name": "WHEEL BRG KIT FRNT [43X82X37] TC"
                },
                {
                    "id": "ATC9031",
                    "name": "WHEEL BRG KIT FRNT [43X82X37] TC"
                },
                {
                    "id": "ATC9016",
                    "name": "WHEEL BRG KIT FRNT [43X85X37] TC"
                },
                {
                    "id": "30205",
                    "name": "WHEEL BRG FRNT"
                },
                {
                    "id": "633816",
                    "name": "WHEEL BRG FRNT"
                },
                {
                    "id": "633817",
                    "name": "WHEEL BRG FRNT INNER ID43 PQ"
                },
                {
                    "id": "633917",
                    "name": "WHEEL BRG KIT FRNT PQ"
                },
                {
                    "id": "PQ693",
                    "name": "WHEEL BRG KIT FRNT PQ"
                },
                {
                    "id": "FW434",
                    "name": "WHEEL BRG KIT FRNT [43X82X37] PQ"
                },
                {
                    "id": "FW434P",
                    "name": "WHEEL BRG KIT FRNT [43X82X37] PQ"
                },
                {
                    "id": "FW435",
                    "name": "WHEEL BRG KIT FRNT [43X85X37] PQ"
                },
                {
                    "id": "FAG1003",
                    "name": "WHEEL BRG KIT FRNT [43X82X37] FAG"
                },
                {
                    "id": "FAG9016",
                    "name": "WHEEL BRG KIT FRNT [43X85X37] FAG"
                },
                {
                    "id": "FAG9004",
                    "name": "WHEEL BRG KIT FRNT [45X82X37]"
                },
                {
                    "id": "K-151",
                    "name": "WHEEL BEARING KIT REAR L/R TEKNOSA"
                },
                {
                    "id": "WBFW868",
                    "name": "WHEEL BRG KIT FRNT [43X82X37] GM"
                },
                {
                    "id": "WBFW870",
                    "name": "WHEEL BRG KIT FRNT [43X85X37] GM"
                },
                {
                    "id": "SKF151",
                    "name": "WHEEL BRG KIT REAR SKF"
                },
                {
                    "id": "VKBA542",
                    "name": "WHEEL BRG KIT REAR SKF"
                },
                {
                    "id": "ATC151",
                    "name": "WHEEL BRG KIT REAR TC"
                },
                {
                    "id": "300811",
                    "name": "WHEEL BRG KIT REAR PQ"
                },
                {
                    "id": "300849",
                    "name": "WHEEL BRG KIT REAR PQ"
                },
                {
                    "id": "PQ433",
                    "name": "WHEEL BRG KIT REAR PQ"
                },
                {
                    "id": "PQ434",
                    "name": "WHEEL BRG KIT REAR PQ"
                },
                {
                    "id": "PQ736",
                    "name": "WHEEL BRG KIT REAR PQ"
                },
                {
                    "id": "RW151",
                    "name": "WHEEL BRG KIT REAR PQ"
                },
                {
                    "id": "FAG151",
                    "name": "WHEEL BRG KIT REAR FAG"
                },
                {
                    "id": "WBRW302",
                    "name": "WHEEL BRG KIT REAR GM"
                },
                {
                    "id": "VKDS321039B",
                    "name": "CONTROL ARM L* SKF"
                },
                {
                    "id": "VKDS321045B",
                    "name": "CONTROL ARM L* SKF"
                },
                {
                    "id": "VKDS421025B",
                    "name": "CONTROL ARM L195 SKF"
                },
                {
                    "id": "VKDS421026B",
                    "name": "CONTROL ARM L195 SKF"
                }
            ]
        },
        {
            "id": "28",
            "category": "AIR CONDITIONING",
            "category_parts": [
                {
                    "id": "",
                    "name": ""
                },
                {
                    "id": "437100-5750",
                    "name": "COMPRESSOR / AIR CONDITIONER DENSO"
                }
            ]
        },
        {
            "id": "28",
            "category": "AIR CONDITIONING",
            "category_parts": [
                {
                    "id": "",
                    "name": ""
                },
                {
                    "id": "437100-5750",
                    "name": "COMPRESSOR / AIR CONDITIONER DENSO"
                }
            ]
        }
    ]
}
