{
    "id": "177",
    "parts": [
        {
            "id": "1",
            "category": "SERVICE PARTS",
            "category_parts": [
                {
                    "id": "",
                    "name": ""
                },
                {
                    "id": "M103",
                    "name": "OIL FILTER GUD CARTRIDGE METAL FREE H129 OD68 IDT25"
                },
                {
                    "id": "CH11079ECO",
                    "name": "OIL FILTER FRAM"
                },
                {
                    "id": "COF100604E",
                    "name": "OIL FILTER CHAMPION"
                },
                {
                    "id": "109708",
                    "name": "OIL FIL H128.5MM ID26MM OD68MM SRD71MM"
                },
                {
                    "id": "ADV182113",
                    "name": "OIL FIL H128.5MM ID26MM SRD71MM BLU"
                },
                {
                    "id": "WL7468",
                    "name": "OIL FILTER WIX"
                },
                {
                    "id": "AG1123",
                    "name": "AIR FILTER GUD PLASTIC ROUND ID86 OD152 H185"
                },
                {
                    "id": "1987429400",
                    "name": "AIR FILTER BOSCH"
                },
                {
                    "id": "F026400198",
                    "name": "AIR FILTER BOSCH"
                },
                {
                    "id": "WA9482",
                    "name": "AIR FILTER WIX"
                },
                {
                    "id": "E146",
                    "name": "FUEL FILTER GUD"
                },
                {
                    "id": "G10215",
                    "name": "FUEL FILTER FRAM"
                },
                {
                    "id": "CFF100479",
                    "name": "FUEL FILTER CHAMPION"
                },
                {
                    "id": "F026403012",
                    "name": "FUEL FILTER BOSCH"
                },
                {
                    "id": "WF8325",
                    "name": "FUEL FILTER WIX"
                },
                {
                    "id": "PFR6W-T",
                    "name": "SPARK PLUG NGK"
                },
                {
                    "id": "PFR6W-TG",
                    "name": "SPARK PLUG NGK"
                },
                {
                    "id": "VKB20",
                    "name": "SPARK PLUG DENSO IRIDIUM TOUGH [D14MM HEX16MM 22NM TL19]"
                },
                {
                    "id": "0242235715",
                    "name": "SPARK PLUG BOSCH"
                },
                {
                    "id": "1987432122",
                    "name": "CABIN AIR FILTER BOSCH"
                },
                {
                    "id": "WP9173",
                    "name": "CABIN AIR FILTER WIX"
                },
                {
                    "id": "ATE1046",
                    "name": "DISC PAD FRNT ATE L156 H73 T20"
                },
                {
                    "id": "ATE1103",
                    "name": "DISC PAD FRNT ATE L156 H73 T20"
                },
                {
                    "id": "FDB1407",
                    "name": "DISC PAD FRNT FERODO L155 H73 T19"
                },
                {
                    "id": "FDB1629",
                    "name": "DISC PAD FRNT FERODO L155 H73 T20"
                },
                {
                    "id": "FDB1827",
                    "name": "DISC PAD FRNT FERODO L155 H73 T20"
                },
                {
                    "id": "FDB1832",
                    "name": "DISC PAD FRNT FERODO L193 H73 T20"
                },
                {
                    "id": "0986494104",
                    "name": "DISC PAD FRNT BOSCH L155 H73 T20"
                },
                {
                    "id": "0986494271",
                    "name": "DISC PAD FRNT BOSCH L155 H73 T20"
                },
                {
                    "id": "0986494283",
                    "name": "DISC PAD FRNT BOSCH L155 H73 T20"
                },
                {
                    "id": "D3497",
                    "name": "DISC PAD FRNT SAFELINE L155 H73 T19"
                },
                {
                    "id": "D3923",
                    "name": "DISC PAD FRNT SAFELINE L155 H73 T20"
                },
                {
                    "id": "D3808",
                    "name": "DISC PAD FRNT SAFELINE L156 H73 T16"
                },
                {
                    "id": "OPT3483",
                    "name": "DISC PAD REAR L/R OPTIMA"
                },
                {
                    "id": "OPT3575",
                    "name": "DISC PAD REAR L/R OPTIMA"
                },
                {
                    "id": "05P1239",
                    "name": "DISC PAD FRNT LPR L155 H73 T20"
                },
                {
                    "id": "05P1772",
                    "name": "DISC PAD FRNT LPR L193 H73 T21"
                },
                {
                    "id": "ADB11752",
                    "name": "DISC PAD FRNT NIPPON L155 H73 T19"
                },
                {
                    "id": "ADB11200",
                    "name": "DISC PAD FRNT NIPPON L155 H73 T20"
                },
                {
                    "id": "ATE170",
                    "name": "DISC PAD REAR ATE L106 H56 T16"
                },
                {
                    "id": "ATE1064",
                    "name": "DISC PAD REAR ATE L116 H59 T17"
                },
                {
                    "id": "FDB1636",
                    "name": "DISC PAD REAR FERODO L105 H56 T17"
                },
                {
                    "id": "FDB4058",
                    "name": "DISC PAD REAR FERODO L105 H56 T17"
                },
                {
                    "id": "FDB4192",
                    "name": "DISC PAD REAR FERODO L105 H56 T17"
                },
                {
                    "id": "FDB1408",
                    "name": "DISC PAD REAR FERODO L116 H59 T18"
                },
                {
                    "id": "FDB1655",
                    "name": "DISC PAD REAR FERODO L116 H59 T18"
                },
                {
                    "id": "P85073",
                    "name": "DISC PAD REAR BREMBO L106 H57 T17"
                },
                {
                    "id": "P85095",
                    "name": "DISC PAD REAR BREMBO L106 H57 T17"
                },
                {
                    "id": "0986494344",
                    "name": "DISC PAD REAR BOSCH L105 H56 T16"
                },
                {
                    "id": "0986495453",
                    "name": "DISC PAD REAR BOSCH L106 H56 T17"
                },
                {
                    "id": "0986495094",
                    "name": "DISC PAD REAR BOSCH L116 H59 T16"
                },
                {
                    "id": "D3483",
                    "name": "DISC PAD REAR SAFELINE L105 H56 T17"
                },
                {
                    "id": "D3846",
                    "name": "DISC PAD REAR SAFELINE L105 H56 T17"
                },
                {
                    "id": "D3575",
                    "name": "DISC PAD REAR SAFELINE L116 H59 T17"
                },
                {
                    "id": "05P1219K",
                    "name": "DISC PAD REAR LPR L105 H56 T17"
                },
                {
                    "id": "05P1206",
                    "name": "DISC PAD REAR LPR L116 H59 T17"
                },
                {
                    "id": "05P1398",
                    "name": "DISC PAD REAR LPR L116 H59 T18"
                },
                {
                    "id": "05P1398A",
                    "name": "DISC PAD REAR LPR L116 H59 T18"
                },
                {
                    "id": "ADB01284",
                    "name": "DISC PAD REAR NIPPON L105 H56 T17"
                },
                {
                    "id": "ADB01712",
                    "name": "DISC PAD REAR NIPPON L106 H56 T17"
                },
                {
                    "id": "ADB01313",
                    "name": "DISC PAD REAR NIPPON L116 H59 T17"
                },
                {
                    "id": "ADB11754",
                    "name": "DISC PAD REAR NIPPON L116 H59 T18"
                },
                {
                    "id": "3433389",
                    "name": "ENGINE OIL CASTROL MAGNATEC 5W30 5L"
                },
                {
                    "id": "550048788",
                    "name": "ENGINE OIL SHELL HELIX ULTRA 5W30 5L"
                }
            ]
        },
        {
            "id": "2",
            "category": "BRAKES",
            "category_parts": [
                {
                    "id": "",
                    "name": ""
                },
                {
                    "id": "ATE1046",
                    "name": "DISC PAD FRNT ATE L156 H73 T20"
                },
                {
                    "id": "ATE1103",
                    "name": "DISC PAD FRNT ATE L156 H73 T20"
                },
                {
                    "id": "FDB1407",
                    "name": "DISC PAD FRNT FERODO L155 H73 T19"
                },
                {
                    "id": "FDB1629",
                    "name": "DISC PAD FRNT FERODO L155 H73 T20"
                },
                {
                    "id": "FDB1827",
                    "name": "DISC PAD FRNT FERODO L155 H73 T20"
                },
                {
                    "id": "FDB1832",
                    "name": "DISC PAD FRNT FERODO L193 H73 T20"
                },
                {
                    "id": "0986494104",
                    "name": "DISC PAD FRNT BOSCH L155 H73 T20"
                },
                {
                    "id": "0986494271",
                    "name": "DISC PAD FRNT BOSCH L155 H73 T20"
                },
                {
                    "id": "0986494283",
                    "name": "DISC PAD FRNT BOSCH L155 H73 T20"
                },
                {
                    "id": "D3497",
                    "name": "DISC PAD FRNT SAFELINE L155 H73 T19"
                },
                {
                    "id": "D3923",
                    "name": "DISC PAD FRNT SAFELINE L155 H73 T20"
                },
                {
                    "id": "D3808",
                    "name": "DISC PAD FRNT SAFELINE L156 H73 T16"
                },
                {
                    "id": "OPT3483",
                    "name": "DISC PAD REAR L/R OPTIMA"
                },
                {
                    "id": "OPT3575",
                    "name": "DISC PAD REAR L/R OPTIMA"
                },
                {
                    "id": "05P1239",
                    "name": "DISC PAD FRNT LPR L155 H73 T20"
                },
                {
                    "id": "05P1772",
                    "name": "DISC PAD FRNT LPR L193 H73 T21"
                },
                {
                    "id": "ADB11752",
                    "name": "DISC PAD FRNT NIPPON L155 H73 T19"
                },
                {
                    "id": "ADB11200",
                    "name": "DISC PAD FRNT NIPPON L155 H73 T20"
                },
                {
                    "id": "ATE170",
                    "name": "DISC PAD REAR ATE L106 H56 T16"
                },
                {
                    "id": "ATE1064",
                    "name": "DISC PAD REAR ATE L116 H59 T17"
                },
                {
                    "id": "FDB1636",
                    "name": "DISC PAD REAR FERODO L105 H56 T17"
                },
                {
                    "id": "FDB4058",
                    "name": "DISC PAD REAR FERODO L105 H56 T17"
                },
                {
                    "id": "FDB4192",
                    "name": "DISC PAD REAR FERODO L105 H56 T17"
                },
                {
                    "id": "FDB1408",
                    "name": "DISC PAD REAR FERODO L116 H59 T18"
                },
                {
                    "id": "FDB1655",
                    "name": "DISC PAD REAR FERODO L116 H59 T18"
                },
                {
                    "id": "P85073",
                    "name": "DISC PAD REAR BREMBO L106 H57 T17"
                },
                {
                    "id": "P85095",
                    "name": "DISC PAD REAR BREMBO L106 H57 T17"
                },
                {
                    "id": "0986494344",
                    "name": "DISC PAD REAR BOSCH L105 H56 T16"
                },
                {
                    "id": "0986495453",
                    "name": "DISC PAD REAR BOSCH L106 H56 T17"
                },
                {
                    "id": "0986495094",
                    "name": "DISC PAD REAR BOSCH L116 H59 T16"
                },
                {
                    "id": "D3483",
                    "name": "DISC PAD REAR SAFELINE L105 H56 T17"
                },
                {
                    "id": "D3846",
                    "name": "DISC PAD REAR SAFELINE L105 H56 T17"
                },
                {
                    "id": "D3575",
                    "name": "DISC PAD REAR SAFELINE L116 H59 T17"
                },
                {
                    "id": "05P1219K",
                    "name": "DISC PAD REAR LPR L105 H56 T17"
                },
                {
                    "id": "05P1206",
                    "name": "DISC PAD REAR LPR L116 H59 T17"
                },
                {
                    "id": "05P1398",
                    "name": "DISC PAD REAR LPR L116 H59 T18"
                },
                {
                    "id": "05P1398A",
                    "name": "DISC PAD REAR LPR L116 H59 T18"
                },
                {
                    "id": "ADB01284",
                    "name": "DISC PAD REAR NIPPON L105 H56 T17"
                },
                {
                    "id": "ADB01712",
                    "name": "DISC PAD REAR NIPPON L106 H56 T17"
                },
                {
                    "id": "ADB01313",
                    "name": "DISC PAD REAR NIPPON L116 H59 T17"
                },
                {
                    "id": "ADB11754",
                    "name": "DISC PAD REAR NIPPON L116 H59 T18"
                },
                {
                    "id": "DR6489",
                    "name": "BRAKE DISC FV ALFA D321 H59 S68 [5]"
                },
                {
                    "id": "DR7043",
                    "name": "BRAKE DISC FV ALFA D359 H59 S68 [5]"
                },
                {
                    "id": "130-0108",
                    "name": "BRAKE DISC FRNT [V] 323MM ATE"
                },
                {
                    "id": "134-0100",
                    "name": "BRAKE DISC FRNT [V] 360MM ATE"
                },
                {
                    "id": "136-0103",
                    "name": "BRAKE DISC FRNT [V] 385MM ATE"
                },
                {
                    "id": "130-0175",
                    "name": "BRAKE DISC FV D321 H60 S68 5 ATE"
                },
                {
                    "id": "DDF1277",
                    "name": "BRAKE DISC FV FERODO D321 H59 S68 [5]"
                },
                {
                    "id": "DDF1277C",
                    "name": "BRAKE DISC FV FERODO D321 H59 S68 [5]"
                },
                {
                    "id": "DDF1277C-1",
                    "name": "BRAKE DISC FV FERODO D321 H59 S68 [5]"
                },
                {
                    "id": "DDF1572",
                    "name": "BRAKE DISC FV FERODO D360 H59 S68 [5]"
                },
                {
                    "id": "DDF1572C-1",
                    "name": "BRAKE DISC FV FERODO D360 H59 S68 [5]"
                },
                {
                    "id": "DDF2222C",
                    "name": "BRAKE DISC FV FERODO D385 H60 S68 [5]"
                },
                {
                    "id": "DDF2222C-1",
                    "name": "BRAKE DISC FV FERODO D385 H60 S68 [5]"
                },
                {
                    "id": "DR7288",
                    "name": "BRAKE DISC RV ALFA D280 H42 S68 [5]"
                },
                {
                    "id": "DR7296",
                    "name": "BRAKE DISC RV ALFA D310 H42 S68 [5]"
                },
                {
                    "id": "122-0202",
                    "name": "BRAKE DISC REAR ATE [V] 280MM"
                },
                {
                    "id": "122-0212",
                    "name": "BRAKE DISC REAR ATE [V] 310MM"
                },
                {
                    "id": "122-0214",
                    "name": "BRAKE DISC REAR ATE [V] 335MM"
                },
                {
                    "id": "DDF1934",
                    "name": "BRAKE DISC RV FERODO D0 H42 S68 [0]"
                },
                {
                    "id": "DDF1526",
                    "name": "BRAKE DISC RV FERODO D280 H42 S68 [5]"
                },
                {
                    "id": "DDF1526C",
                    "name": "BRAKE DISC RV FERODO D280 H42 S68 [5]"
                },
                {
                    "id": "DDF1934C",
                    "name": "BRAKE DISC RV FERODO D310 H42 S68 [5]"
                },
                {
                    "id": "DDF1935C",
                    "name": "BRAKE DISC RV FERODO D335 H42 S68 [5]"
                },
                {
                    "id": "FWI396",
                    "name": "DISC PAD SENSOR FRNT [L395MM] FERODO"
                },
                {
                    "id": "30.254.0091",
                    "name": "BRAKE M/CYL HYDRADRIVE 25.40MM"
                },
                {
                    "id": "30.254.0092",
                    "name": "BRAKE M/CYL HYDRADRIVE 25.40MM"
                },
                {
                    "id": "30.270.0008",
                    "name": "BRAKE M/CYL HYDRADRIVE 26.99MM"
                },
                {
                    "id": "M2540091",
                    "name": "BRAKE M/CYL BETTABRAKE 25.40MM"
                },
                {
                    "id": "M2540092",
                    "name": "BRAKE M/CYL BETTABRAKE 25.40MM"
                },
                {
                    "id": "M2700008",
                    "name": "BRAKE M/CYL BETTABRAKE 26.99MM"
                },
                {
                    "id": "0986481006",
                    "name": "BRAKE M/CYL BOSCH"
                },
                {
                    "id": "0986481046",
                    "name": "BRAKE M/CYL BOSCH"
                },
                {
                    "id": "BM254.9000",
                    "name": "BRAKE M/CYL PQ"
                },
                {
                    "id": "BM270.9016",
                    "name": "BRAKE M/CYL PQ"
                },
                {
                    "id": "SEA8427E",
                    "name": "BRAKE M/CYL KIT 25.4 MM CPD"
                },
                {
                    "id": "SEA8429E",
                    "name": "BRAKE M/CYL KIT 25.4 MM CPD"
                },
                {
                    "id": "SEA8600E",
                    "name": "BRAKE M/CYL KIT 26.99 MM CPD"
                },
                {
                    "id": "P8427X",
                    "name": "BRAKE M/CYL KIT 23.8MM GIRLING PQ"
                },
                {
                    "id": "P8429X",
                    "name": "BRAKE M/CYL KIT 25.4MM ATE PQ"
                },
                {
                    "id": "P8600X",
                    "name": "BRAKE M/CYL KIT 27MM PQ"
                },
                {
                    "id": "BMK254.8427",
                    "name": "BRAKE M/CYL KIT PQ"
                },
                {
                    "id": "BMK254.8429",
                    "name": "BRAKE M/CYL KIT PQ"
                },
                {
                    "id": "BMK270.8600",
                    "name": "BRAKE M/CYL KIT PQ"
                },
                {
                    "id": "CK60.2564",
                    "name": "CALIPER KIT FRNT 60MM PQ"
                },
                {
                    "id": "CK38.2535",
                    "name": "CALIPER KIT REAR 38MM PQ"
                },
                {
                    "id": "CK60.2497",
                    "name": "W/CYL KIT REAR PQ"
                },
                {
                    "id": "P2497S",
                    "name": "CALIPER KIT FRNT 60MM ATE PQ"
                },
                {
                    "id": "P2564S",
                    "name": "CALIPER KIT FRNT 60MM ATE PQ"
                },
                {
                    "id": "P2535S",
                    "name": "CALIPER KIT REAR 38MM ATE PQ"
                },
                {
                    "id": "113-1306X",
                    "name": "BRAKE CALIPER GUIDE SLEEVE KIT QB"
                },
                {
                    "id": "113-1339X",
                    "name": "BRAKE CALIPER GUIDE SLEEVE KIT QB"
                },
                {
                    "id": "113-1441X",
                    "name": "BRAKE CALIPER GUIDE SLEEVE KIT QB"
                }
            ]
        },
        {
            "id": "3",
            "category": "SUSPENSION COMPONENTS [FRONT]",
            "category_parts": [
                {
                    "id": "",
                    "name": ""
                },
                {
                    "id": "FEB14038",
                    "name": "STRUT MOUNTING F/SUSP FEBI"
                },
                {
                    "id": "13814AP",
                    "name": "CONTROL ARM UPPER LHS A-PLUS"
                },
                {
                    "id": "13815AP",
                    "name": "CONTROL ARM UPPER LHS A-PLUS"
                },
                {
                    "id": "13819AP",
                    "name": "CONTROL ARM UPPER RHS A-PLUS"
                },
                {
                    "id": "13820AP",
                    "name": "CONTROL ARM UPPER RHS A-PLUS"
                },
                {
                    "id": "AU2060",
                    "name": "CONTROL ARM LOWER FRNT L/R TEKNOSA"
                },
                {
                    "id": "AU2061",
                    "name": "CONTROL ARM LOWER FRNT LHS TEKNOSA"
                },
                {
                    "id": "AU2062",
                    "name": "CONTROL ARM LOWER FRNT RHS TEKNOSA"
                },
                {
                    "id": "AU1719",
                    "name": "CONTROL ARM UPPER F/R LHS TEKNOSA"
                },
                {
                    "id": "AU1720",
                    "name": "CONTROL ARM UPPER F/R RHS TEKNOSA"
                },
                {
                    "id": "AU1721",
                    "name": "CONTROL ARM UPPER FRNT LHS TEKNOSA"
                },
                {
                    "id": "AU1722",
                    "name": "CONTROL ARM UPPER FRNT RHS TEKNOSA"
                },
                {
                    "id": "13816AP",
                    "name": "CONTROL ARM LOWER L/R A-PLUS"
                },
                {
                    "id": "13817AP",
                    "name": "CONTROL ARM LOWER LHS A-PLUS"
                },
                {
                    "id": "13818AP",
                    "name": "CONTROL ARM LOWER RHS A-PLUS"
                },
                {
                    "id": "VKDS341025",
                    "name": "STABILIZER LINK L* H* ID* OD* SKF"
                },
                {
                    "id": "AU2627",
                    "name": "LATERAL LINK REAR L/R TEKNOSA"
                },
                {
                    "id": "VKDS321082B",
                    "name": "CONTROL ARM L* SKF"
                },
                {
                    "id": "VKDS321083B",
                    "name": "CONTROL ARM L* SKF"
                },
                {
                    "id": "VKDS321508B",
                    "name": "CONTROL ARM L400.5 SKF"
                },
                {
                    "id": "VKDS321510B",
                    "name": "CONTROL ARM L400.5 SKF"
                },
                {
                    "id": "VKDS321509B",
                    "name": "CONTROL ARM L462 SKF"
                },
                {
                    "id": "VKDS321078B",
                    "name": "CONTROL ARM UPPER + BJOINT [F] [L] SKF"
                },
                {
                    "id": "VKDS321079B",
                    "name": "CONTROL ARM UPPER + BJOINT [F] [R] SKF"
                },
                {
                    "id": "VKDS331014",
                    "name": "C/ARM BUSH L* H80 ID12.2 OD64.9 SKF"
                },
                {
                    "id": "VKDS331028",
                    "name": "C/ARM BUSH L45 H43.8 ID12.1 OD43.8 SKF"
                },
                {
                    "id": "AU2125",
                    "name": "BUSH CONT ARM LOW FRNT L/R TEKNOSA"
                },
                {
                    "id": "AU2130",
                    "name": "BUSH CONT ARM LOW FRNT L/R TEKNOSA"
                },
                {
                    "id": "AU2131",
                    "name": "BUSH CONT ARM LOW FRNT L/R TEKNOSA"
                },
                {
                    "id": "AU1810",
                    "name": "BUSH CONT ARM UP FRNT L/R TEKNOSA"
                },
                {
                    "id": "AU1811",
                    "name": "BUSH CONT ARM UP FRNT L/R TEKNOSA"
                }
            ]
        },
        {
            "id": "4",
            "category": "SUSPENSION COMPONENTS [REAR]",
            "category_parts": [
                {
                    "id": "",
                    "name": ""
                },
                {
                    "id": "VKDS331014",
                    "name": "C/ARM BUSH L* H80 ID12.2 OD64.9 SKF"
                },
                {
                    "id": "VKDS331028",
                    "name": "C/ARM BUSH L45 H43.8 ID12.1 OD43.8 SKF"
                },
                {
                    "id": "17384AP",
                    "name": "C/ARM BUSH LOWER L/R A-PLUS"
                },
                {
                    "id": "17416AP",
                    "name": "C/ARM BUSH LOWER L/R A-PLUS"
                },
                {
                    "id": "18328AP",
                    "name": "C/ARM BUSH LOWER L/R A-PLUS"
                },
                {
                    "id": "14262AP",
                    "name": "C/ARM BUSH UPPER L/R A-PLUS"
                },
                {
                    "id": "17418AP",
                    "name": "C/ARM BUSH UPPER L/R A-PLUS"
                },
                {
                    "id": "AU2125",
                    "name": "BUSH CONT ARM LOW FRNT L/R TEKNOSA"
                },
                {
                    "id": "AU2130",
                    "name": "BUSH CONT ARM LOW FRNT L/R TEKNOSA"
                },
                {
                    "id": "AU2131",
                    "name": "BUSH CONT ARM LOW FRNT L/R TEKNOSA"
                },
                {
                    "id": "AU1810",
                    "name": "BUSH CONT ARM UP FRNT L/R TEKNOSA"
                },
                {
                    "id": "AU1811",
                    "name": "BUSH CONT ARM UP FRNT L/R TEKNOSA"
                },
                {
                    "id": "AU2627",
                    "name": "LATERAL LINK REAR L/R TEKNOSA"
                },
                {
                    "id": "VKDS341025",
                    "name": "STABILIZER LINK L* H* ID* OD* SKF"
                },
                {
                    "id": "18459AP",
                    "name": "LATERAL LINK L/R A-PLUS"
                },
                {
                    "id": "19713AP",
                    "name": "STABILIZER LINK L/R A-PLUS L110"
                },
                {
                    "id": "14576AP",
                    "name": "STABILIZER LINK L/R A-PLUS L95"
                },
                {
                    "id": "14089AP",
                    "name": "STABILIZER LINK LHS A-PLUS L62"
                },
                {
                    "id": "14090AP",
                    "name": "STABILIZER LINK RHS A-PLUS L62"
                },
                {
                    "id": "AU1532",
                    "name": "STABILIZER LINK FRNT L/R L110 TEKNOSA"
                },
                {
                    "id": "AU1538",
                    "name": "STABILIZER LINK REAR L/R L95 TEKNOSA"
                },
                {
                    "id": "AU1536",
                    "name": "STABILIZER LINK REAR LHS L62 TEKNOSA"
                },
                {
                    "id": "AU1537",
                    "name": "STABILIZER LINK REAR RHS L62 TEKNOSA"
                },
                {
                    "id": "VKDS321082B",
                    "name": "CONTROL ARM L* SKF"
                },
                {
                    "id": "VKDS321083B",
                    "name": "CONTROL ARM L* SKF"
                },
                {
                    "id": "VKDS321508B",
                    "name": "CONTROL ARM L400.5 SKF"
                },
                {
                    "id": "VKDS321510B",
                    "name": "CONTROL ARM L400.5 SKF"
                },
                {
                    "id": "VKDS321509B",
                    "name": "CONTROL ARM L462 SKF"
                },
                {
                    "id": "VKDS321078B",
                    "name": "CONTROL ARM UPPER + BJOINT [F] [L] SKF"
                },
                {
                    "id": "VKDS321079B",
                    "name": "CONTROL ARM UPPER + BJOINT [F] [R] SKF"
                }
            ]
        },
        {
            "id": "5",
            "category": "COOLING SYSTEM",
            "category_parts": [
                {
                    "id": "",
                    "name": ""
                },
                {
                    "id": "01705",
                    "name": "RADIATOR CAP OSSCA/ATS"
                },
                {
                    "id": "FEB40723",
                    "name": "RADIATOR CAP FEBI"
                },
                {
                    "id": "VKPC81232",
                    "name": "WATER PUMP SKF"
                },
                {
                    "id": "PA1151",
                    "name": "WATER PUMP GRAF"
                },
                {
                    "id": "WP18026",
                    "name": "WATER PUMP PI"
                },
                {
                    "id": "VKM31017",
                    "name": "TENSIONER V-BELT PULLEY [OD:76 W:21] SKF"
                },
                {
                    "id": "437100-5800",
                    "name": "COMPRESSOR / AIR CONDITIONER DENSO"
                }
            ]
        },
        {
            "id": "6",
            "category": "CLUTCH COMPONENTS",
            "category_parts": [
                {
                    "id": "",
                    "name": ""
                },
                {
                    "id": "30.190.0120",
                    "name": "CLUTCH M/CYL HYDRADRIVE 19.05MM"
                },
                {
                    "id": "M1900120",
                    "name": "CLUTCH M/CYL BETTABRAKE 19.05MM"
                },
                {
                    "id": "CCM0155",
                    "name": "CLUTCH M/CYL WINGATE 19.05MM"
                },
                {
                    "id": "31.222.0035",
                    "name": "CLUTCH S/CYL HYDRADRIVE 22.22MM"
                },
                {
                    "id": "31.222.0061",
                    "name": "CLUTCH S/CYL HYDRADRIVE 22.22MM"
                },
                {
                    "id": "S2220035",
                    "name": "CLUTCH S/CYL BETTABRAKE 22.22MM"
                },
                {
                    "id": "S2220061",
                    "name": "CLUTCH S/CYL BETTABRAKE 22.22MM"
                },
                {
                    "id": "CS222.9004",
                    "name": "CLUTCH S/CYL PQ"
                },
                {
                    "id": "P2573S",
                    "name": "CLUTCH S/CYL KIT 22.22MM SACHS PQ"
                },
                {
                    "id": "SEA2573E",
                    "name": "CLUTCH S/CYL KIT 22.22 MM CPD"
                }
            ]
        },
        {
            "id": "7",
            "category": "IGNITION SYSTEM",
            "category_parts": [
                {
                    "id": "",
                    "name": ""
                },
                {
                    "id": "0221604115",
                    "name": "IGNITION COIL BOSCH"
                },
                {
                    "id": "0221604800",
                    "name": "IGNITION COIL BOSCH"
                }
            ]
        },
        {
            "id": "8",
            "category": "DRIVESHAFT COMPONENTS",
            "category_parts": [
                {
                    "id": "",
                    "name": ""
                },
                {
                    "id": "AD3001",
                    "name": "CV JOINT OUTER FRNT L/R 38X27X59.5XM TEKNOSA"
                },
                {
                    "id": "AD3001A",
                    "name": "CV JOINT OUTER FRNT L/R 38X27X59.5XMX45W TEKNOSA"
                }
            ]
        },
        {
            "id": "9",
            "category": "FUEL SYSTEM",
            "category_parts": [
                {
                    "id": "",
                    "name": ""
                },
                {
                    "id": "E146",
                    "name": "FUEL FILTER GUD"
                },
                {
                    "id": "G10215",
                    "name": "FUEL FILTER FRAM"
                },
                {
                    "id": "CFF100479",
                    "name": "FUEL FILTER CHAMPION"
                },
                {
                    "id": "F026403012",
                    "name": "FUEL FILTER BOSCH"
                },
                {
                    "id": "WF8325",
                    "name": "FUEL FILTER WIX"
                },
                {
                    "id": "71-10573-00",
                    "name": "CARB BASE PLATE"
                },
                {
                    "id": "0280218069",
                    "name": "AIR-MASS METER BOSCH"
                }
            ]
        },
        {
            "id": "10",
            "category": "TIMING COMPONENTS",
            "category_parts": [
                {
                    "id": "",
                    "name": ""
                },
                {
                    "id": "AUD253-FSD",
                    "name": "TIM BELT [253X30MM] 5493XS AUTOBAX"
                },
                {
                    "id": "VKMV5PK1133",
                    "name": "MULTI-GROOVE BELT SKF"
                },
                {
                    "id": "QTB130",
                    "name": "TIM BELT [253X30MM] ECHLIN"
                },
                {
                    "id": "94835",
                    "name": "TIM BELT [253X30MM] DAYCO"
                },
                {
                    "id": "VKM31017",
                    "name": "TENSIONER V-BELT PULLEY [OD:76 W:21] SKF"
                }
            ]
        },
        {
            "id": "11",
            "category": "CYLINDER HEAD COMPONENTS",
            "category_parts": [
                {
                    "id": "",
                    "name": ""
                },
                {
                    "id": "AG8350",
                    "name": "CYL HEAD GASKET PAYEN"
                },
                {
                    "id": "71-42761-00",
                    "name": "CYL HEAD COVER GASKET VR"
                },
                {
                    "id": "71-42762-00",
                    "name": "CYL HEAD COVER GASKET VR"
                }
            ]
        },
        {
            "id": "12",
            "category": "ENGINE SUB ASSEMBLY",
            "category_parts": [
                {
                    "id": "",
                    "name": ""
                },
                {
                    "id": "W4997",
                    "name": "THRUST WASHER SET KING"
                }
            ]
        },
        {
            "id": "13",
            "category": "MOUNTINGS ",
            "category_parts": [
                {
                    "id": "",
                    "name": ""
                },
                {
                    "id": "FEB14038",
                    "name": "STRUT MOUNTING F/SUSP FEBI"
                },
                {
                    "id": "71-10573-00",
                    "name": "CARB BASE PLATE"
                }
            ]
        },
        {
            "id": "14",
            "category": "STARTER COMPONENTS",
            "category_parts": [
                {
                    "id": "",
                    "name": ""
                },
                {
                    "id": "438161",
                    "name": "STARTER MOTOR VALEO 12V"
                }
            ]
        },
        {
            "id": "15",
            "category": "ALTERNATOR COMPONENTS",
            "category_parts": [
                {
                    "id": "",
                    "name": ""
                },
                {
                    "id": "VKM31017",
                    "name": "TENSIONER V-BELT PULLEY [OD:76 W:21] SKF"
                }
            ]
        },
        {
            "id": "16",
            "category": "BODY PARTS FRONT AND REAR",
            "category_parts": [
                {
                    "id": "",
                    "name": ""
                },
                {
                    "id": "G2825",
                    "name": "BULB PARK LIGHT FRNT"
                },
                {
                    "id": "G501",
                    "name": "BULB PARK LIGHT FRNT ATS"
                }
            ]
        },
        {
            "id": "17",
            "category": "SWITCHES \u0026 ACCESSORIES",
            "category_parts": [
                {
                    "id": "",
                    "name": ""
                },
                {
                    "id": "S658",
                    "name": "BATTERY SABAT"
                },
                {
                    "id": "F658",
                    "name": "BATTERY EXIDE/MIDAS"
                },
                {
                    "id": "W658",
                    "name": "BATTERY WILLARD"
                },
                {
                    "id": "7.3278",
                    "name": "TEMP SENDER UNIT FACET"
                },
                {
                    "id": "TS6136",
                    "name": "TEMP SENDER UNIT [P/FIT 2-PIN] ECHLIN"
                },
                {
                    "id": "FEB29318",
                    "name": "TEMP SENDER UNIT [P/FIT 2-PIN] FEBI"
                }
            ]
        },
        {
            "id": "18",
            "category": "GASKETS ",
            "category_parts": [
                {
                    "id": "",
                    "name": ""
                },
                {
                    "id": "AG8350",
                    "name": "CYL HEAD GASKET PAYEN"
                }
            ]
        },
        {
            "id": "23",
            "category": "LUBRICANTS",
            "category_parts": [
                {
                    "id": "",
                    "name": ""
                },
                {
                    "id": "3433389",
                    "name": "ENGINE OIL CASTROL MAGNATEC 5W30 5L"
                },
                {
                    "id": "550048788",
                    "name": "ENGINE OIL SHELL HELIX ULTRA 5W30 5L"
                }
            ]
        },
        {
            "id": "24",
            "category": "WHEEL BEARINGS",
            "category_parts": [
                {
                    "id": "",
                    "name": ""
                },
                {
                    "id": "VKBA6546",
                    "name": "WHEEL BRG KIT FRNT SKF"
                },
                {
                    "id": "VKBA6557",
                    "name": "WHEEL BRG KIT REAR SKF"
                }
            ]
        },
        {
            "id": "26",
            "category": "STEERING",
            "category_parts": [
                {
                    "id": "",
                    "name": ""
                },
                {
                    "id": "16359AP",
                    "name": "STEERING RACK END L/R A-PLUS L128"
                },
                {
                    "id": "AU1421",
                    "name": "RACK END FRNT L/R L128 TEKNOSA"
                },
                {
                    "id": "15726AP",
                    "name": "TIE ROD END ASSEMBLY L/R A-PLUS"
                },
                {
                    "id": "16665AP",
                    "name": "TIE ROD END OUTER L/R A-PLUS"
                },
                {
                    "id": "AU1032",
                    "name": "TIE ROD END OUTER FRNT L/R TEKNOSA"
                },
                {
                    "id": "AU1321",
                    "name": "TIE ROD END OUTER FRNT L/R TEKNOSA"
                }
            ]
        },
        {
            "id": "27",
            "category": "BEARINGS",
            "category_parts": [
                {
                    "id": "",
                    "name": ""
                },
                {
                    "id": "VKBA6546",
                    "name": "WHEEL BRG KIT FRNT SKF"
                },
                {
                    "id": "VKBA6557",
                    "name": "WHEEL BRG KIT REAR SKF"
                },
                {
                    "id": "VKDS321082B",
                    "name": "CONTROL ARM L* SKF"
                },
                {
                    "id": "VKDS321083B",
                    "name": "CONTROL ARM L* SKF"
                },
                {
                    "id": "VKDS321508B",
                    "name": "CONTROL ARM L400.5 SKF"
                },
                {
                    "id": "VKDS321510B",
                    "name": "CONTROL ARM L400.5 SKF"
                },
                {
                    "id": "VKDS321509B",
                    "name": "CONTROL ARM L462 SKF"
                },
                {
                    "id": "VKDS321078B",
                    "name": "CONTROL ARM UPPER + BJOINT [F] [L] SKF"
                },
                {
                    "id": "VKDS321079B",
                    "name": "CONTROL ARM UPPER + BJOINT [F] [R] SKF"
                }
            ]
        },
        {
            "id": "28",
            "category": "AIR CONDITIONING",
            "category_parts": [
                {
                    "id": "",
                    "name": ""
                },
                {
                    "id": "437100-5800",
                    "name": "COMPRESSOR / AIR CONDITIONER DENSO"
                }
            ]
        },
        {
            "id": "28",
            "category": "AIR CONDITIONING",
            "category_parts": [
                {
                    "id": "",
                    "name": ""
                },
                {
                    "id": "437100-5800",
                    "name": "COMPRESSOR / AIR CONDITIONER DENSO"
                }
            ]
        }
    ]
}
