{
    "id": "183",
    "parts": [
        {
            "id": "1",
            "category": "SERVICE PARTS",
            "category_parts": [
                {
                    "id": "",
                    "name": ""
                },
                {
                    "id": "Z587",
                    "name": "OIL FILTER GUD OD76 H79 [3/4 - 16UNF]"
                },
                {
                    "id": "PH11457",
                    "name": "OIL FILTER FRAM"
                },
                {
                    "id": "COF100687S",
                    "name": "OIL FILTER CHAMPION"
                },
                {
                    "id": "F026407143",
                    "name": "OIL FILTER BOSCH H74 OD76"
                },
                {
                    "id": "108330",
                    "name": "OIL FILTER H79MM IT3/4IN OD76MM SRD72MM"
                },
                {
                    "id": "ADV182118",
                    "name": "OIL FILTER H79MM IT3/4IN OD76MM SRD72MM"
                },
                {
                    "id": "WL7503",
                    "name": "OIL FILTER WIX"
                },
                {
                    "id": "07-239",
                    "name": "OIL FILTER GENERIC"
                },
                {
                    "id": "AG1542",
                    "name": "AIR FILTER GUD PANEL L265 W187 H27"
                },
                {
                    "id": "AG1452",
                    "name": "AIR FILTER GUD PANEL L296 W171 H56"
                },
                {
                    "id": "CA11503",
                    "name": "AIR FILTER FRAM"
                },
                {
                    "id": "CAF100950P",
                    "name": "AIR FILTER CHAMPION"
                },
                {
                    "id": "CAF101067P",
                    "name": "AIR FILTER CHAMPION"
                },
                {
                    "id": "F026400342",
                    "name": "AIR FILTER BOSCH L269 W190 H24"
                },
                {
                    "id": "WA9603",
                    "name": "AIR FILTER WIX"
                },
                {
                    "id": "WA9766",
                    "name": "AIR FILTER WIX"
                },
                {
                    "id": "INTANK",
                    "name": "FUEL FILTER IN TANK LIFETIME"
                },
                {
                    "id": "PFR7B",
                    "name": "SPARK PLUG NGK"
                },
                {
                    "id": "PZKER7A-8EGS",
                    "name": "SPARK PLUG NGK"
                },
                {
                    "id": "Y5KPP332S",
                    "name": "SPARK PLUG BOSCH"
                },
                {
                    "id": "AC129GUD",
                    "name": "CABIN AIR FILTER GUD H30 L254 W235"
                },
                {
                    "id": "CF11643",
                    "name": "CABIN AIR FILTER FRAM"
                },
                {
                    "id": "CCF0480",
                    "name": "CABIN AIR FILTER CHAMPION"
                },
                {
                    "id": "WP2089",
                    "name": "CABIN AIR FILTER WIX CARBON"
                },
                {
                    "id": "WP2088",
                    "name": "CABIN AIR FILTER WIX PAPER"
                },
                {
                    "id": "ATE1244",
                    "name": "DISC PAD FRNT ATE L160 H65 T20"
                },
                {
                    "id": "FDB4433",
                    "name": "DISC PAD FRNT FERODO L160 H65 T20"
                },
                {
                    "id": "0986494660",
                    "name": "DISC PAD FRNT BOSCH L160 H65 T20"
                },
                {
                    "id": "D4195",
                    "name": "DISC PAD FRNT SAFELINE L146 H62 T18"
                },
                {
                    "id": "D4088",
                    "name": "DISC PAD FRNT SAFELINE L160 H65 T19"
                },
                {
                    "id": "OPT4088",
                    "name": "DISC PAD FRNT OPTIMA L160 H65"
                },
                {
                    "id": "OPT4089",
                    "name": "DISC PAD REAR OPTIMA L123 H61"
                },
                {
                    "id": "05P1834",
                    "name": "DISC PAD FRNT LPR L160 H65 T20"
                },
                {
                    "id": "ADB12158",
                    "name": "DISC PAD FRNT NIPPON L160 H65 T20"
                },
                {
                    "id": "ATE1263",
                    "name": "DISC PAD REAR ATE L123 H56 T15"
                },
                {
                    "id": "FDB4434",
                    "name": "DISC PAD REAR FERODO L123 H56 T16"
                },
                {
                    "id": "FDB4697",
                    "name": "DISC PAD REAR FERODO L123 H57 T17"
                },
                {
                    "id": "P85125X",
                    "name": "DISC PAD REAR BREMBO L123 H56 T16"
                },
                {
                    "id": "0986494659",
                    "name": "DISC PAD REAR BOSCH L123 H61 T16"
                },
                {
                    "id": "D4089",
                    "name": "DISC PAD REAR SAFELINE L123 H61 T18"
                },
                {
                    "id": "05P1835",
                    "name": "DISC PAD REAR LPR L123 H56 T16"
                },
                {
                    "id": "ADB02157",
                    "name": "DISC PAD REAR NIPPON L123 H56 T16"
                },
                {
                    "id": "3433389",
                    "name": "ENGINE OIL CASTROL MAGNATEC 5W30 5L"
                },
                {
                    "id": "550048788",
                    "name": "ENGINE OIL SHELL HELIX ULTRA 5W30 5L"
                }
            ]
        },
        {
            "id": "2",
            "category": "BRAKES",
            "category_parts": [
                {
                    "id": "",
                    "name": ""
                },
                {
                    "id": "ATE1244",
                    "name": "DISC PAD FRNT ATE L160 H65 T20"
                },
                {
                    "id": "FDB4433",
                    "name": "DISC PAD FRNT FERODO L160 H65 T20"
                },
                {
                    "id": "0986494660",
                    "name": "DISC PAD FRNT BOSCH L160 H65 T20"
                },
                {
                    "id": "D4195",
                    "name": "DISC PAD FRNT SAFELINE L146 H62 T18"
                },
                {
                    "id": "D4088",
                    "name": "DISC PAD FRNT SAFELINE L160 H65 T19"
                },
                {
                    "id": "OPT4088",
                    "name": "DISC PAD FRNT OPTIMA L160 H65"
                },
                {
                    "id": "OPT4089",
                    "name": "DISC PAD REAR OPTIMA L123 H61"
                },
                {
                    "id": "05P1834",
                    "name": "DISC PAD FRNT LPR L160 H65 T20"
                },
                {
                    "id": "ADB12158",
                    "name": "DISC PAD FRNT NIPPON L160 H65 T20"
                },
                {
                    "id": "ATE1263",
                    "name": "DISC PAD REAR ATE L123 H56 T15"
                },
                {
                    "id": "FDB4434",
                    "name": "DISC PAD REAR FERODO L123 H56 T16"
                },
                {
                    "id": "FDB4697",
                    "name": "DISC PAD REAR FERODO L123 H57 T17"
                },
                {
                    "id": "P85125X",
                    "name": "DISC PAD REAR BREMBO L123 H56 T16"
                },
                {
                    "id": "0986494659",
                    "name": "DISC PAD REAR BOSCH L123 H61 T16"
                },
                {
                    "id": "D4089",
                    "name": "DISC PAD REAR SAFELINE L123 H61 T18"
                },
                {
                    "id": "05P1835",
                    "name": "DISC PAD REAR LPR L123 H56 T16"
                },
                {
                    "id": "ADB02157",
                    "name": "DISC PAD REAR NIPPON L123 H56 T16"
                },
                {
                    "id": "DR6651",
                    "name": "BRAKE DISC FV ALFA D287 H50 S65 [9]"
                },
                {
                    "id": "DR6260",
                    "name": "BRAKE DISC FV ALFA D288 H49 S65 [9]"
                },
                {
                    "id": "125.0145",
                    "name": "BRAKE DISC FV ATE D288 H50 S65 ID144 [10]"
                },
                {
                    "id": "DDF1218",
                    "name": "BRAKE DISC FV FERODO D288 H50 S65 [5]"
                },
                {
                    "id": "DDF1218C",
                    "name": "BRAKE DISC FV FERODO D288 H50 S65 [5]"
                },
                {
                    "id": "TBD7214-D",
                    "name": "BRAKE DISC FRNT L/R VENTED OPTIMA"
                },
                {
                    "id": "TBD7651-D",
                    "name": "BRAKE DISC FRNT L/R VENTED OPTIMA"
                },
                {
                    "id": "TBD8433-D",
                    "name": "BRAKE DISC FRNT L/R VENTED OPTIMA"
                },
                {
                    "id": "TBD8259-D",
                    "name": "BRAKE DISC REAR L/R SOLID OPTIMA"
                },
                {
                    "id": "TBD7023-D",
                    "name": "BRAKE DISC REAR L/R VENTED OPTIMA"
                },
                {
                    "id": "112.0158",
                    "name": "BRAKE DISC RS ATE D260 H49 S65 O140 [5]"
                },
                {
                    "id": "112.0169",
                    "name": "BRAKE DISC RS ATE D286 H49 S65 O159 [5]"
                },
                {
                    "id": "122.0219",
                    "name": "BRAKE DISC RV ATE D310 H48 S65 [5]"
                },
                {
                    "id": "DDF1895",
                    "name": "BRAKE DISC RS FERODO D272 H48 S65 [9]"
                },
                {
                    "id": "DDF1895C",
                    "name": "BRAKE DISC RS FERODO D272 H48 S65 [9]"
                },
                {
                    "id": "WS0329B",
                    "name": "DISC PAD SENSOR FRONT [170MM] QB"
                },
                {
                    "id": "FEB44479",
                    "name": "DISC PAD SENSOR FRNT FEBI"
                },
                {
                    "id": "113-1306X",
                    "name": "BRAKE CALIPER GUIDE SLEEVE KIT QB"
                },
                {
                    "id": "113-1458X",
                    "name": "BRAKE CALIPER GUIDE SLEEVE KIT QB"
                }
            ]
        },
        {
            "id": "3",
            "category": "SUSPENSION COMPONENTS [FRONT]",
            "category_parts": [
                {
                    "id": "",
                    "name": ""
                },
                {
                    "id": "AR7129",
                    "name": "STRUT MOUNTING FRNT PQ"
                },
                {
                    "id": "AR8909",
                    "name": "STRUT MOUNTING FRNT PQ"
                },
                {
                    "id": "MK194",
                    "name": "STRUT MOUNTING FRNT MONROE"
                },
                {
                    "id": "AU2817",
                    "name": "MOUNTING SHOCK FRNT L/R TEKNOSA"
                },
                {
                    "id": "AU2818",
                    "name": "MOUNTING SHOCK REAR L/R TEKNOSA"
                },
                {
                    "id": "FEB22498",
                    "name": "STRUT MOUNT FRNT [BEARING ONLY] FEBI"
                },
                {
                    "id": "FEB45529",
                    "name": "STRUT MOUNTING FRNT FEBI"
                },
                {
                    "id": "FEB22502",
                    "name": "STRUT MOUNTING FRNT [MOUNT+BEARING] FEBI"
                },
                {
                    "id": "22767",
                    "name": "STRUT MOUNTING FRNT OSSCA/ATS"
                },
                {
                    "id": "S2179",
                    "name": "STRUT MOUNTING FRNT RUBREX"
                },
                {
                    "id": "VKDP33130T",
                    "name": "DUST COVER KIT FRNT SKF"
                },
                {
                    "id": "VKDP33169T",
                    "name": "DUST COVER KIT FRNT SKF"
                },
                {
                    "id": "VW1924",
                    "name": "BALL JOINT LOWER FRNT LHS TEKNOSA"
                },
                {
                    "id": "VW1925",
                    "name": "BALL JOINT LOWER FRNT RHS TEKNOSA"
                },
                {
                    "id": "BJ1139L",
                    "name": "BALL JOINT LOWER LHS PQ"
                },
                {
                    "id": "BJ1182L",
                    "name": "BALL JOINT LOWER LHS PQ"
                },
                {
                    "id": "BJ1139R",
                    "name": "BALL JOINT LOWER RHS PQ"
                },
                {
                    "id": "BJ1182R",
                    "name": "BALL JOINT LOWER RHS PQ"
                },
                {
                    "id": "14462AP",
                    "name": "BALL JOINT LOWER LHS A-PLUS"
                },
                {
                    "id": "14461AP",
                    "name": "BALL JOINT LOWER RHS A-PLUS"
                },
                {
                    "id": "VKDS311011",
                    "name": "BALL JOINT LOWER L* H* ID* OD* SKF"
                },
                {
                    "id": "VKDS311012",
                    "name": "BALL JOINT LOWER L* H* ID* OD* SKF"
                },
                {
                    "id": "VKDS311021",
                    "name": "BALL JOINT LOWER L* H* ID* OD* SKF"
                },
                {
                    "id": "VKDS311022",
                    "name": "BALL JOINT LOWER L* H* ID* OD* SKF"
                },
                {
                    "id": "16180AP",
                    "name": "CONTROL ARM UPPER L/R A-PLUS"
                },
                {
                    "id": "AU2027",
                    "name": "CONTROL ARM LOWER FRNT LHS TEKNOSA"
                },
                {
                    "id": "AU2028",
                    "name": "CONTROL ARM LOWER FRNT RHS TEKNOSA"
                },
                {
                    "id": "CS414L",
                    "name": "CONTROL ARM LOWER LHS PQ"
                },
                {
                    "id": "CS414R",
                    "name": "CONTROL ARM LOWER RHS PQ"
                },
                {
                    "id": "14562AP",
                    "name": "CONTROL ARM LOWER LHS A-PLUS + BJ"
                },
                {
                    "id": "18549AP",
                    "name": "CONTROL ARM LOWER LHS A-PLUS + BJ"
                },
                {
                    "id": "15723AP",
                    "name": "CONTROL ARM LOWER LHS A-PLUS [DIESEL]"
                },
                {
                    "id": "14563AP",
                    "name": "CONTROL ARM LOWER RHS A-PLUS + BJ"
                },
                {
                    "id": "18550AP",
                    "name": "CONTROL ARM LOWER RHS A-PLUS + BJ"
                },
                {
                    "id": "15724AP",
                    "name": "CONTROL ARM LOWER RHS A-PLUS [DIESEL]"
                },
                {
                    "id": "TR5849",
                    "name": "STABILISER LINK FRONT L/R [335MM] PQ"
                },
                {
                    "id": "VKDS341002",
                    "name": "STABILIZER LINK L* H* ID* OD* SKF"
                },
                {
                    "id": "AU2611",
                    "name": "LATERAL LINK REAR L/R TEKNOSA"
                },
                {
                    "id": "VKD35052",
                    "name": "ANTI-F BRG \u0026 SUS/MOUNT [SINGLE] FRNT SKF"
                },
                {
                    "id": "VKD35052T",
                    "name": "ANTI-F BRG \u0026 SUS/MOUNT [TWIN PACK] FRNT SKF"
                },
                {
                    "id": "VKDS421019",
                    "name": "CONTROL ARM L305.5 SKF"
                },
                {
                    "id": "VKDS331041",
                    "name": "C/ARM BUSH L* H50 ID13 OD65 SKF"
                },
                {
                    "id": "AR6899",
                    "name": "C/ARM BUSH F/SUSP LOWER INNER PQ"
                },
                {
                    "id": "FEB24390",
                    "name": "C/ARM BUSH LOWER FRNT FEBI"
                },
                {
                    "id": "FEB27068",
                    "name": "C/ARM BUSH LOWER REAR LEFT FEBI"
                },
                {
                    "id": "FEB27069",
                    "name": "C/ARM BUSH LOWER REAR LEFT FEBI"
                },
                {
                    "id": "FEB27071",
                    "name": "C/ARM BUSH LOWER REAR RIGHT FEBI"
                },
                {
                    "id": "04575",
                    "name": "C/ARM BUSH LEFT F/SUSP OSSCA/ATS"
                },
                {
                    "id": "04576",
                    "name": "C/ARM BUSH RIGHT F/SUSP OSSCA/ATS"
                },
                {
                    "id": "S2181",
                    "name": "C/ARM BUSH LOWER REAR LEFT RUBREX"
                },
                {
                    "id": "S2182",
                    "name": "C/ARM BUSH LOWER REAR RIGHT RUBREX"
                },
                {
                    "id": "SB-7900",
                    "name": "BUSH CONT ARM LOW FRNT L/R ID12 OD40 L54 TEKNOSA"
                },
                {
                    "id": "AU2115",
                    "name": "BUSH CONT ARM LOW FRNT L/R TEKNOSA"
                },
                {
                    "id": "AU2118",
                    "name": "BUSH CONT ARM LOW FRNT L/R TEKNOSA"
                },
                {
                    "id": "AR9635",
                    "name": "SUBFRAME BUSH UPPER + LOWER PQ"
                }
            ]
        },
        {
            "id": "4",
            "category": "SUSPENSION COMPONENTS [REAR]",
            "category_parts": [
                {
                    "id": "",
                    "name": ""
                },
                {
                    "id": "VKDP33130T",
                    "name": "DUST COVER KIT FRNT SKF"
                },
                {
                    "id": "VKDP33169T",
                    "name": "DUST COVER KIT FRNT SKF"
                },
                {
                    "id": "09135",
                    "name": "STRUT MOUNTING FRNT OSSCA/ATS"
                },
                {
                    "id": "AR8041",
                    "name": "STRUT MOUNTING REAR PQ"
                },
                {
                    "id": "VKDS331041",
                    "name": "C/ARM BUSH L* H50 ID13 OD65 SKF"
                },
                {
                    "id": "14525AP",
                    "name": "C/ARM BUSH LOWER L/R A-PLUS"
                },
                {
                    "id": "19932AP",
                    "name": "C/ARM BUSH LOWER L/R A-PLUS [ID:14|OD:24"
                },
                {
                    "id": "15596AP",
                    "name": "C/ARM BUSH LOWER LHS A-PLUS"
                },
                {
                    "id": "15597AP",
                    "name": "C/ARM BUSH LOWER RHS A-PLUS"
                },
                {
                    "id": "AR9686",
                    "name": "C/ARM BUSH F/SUSP LOWER OUTER PQ"
                },
                {
                    "id": "AR6883",
                    "name": "C/ARM BUSH R/SUSP LOWER OUTER LHS PQ"
                },
                {
                    "id": "AR6884",
                    "name": "C/ARM BUSH R/SUSP LOWER OUTER RHS PQ"
                },
                {
                    "id": "SB-7900",
                    "name": "BUSH CONT ARM LOW FRNT L/R ID12 OD40 L54 TEKNOSA"
                },
                {
                    "id": "AU2115",
                    "name": "BUSH CONT ARM LOW FRNT L/R TEKNOSA"
                },
                {
                    "id": "AU2118",
                    "name": "BUSH CONT ARM LOW FRNT L/R TEKNOSA"
                },
                {
                    "id": "16578AP",
                    "name": "STAB BAR BUSH A-PLUS [ID:19|OD:37]"
                },
                {
                    "id": "16579AP",
                    "name": "STAB BAR BUSH A-PLUS [ID:19|OD:37]"
                },
                {
                    "id": "AR6958",
                    "name": "AXLE BEAM BUSH R/SUSP INNER PQ"
                },
                {
                    "id": "AR6957",
                    "name": "AXLE BEAM BUSH R/SUSP OUTER PQ"
                },
                {
                    "id": "AR8905",
                    "name": "AXLE BEAM BUSH RR SUSP PQ"
                },
                {
                    "id": "AR6962",
                    "name": "AXLE LINK BUSH RHS/LHS R/SUSP PQ"
                },
                {
                    "id": "AR8252",
                    "name": "STAB BAR BUSH R/SUSP PQ"
                },
                {
                    "id": "AU2611",
                    "name": "LATERAL LINK REAR L/R TEKNOSA"
                },
                {
                    "id": "VKDS341002",
                    "name": "STABILIZER LINK L* H* ID* OD* SKF"
                },
                {
                    "id": "TR6337",
                    "name": "STABILISER LINK REAR L/R [70MM] PQ"
                },
                {
                    "id": "TR5953",
                    "name": "STABILISER LINK REAR L/R PQ 95MM"
                },
                {
                    "id": "16178AP",
                    "name": "LATERAL LINK LHS A-PLUS L298"
                },
                {
                    "id": "16179AP",
                    "name": "LATERAL LINK RHS A-PLUS L298"
                },
                {
                    "id": "14509AP",
                    "name": "STABILIZER LINK L/R A-PLUS L335"
                },
                {
                    "id": "14207AP",
                    "name": "STABILIZER LINK L/R A-PLUS L96"
                },
                {
                    "id": "AU1520",
                    "name": "STABILIZER LINK FRNT L/R L335 TEKNOSA"
                },
                {
                    "id": "AU1512",
                    "name": "STABILIZER LINK REAR L/R L70 TEKNOSA"
                },
                {
                    "id": "VKD35052",
                    "name": "ANTI-F BRG \u0026 SUS/MOUNT [SINGLE] FRNT SKF"
                },
                {
                    "id": "VKD35052T",
                    "name": "ANTI-F BRG \u0026 SUS/MOUNT [TWIN PACK] FRNT SKF"
                },
                {
                    "id": "VKDS421019",
                    "name": "CONTROL ARM L305.5 SKF"
                }
            ]
        },
        {
            "id": "5",
            "category": "COOLING SYSTEM",
            "category_parts": [
                {
                    "id": "",
                    "name": ""
                },
                {
                    "id": "01686",
                    "name": "RADIATOR CAP OSSCA/ATS"
                },
                {
                    "id": "TP3-23",
                    "name": "RADIATOR CAP [LIGHT BLUE 40KPA] ECHLIN"
                },
                {
                    "id": "TP3-23M",
                    "name": "RADIATOR CAP [LIGHT BLUE 40KPA] MP"
                },
                {
                    "id": "VKPC81341",
                    "name": "WATER PUMP SKF"
                },
                {
                    "id": "WP18037",
                    "name": "WATER PUMP AIRTEX"
                },
                {
                    "id": "534048010",
                    "name": "FAN BELT TENSIONER INA"
                },
                {
                    "id": "DCP32060",
                    "name": "COMPRESSOR / AIR CONDITIONER DENSO"
                }
            ]
        },
        {
            "id": "6",
            "category": "CLUTCH COMPONENTS",
            "category_parts": [
                {
                    "id": "",
                    "name": ""
                },
                {
                    "id": "CPD.VW3016",
                    "name": "CLUTCH M/CYL 15.87MM CPD"
                },
                {
                    "id": "05737",
                    "name": "CLUTCH M/CYL OSSCA/ATS 15.87MM W/SENSOR"
                },
                {
                    "id": "22481",
                    "name": "CLUTCH M/CYL OSSCA/ATS 19.05MM PLASTIC"
                },
                {
                    "id": "FEB33936",
                    "name": "CLUTCH M/CYL FEBI"
                },
                {
                    "id": "32168",
                    "name": "CLUTCH S/CYL FEBI"
                },
                {
                    "id": "09341",
                    "name": "CLUTCH S/CYL OSSCA/ATS 19.05 PLASTIC"
                },
                {
                    "id": "623375500",
                    "name": "CLUTCH KIT LUK"
                },
                {
                    "id": "602000600",
                    "name": "DRY DOUBLE CLUTCH KIT LUK"
                },
                {
                    "id": "3000943003",
                    "name": "CLUTCH KIT SACHS"
                },
                {
                    "id": "3000950072",
                    "name": "CLUTCH KIT SACHS [220X22.1-28]"
                },
                {
                    "id": "3000951088",
                    "name": "CLUTCH KIT SACHS [220X22.1-28]"
                },
                {
                    "id": "RB9680",
                    "name": "RELEASE BEARING PQ"
                },
                {
                    "id": "M202",
                    "name": "GEARBOX HYDRAULIC FILTER GUD"
                }
            ]
        },
        {
            "id": "7",
            "category": "IGNITION SYSTEM",
            "category_parts": [
                {
                    "id": "",
                    "name": ""
                },
                {
                    "id": "U5153",
                    "name": "IGNITION COIL NGK 4 PIN"
                },
                {
                    "id": "111533",
                    "name": "IGNITION COIL HUCO 12V 4 PIN"
                },
                {
                    "id": "BC5207",
                    "name": "IGNITION COIL BOUGICORD"
                },
                {
                    "id": "0986221057",
                    "name": "IGNITION COIL BOSCH"
                },
                {
                    "id": "IGC157",
                    "name": "IGNITION COIL MOBILETRON 4 PIN"
                }
            ]
        },
        {
            "id": "8",
            "category": "DRIVESHAFT COMPONENTS",
            "category_parts": [
                {
                    "id": "",
                    "name": ""
                },
                {
                    "id": "VKJP01001",
                    "name": "CV BOOT KIT OUTER SKF"
                },
                {
                    "id": "VKJP01001S",
                    "name": "CV BOOT KIT OUTER SKF"
                }
            ]
        },
        {
            "id": "9",
            "category": "FUEL SYSTEM",
            "category_parts": [
                {
                    "id": "",
                    "name": ""
                },
                {
                    "id": "INTANK",
                    "name": "FUEL FILTER IN TANK LIFETIME"
                }
            ]
        },
        {
            "id": "10",
            "category": "TIMING COMPONENTS",
            "category_parts": [
                {
                    "id": "",
                    "name": ""
                },
                {
                    "id": "VKMA01280",
                    "name": "T/BELT KIT SKF"
                },
                {
                    "id": "FEB47890",
                    "name": "T/BELT KIT FEBI"
                },
                {
                    "id": "VKMV6PK1005",
                    "name": "MULTI-GROOVE BELT SKF"
                },
                {
                    "id": "VKMV6PK746",
                    "name": "MULTI-GROOVE BELT SKF"
                },
                {
                    "id": "6PK1000",
                    "name": "MULTI-GROOVE BELT RAM"
                },
                {
                    "id": "FEB45793",
                    "name": "T/BELT TENSIONER FEBI"
                },
                {
                    "id": "VKM21338",
                    "name": "T/BELT PULLEY SKF"
                },
                {
                    "id": "VKM11338",
                    "name": "T/BELT TENSIONER [D:60 W:21] SKF"
                }
            ]
        },
        {
            "id": "11",
            "category": "CYLINDER HEAD COMPONENTS",
            "category_parts": [
                {
                    "id": "",
                    "name": ""
                },
                {
                    "id": "BY2001",
                    "name": "CYL HEAD GASKET PAYEN"
                },
                {
                    "id": "71-42813-00",
                    "name": "CYL HEAD COVER GASKET VR"
                },
                {
                    "id": "AR9690",
                    "name": "EXHAUST HANGER MIDDLE PQ"
                },
                {
                    "id": "AR9692",
                    "name": "EXHAUST HANGER REAR PQ"
                }
            ]
        },
        {
            "id": "12",
            "category": "ENGINE SUB ASSEMBLY",
            "category_parts": [
                {
                    "id": "",
                    "name": ""
                },
                {
                    "id": "RR83032",
                    "name": "RINGSET FED 74.50MM"
                },
                {
                    "id": "B4981",
                    "name": "CONROD BEARING SET AE"
                },
                {
                    "id": "M5533",
                    "name": "MAIN BEARING SET AE"
                },
                {
                    "id": "ROP83057",
                    "name": "OIL PUMP AUTOZONE"
                },
                {
                    "id": "W2120",
                    "name": "THRUST WASHER SET"
                },
                {
                    "id": "9585FS",
                    "name": "OIL SEAL REAR MAIN BRG PQ"
                },
                {
                    "id": "9589FS",
                    "name": "OIL SEAL REAR MAIN BRG PQ"
                },
                {
                    "id": "9548",
                    "name": "OIL SEAL T/COVER OR CAM PQ"
                },
                {
                    "id": "9587FS",
                    "name": "OIL SEAL T/COVER OR CAM PQ"
                },
                {
                    "id": "9588",
                    "name": "OIL SEAL T/COVER OR CAM PQ"
                },
                {
                    "id": "9590",
                    "name": "OIL SEAL T/COVER OR CAM PQ"
                },
                {
                    "id": "9591",
                    "name": "OIL SEAL T/COVER OR CAM PQ"
                }
            ]
        },
        {
            "id": "13",
            "category": "MOUNTINGS ",
            "category_parts": [
                {
                    "id": "",
                    "name": ""
                },
                {
                    "id": "AR6896",
                    "name": "ENGINE MOUNTING REAR PQ"
                },
                {
                    "id": "AR9633",
                    "name": "ENGINE MOUNTING RHS PQ"
                },
                {
                    "id": "FEB22940",
                    "name": "ENGINE MOUNTING REAR + SUPPORT FEBI"
                },
                {
                    "id": "FEB31959",
                    "name": "ENGINE MOUNTING REAR [MAN] FEBI"
                },
                {
                    "id": "S2364",
                    "name": "ENGINE MOUNTING REAR + SUPPORT RUBREX"
                },
                {
                    "id": "22767",
                    "name": "STRUT MOUNTING FRNT OSSCA/ATS"
                },
                {
                    "id": "MK194",
                    "name": "STRUT MOUNTING FRNT MONROE"
                },
                {
                    "id": "AR7129",
                    "name": "STRUT MOUNTING FRNT PQ"
                },
                {
                    "id": "AR8909",
                    "name": "STRUT MOUNTING FRNT PQ"
                },
                {
                    "id": "FEB22498",
                    "name": "STRUT MOUNT FRNT [BEARING ONLY] FEBI"
                },
                {
                    "id": "FEB45529",
                    "name": "STRUT MOUNTING FRNT FEBI"
                },
                {
                    "id": "FEB22502",
                    "name": "STRUT MOUNTING FRNT [MOUNT+BEARING] FEBI"
                },
                {
                    "id": "S2179",
                    "name": "STRUT MOUNTING FRNT RUBREX"
                },
                {
                    "id": "AU2817",
                    "name": "MOUNTING SHOCK FRNT L/R TEKNOSA"
                },
                {
                    "id": "AU2818",
                    "name": "MOUNTING SHOCK REAR L/R TEKNOSA"
                },
                {
                    "id": "09135",
                    "name": "STRUT MOUNTING FRNT OSSCA/ATS"
                },
                {
                    "id": "AR8041",
                    "name": "STRUT MOUNTING REAR PQ"
                }
            ]
        },
        {
            "id": "14",
            "category": "STARTER COMPONENTS",
            "category_parts": [
                {
                    "id": "",
                    "name": ""
                },
                {
                    "id": "STR00042A",
                    "name": "STARTER MOTOR ELECTROPART 12V"
                }
            ]
        },
        {
            "id": "15",
            "category": "ALTERNATOR COMPONENTS",
            "category_parts": [
                {
                    "id": "",
                    "name": ""
                },
                {
                    "id": "6PK1000",
                    "name": "MULTI-GROOVE BELT RAM"
                },
                {
                    "id": "534048010",
                    "name": "FAN BELT TENSIONER INA"
                }
            ]
        },
        {
            "id": "16",
            "category": "BODY PARTS FRONT AND REAR",
            "category_parts": [
                {
                    "id": "",
                    "name": ""
                },
                {
                    "id": "7.1232",
                    "name": "STOP LIGHT SWITCH FACET"
                }
            ]
        },
        {
            "id": "17",
            "category": "SWITCHES \u0026 ACCESSORIES",
            "category_parts": [
                {
                    "id": "",
                    "name": ""
                },
                {
                    "id": "S652",
                    "name": "BATTERY - SABAT"
                },
                {
                    "id": "S668",
                    "name": "BATTERY SABAT"
                },
                {
                    "id": "F652",
                    "name": "BATTERY EXIDE/MIDAS"
                },
                {
                    "id": "F668",
                    "name": "BATTERY EXIDE/MIDAS"
                },
                {
                    "id": "W668",
                    "name": "BATTERY WILLARD"
                },
                {
                    "id": "W652",
                    "name": "BATTERY WILLARD"
                },
                {
                    "id": "3397006838",
                    "name": "WIPER BLADE FRNT DRIV BOSCH"
                },
                {
                    "id": "3397006831",
                    "name": "WIPER BLADE FRNT PASS BOSCH"
                },
                {
                    "id": "3397007864",
                    "name": "WIPER BLADE KIT FRNT BOSCH"
                },
                {
                    "id": "3397008635",
                    "name": "WIPER BLADE REAR BOSCH"
                },
                {
                    "id": "7.1232",
                    "name": "STOP LIGHT SWITCH FACET"
                }
            ]
        },
        {
            "id": "18",
            "category": "GASKETS ",
            "category_parts": [
                {
                    "id": "",
                    "name": ""
                },
                {
                    "id": "BY2001",
                    "name": "CYL HEAD GASKET PAYEN"
                }
            ]
        },
        {
            "id": "20",
            "category": "SEALS ",
            "category_parts": [
                {
                    "id": "",
                    "name": ""
                },
                {
                    "id": "9585FS",
                    "name": "OIL SEAL REAR MAIN BRG PQ"
                },
                {
                    "id": "9589FS",
                    "name": "OIL SEAL REAR MAIN BRG PQ"
                },
                {
                    "id": "9548",
                    "name": "OIL SEAL T/COVER OR CAM PQ"
                },
                {
                    "id": "9587FS",
                    "name": "OIL SEAL T/COVER OR CAM PQ"
                },
                {
                    "id": "9588",
                    "name": "OIL SEAL T/COVER OR CAM PQ"
                },
                {
                    "id": "9590",
                    "name": "OIL SEAL T/COVER OR CAM PQ"
                },
                {
                    "id": "9591",
                    "name": "OIL SEAL T/COVER OR CAM PQ"
                }
            ]
        },
        {
            "id": "21",
            "category": "SENSORS \u0026 RELAYS",
            "category_parts": [
                {
                    "id": "",
                    "name": ""
                },
                {
                    "id": "05573",
                    "name": "WHEEL SPEED SENSOR FRNT LHS OSSCA/ATS"
                },
                {
                    "id": "05574",
                    "name": "WHEEL SPEED SENSOR FRNT RHS OSSCA/ATS"
                }
            ]
        },
        {
            "id": "23",
            "category": "LUBRICANTS",
            "category_parts": [
                {
                    "id": "",
                    "name": ""
                },
                {
                    "id": "3433389",
                    "name": "ENGINE OIL CASTROL MAGNATEC 5W30 5L"
                },
                {
                    "id": "550048788",
                    "name": "ENGINE OIL SHELL HELIX ULTRA 5W30 5L"
                }
            ]
        },
        {
            "id": "24",
            "category": "WHEEL BEARINGS",
            "category_parts": [
                {
                    "id": "",
                    "name": ""
                },
                {
                    "id": "VKBA7011",
                    "name": "WHEEL BRG KIT FRNT 312MM DISC SKF"
                },
                {
                    "id": "VKBA6556",
                    "name": "WHEEL BRG KIT FRNT [5+3 HOLE] SKF"
                },
                {
                    "id": "HUB177",
                    "name": "WHEEL BRG FRNT INNER PQ"
                },
                {
                    "id": "HUB258",
                    "name": "WHEEL BRG FRNT INNER PQ"
                },
                {
                    "id": "HUB259",
                    "name": "WHEEL BRG FRNT INNER PQ"
                },
                {
                    "id": "PQ846",
                    "name": "WHEEL BRG KIT FRNT PQ"
                },
                {
                    "id": "PQ664",
                    "name": "WHEEL BRG KIT FRONT PQ"
                },
                {
                    "id": "PQ845",
                    "name": "WHEEL BRG KIT FRONT PQ"
                },
                {
                    "id": "VKBA3656",
                    "name": "WHEEL BRG KIT REAR [30MM ID] SKF"
                },
                {
                    "id": "PQ691",
                    "name": "WHEEL BRG KIT REAR PQ"
                },
                {
                    "id": "HUB100",
                    "name": "WHEEL BRG REAR INNER ID30 PQ"
                },
                {
                    "id": "FAG1069",
                    "name": "WHEEL BRG KIT REAR [30MM ID] FAG"
                },
                {
                    "id": "1070M",
                    "name": "WHEEL BRG KIT REAR [30MM ID] MP"
                },
                {
                    "id": "WBRW2003",
                    "name": "WHEEL BRG KIT REAR [30MM ID] G/MARK"
                }
            ]
        },
        {
            "id": "26",
            "category": "STEERING",
            "category_parts": [
                {
                    "id": "",
                    "name": ""
                },
                {
                    "id": "AR8250",
                    "name": "STEERING RACK MOUNT PQ"
                },
                {
                    "id": "14498AP",
                    "name": "STEERING RACK END LHS A-PLUS L309"
                },
                {
                    "id": "TR5841",
                    "name": "STEERING RACK END PQ 306MM"
                },
                {
                    "id": "AU1413",
                    "name": "RACK END FRNT L/R L309 TEKNOSA"
                },
                {
                    "id": "VKDY321002",
                    "name": "STEERING RACK END L* SKF"
                },
                {
                    "id": "VKDY311016",
                    "name": "TIE ROD END L* SKF"
                },
                {
                    "id": "VKDY311017",
                    "name": "TIE ROD END L* SKF"
                },
                {
                    "id": "13359AP",
                    "name": "TIE ROD END OUTER LHS A-PLUS"
                },
                {
                    "id": "13358AP",
                    "name": "TIE ROD END OUTER RHS A-PLUS"
                },
                {
                    "id": "TR5842",
                    "name": "TIE ROD END OUTER L/R PQ"
                },
                {
                    "id": "AU1030",
                    "name": "TIE ROD END OUTER FRNT LHS TEKNOSA"
                },
                {
                    "id": "AU1031",
                    "name": "TIE ROD END OUTER FRNT RHS TEKNOSA"
                },
                {
                    "id": "AU1316",
                    "name": "TIE ROD END SET OUTER FRNT L/R TEKNOSA"
                }
            ]
        },
        {
            "id": "27",
            "category": "BEARINGS",
            "category_parts": [
                {
                    "id": "",
                    "name": ""
                },
                {
                    "id": "VKBA7011",
                    "name": "WHEEL BRG KIT FRNT 312MM DISC SKF"
                },
                {
                    "id": "VKBA6556",
                    "name": "WHEEL BRG KIT FRNT [5+3 HOLE] SKF"
                },
                {
                    "id": "HUB177",
                    "name": "WHEEL BRG FRNT INNER PQ"
                },
                {
                    "id": "HUB258",
                    "name": "WHEEL BRG FRNT INNER PQ"
                },
                {
                    "id": "HUB259",
                    "name": "WHEEL BRG FRNT INNER PQ"
                },
                {
                    "id": "PQ846",
                    "name": "WHEEL BRG KIT FRNT PQ"
                },
                {
                    "id": "PQ664",
                    "name": "WHEEL BRG KIT FRONT PQ"
                },
                {
                    "id": "PQ845",
                    "name": "WHEEL BRG KIT FRONT PQ"
                },
                {
                    "id": "VKBA3656",
                    "name": "WHEEL BRG KIT REAR [30MM ID] SKF"
                },
                {
                    "id": "PQ691",
                    "name": "WHEEL BRG KIT REAR PQ"
                },
                {
                    "id": "HUB100",
                    "name": "WHEEL BRG REAR INNER ID30 PQ"
                },
                {
                    "id": "FAG1069",
                    "name": "WHEEL BRG KIT REAR [30MM ID] FAG"
                },
                {
                    "id": "1070M",
                    "name": "WHEEL BRG KIT REAR [30MM ID] MP"
                },
                {
                    "id": "WBRW2003",
                    "name": "WHEEL BRG KIT REAR [30MM ID] G/MARK"
                },
                {
                    "id": "VKD35052",
                    "name": "ANTI-F BRG \u0026 SUS/MOUNT [SINGLE] FRNT SKF"
                },
                {
                    "id": "VKD35052T",
                    "name": "ANTI-F BRG \u0026 SUS/MOUNT [TWIN PACK] FRNT SKF"
                },
                {
                    "id": "VKDS421019",
                    "name": "CONTROL ARM L305.5 SKF"
                }
            ]
        },
        {
            "id": "28",
            "category": "AIR CONDITIONING",
            "category_parts": [
                {
                    "id": "",
                    "name": ""
                },
                {
                    "id": "DCP32060",
                    "name": "COMPRESSOR / AIR CONDITIONER DENSO"
                }
            ]
        },
        {
            "id": "28",
            "category": "AIR CONDITIONING",
            "category_parts": [
                {
                    "id": "",
                    "name": ""
                },
                {
                    "id": "DCP32060",
                    "name": "COMPRESSOR / AIR CONDITIONER DENSO"
                }
            ]
        }
    ]
}
