{
    "id": "190",
    "parts": [
        {
            "id": "1",
            "category": "SERVICE PARTS",
            "category_parts": [
                {
                    "id": "",
                    "name": ""
                },
                {
                    "id": "Z362",
                    "name": "OIL FILTER GUD OD76 H124 [3/4 - 16UNF]"
                },
                {
                    "id": "PH5552EG",
                    "name": "OIL FILTER FRAM"
                },
                {
                    "id": "COF100280S",
                    "name": "OIL FILTER CHAMPION"
                },
                {
                    "id": "0451103314",
                    "name": "OIL FILTER BOSCH"
                },
                {
                    "id": "FEB22550",
                    "name": "OIL FILTER FEBI"
                },
                {
                    "id": "WL7071",
                    "name": "OIL FILTER WIX"
                },
                {
                    "id": "MAF654",
                    "name": "OIL FILTER KAIZEN"
                },
                {
                    "id": "07-148",
                    "name": "OIL FILTER [Z362]"
                },
                {
                    "id": "C2151",
                    "name": "AIR FILTER GUD"
                },
                {
                    "id": "E18",
                    "name": "FUEL FILTER GUD"
                },
                {
                    "id": "E39",
                    "name": "FUEL INJECTION FILTER GUD"
                },
                {
                    "id": "G6400",
                    "name": "FUEL FILTER FRAM"
                },
                {
                    "id": "CFF100201",
                    "name": "FUEL FILTER CHAMPION"
                },
                {
                    "id": "0450905002",
                    "name": "FUEL FILTER BOSCH"
                },
                {
                    "id": "FEB17637",
                    "name": "FUEL FILTER FEBI"
                },
                {
                    "id": "IF8309L",
                    "name": "FUEL FILTER CGI"
                },
                {
                    "id": "WF8033",
                    "name": "FUEL FILTER WIX"
                },
                {
                    "id": "IE10",
                    "name": "FUEL FILTER KAIZEN"
                },
                {
                    "id": "04-007",
                    "name": "FUEL FILTER [E18]"
                },
                {
                    "id": "PFR7Q",
                    "name": "SPARK PLUG NGK"
                },
                {
                    "id": "NGK-PFR7Q",
                    "name": "SPARK PLUG NGK [DENSO ALT]"
                },
                {
                    "id": "IK22FTT",
                    "name": "DENSO IRIDIUM TT SPARK PLUG"
                },
                {
                    "id": "PK22PR8",
                    "name": "SPARK PLUG DENSO PLATINUM [D14MM HEX16MM 22NM TL19]"
                },
                {
                    "id": "OE136",
                    "name": "SPARK PLUG CHAMPION"
                },
                {
                    "id": "RC8PYP",
                    "name": "SPARK PLUG CHAMPION"
                },
                {
                    "id": "0242240650",
                    "name": "SPARK PLUG BOSCH"
                },
                {
                    "id": "FR6KPP33+",
                    "name": "SPARK PLUG BOSCH"
                },
                {
                    "id": "09-017",
                    "name": "CABIN FILTER"
                },
                {
                    "id": "AC25GUD",
                    "name": "CABIN AIR FILTER GUD H30 L302 W204"
                },
                {
                    "id": "CF9645",
                    "name": "CABIN AIR FILTER FRAM"
                },
                {
                    "id": "1987432071",
                    "name": "CABIN AIR FILTER BOSCH"
                },
                {
                    "id": "WP6998",
                    "name": "CABIN AIR FILTER WIX"
                },
                {
                    "id": "WP6999",
                    "name": "CABIN AIR FILTER WIX"
                },
                {
                    "id": "FDB1832",
                    "name": "DISC PAD FRNT FERODO L193 H73 T20"
                },
                {
                    "id": "FDB1664",
                    "name": "DISC PAD FRNT FERODO L97 H74 T17"
                },
                {
                    "id": "0986494200",
                    "name": "DISC PAD FRNT BOSCH L193 H73 T20"
                },
                {
                    "id": "D3825",
                    "name": "DISC PAD FRNT SAFELINE L193 H73 T20"
                },
                {
                    "id": "OPT3575",
                    "name": "DISC PAD REAR L/R OPTIMA"
                },
                {
                    "id": "05P1772",
                    "name": "DISC PAD FRNT LPR L193 H73 T21"
                },
                {
                    "id": "ADB11740",
                    "name": "DISC PAD FRNT NIPPON L193 H73 T20"
                },
                {
                    "id": "ATE1064",
                    "name": "DISC PAD REAR ATE L116 H59 T17"
                },
                {
                    "id": "FDB1408",
                    "name": "DISC PAD REAR FERODO L116 H59 T18"
                },
                {
                    "id": "FDB1655",
                    "name": "DISC PAD REAR FERODO L116 H59 T18"
                },
                {
                    "id": "0986495094",
                    "name": "DISC PAD REAR BOSCH L116 H59 T16"
                },
                {
                    "id": "D3575",
                    "name": "DISC PAD REAR SAFELINE L116 H59 T17"
                },
                {
                    "id": "05P1206",
                    "name": "DISC PAD REAR LPR L116 H59 T17"
                },
                {
                    "id": "05P1398",
                    "name": "DISC PAD REAR LPR L116 H59 T18"
                },
                {
                    "id": "05P1398A",
                    "name": "DISC PAD REAR LPR L116 H59 T18"
                },
                {
                    "id": "ADB01313",
                    "name": "DISC PAD REAR NIPPON L116 H59 T17"
                },
                {
                    "id": "ADB11754",
                    "name": "DISC PAD REAR NIPPON L116 H59 T18"
                },
                {
                    "id": "3423547",
                    "name": "ENGINE OIL CASTROL MAGNATEC 5W40 5L"
                },
                {
                    "id": "550053711",
                    "name": "ENGINE OIL SHELL HELIX HX8 5W40 5L"
                }
            ]
        },
        {
            "id": "2",
            "category": "BRAKES",
            "category_parts": [
                {
                    "id": "",
                    "name": ""
                },
                {
                    "id": "FDB1832",
                    "name": "DISC PAD FRNT FERODO L193 H73 T20"
                },
                {
                    "id": "FDB1664",
                    "name": "DISC PAD FRNT FERODO L97 H74 T17"
                },
                {
                    "id": "0986494200",
                    "name": "DISC PAD FRNT BOSCH L193 H73 T20"
                },
                {
                    "id": "D3825",
                    "name": "DISC PAD FRNT SAFELINE L193 H73 T20"
                },
                {
                    "id": "OPT3575",
                    "name": "DISC PAD REAR L/R OPTIMA"
                },
                {
                    "id": "05P1772",
                    "name": "DISC PAD FRNT LPR L193 H73 T21"
                },
                {
                    "id": "ADB11740",
                    "name": "DISC PAD FRNT NIPPON L193 H73 T20"
                },
                {
                    "id": "ATE1064",
                    "name": "DISC PAD REAR ATE L116 H59 T17"
                },
                {
                    "id": "FDB1408",
                    "name": "DISC PAD REAR FERODO L116 H59 T18"
                },
                {
                    "id": "FDB1655",
                    "name": "DISC PAD REAR FERODO L116 H59 T18"
                },
                {
                    "id": "0986495094",
                    "name": "DISC PAD REAR BOSCH L116 H59 T16"
                },
                {
                    "id": "D3575",
                    "name": "DISC PAD REAR SAFELINE L116 H59 T17"
                },
                {
                    "id": "05P1206",
                    "name": "DISC PAD REAR LPR L116 H59 T17"
                },
                {
                    "id": "05P1398",
                    "name": "DISC PAD REAR LPR L116 H59 T18"
                },
                {
                    "id": "05P1398A",
                    "name": "DISC PAD REAR LPR L116 H59 T18"
                },
                {
                    "id": "ADB01313",
                    "name": "DISC PAD REAR NIPPON L116 H59 T17"
                },
                {
                    "id": "ADB11754",
                    "name": "DISC PAD REAR NIPPON L116 H59 T18"
                },
                {
                    "id": "110-0201",
                    "name": "BRAKE DISC RS ATE D245 H64 S68 5"
                },
                {
                    "id": "0986481006",
                    "name": "BRAKE M/CYL BOSCH"
                },
                {
                    "id": "113-1306X",
                    "name": "BRAKE CALIPER GUIDE SLEEVE KIT QB"
                },
                {
                    "id": "113-1346X",
                    "name": "BRAKE CALIPER GUIDE SLEEVE KIT QB"
                }
            ]
        },
        {
            "id": "3",
            "category": "SUSPENSION COMPONENTS [FRONT]",
            "category_parts": [
                {
                    "id": "",
                    "name": ""
                },
                {
                    "id": "VKDA35118",
                    "name": "TOP MOUNT FRNT SHOCK [SINGLE] FRNT SKF"
                },
                {
                    "id": "VKDA35118T",
                    "name": "TOP MOUNT FRNT SHOCK [TWIN PACK] FRNT SKF"
                },
                {
                    "id": "AU2824",
                    "name": "MOUNTING SHOCK REAR L/R TEKNOSA"
                },
                {
                    "id": "ST-5194",
                    "name": "MOUNTING STRUT REAR L/R TEKNOSA"
                },
                {
                    "id": "FEB32636",
                    "name": "STRUT MOUNTING FRNT FEBI"
                },
                {
                    "id": "VKDP33111T",
                    "name": "DUST COVER KIT FRNT SKF"
                },
                {
                    "id": "VKDP43136T",
                    "name": "DUST COVER KIT REAR SKF"
                },
                {
                    "id": "VKDP43138T",
                    "name": "DUST COVER KIT REAR SKF"
                },
                {
                    "id": "11782AP",
                    "name": "CONTROL ARM UPPER LHS A-PLUS"
                },
                {
                    "id": "15159AP",
                    "name": "CONTROL ARM UPPER LHS A-PLUS"
                },
                {
                    "id": "11781AP",
                    "name": "CONTROL ARM UPPER RHS A-PLUS"
                },
                {
                    "id": "15158AP",
                    "name": "CONTROL ARM UPPER RHS A-PLUS"
                },
                {
                    "id": "AU2029",
                    "name": "CONTROL ARM LOWER FRNT L/R TEKNOSA"
                },
                {
                    "id": "AU2032",
                    "name": "CONTROL ARM LOWER FRNT L/R TEKNOSA"
                },
                {
                    "id": "AU2030",
                    "name": "CONTROL ARM LOWER FRNT LHS TEKNOSA"
                },
                {
                    "id": "AU2031",
                    "name": "CONTROL ARM LOWER FRNT RHS TEKNOSA"
                },
                {
                    "id": "AU1711",
                    "name": "CONTROL ARM UPPER FRNT LHS TEKNOSA"
                },
                {
                    "id": "AU1713",
                    "name": "CONTROL ARM UPPER FRNT LHS TEKNOSA"
                },
                {
                    "id": "AU1712",
                    "name": "CONTROL ARM UPPER FRNT RHS TEKNOSA"
                },
                {
                    "id": "AU1714",
                    "name": "CONTROL ARM UPPER FRNT RHS TEKNOSA"
                },
                {
                    "id": "13821AP",
                    "name": "CONTROL ARM LOWER L/R A-PLUS"
                },
                {
                    "id": "15658AP",
                    "name": "CONTROL ARM LOWER L/R A-PLUS [01-]"
                },
                {
                    "id": "11159AP",
                    "name": "CONTROL ARM LOWER LHS A-PLUS"
                },
                {
                    "id": "11160AP",
                    "name": "CONTROL ARM LOWER RHS A-PLUS"
                },
                {
                    "id": "FEB11350",
                    "name": "C/ARM LOWER L\u0026R [STRAIGHT]"
                },
                {
                    "id": "DA1190",
                    "name": "C/ARM LOWER L\u0026R [STRAIGHT]"
                },
                {
                    "id": "TR5589L",
                    "name": "STABILISER LINK FRONT LHS PQ"
                },
                {
                    "id": "TR5589R",
                    "name": "STABILISER LINK FRONT RHS PQ"
                },
                {
                    "id": "BJ1020",
                    "name": "WISHBONE LINK ARM FRONT LOWER L/R PQ"
                },
                {
                    "id": "BJ292",
                    "name": "TRACK CONTROL ARM LOWER LHS PQ"
                },
                {
                    "id": "BJ293",
                    "name": "TRACK CONTROL ARM LOWER RHS PQ"
                },
                {
                    "id": "AR7070",
                    "name": "C/ARM BUSH UPPER FRNT"
                },
                {
                    "id": "AU2119",
                    "name": "BUSH CONT ARM LOW FRNT L/R TEKNOSA"
                },
                {
                    "id": "AU2120",
                    "name": "BUSH CONT ARM LOW FRNT L/R TEKNOSA"
                },
                {
                    "id": "AU2121",
                    "name": "BUSH CONT ARM LOW FRNT L/R TEKNOSA"
                },
                {
                    "id": "AU2122",
                    "name": "BUSH CONT ARM LOW FRNT L/R TEKNOSA"
                },
                {
                    "id": "AU1810",
                    "name": "BUSH CONT ARM UP FRNT L/R TEKNOSA"
                }
            ]
        },
        {
            "id": "4",
            "category": "SUSPENSION COMPONENTS [REAR]",
            "category_parts": [
                {
                    "id": "",
                    "name": ""
                },
                {
                    "id": "VKDP33111T",
                    "name": "DUST COVER KIT FRNT SKF"
                },
                {
                    "id": "VKDP43136T",
                    "name": "DUST COVER KIT REAR SKF"
                },
                {
                    "id": "VKDP43138T",
                    "name": "DUST COVER KIT REAR SKF"
                },
                {
                    "id": "376026SP",
                    "name": "SHOCK REAR MONROE"
                },
                {
                    "id": "376058SP",
                    "name": "SHOCK REAR MONROE"
                },
                {
                    "id": "14324AP",
                    "name": "C/ARM BUSH LOWER L/R A-PLUS"
                },
                {
                    "id": "14323AP",
                    "name": "C/ARM BUSH LOWER L/R A-PLUS [ID:12|OD:40"
                },
                {
                    "id": "16848AP",
                    "name": "C/ARM BUSH LOWER L/R A-PLUS [ID:12|OD:40"
                },
                {
                    "id": "14261AP",
                    "name": "C/ARM BUSH LOWER L/R A-PLUS [ID:16|OD:65"
                },
                {
                    "id": "14262AP",
                    "name": "C/ARM BUSH UPPER L/R A-PLUS"
                },
                {
                    "id": "AU2119",
                    "name": "BUSH CONT ARM LOW FRNT L/R TEKNOSA"
                },
                {
                    "id": "AU2120",
                    "name": "BUSH CONT ARM LOW FRNT L/R TEKNOSA"
                },
                {
                    "id": "AU2121",
                    "name": "BUSH CONT ARM LOW FRNT L/R TEKNOSA"
                },
                {
                    "id": "AU2122",
                    "name": "BUSH CONT ARM LOW FRNT L/R TEKNOSA"
                },
                {
                    "id": "AU1810",
                    "name": "BUSH CONT ARM UP FRNT L/R TEKNOSA"
                },
                {
                    "id": "BJ1020",
                    "name": "WISHBONE LINK ARM FRONT LOWER L/R PQ"
                },
                {
                    "id": "14112AP",
                    "name": "STABILIZER LINK L/R A-PLUS L57"
                },
                {
                    "id": "12979AP",
                    "name": "STABILIZER LINK LHS A-PLUS L90"
                },
                {
                    "id": "15192AP",
                    "name": "STABILIZER LINK RHS A-PLUS L90"
                },
                {
                    "id": "AU1521",
                    "name": "STABILIZER LINK FRNT LHS L90 TEKNOSA"
                },
                {
                    "id": "AU1522",
                    "name": "STABILIZER LINK FRNT RHS L90 TEKNOSA"
                },
                {
                    "id": "AU1531",
                    "name": "STABILIZER LINK REAR L/R L57 TEKNOSA"
                }
            ]
        },
        {
            "id": "5",
            "category": "COOLING SYSTEM",
            "category_parts": [
                {
                    "id": "",
                    "name": ""
                },
                {
                    "id": "TP1-20",
                    "name": "RADIATOR CAP [58MM OD THREAD] RAM"
                },
                {
                    "id": "TP1-20M",
                    "name": "RADIATOR CAP MP"
                },
                {
                    "id": "FEB02111",
                    "name": "RADIATOR CAP [58MM OD THREAD] FEBI"
                },
                {
                    "id": "1928",
                    "name": "THERMOSTAT [67MM 87C] ECHLIN"
                },
                {
                    "id": "VT255.87",
                    "name": "THERMOSTAT HELLA"
                },
                {
                    "id": "VKPC81808",
                    "name": "WATER PUMP SKF"
                },
                {
                    "id": "WP83036",
                    "name": "WATER PUMP AIRTEX"
                },
                {
                    "id": "PA764",
                    "name": "WATER PUMP GRAF"
                },
                {
                    "id": "W18002",
                    "name": "WATER PUMP AZ"
                },
                {
                    "id": "QCP3477",
                    "name": "WATER PUMP ECHLIN"
                },
                {
                    "id": "A-194",
                    "name": "WATER PUMP DOLZ"
                },
                {
                    "id": "437100-5750",
                    "name": "COMPRESSOR / AIR CONDITIONER DENSO"
                }
            ]
        },
        {
            "id": "7",
            "category": "IGNITION SYSTEM",
            "category_parts": [
                {
                    "id": "",
                    "name": ""
                },
                {
                    "id": "5DA749475-471",
                    "name": "IGNITION COIL HUCO"
                },
                {
                    "id": "111457",
                    "name": "IGNITION COIL HUCO [4 PIN]"
                },
                {
                    "id": "BC7500",
                    "name": "IGNITION COIL BOUGICORD"
                },
                {
                    "id": "0986221024",
                    "name": "IGNITION COIL BOSCH [4 PIN]"
                },
                {
                    "id": "IGC047",
                    "name": "IGNITION COIL MOBILETRON 4 PIN"
                },
                {
                    "id": "IC401418",
                    "name": "IGNITION COIL KAIZEN"
                }
            ]
        },
        {
            "id": "8",
            "category": "DRIVESHAFT COMPONENTS",
            "category_parts": [
                {
                    "id": "",
                    "name": ""
                },
                {
                    "id": "CVJ3280",
                    "name": "CV JOINT OUTER"
                },
                {
                    "id": "CVJ941M",
                    "name": "CV JOINT OUTER"
                },
                {
                    "id": "CVAD1011A",
                    "name": "CV JOINT OUTER [CVJ941M]"
                },
                {
                    "id": "AD5710F2A",
                    "name": "CV JOINT OUTER FRNT L/R 38X27X59.5XIX45W TEKNOSA"
                },
                {
                    "id": "AD5710F2A-X",
                    "name": "CV JOINT OUTER FRNT L/R 38X27X59.5XIX45W X-LINE"
                },
                {
                    "id": "VKJP3005",
                    "name": "CV BOOT KIT OUTER SKF"
                },
                {
                    "id": "CV120K",
                    "name": "CV BOOT KIT OUTER"
                },
                {
                    "id": "VKJP6505",
                    "name": "CV BOOT KIT INNER SKF"
                },
                {
                    "id": "VKJP8273",
                    "name": "CV BOOT KIT INNER SKF"
                },
                {
                    "id": "CV54K",
                    "name": "CV BOOT INNER + OUTER 108MM"
                },
                {
                    "id": "CV308K",
                    "name": "CV BOOT KIT INNER [AUTO]"
                }
            ]
        },
        {
            "id": "9",
            "category": "FUEL SYSTEM",
            "category_parts": [
                {
                    "id": "",
                    "name": ""
                },
                {
                    "id": "E18",
                    "name": "FUEL FILTER GUD"
                },
                {
                    "id": "E39",
                    "name": "FUEL INJECTION FILTER GUD"
                },
                {
                    "id": "G6400",
                    "name": "FUEL FILTER FRAM"
                },
                {
                    "id": "CFF100201",
                    "name": "FUEL FILTER CHAMPION"
                },
                {
                    "id": "0450905002",
                    "name": "FUEL FILTER BOSCH"
                },
                {
                    "id": "FEB17637",
                    "name": "FUEL FILTER FEBI"
                },
                {
                    "id": "IF8309L",
                    "name": "FUEL FILTER CGI"
                },
                {
                    "id": "WF8033",
                    "name": "FUEL FILTER WIX"
                },
                {
                    "id": "IE10",
                    "name": "FUEL FILTER KAIZEN"
                },
                {
                    "id": "04-007",
                    "name": "FUEL FILTER [E18]"
                },
                {
                    "id": "0280218065",
                    "name": "AIR-MASS METER BOSCH"
                },
                {
                    "id": "0280156167",
                    "name": "INJECTORS BOSCH"
                }
            ]
        },
        {
            "id": "10",
            "category": "TIMING COMPONENTS",
            "category_parts": [
                {
                    "id": "",
                    "name": ""
                },
                {
                    "id": "VKMA01909",
                    "name": "T/BELT KIT SKF"
                },
                {
                    "id": "VKMA01910",
                    "name": "TIM BELT KIT SKF"
                },
                {
                    "id": "1987948323",
                    "name": "T/BELT KIT BOSCH"
                },
                {
                    "id": "K095493XS",
                    "name": "TIM BELT KIT [AUD253] GATES"
                },
                {
                    "id": "AUD253",
                    "name": "T/BELT [30X253MM]"
                },
                {
                    "id": "AUD253-FSD",
                    "name": "TIM BELT [253X30MM] 5493XS AUTOBAX"
                },
                {
                    "id": "VKMV6PK2680",
                    "name": "MULTI-GROOVE BELT SKF"
                },
                {
                    "id": "G1468H",
                    "name": "TIM BELT [253X30MM] RAM"
                },
                {
                    "id": "QTB130",
                    "name": "TIM BELT [253X30MM] ECHLIN"
                },
                {
                    "id": "94835",
                    "name": "TIM BELT [253X30MM] DAYCO"
                },
                {
                    "id": "6PK2680",
                    "name": "MULTI-GROOVE BELT RAM"
                },
                {
                    "id": "VKM11204",
                    "name": "T/BELT TENSIONER [D:** W:**] CENTRE SKF"
                },
                {
                    "id": "VKM11207",
                    "name": "T/BELT TENSIONER [D:62 W:34] CENTRE SKF"
                },
                {
                    "id": "VKM21203",
                    "name": "TIM BELT GUIDE [28X34] SKF"
                },
                {
                    "id": "GT60390",
                    "name": "TENSIONER GMB"
                },
                {
                    "id": "GT60395",
                    "name": "TENSIONER GMB"
                },
                {
                    "id": "GT60400",
                    "name": "TENSIONER GMB"
                }
            ]
        },
        {
            "id": "11",
            "category": "CYLINDER HEAD COMPONENTS",
            "category_parts": [
                {
                    "id": "",
                    "name": ""
                },
                {
                    "id": "NB446",
                    "name": "CAMSHAFT OIL SEAL PAYEN"
                },
                {
                    "id": "NA5001",
                    "name": "CAMSHAFT OIL SEAL [324710]"
                },
                {
                    "id": "NA5124",
                    "name": "CAMSHAFT OIL SEAL [324710]"
                },
                {
                    "id": "NA5163",
                    "name": "CAMSHAFT OIL SEAL [324710]"
                },
                {
                    "id": "9.0365",
                    "name": "CAMSHAFT SENSOR"
                },
                {
                    "id": "01079",
                    "name": "CAMSHAFT SENSOR OSSCA/ATS"
                },
                {
                    "id": "14-32127-02",
                    "name": "CYL HEAD BOLT SET REINZ"
                },
                {
                    "id": "00130",
                    "name": "OIL FILLER CAP OSSCA/ATS"
                }
            ]
        },
        {
            "id": "12",
            "category": "ENGINE SUB ASSEMBLY",
            "category_parts": [
                {
                    "id": "",
                    "name": ""
                },
                {
                    "id": "W4997",
                    "name": "THRUST WASHER SET KING"
                },
                {
                    "id": "NB446",
                    "name": "CAMSHAFT OIL SEAL PAYEN"
                },
                {
                    "id": "NA5001",
                    "name": "CAMSHAFT OIL SEAL [324710]"
                },
                {
                    "id": "NA5124",
                    "name": "CAMSHAFT OIL SEAL [324710]"
                },
                {
                    "id": "NA5163",
                    "name": "CAMSHAFT OIL SEAL [324710]"
                },
                {
                    "id": "324710",
                    "name": "OIL SEAL T/COVER OR CAM PQ"
                }
            ]
        },
        {
            "id": "13",
            "category": "MOUNTINGS ",
            "category_parts": [
                {
                    "id": "",
                    "name": ""
                },
                {
                    "id": "SB-8191",
                    "name": "MOUNTING ENGINE FRNT L/R TEKNOSA"
                },
                {
                    "id": "SB-9138",
                    "name": "MOUNTING ENGINE FRNT L/R TEKNOSA"
                },
                {
                    "id": "SB-9139",
                    "name": "MOUNTING ENGINE FRNT L/R TEKNOSA"
                },
                {
                    "id": "SB-9843",
                    "name": "MOUNTING ENGINE FRNT L/R TEKNOSA"
                },
                {
                    "id": "SB-8178",
                    "name": "MOUNTING GEARBOX F/R L/R TEKNOSA"
                },
                {
                    "id": "FEB32636",
                    "name": "STRUT MOUNTING FRNT FEBI"
                },
                {
                    "id": "AU2824",
                    "name": "MOUNTING SHOCK REAR L/R TEKNOSA"
                },
                {
                    "id": "ST-5194",
                    "name": "MOUNTING STRUT REAR L/R TEKNOSA"
                }
            ]
        },
        {
            "id": "15",
            "category": "ALTERNATOR COMPONENTS",
            "category_parts": [
                {
                    "id": "",
                    "name": ""
                },
                {
                    "id": "0124615008",
                    "name": "ALTERNATOR BOSCH"
                },
                {
                    "id": "6PK2680",
                    "name": "MULTI-GROOVE BELT RAM"
                }
            ]
        },
        {
            "id": "16",
            "category": "BODY PARTS FRONT AND REAR",
            "category_parts": [
                {
                    "id": "",
                    "name": ""
                },
                {
                    "id": "G2825",
                    "name": "BULB PARK LIGHT FRNT"
                },
                {
                    "id": "G501",
                    "name": "BULB PARK LIGHT FRNT ATS"
                },
                {
                    "id": "SL242",
                    "name": "STOP LIGHT SWITCH [BLK BODY]"
                },
                {
                    "id": "FEB27693",
                    "name": "GASLIFT BONNET FEBI"
                }
            ]
        },
        {
            "id": "17",
            "category": "SWITCHES \u0026 ACCESSORIES",
            "category_parts": [
                {
                    "id": "",
                    "name": ""
                },
                {
                    "id": "S652",
                    "name": "BATTERY SABAT"
                },
                {
                    "id": "F652",
                    "name": "BATTERY EXIDE/MIDAS"
                },
                {
                    "id": "F658",
                    "name": "BATTERY EXIDE/MIDAS"
                },
                {
                    "id": "W652",
                    "name": "BATTERY WILLARD"
                },
                {
                    "id": "W658",
                    "name": "BATTERY WILLARD"
                },
                {
                    "id": "DX55A",
                    "name": "WIPER BLADE FRNT CHAMPION"
                },
                {
                    "id": "3397004918",
                    "name": "WIPER BLADE FRNT PASS BOSCH"
                },
                {
                    "id": "DXR55A",
                    "name": "WIPER BLADE FRNT [DR/PASS] CHAMPION"
                },
                {
                    "id": "EU55",
                    "name": "WIPER BLADE FRNT [DR/PASS] CHAMPION"
                },
                {
                    "id": "EU55",
                    "name": "WIPER BLADE FRNT [DR/PASS] CHAMPION"
                },
                {
                    "id": "3397009016",
                    "name": "WIPER BLADE KIT FRNT"
                },
                {
                    "id": "3397004917",
                    "name": "WIPER BLADE FRNT [PASS] BOSCH"
                },
                {
                    "id": "WB9016",
                    "name": "WIPER BLADE KIT FRNT"
                },
                {
                    "id": "B15-1",
                    "name": "WIPER BLADE REAR OSSCA/ATS"
                },
                {
                    "id": "3397004756",
                    "name": "WIPER BLADE REAR BOSCH"
                },
                {
                    "id": "3397011353",
                    "name": "WIPER BLADE REAR BOSCH"
                },
                {
                    "id": "FEB26259",
                    "name": "WINDSCREEN WASHER MOTOR FEBI"
                },
                {
                    "id": "FEB18904",
                    "name": "OIL PRESSURE SWITCH ECHLIN"
                },
                {
                    "id": "OP6632",
                    "name": "OIL PRESSURE SWITCH [SHROUD]"
                },
                {
                    "id": "12880",
                    "name": "OIL PRESSURE SWITCH MP"
                },
                {
                    "id": "TS6136",
                    "name": "TEMP SENDER UNIT [P/FIT 2-PIN] ECHLIN"
                },
                {
                    "id": "TS6136M",
                    "name": "TEMP SENDER UNIT MP"
                },
                {
                    "id": "FEB29318",
                    "name": "TEMP SENDER UNIT [P/FIT 2-PIN] FEBI"
                },
                {
                    "id": "SL242",
                    "name": "STOP LIGHT SWITCH [BLK BODY]"
                },
                {
                    "id": "08081",
                    "name": "BLOWER MOTOR RESISTOR OSSCA/ATS [3PIN-12V]"
                }
            ]
        },
        {
            "id": "20",
            "category": "SEALS ",
            "category_parts": [
                {
                    "id": "",
                    "name": ""
                },
                {
                    "id": "NB446",
                    "name": "CAMSHAFT OIL SEAL PAYEN"
                },
                {
                    "id": "NA5001",
                    "name": "CAMSHAFT OIL SEAL [324710]"
                },
                {
                    "id": "NA5124",
                    "name": "CAMSHAFT OIL SEAL [324710]"
                },
                {
                    "id": "NA5163",
                    "name": "CAMSHAFT OIL SEAL [324710]"
                },
                {
                    "id": "324710",
                    "name": "OIL SEAL T/COVER OR CAM PQ"
                }
            ]
        },
        {
            "id": "21",
            "category": "SENSORS \u0026 RELAYS",
            "category_parts": [
                {
                    "id": "",
                    "name": ""
                },
                {
                    "id": "9.0365",
                    "name": "CAMSHAFT SENSOR"
                },
                {
                    "id": "01079",
                    "name": "CAMSHAFT SENSOR OSSCA/ATS"
                },
                {
                    "id": "9.3013",
                    "name": "KNOCK SENSOR"
                }
            ]
        },
        {
            "id": "23",
            "category": "LUBRICANTS",
            "category_parts": [
                {
                    "id": "",
                    "name": ""
                },
                {
                    "id": "3423547",
                    "name": "ENGINE OIL CASTROL MAGNATEC 5W40 5L"
                },
                {
                    "id": "550053711",
                    "name": "ENGINE OIL SHELL HELIX HX8 5W40 5L"
                }
            ]
        },
        {
            "id": "24",
            "category": "WHEEL BEARINGS",
            "category_parts": [
                {
                    "id": "",
                    "name": ""
                },
                {
                    "id": "VKBA3536",
                    "name": "WHEEL BRG KIT FRNT [+HUB] SKF"
                },
                {
                    "id": "ATC9017",
                    "name": "WHEEL BRG KIT FRNT [+HUB] TC"
                },
                {
                    "id": "ATC9004",
                    "name": "WHEEL BRG KIT FRNT [43X82X37] TC"
                },
                {
                    "id": "ATC9031",
                    "name": "WHEEL BRG KIT FRNT [43X82X37] TC"
                },
                {
                    "id": "PQ693",
                    "name": "WHEEL BRG KIT FRONT ID43 PQ"
                },
                {
                    "id": "713610430",
                    "name": "WHEEL BRG KIT FRNT FAG"
                },
                {
                    "id": "FAG1043",
                    "name": "WHEEL BRG KIT FRNT [+HUB]"
                },
                {
                    "id": "FAG1003",
                    "name": "WHEEL BRG KIT FRNT [43X82X37]"
                },
                {
                    "id": "FAG9004",
                    "name": "WHEEL BRG KIT FRNT [45X82X37]"
                },
                {
                    "id": "FEB29837",
                    "name": "WHEEL BRG KIT FRNT [+HUB]"
                },
                {
                    "id": "WBHU220",
                    "name": "WHEEL BRG KIT FRNT [+HUB]"
                },
                {
                    "id": "VKBA1356",
                    "name": "WHEEL BRG KIT REAR [43X82X37] SKF"
                },
                {
                    "id": "713610380",
                    "name": "WHEEL BRG KIT REAR FAG"
                }
            ]
        },
        {
            "id": "26",
            "category": "STEERING",
            "category_parts": [
                {
                    "id": "",
                    "name": ""
                },
                {
                    "id": "11251AP",
                    "name": "STEERING RACK END L/R A-PLUS L128"
                },
                {
                    "id": "AU1414",
                    "name": "RACK END FRNT L/R L128 TEKNOSA"
                },
                {
                    "id": "VKDY321501",
                    "name": "STEERING RACK END L144.6 SKF"
                },
                {
                    "id": "12731AP",
                    "name": "TIE ROD END ASSEMBLY L/R A-PLUS"
                },
                {
                    "id": "11485AP",
                    "name": "TIE ROD END OUTER L/R A-PLUS"
                },
                {
                    "id": "TR5491",
                    "name": "TIE ROD END OUTER L/R PQ"
                },
                {
                    "id": "AU1022",
                    "name": "TIE ROD END OUTER FRNT L/R TEKNOSA"
                },
                {
                    "id": "AU1317",
                    "name": "TIE ROD END SET OUTER FRNT L/R TEKNOSA"
                }
            ]
        },
        {
            "id": "27",
            "category": "BEARINGS",
            "category_parts": [
                {
                    "id": "",
                    "name": ""
                },
                {
                    "id": "VKBA3536",
                    "name": "WHEEL BRG KIT FRNT [+HUB] SKF"
                },
                {
                    "id": "ATC9017",
                    "name": "WHEEL BRG KIT FRNT [+HUB] TC"
                },
                {
                    "id": "ATC9004",
                    "name": "WHEEL BRG KIT FRNT [43X82X37] TC"
                },
                {
                    "id": "ATC9031",
                    "name": "WHEEL BRG KIT FRNT [43X82X37] TC"
                },
                {
                    "id": "PQ693",
                    "name": "WHEEL BRG KIT FRONT ID43 PQ"
                },
                {
                    "id": "713610430",
                    "name": "WHEEL BRG KIT FRNT FAG"
                },
                {
                    "id": "FAG1043",
                    "name": "WHEEL BRG KIT FRNT [+HUB]"
                },
                {
                    "id": "FAG1003",
                    "name": "WHEEL BRG KIT FRNT [43X82X37]"
                },
                {
                    "id": "FAG9004",
                    "name": "WHEEL BRG KIT FRNT [45X82X37]"
                },
                {
                    "id": "FEB29837",
                    "name": "WHEEL BRG KIT FRNT [+HUB]"
                },
                {
                    "id": "WBHU220",
                    "name": "WHEEL BRG KIT FRNT [+HUB]"
                },
                {
                    "id": "VKBA1356",
                    "name": "WHEEL BRG KIT REAR [43X82X37] SKF"
                },
                {
                    "id": "713610380",
                    "name": "WHEEL BRG KIT REAR FAG"
                }
            ]
        },
        {
            "id": "28",
            "category": "AIR CONDITIONING",
            "category_parts": [
                {
                    "id": "",
                    "name": ""
                },
                {
                    "id": "437100-5750",
                    "name": "COMPRESSOR / AIR CONDITIONER DENSO"
                }
            ]
        },
        {
            "id": "28",
            "category": "AIR CONDITIONING",
            "category_parts": [
                {
                    "id": "",
                    "name": ""
                },
                {
                    "id": "437100-5750",
                    "name": "COMPRESSOR / AIR CONDITIONER DENSO"
                }
            ]
        }
    ]
}
