{
    "id": "194",
    "parts": [
        {
            "id": "1",
            "category": "SERVICE PARTS",
            "category_parts": [
                {
                    "id": "",
                    "name": ""
                },
                {
                    "id": "M34",
                    "name": "OIL FILTER GUD CARTRIDGE METAL FREE H125 OD65 IDT31 IDB31"
                },
                {
                    "id": "CH9911ECO",
                    "name": "OIL FILTER FRAM"
                },
                {
                    "id": "COF100534E",
                    "name": "OIL FILTER CHAMPION"
                },
                {
                    "id": "WL7504",
                    "name": "OIL FILTER WIX"
                },
                {
                    "id": "MAF827",
                    "name": "OIL FILTER KAIZEN"
                },
                {
                    "id": "06-021",
                    "name": "OLD FILTER GENERIC"
                },
                {
                    "id": "AG1558",
                    "name": "AIR FILTER GUD PANEL L405 W172 H32"
                },
                {
                    "id": "CA11075",
                    "name": "AIR FILTER FRAM"
                },
                {
                    "id": "F026400178",
                    "name": "AIR FILTER BOSCH"
                },
                {
                    "id": "E144",
                    "name": "FUEL FILTER GUD [2=IN \u0026 1=OUT]"
                },
                {
                    "id": "G10243",
                    "name": "FUEL FILTER FRAM"
                },
                {
                    "id": "CFF100478",
                    "name": "FUEL FILTER CHAMPION"
                },
                {
                    "id": "0450905273",
                    "name": "FUEL FILTER BOSCH"
                },
                {
                    "id": "0450905959",
                    "name": "FUEL FILTER BOSCH"
                },
                {
                    "id": "WF8386",
                    "name": "FUEL FILTER WIX"
                },
                {
                    "id": "IE79",
                    "name": "FUEL FILTER KAIZEN"
                },
                {
                    "id": "04-061",
                    "name": "FUEL FILTER GENERIC"
                },
                {
                    "id": "PFR6S-8E",
                    "name": "SPARK PLUG NGK"
                },
                {
                    "id": "PFR7S8EG",
                    "name": "SPARK PLUG NGK"
                },
                {
                    "id": "IK22FTT",
                    "name": "DENSO IRIDIUM TT SPARK PLUG"
                },
                {
                    "id": "PK22PR8",
                    "name": "SPARK PLUG DENSO PLATINUM [D14MM HEX16MM 22NM TL19]"
                },
                {
                    "id": "0242240627",
                    "name": "SPARK PLUG BOSCH PLAT/IRIDIUM"
                },
                {
                    "id": "FR6KPP332S",
                    "name": "SPARK PLUG BOSCH PLAT/IRIDIUM"
                },
                {
                    "id": "09-028",
                    "name": "CABIN AIR FILTER GENERIC"
                },
                {
                    "id": "AC35GUD",
                    "name": "CABIN AIR FILTER GUD H34 L269 W207"
                },
                {
                    "id": "145520-3570",
                    "name": "CABIN AIR FILTER CG DENSO"
                },
                {
                    "id": "CF11486",
                    "name": "CABIN AIR FILTER FRAM"
                },
                {
                    "id": "CCF0303",
                    "name": "CABIN AIR FILTER CHAMPION"
                },
                {
                    "id": "1987432097",
                    "name": "CABIN AIR FILTER BOSCH"
                },
                {
                    "id": "WP9147",
                    "name": "CABIN AIR FILTER WIX CARBON"
                },
                {
                    "id": "WP9359",
                    "name": "CABIN AIR FILTER WIX CARBON"
                },
                {
                    "id": "WP9146",
                    "name": "CABIN AIR FILTER WIX PAPER"
                },
                {
                    "id": "FDB4223",
                    "name": "DISC PAD FRNT FERODO L155 H73 T20"
                },
                {
                    "id": "0986494550",
                    "name": "DISC PAD FRNT BOSCH L155 H73 T20"
                },
                {
                    "id": "D3961",
                    "name": "DISC PAD FRNT SAFELINE L155 H73 T20"
                },
                {
                    "id": "05P1384",
                    "name": "DISC PAD FRNT LPR L155 H73 T20"
                },
                {
                    "id": "ADB11752",
                    "name": "DISC PAD FRNT NIPPON L155 H73 T19"
                },
                {
                    "id": "ATE170",
                    "name": "DISC PAD REAR ATE L106 H56 T16"
                },
                {
                    "id": "ATE170",
                    "name": "DISC PAD REAR ATE L106 H56 T16"
                },
                {
                    "id": "ATE561",
                    "name": "DISC PAD REAR ATE L87 H53 T15"
                },
                {
                    "id": "FDB1636",
                    "name": "DISC PAD REAR FERODO L105 H56 T17"
                },
                {
                    "id": "FDB4058",
                    "name": "DISC PAD REAR FERODO L105 H56 T17"
                },
                {
                    "id": "0986494344",
                    "name": "DISC PAD REAR BOSCH L105 H56 T16"
                },
                {
                    "id": "0986495453",
                    "name": "DISC PAD REAR BOSCH L106 H56 T17"
                },
                {
                    "id": "D3483",
                    "name": "DISC PAD REAR SAFELINE L105 H56 T17"
                },
                {
                    "id": "D3846",
                    "name": "DISC PAD REAR SAFELINE L105 H56 T17"
                },
                {
                    "id": "05P1219K",
                    "name": "DISC PAD REAR LPR L105 H56 T17"
                },
                {
                    "id": "ADB01284",
                    "name": "DISC PAD REAR NIPPON L105 H56 T17"
                },
                {
                    "id": "ADB01712",
                    "name": "DISC PAD REAR NIPPON L106 H56 T17"
                },
                {
                    "id": "3433389",
                    "name": "ENGINE OIL CASTROL MAGNATEC 5W30 5L"
                },
                {
                    "id": "550048788",
                    "name": "ENGINE OIL SHELL HELIX ULTRA 5W30 5L"
                }
            ]
        },
        {
            "id": "2",
            "category": "BRAKES",
            "category_parts": [
                {
                    "id": "",
                    "name": ""
                },
                {
                    "id": "FDB4223",
                    "name": "DISC PAD FRNT FERODO L155 H73 T20"
                },
                {
                    "id": "0986494550",
                    "name": "DISC PAD FRNT BOSCH L155 H73 T20"
                },
                {
                    "id": "D3961",
                    "name": "DISC PAD FRNT SAFELINE L155 H73 T20"
                },
                {
                    "id": "05P1384",
                    "name": "DISC PAD FRNT LPR L155 H73 T20"
                },
                {
                    "id": "ADB11752",
                    "name": "DISC PAD FRNT NIPPON L155 H73 T19"
                },
                {
                    "id": "ATE170",
                    "name": "DISC PAD REAR ATE L106 H56 T16"
                },
                {
                    "id": "ATE170",
                    "name": "DISC PAD REAR ATE L106 H56 T16"
                },
                {
                    "id": "ATE561",
                    "name": "DISC PAD REAR ATE L87 H53 T15"
                },
                {
                    "id": "FDB1636",
                    "name": "DISC PAD REAR FERODO L105 H56 T17"
                },
                {
                    "id": "FDB4058",
                    "name": "DISC PAD REAR FERODO L105 H56 T17"
                },
                {
                    "id": "0986494344",
                    "name": "DISC PAD REAR BOSCH L105 H56 T16"
                },
                {
                    "id": "0986495453",
                    "name": "DISC PAD REAR BOSCH L106 H56 T17"
                },
                {
                    "id": "D3483",
                    "name": "DISC PAD REAR SAFELINE L105 H56 T17"
                },
                {
                    "id": "D3846",
                    "name": "DISC PAD REAR SAFELINE L105 H56 T17"
                },
                {
                    "id": "05P1219K",
                    "name": "DISC PAD REAR LPR L105 H56 T17"
                },
                {
                    "id": "ADB01284",
                    "name": "DISC PAD REAR NIPPON L105 H56 T17"
                },
                {
                    "id": "ADB01712",
                    "name": "DISC PAD REAR NIPPON L106 H56 T17"
                },
                {
                    "id": "DR7046",
                    "name": "BRAKE DISC FV ALFA D345 H49 S65 [9]"
                },
                {
                    "id": "130.0115",
                    "name": "BRAKE DISC FV ATE D345 H50 S65 ID140 [5]"
                },
                {
                    "id": "DDF1504",
                    "name": "BRAKE DISC FV FERODO D345 H50 S65 9"
                },
                {
                    "id": "DDF1504C-1",
                    "name": "BRAKE DISC FV FERODO D345 H50 S65 [9]"
                },
                {
                    "id": "TBD7643-D",
                    "name": "BRAKE DISC FRNT L/R VENTED OPTIMA"
                },
                {
                    "id": "TBD7038-D",
                    "name": "BRAKE DISC REAR L/R SOLID OPTIMA"
                },
                {
                    "id": "TBD7611-D",
                    "name": "BRAKE DISC REAR L/R SOLID OPTIMA"
                },
                {
                    "id": "TBD7023-D",
                    "name": "BRAKE DISC REAR L/R VENTED OPTIMA"
                },
                {
                    "id": "DR6023",
                    "name": "BRAKE DISC RV ALFA D310 H48 S65 [5]"
                },
                {
                    "id": "122.0219",
                    "name": "BRAKE DISC RV ATE D310 H49 S65 ID169 [5]"
                },
                {
                    "id": "DDF1503",
                    "name": "BRAKE DISC RV FERODO D310 H48 S65 [5]"
                },
                {
                    "id": "DDF1503C",
                    "name": "BRAKE DISC RV FERODO D310 H48 S65 [5]"
                },
                {
                    "id": "CPD.VW114",
                    "name": "BRAKE M/CYL 22.22MM CPD"
                },
                {
                    "id": "CPD.VW104",
                    "name": "BRAKE M/CYL 23.81MM CPD"
                },
                {
                    "id": "BM222.9533",
                    "name": "BRAKE M/CYL PQ"
                },
                {
                    "id": "BM238.9521",
                    "name": "BRAKE M/CYL PQ"
                },
                {
                    "id": "SEA8588E",
                    "name": "BRAKE M/CYL KIT 23.81MM CPD"
                },
                {
                    "id": "P8588X",
                    "name": "BRAKE M/CYL KIT 23.81MM PQ"
                },
                {
                    "id": "BMK222.8652",
                    "name": "BRAKE M/CYL KIT PQ"
                },
                {
                    "id": "BMK238.8588",
                    "name": "BRAKE M/CYL KIT PQ"
                },
                {
                    "id": "CK54.2430",
                    "name": "CALIPER KIT FRNT 54MM PQ"
                },
                {
                    "id": "CK57.2489",
                    "name": "CALIPER KIT FRNT 57MM PQ"
                },
                {
                    "id": "CK38.2535",
                    "name": "CALIPER KIT REAR 38MM PQ"
                },
                {
                    "id": "CK41.2553",
                    "name": "CALIPER KIT REAR 41MM PQ"
                },
                {
                    "id": "CK41.2563",
                    "name": "CALIPER KIT REAR 41MM PQ"
                },
                {
                    "id": "CK38.2304",
                    "name": "CALIPER KIT REAR PQ 57MM"
                },
                {
                    "id": "CK54.1315",
                    "name": "CLUTCH S/CYL KIT PQ"
                },
                {
                    "id": "HB4102",
                    "name": "WHEEL HUB F/R L/R TEKNOSA"
                },
                {
                    "id": "HB4101",
                    "name": "WHEEL HUB REAR L/R TEKNOSA"
                },
                {
                    "id": "SEA1315E",
                    "name": "CALIPER KIT FRNT 54.00MM CPD"
                },
                {
                    "id": "P1315S",
                    "name": "CALIPER KIT FRNT 54MM GIRLING PQ"
                },
                {
                    "id": "P2430S",
                    "name": "CALIPER KIT FRNT 54MM PQ"
                },
                {
                    "id": "P2571S",
                    "name": "CALIPER KIT FRNT 57MM PQ"
                },
                {
                    "id": "P2304S",
                    "name": "CALIPER KIT REAR 38MM ATE PQ"
                },
                {
                    "id": "P2553S",
                    "name": "CALIPER KIT REAR 41MM GIRLING PQ"
                },
                {
                    "id": "P2563S",
                    "name": "CALIPER KIT REAR 41MM PQ"
                }
            ]
        },
        {
            "id": "3",
            "category": "SUSPENSION COMPONENTS [FRONT]",
            "category_parts": [
                {
                    "id": "",
                    "name": ""
                },
                {
                    "id": "742252SP",
                    "name": "SHOCK FRNT MONROE"
                },
                {
                    "id": "VKDA35122",
                    "name": "TOP MOUNT FRNT SHOCK [SINGLE] FRNT SKF"
                },
                {
                    "id": "VKDA35122T",
                    "name": "TOP MOUNT SHOCK FRNT [TWIN PACK] FRNT SKF"
                },
                {
                    "id": "AR7129",
                    "name": "STRUT MOUNTING FRNT PQ"
                },
                {
                    "id": "MK194",
                    "name": "STRUT MOUNTING FRNT MONROE"
                },
                {
                    "id": "AU2817",
                    "name": "MOUNTING SHOCK FRNT L/R TEKNOSA"
                },
                {
                    "id": "AU2818",
                    "name": "MOUNTING SHOCK REAR L/R TEKNOSA"
                },
                {
                    "id": "FEB22498",
                    "name": "STRUT MOUNT FRNT [BEARING ONLY] FEBI"
                },
                {
                    "id": "FEB22500",
                    "name": "STRUT MOUNTING FRNT FEBI"
                },
                {
                    "id": "FEB22502",
                    "name": "STRUT MOUNTING FRNT [MOUNT+BEARING] FEBI"
                },
                {
                    "id": "S2179",
                    "name": "STRUT MOUNTING FRNT RUBREX"
                },
                {
                    "id": "VKDP33156T",
                    "name": "DUST COVER KIT FRNT SKF"
                },
                {
                    "id": "VKDP33173T",
                    "name": "DUST COVER KIT FRNT SKF"
                },
                {
                    "id": "VKDS361004",
                    "name": "REPAIR KIT LINK SKF"
                },
                {
                    "id": "AU1917",
                    "name": "BALL JOINT LOWER FRNT LHS TEKNOSA"
                },
                {
                    "id": "AU1918",
                    "name": "BALL JOINT LOWER FRNT RHS TEKNOSA"
                },
                {
                    "id": "BJ1139L",
                    "name": "BALL JOINT LOWER LHS PQ"
                },
                {
                    "id": "BJ1139R",
                    "name": "BALL JOINT LOWER RHS PQ"
                },
                {
                    "id": "14462AP",
                    "name": "BALL JOINT LOWER LHS A-PLUS"
                },
                {
                    "id": "14461AP",
                    "name": "BALL JOINT LOWER RHS A-PLUS"
                },
                {
                    "id": "AU2021",
                    "name": "CONTROL ARM LOWER FRNT LHS TEKNOSA"
                },
                {
                    "id": "AU2023",
                    "name": "CONTROL ARM LOWER FRNT LHS TEKNOSA"
                },
                {
                    "id": "AU2022",
                    "name": "CONTROL ARM LOWER FRNT RHS TEKNOSA"
                },
                {
                    "id": "AU2024",
                    "name": "CONTROL ARM LOWER FRNT RHS TEKNOSA"
                },
                {
                    "id": "AU2080",
                    "name": "CONTROL ARM LOWER REAR LHS TEKNOSA"
                },
                {
                    "id": "AU2081",
                    "name": "CONTROL ARM LOWER REAR RHS TEKNOSA"
                },
                {
                    "id": "AU1710",
                    "name": "CONTROL ARM UPPER REAR L/R TEKNOSA"
                },
                {
                    "id": "CS247L",
                    "name": "CONTROL ARM LOWER LHS PQ"
                },
                {
                    "id": "CS274L",
                    "name": "CONTROL ARM LOWER LHS PQ"
                },
                {
                    "id": "CS247R",
                    "name": "CONTROL ARM LOWER RHS PQ"
                },
                {
                    "id": "CS274R",
                    "name": "CONTROL ARM LOWER RHS PQ"
                },
                {
                    "id": "18549AP",
                    "name": "CONTROL ARM LOWER LHS A-PLUS + BJ"
                },
                {
                    "id": "15723AP",
                    "name": "CONTROL ARM LOWER LHS A-PLUS [DIESEL]"
                },
                {
                    "id": "18550AP",
                    "name": "CONTROL ARM LOWER RHS A-PLUS + BJ"
                },
                {
                    "id": "15724AP",
                    "name": "CONTROL ARM LOWER RHS A-PLUS [DIESEL]"
                },
                {
                    "id": "TR5849",
                    "name": "STABILISER LINK FRONT L/R [335MM] PQ"
                },
                {
                    "id": "DL1380G",
                    "name": "STABILIZER BAR LINK FRNT TC"
                },
                {
                    "id": "VKDS341002",
                    "name": "STABILIZER LINK L* H* ID* OD* SKF"
                },
                {
                    "id": "VKDS441000",
                    "name": "STABILIZER LINK L* H* ID* OD* SKF"
                },
                {
                    "id": "FEB24122",
                    "name": "STABILIZER LINK FRNT 335MM FEBI"
                },
                {
                    "id": "08256",
                    "name": "STABILIZER LINK FRNT 335MM OSSCA/ATS"
                },
                {
                    "id": "DL1373G",
                    "name": "STABILIZER BAR LINK FRNT TC"
                },
                {
                    "id": "AU2610",
                    "name": "LATERAL LINK REAR L/R TEKNOSA"
                },
                {
                    "id": "VKD35025",
                    "name": "ANTI-F BRG \u0026 SUS/MOUNT [SINGLE] FRNT SKF"
                },
                {
                    "id": "VKD35025T",
                    "name": "ANTI-F BRG \u0026 SUS/MOUNT [TWIN PACK] FRNT SKF"
                },
                {
                    "id": "VKDS321006",
                    "name": "CONTROL ARM L* SKF"
                },
                {
                    "id": "VKDS421017",
                    "name": "CONTROL ARM L297.8 SKF"
                },
                {
                    "id": "VKDS421019",
                    "name": "CONTROL ARM L305.5 SKF"
                },
                {
                    "id": "VKDS421011",
                    "name": "CONTROL ARM L306 SKF"
                },
                {
                    "id": "VKDS421004",
                    "name": "CONTROL ARM L463.5 SKF"
                },
                {
                    "id": "VKDS421005",
                    "name": "CONTROL ARM L463.5 SKF"
                },
                {
                    "id": "VKDS421001",
                    "name": "LATERAL LINK [R] [R] SKF"
                },
                {
                    "id": "VKDS431014",
                    "name": "C/ARM BUSH L* H45 ID12.2 OD38.3 SKF"
                },
                {
                    "id": "VKDS431013",
                    "name": "C/ARM BUSH L42.5 H60 ID12.2 OD56.5 SKF"
                },
                {
                    "id": "VKDS431015",
                    "name": "C/ARM BUSH L45 H38.7 ID14 OD38.7 SKF"
                },
                {
                    "id": "VKDS431012",
                    "name": "C/ARM BUSH L60 H40 ID12.1 OD40 SKF"
                },
                {
                    "id": "AR6899",
                    "name": "C/ARM BUSH F/SUSP LOWER INNER PQ"
                },
                {
                    "id": "FEB24390",
                    "name": "C/ARM BUSH LOWER FRNT FEBI"
                },
                {
                    "id": "FEB27068",
                    "name": "C/ARM BUSH LOWER REAR LEFT FEBI"
                },
                {
                    "id": "FEB27069",
                    "name": "C/ARM BUSH LOWER REAR LEFT FEBI"
                },
                {
                    "id": "FEB27071",
                    "name": "C/ARM BUSH LOWER REAR RIGHT FEBI"
                },
                {
                    "id": "S2181",
                    "name": "C/ARM BUSH LOWER REAR LEFT RUBREX"
                },
                {
                    "id": "S2182",
                    "name": "C/ARM BUSH LOWER REAR RIGHT RUBREX"
                },
                {
                    "id": "SB-7900",
                    "name": "BUSH CONT ARM LOW FRNT L/R ID12 OD40 L54 TEKNOSA"
                },
                {
                    "id": "AU2115",
                    "name": "BUSH CONT ARM LOW FRNT L/R TEKNOSA"
                },
                {
                    "id": "SB-7994A",
                    "name": "BUSH CONT ARM LOW FRNT L/R TEKNOSA"
                },
                {
                    "id": "AU2116",
                    "name": "BUSH CONT ARM LOW FRNT LHS TEKNOSA"
                },
                {
                    "id": "AU2117",
                    "name": "BUSH CONT ARM LOW FRNT RHS TEKNOSA"
                },
                {
                    "id": "AU2915",
                    "name": "BUSH REAR L/R ID14 OD24 TEKNOSA"
                },
                {
                    "id": "VW2911",
                    "name": "BUSH REAR L/R TEKNOSA"
                },
                {
                    "id": "AR7022",
                    "name": "STAB BAR BUSH F/SUSP [ID 19MM] PQ"
                }
            ]
        },
        {
            "id": "4",
            "category": "SUSPENSION COMPONENTS [REAR]",
            "category_parts": [
                {
                    "id": "",
                    "name": ""
                },
                {
                    "id": "VKDP33156T",
                    "name": "DUST COVER KIT FRNT SKF"
                },
                {
                    "id": "VKDP33173T",
                    "name": "DUST COVER KIT FRNT SKF"
                },
                {
                    "id": "09135",
                    "name": "STRUT MOUNTING FRNT OSSCA/ATS"
                },
                {
                    "id": "FEB23024",
                    "name": "STRUT MOUNTING REAR FEBI"
                },
                {
                    "id": "FEB36871",
                    "name": "STRUT MOUNTING REAR FEBI"
                },
                {
                    "id": "FEB32822",
                    "name": "STRUT MOUNTING REAR ROUND FEBI"
                },
                {
                    "id": "VKDS361004",
                    "name": "REPAIR KIT LINK SKF"
                },
                {
                    "id": "VKDS431014",
                    "name": "C/ARM BUSH L* H45 ID12.2 OD38.3 SKF"
                },
                {
                    "id": "VKDS431013",
                    "name": "C/ARM BUSH L42.5 H60 ID12.2 OD56.5 SKF"
                },
                {
                    "id": "VKDS431015",
                    "name": "C/ARM BUSH L45 H38.7 ID14 OD38.7 SKF"
                },
                {
                    "id": "VKDS431012",
                    "name": "C/ARM BUSH L60 H40 ID12.1 OD40 SKF"
                },
                {
                    "id": "AR6883",
                    "name": "C/ARM BUSH R/SUSP LOWER OUTER LHS PQ"
                },
                {
                    "id": "AR6884",
                    "name": "C/ARM BUSH R/SUSP LOWER OUTER RHS PQ"
                },
                {
                    "id": "SB-7900",
                    "name": "BUSH CONT ARM LOW FRNT L/R ID12 OD40 L54 TEKNOSA"
                },
                {
                    "id": "AU2115",
                    "name": "BUSH CONT ARM LOW FRNT L/R TEKNOSA"
                },
                {
                    "id": "SB-7994A",
                    "name": "BUSH CONT ARM LOW FRNT L/R TEKNOSA"
                },
                {
                    "id": "AU2116",
                    "name": "BUSH CONT ARM LOW FRNT LHS TEKNOSA"
                },
                {
                    "id": "AU2117",
                    "name": "BUSH CONT ARM LOW FRNT RHS TEKNOSA"
                },
                {
                    "id": "AU2915",
                    "name": "BUSH REAR L/R ID14 OD24 TEKNOSA"
                },
                {
                    "id": "VW2911",
                    "name": "BUSH REAR L/R TEKNOSA"
                },
                {
                    "id": "FEB40591",
                    "name": "C/ARM BUSH R/SUSP FEBI"
                },
                {
                    "id": "FEB36047",
                    "name": "LATERAL ARM R/SUSP FEBI"
                },
                {
                    "id": "AU2610",
                    "name": "LATERAL LINK REAR L/R TEKNOSA"
                },
                {
                    "id": "VKDS341002",
                    "name": "STABILIZER LINK L* H* ID* OD* SKF"
                },
                {
                    "id": "VKDS441000",
                    "name": "STABILIZER LINK L* H* ID* OD* SKF"
                },
                {
                    "id": "TR5953",
                    "name": "STABILISER LINK REAR L/R PQ 95MM"
                },
                {
                    "id": "14509AP",
                    "name": "STABILIZER LINK L/R A-PLUS L335"
                },
                {
                    "id": "AU2810",
                    "name": "BUSH FRNT L/R ID19 OD37 TEKNOSA"
                },
                {
                    "id": "AU2914",
                    "name": "BUSH FRNT L/R ID19 OD37 TEKNOSA"
                },
                {
                    "id": "AU1518",
                    "name": "STABILIZER LINK FRNT L/R L335 TEKNOSA"
                },
                {
                    "id": "AU1519",
                    "name": "STABILIZER LINK REAR L/R L96 TEKNOSA"
                },
                {
                    "id": "FEB29459",
                    "name": "STAB LINK REAR FEBI"
                },
                {
                    "id": "FEB29461",
                    "name": "STAB LINK REAR FEBI"
                },
                {
                    "id": "FEB27854",
                    "name": "STABILIZER LINK REAR FEBI"
                },
                {
                    "id": "VKD35025",
                    "name": "ANTI-F BRG \u0026 SUS/MOUNT [SINGLE] FRNT SKF"
                },
                {
                    "id": "VKD35025T",
                    "name": "ANTI-F BRG \u0026 SUS/MOUNT [TWIN PACK] FRNT SKF"
                },
                {
                    "id": "VKDS321006",
                    "name": "CONTROL ARM L* SKF"
                },
                {
                    "id": "VKDS421017",
                    "name": "CONTROL ARM L297.8 SKF"
                },
                {
                    "id": "VKDS421019",
                    "name": "CONTROL ARM L305.5 SKF"
                },
                {
                    "id": "VKDS421011",
                    "name": "CONTROL ARM L306 SKF"
                },
                {
                    "id": "VKDS421004",
                    "name": "CONTROL ARM L463.5 SKF"
                },
                {
                    "id": "VKDS421005",
                    "name": "CONTROL ARM L463.5 SKF"
                },
                {
                    "id": "VKDS421001",
                    "name": "LATERAL LINK [R] [R] SKF"
                }
            ]
        },
        {
            "id": "5",
            "category": "COOLING SYSTEM",
            "category_parts": [
                {
                    "id": "",
                    "name": ""
                },
                {
                    "id": "05821",
                    "name": "OIL COOLER OSSCA/ATS"
                },
                {
                    "id": "01686",
                    "name": "RADIATOR CAP OSSCA/ATS"
                },
                {
                    "id": "TP3-23",
                    "name": "RADIATOR CAP [LIGHT BLUE 40KPA] ECHLIN"
                },
                {
                    "id": "TP3-23M",
                    "name": "RADIATOR CAP [LIGHT BLUE 40KPA] MP"
                },
                {
                    "id": "FEB40722",
                    "name": "RADIATOR CAP FEBI"
                },
                {
                    "id": "7137",
                    "name": "THERMOSTAT [87C] ECHLIN"
                },
                {
                    "id": "VKPC81205",
                    "name": "WATER PUMP SKF"
                },
                {
                    "id": "W22252",
                    "name": "WATER PUMP AUTOZONE"
                },
                {
                    "id": "QCP3627",
                    "name": "WATER PUMP ECHLIN"
                },
                {
                    "id": "A-212",
                    "name": "WATER PUMP DOLZ"
                },
                {
                    "id": "534018610",
                    "name": "FAN BELT TENSIONER [70X24] LUK"
                },
                {
                    "id": "VKM31223",
                    "name": "TENSIONER V-BELT PULLEY [OD:70 W:25] SKF"
                },
                {
                    "id": "437100-8210",
                    "name": "COMPRESSOR / AIR CONDITIONER DENSO"
                }
            ]
        },
        {
            "id": "6",
            "category": "CLUTCH COMPONENTS",
            "category_parts": [
                {
                    "id": "",
                    "name": ""
                },
                {
                    "id": "CPD.VW307",
                    "name": "CLUTCH M/CYL 15.87MM CPD"
                },
                {
                    "id": "VW307",
                    "name": "CLUTCH M/CYL CPD 15.87"
                },
                {
                    "id": "05737",
                    "name": "CLUTCH M/CYL OSSCA/ATS 15.87MM W/SENSOR"
                },
                {
                    "id": "22481",
                    "name": "CLUTCH M/CYL OSSCA/ATS 19.05MM PLASTIC"
                },
                {
                    "id": "33936",
                    "name": "CLUTCH M/CYL FEBI"
                },
                {
                    "id": "FEB33936",
                    "name": "CLUTCH M/CYL FEBI"
                },
                {
                    "id": "CM159.9505",
                    "name": "CLUTCH M/CYL PQ"
                },
                {
                    "id": "CM159.9510",
                    "name": "CLUTCH M/CYL PQ"
                },
                {
                    "id": "CM159.9512",
                    "name": "CLUTCH M/CYL PQ"
                },
                {
                    "id": "CM159.9518",
                    "name": "CLUTCH M/CYL PQ"
                },
                {
                    "id": "SEA8589E",
                    "name": "CLUTCH M/CYL KIT 15.87 MM CPD"
                },
                {
                    "id": "P8589X",
                    "name": "CLUTCH M/CYL KIT 15.87MM PQ"
                },
                {
                    "id": "CMK159.8589",
                    "name": "CLUTCH M/CYL KIT PQ"
                },
                {
                    "id": "0986486554",
                    "name": "CLUTCH S/CYL BOSCH"
                },
                {
                    "id": "32168",
                    "name": "CLUTCH S/CYL FEBI"
                },
                {
                    "id": "FEB39438",
                    "name": "CLUTCH S/CYL FEBI"
                },
                {
                    "id": "CS290.9506",
                    "name": "CLUTCH S/CYL PQ"
                },
                {
                    "id": "09341",
                    "name": "CLUTCH S/CYL OSSCA/ATS 19.05 PLASTIC"
                },
                {
                    "id": "P2559S",
                    "name": "CLUTCH S/CYL KIT 19.05MM SACHS PQ"
                },
                {
                    "id": "CSK190.2560",
                    "name": "CLUTCH S/CYL KIT PQ"
                },
                {
                    "id": "P2560S",
                    "name": "CLUTCH S/CYL KIT [-098900] PQ"
                },
                {
                    "id": "SEA2559E",
                    "name": "CLUTCH S/CYL KIT 19.05 MM CPD"
                },
                {
                    "id": "SEA2560E",
                    "name": "CLUTCH S/CYL KIT 19.05 MM CPD"
                },
                {
                    "id": "624327909",
                    "name": "CLUTCH KIT LUK D200 S20.7 ST18"
                },
                {
                    "id": "R435MK",
                    "name": "CLUTCH KIT LUK D240 S24.3 ST23"
                },
                {
                    "id": "3000951830",
                    "name": "CLUTCH KIT SACHS"
                },
                {
                    "id": "3000990199",
                    "name": "CLUTCH KIT SACHS"
                }
            ]
        },
        {
            "id": "7",
            "category": "IGNITION SYSTEM",
            "category_parts": [
                {
                    "id": "",
                    "name": ""
                },
                {
                    "id": "IC329",
                    "name": "IGNITION COIL ECHLIN [4 PIN]"
                },
                {
                    "id": "IC326",
                    "name": "IGNITION COIL [4 PIN] ECHLIN"
                },
                {
                    "id": "111457",
                    "name": "IGNITION COIL HUCO"
                },
                {
                    "id": "111468",
                    "name": "IGNITION COIL [4 PIN] HUCO"
                },
                {
                    "id": "157500",
                    "name": "IGNITION COIL B/CORD [4 PIN]"
                },
                {
                    "id": "157900",
                    "name": "IGNITION COIL BOUGICORD"
                },
                {
                    "id": "BC7900",
                    "name": "IGNITION COIL BOUGICORD"
                },
                {
                    "id": "0221604115",
                    "name": "IGNITION COIL BOSCH"
                },
                {
                    "id": "0986221024",
                    "name": "IGNITION COIL BOSCH [4 PIN]"
                },
                {
                    "id": "IC9009",
                    "name": "IGNITION COIL [4 PIN]"
                },
                {
                    "id": "IC334371",
                    "name": "IGNITION COIL KAIZEN"
                },
                {
                    "id": "IC334404",
                    "name": "IGNITION COIL KAIZEN"
                }
            ]
        },
        {
            "id": "8",
            "category": "DRIVESHAFT COMPONENTS",
            "category_parts": [
                {
                    "id": "",
                    "name": ""
                },
                {
                    "id": "PJ861045",
                    "name": "CV JOINT OUTER 36X27X60X100 M PQ"
                },
                {
                    "id": "PJ803002",
                    "name": "CV JOINT OUTER 36X27X60X98 I PQ"
                },
                {
                    "id": "CVJ4051",
                    "name": "CV JOINT OUTER"
                },
                {
                    "id": "CVJ907",
                    "name": "CV JOINT JOINT INNER \u0026 OUTER"
                },
                {
                    "id": "CVAD1033",
                    "name": "CV JOINT OUTER"
                },
                {
                    "id": "VW6916",
                    "name": "CV JOINT INNER FRNT L/R 33X34X100 TEKNOSA"
                },
                {
                    "id": "VW6916-X",
                    "name": "CV JOINT INNER FRNT L/R 33X34X100 X-LINE"
                },
                {
                    "id": "VW5217",
                    "name": "CV JOINT OUTER FRNT L/R 36X27X59.5XI TEKNOSA"
                },
                {
                    "id": "VW5217-X",
                    "name": "CV JOINT OUTER FRNT L/R 36X27X59.5XI X-LINE"
                },
                {
                    "id": "CVJ907M",
                    "name": "CV JOINT INNER [108MM]"
                },
                {
                    "id": "PJ603001",
                    "name": "CV JOINT INNER 0X28X0X108 PQ"
                },
                {
                    "id": "PJ661002",
                    "name": "CV JOINT INNER 0X28X0X108 PQ"
                },
                {
                    "id": "CVAD5001",
                    "name": "CV JOINT INNER GM"
                },
                {
                    "id": "VKJP01001",
                    "name": "CV BOOT KIT OUTER SKF"
                },
                {
                    "id": "VKJP01001S",
                    "name": "CV BOOT KIT OUTER SKF"
                },
                {
                    "id": "VKJP01011",
                    "name": "CV BOOT KIT OUTER SKF"
                },
                {
                    "id": "VKJP01019",
                    "name": "CV BOOT KIT OUTER SKF"
                },
                {
                    "id": "VKJP1466",
                    "name": "CV BOOT KIT OUTER SKF"
                },
                {
                    "id": "VKJP1466R",
                    "name": "CV BOOT KIT OUTER SKF"
                },
                {
                    "id": "VKJP3107",
                    "name": "CV BOOT KIT OUTER SKF"
                },
                {
                    "id": "VKJP3151",
                    "name": "CV BOOT KIT OUTER SKF"
                },
                {
                    "id": "VKJP3151R",
                    "name": "CV BOOT KIT OUTER SKF"
                },
                {
                    "id": "VKJP8356R",
                    "name": "CV BOOT KIT OUTER SKF"
                },
                {
                    "id": "CV162K",
                    "name": "CV BOOT KIT OUTER"
                },
                {
                    "id": "CV190K",
                    "name": "CV BOOT KIT OUTER [REAR]"
                },
                {
                    "id": "VKJP8356",
                    "name": "CV BOOT KIT INNER SKF"
                },
                {
                    "id": "CV54K",
                    "name": "CV BOOT INNER + OUTER 108MM"
                },
                {
                    "id": "CV95K",
                    "name": "CV BOOT KIT INNER"
                },
                {
                    "id": "DVW302",
                    "name": "DRIVESHAFT COMPLETE FRNT LHS TEKNOSA"
                },
                {
                    "id": "DVW304",
                    "name": "DRIVESHAFT COMPLETE FRNT LHS TEKNOSA"
                },
                {
                    "id": "DVW303",
                    "name": "DRIVESHAFT COMPLETE FRNT RHS TEKNOSA"
                },
                {
                    "id": "506508",
                    "name": "DRIVE SHAFT OIL SEAL"
                },
                {
                    "id": "546808",
                    "name": "OIL SEAL DRIVE SHAFT LHS PQ"
                },
                {
                    "id": "9239",
                    "name": "OIL SEAL DRIVE SHAFT LHS PQ"
                },
                {
                    "id": "503310/49",
                    "name": "DIFF CARRIER BRG L/R PQ"
                },
                {
                    "id": "VWDC487618",
                    "name": "DIFF CARRIER BRG RHS PQ"
                }
            ]
        },
        {
            "id": "9",
            "category": "FUEL SYSTEM",
            "category_parts": [
                {
                    "id": "",
                    "name": ""
                },
                {
                    "id": "FEB39740",
                    "name": "FUEL PUMP RELAY FEBI"
                },
                {
                    "id": "E144",
                    "name": "FUEL FILTER GUD [2=IN \u0026 1=OUT]"
                },
                {
                    "id": "G10243",
                    "name": "FUEL FILTER FRAM"
                },
                {
                    "id": "CFF100478",
                    "name": "FUEL FILTER CHAMPION"
                },
                {
                    "id": "0450905273",
                    "name": "FUEL FILTER BOSCH"
                },
                {
                    "id": "0450905959",
                    "name": "FUEL FILTER BOSCH"
                },
                {
                    "id": "WF8386",
                    "name": "FUEL FILTER WIX"
                },
                {
                    "id": "IE79",
                    "name": "FUEL FILTER KAIZEN"
                },
                {
                    "id": "04-061",
                    "name": "FUEL FILTER GENERIC"
                },
                {
                    "id": "0261500037",
                    "name": "INJECTORS BOSCH"
                }
            ]
        },
        {
            "id": "10",
            "category": "TIMING COMPONENTS",
            "category_parts": [
                {
                    "id": "",
                    "name": ""
                },
                {
                    "id": "VKMA01222",
                    "name": "T/BELT KIT [AUD148] SKF"
                },
                {
                    "id": "1987948452",
                    "name": "T/BELT KIT BOSCH"
                },
                {
                    "id": "1987948078",
                    "name": "TIM BELT KIT BOSCH [AUD148]"
                },
                {
                    "id": "11397",
                    "name": "TIM BELT KIT OSSCA"
                },
                {
                    "id": "AUD083",
                    "name": "T/BELT [083X24MM]"
                },
                {
                    "id": "AUD148",
                    "name": "T/BELT [23X148MM]"
                },
                {
                    "id": "AUD148-FSD",
                    "name": "TIM BELT [148X23MM] 5604XS AUTOBAX"
                },
                {
                    "id": "VKMV6PK1054",
                    "name": "MULTI-GROOVE BELT SKF"
                },
                {
                    "id": "VKMV6PK1050",
                    "name": "MULTI-GROOVE BELT [ALT] SKF"
                },
                {
                    "id": "VKMV6PK1053",
                    "name": "MULTI-GROOVE BELT [ALT] SKF"
                },
                {
                    "id": "VKMA31223",
                    "name": "V-BELT KIT [6PK1054] SKF"
                },
                {
                    "id": "QTB718",
                    "name": "TIM BELT [148X23MM] ECHLIN"
                },
                {
                    "id": "94979",
                    "name": "TIM BELT [148X23MM] DAYCO"
                },
                {
                    "id": "6PK1050",
                    "name": "MULTI-GROOVE BELT RAM"
                },
                {
                    "id": "6PK1053",
                    "name": "MULTI-GROOVE BELT RAM"
                },
                {
                    "id": "6PK1055",
                    "name": "MULTI-GROOVE BELT RAM"
                },
                {
                    "id": "FEB25227",
                    "name": "CAMSHAFT CHAIN [42 LINKS]"
                },
                {
                    "id": "FEB32518",
                    "name": "CAMSHAFT CHAIN TENSIONER"
                },
                {
                    "id": "FEB25417",
                    "name": "OIL PUMP CHAIN TENSIONER"
                },
                {
                    "id": "VKM31223",
                    "name": "TENSIONER V-BELT PULLEY [OD:70 W:25] SKF"
                },
                {
                    "id": "T39084",
                    "name": "T/BELT TENSIONER GATES"
                },
                {
                    "id": "FEB19292",
                    "name": "TIM BELT GUIDE PULLEY 29X27 FEBI"
                },
                {
                    "id": "VKM21223",
                    "name": "T/BELT TENSIONER SKF"
                },
                {
                    "id": "VKM21220",
                    "name": "TIM BELT GUIDE [29X27] SKF"
                }
            ]
        },
        {
            "id": "11",
            "category": "CYLINDER HEAD COMPONENTS",
            "category_parts": [
                {
                    "id": "",
                    "name": ""
                },
                {
                    "id": "71-36774-00",
                    "name": "CYL HEAD COVER GASKET VR"
                },
                {
                    "id": "81-34367-00",
                    "name": "CAMSHAFT OIL SEAL"
                },
                {
                    "id": "FEB38772",
                    "name": "CAMSHAFT SENSOR"
                },
                {
                    "id": "FEB26433",
                    "name": "CYL HEAD BOLT SET FEBI"
                },
                {
                    "id": "14-32276-01",
                    "name": "CYL HEAD BOLT SET REINZ"
                },
                {
                    "id": "OFC-80",
                    "name": "OIL FILLER CAP ECHLIN"
                },
                {
                    "id": "04106",
                    "name": "OIL FILLER CAP OSSCA/ATS"
                },
                {
                    "id": "FEB32155",
                    "name": "OIL FILLER CAP FEBI"
                }
            ]
        },
        {
            "id": "12",
            "category": "ENGINE SUB ASSEMBLY",
            "category_parts": [
                {
                    "id": "",
                    "name": ""
                },
                {
                    "id": "FEB33835",
                    "name": "OIL PUMP KIT [64 LINKS]"
                },
                {
                    "id": "FEB25417",
                    "name": "OIL PUMP CHAIN TENSIONER"
                },
                {
                    "id": "284207",
                    "name": "OIL SEAL GEARBOX FRNT PQ"
                },
                {
                    "id": "506508",
                    "name": "DRIVE SHAFT OIL SEAL"
                },
                {
                    "id": "546808",
                    "name": "OIL SEAL DRIVE SHAFT LHS PQ"
                },
                {
                    "id": "9239",
                    "name": "OIL SEAL DRIVE SHAFT LHS PQ"
                },
                {
                    "id": "9549",
                    "name": "CRANKSHAFT SEAL FRNT PQ"
                },
                {
                    "id": "81-34367-00",
                    "name": "CAMSHAFT OIL SEAL"
                },
                {
                    "id": "9945FS",
                    "name": "OIL SEAL REAR MAIN BRG PQ"
                }
            ]
        },
        {
            "id": "13",
            "category": "MOUNTINGS ",
            "category_parts": [
                {
                    "id": "",
                    "name": ""
                },
                {
                    "id": "09449",
                    "name": "MOUNTING ENGINE REAR OSSCA/ATS"
                },
                {
                    "id": "AR6898",
                    "name": "ENGINE MOUNTING REAR PQ"
                },
                {
                    "id": "S2365",
                    "name": "ENGINE MOUNTING REAR [AUTO] RUBREX"
                },
                {
                    "id": "MK194",
                    "name": "STRUT MOUNTING FRNT MONROE"
                },
                {
                    "id": "AR7129",
                    "name": "STRUT MOUNTING FRNT PQ"
                },
                {
                    "id": "FEB22498",
                    "name": "STRUT MOUNT FRNT [BEARING ONLY] FEBI"
                },
                {
                    "id": "FEB22500",
                    "name": "STRUT MOUNTING FRNT FEBI"
                },
                {
                    "id": "FEB22502",
                    "name": "STRUT MOUNTING FRNT [MOUNT+BEARING] FEBI"
                },
                {
                    "id": "S2179",
                    "name": "STRUT MOUNTING FRNT RUBREX"
                },
                {
                    "id": "AU2817",
                    "name": "MOUNTING SHOCK FRNT L/R TEKNOSA"
                },
                {
                    "id": "AU2818",
                    "name": "MOUNTING SHOCK REAR L/R TEKNOSA"
                },
                {
                    "id": "09135",
                    "name": "STRUT MOUNTING FRNT OSSCA/ATS"
                },
                {
                    "id": "FEB23024",
                    "name": "STRUT MOUNTING REAR FEBI"
                },
                {
                    "id": "FEB36871",
                    "name": "STRUT MOUNTING REAR FEBI"
                },
                {
                    "id": "FEB32822",
                    "name": "STRUT MOUNTING REAR ROUND FEBI"
                }
            ]
        },
        {
            "id": "14",
            "category": "STARTER COMPONENTS",
            "category_parts": [
                {
                    "id": "",
                    "name": ""
                },
                {
                    "id": "F042002053",
                    "name": "STARTER MOTOR BOSCH"
                }
            ]
        },
        {
            "id": "15",
            "category": "ALTERNATOR COMPONENTS",
            "category_parts": [
                {
                    "id": "",
                    "name": ""
                },
                {
                    "id": "0124525525",
                    "name": "ALTERNATOR BOSCH"
                },
                {
                    "id": "VKM03100",
                    "name": "ALT PULLEY [G:6 W:41 ID:17 OD:61] SKF"
                },
                {
                    "id": "535001210",
                    "name": "ALTERNATOR FREEWHEEL PULLEY LUK"
                },
                {
                    "id": "6PK1050",
                    "name": "MULTI-GROOVE BELT RAM"
                },
                {
                    "id": "6PK1053",
                    "name": "MULTI-GROOVE BELT RAM"
                },
                {
                    "id": "6PK1055",
                    "name": "MULTI-GROOVE BELT RAM"
                },
                {
                    "id": "534018610",
                    "name": "FAN BELT TENSIONER [70X24] LUK"
                },
                {
                    "id": "VKM31223",
                    "name": "TENSIONER V-BELT PULLEY [OD:70 W:25] SKF"
                },
                {
                    "id": "REG1104",
                    "name": "VOLTAGE REGULATOR BOSCH"
                }
            ]
        },
        {
            "id": "16",
            "category": "BODY PARTS FRONT AND REAR",
            "category_parts": [
                {
                    "id": "",
                    "name": ""
                },
                {
                    "id": "7.1232",
                    "name": "STOP LIGHT SWITCH FACET"
                }
            ]
        },
        {
            "id": "17",
            "category": "SWITCHES \u0026 ACCESSORIES",
            "category_parts": [
                {
                    "id": "",
                    "name": ""
                },
                {
                    "id": "F646",
                    "name": "BATTERY EXIDE/MIDAS"
                },
                {
                    "id": "F652AGM",
                    "name": "BATTERY EXIDE/MIDAS START/STOP L278MM"
                },
                {
                    "id": "W646",
                    "name": "BATTERY WILLARD"
                },
                {
                    "id": "W652AGM-00",
                    "name": "BATTERY WILLARD STOP/START L278MM"
                },
                {
                    "id": "EU60",
                    "name": "WIPER BLADE FRNT DRIV CHAMPION"
                },
                {
                    "id": "3397118930",
                    "name": "WIPER BLADE FRNT KIT BOSCH [SLIDE]"
                },
                {
                    "id": "BU19-21",
                    "name": "WIPER BLADE FRNT [DRIVER] CHAMPION"
                },
                {
                    "id": "EU53",
                    "name": "WIPER BLADE FRNT [DRIVER] CHAMPION"
                },
                {
                    "id": "B10-19",
                    "name": "WIPER BLADE FRNT [PASS] CHAMPION"
                },
                {
                    "id": "EU48",
                    "name": "WIPER BLADE FRNT [PASS] CHAMPION"
                },
                {
                    "id": "3397118937",
                    "name": "WIPER BLADE KIT BOSCH [PIN]"
                },
                {
                    "id": "3397008571",
                    "name": "WIPER BLADE FRNT DRIV BOSCH"
                },
                {
                    "id": "3397008566",
                    "name": "WIPER BLADE FRNT PASS BOSCH"
                },
                {
                    "id": "WB8937",
                    "name": "WIPER BLADE KIT ATS [PIN]"
                },
                {
                    "id": "3397004772",
                    "name": "WIPER BLADE REAR BOSCH"
                },
                {
                    "id": "REG1104",
                    "name": "VOLTAGE REGULATOR BOSCH"
                },
                {
                    "id": "V652-64AGM",
                    "name": "BATTERY VARTA START/STOP L278MM"
                },
                {
                    "id": "TS6136",
                    "name": "TEMP SENDER UNIT [P/FIT 2-PIN] ECHLIN"
                },
                {
                    "id": "FEB29318",
                    "name": "TEMP SENDER UNIT [P/FIT 2-PIN] FEBI"
                },
                {
                    "id": "7.1232",
                    "name": "STOP LIGHT SWITCH FACET"
                }
            ]
        },
        {
            "id": "20",
            "category": "SEALS ",
            "category_parts": [
                {
                    "id": "",
                    "name": ""
                },
                {
                    "id": "506508",
                    "name": "DRIVE SHAFT OIL SEAL"
                },
                {
                    "id": "546808",
                    "name": "OIL SEAL DRIVE SHAFT LHS PQ"
                },
                {
                    "id": "9239",
                    "name": "OIL SEAL DRIVE SHAFT LHS PQ"
                },
                {
                    "id": "284207",
                    "name": "OIL SEAL GEARBOX FRNT PQ"
                },
                {
                    "id": "81-34367-00",
                    "name": "CAMSHAFT OIL SEAL"
                },
                {
                    "id": "9549",
                    "name": "CRANKSHAFT SEAL FRNT PQ"
                },
                {
                    "id": "9945FS",
                    "name": "OIL SEAL REAR MAIN BRG PQ"
                }
            ]
        },
        {
            "id": "21",
            "category": "SENSORS \u0026 RELAYS",
            "category_parts": [
                {
                    "id": "",
                    "name": ""
                },
                {
                    "id": "FEB38772",
                    "name": "CAMSHAFT SENSOR"
                },
                {
                    "id": "08720",
                    "name": "OIL LEVEL SENSOR OSSCA"
                },
                {
                    "id": "9.0241",
                    "name": "CRANKSHAFT SENSOR"
                },
                {
                    "id": "FEB36175",
                    "name": "CRANKSHAFT SENSOR"
                },
                {
                    "id": "9.3173",
                    "name": "KNOCK SENSOR"
                },
                {
                    "id": "9.3163",
                    "name": "KNOCK SENSOR FACET"
                },
                {
                    "id": "RY256",
                    "name": "FUEL PUMP RELAY 4 PIN OSSCA/ATS"
                },
                {
                    "id": "FEB39740",
                    "name": "FUEL PUMP RELAY FEBI"
                }
            ]
        },
        {
            "id": "23",
            "category": "LUBRICANTS",
            "category_parts": [
                {
                    "id": "",
                    "name": ""
                },
                {
                    "id": "3433389",
                    "name": "ENGINE OIL CASTROL MAGNATEC 5W30 5L"
                },
                {
                    "id": "550048788",
                    "name": "ENGINE OIL SHELL HELIX ULTRA 5W30 5L"
                }
            ]
        },
        {
            "id": "24",
            "category": "WHEEL BEARINGS",
            "category_parts": [
                {
                    "id": "",
                    "name": ""
                },
                {
                    "id": "VKBA6623",
                    "name": "WHEEL BRG KIT FRNT SKF"
                },
                {
                    "id": "VKBA3643",
                    "name": "WHEEL BRG KIT FRNT [5+4 HOLE] SKF"
                },
                {
                    "id": "ATC9026",
                    "name": "WHEEL BRG KIT FRNT [5+4 HOLE] TIMKEN"
                },
                {
                    "id": "HUB108",
                    "name": "WHEEL BRG FRNT INNER ID29 PQ"
                },
                {
                    "id": "713610610",
                    "name": "WHEEL BRG KIT FRNT FAG"
                },
                {
                    "id": "FAG1061",
                    "name": "WHEEL BRG KIT FRNT [5+4 HOLE] FAG"
                },
                {
                    "id": "1061M",
                    "name": "WHEEL BRG KIT FRNT MP [5+4 HOLE]"
                },
                {
                    "id": "PQ688",
                    "name": "WHEEL BRG KIT REAR PQ [5+4 HOLE]"
                }
            ]
        },
        {
            "id": "26",
            "category": "STEERING",
            "category_parts": [
                {
                    "id": "",
                    "name": ""
                },
                {
                    "id": "SR147",
                    "name": "STEERING RACK BOOT"
                },
                {
                    "id": "14498AP",
                    "name": "STEERING RACK END LHS A-PLUS L309"
                },
                {
                    "id": "TR5841",
                    "name": "STEERING RACK END PQ 306MM"
                },
                {
                    "id": "AU1413",
                    "name": "RACK END FRNT L/R L309 TEKNOSA"
                },
                {
                    "id": "VKDY321002",
                    "name": "STEERING RACK END L* SKF"
                },
                {
                    "id": "VKDY311016",
                    "name": "TIE ROD END L* SKF"
                },
                {
                    "id": "VKDY311017",
                    "name": "TIE ROD END L* SKF"
                },
                {
                    "id": "13359AP",
                    "name": "TIE ROD END OUTER LHS A-PLUS"
                },
                {
                    "id": "13358AP",
                    "name": "TIE ROD END OUTER RHS A-PLUS"
                },
                {
                    "id": "TR5842",
                    "name": "TIE ROD END OUTER L/R PQ"
                },
                {
                    "id": "AU1030",
                    "name": "TIE ROD END OUTER FRNT LHS TEKNOSA"
                },
                {
                    "id": "AU1031",
                    "name": "TIE ROD END OUTER FRNT RHS TEKNOSA"
                },
                {
                    "id": "AU1316",
                    "name": "TIE ROD END SET OUTER FRNT L/R TEKNOSA"
                }
            ]
        },
        {
            "id": "27",
            "category": "BEARINGS",
            "category_parts": [
                {
                    "id": "",
                    "name": ""
                },
                {
                    "id": "503310/49",
                    "name": "DIFF CARRIER BRG L/R PQ"
                },
                {
                    "id": "VWDC487618",
                    "name": "DIFF CARRIER BRG RHS PQ"
                },
                {
                    "id": "VKBA6623",
                    "name": "WHEEL BRG KIT FRNT SKF"
                },
                {
                    "id": "VKBA3643",
                    "name": "WHEEL BRG KIT FRNT [5+4 HOLE] SKF"
                },
                {
                    "id": "ATC9026",
                    "name": "WHEEL BRG KIT FRNT [5+4 HOLE] TIMKEN"
                },
                {
                    "id": "HUB108",
                    "name": "WHEEL BRG FRNT INNER ID29 PQ"
                },
                {
                    "id": "713610610",
                    "name": "WHEEL BRG KIT FRNT FAG"
                },
                {
                    "id": "FAG1061",
                    "name": "WHEEL BRG KIT FRNT [5+4 HOLE] FAG"
                },
                {
                    "id": "1061M",
                    "name": "WHEEL BRG KIT FRNT MP [5+4 HOLE]"
                },
                {
                    "id": "PQ688",
                    "name": "WHEEL BRG KIT REAR PQ [5+4 HOLE]"
                },
                {
                    "id": "VKD35025",
                    "name": "ANTI-F BRG \u0026 SUS/MOUNT [SINGLE] FRNT SKF"
                },
                {
                    "id": "VKD35025T",
                    "name": "ANTI-F BRG \u0026 SUS/MOUNT [TWIN PACK] FRNT SKF"
                },
                {
                    "id": "VKDS361004",
                    "name": "REPAIR KIT LINK SKF"
                },
                {
                    "id": "VKDS321006",
                    "name": "CONTROL ARM L* SKF"
                },
                {
                    "id": "VKDS421017",
                    "name": "CONTROL ARM L297.8 SKF"
                },
                {
                    "id": "VKDS421019",
                    "name": "CONTROL ARM L305.5 SKF"
                },
                {
                    "id": "VKDS421011",
                    "name": "CONTROL ARM L306 SKF"
                },
                {
                    "id": "VKDS421004",
                    "name": "CONTROL ARM L463.5 SKF"
                },
                {
                    "id": "VKDS421005",
                    "name": "CONTROL ARM L463.5 SKF"
                },
                {
                    "id": "VKDS421001",
                    "name": "LATERAL LINK [R] [R] SKF"
                }
            ]
        },
        {
            "id": "28",
            "category": "AIR CONDITIONING",
            "category_parts": [
                {
                    "id": "",
                    "name": ""
                },
                {
                    "id": "437100-8210",
                    "name": "COMPRESSOR / AIR CONDITIONER DENSO"
                }
            ]
        },
        {
            "id": "28",
            "category": "AIR CONDITIONING",
            "category_parts": [
                {
                    "id": "",
                    "name": ""
                },
                {
                    "id": "437100-8210",
                    "name": "COMPRESSOR / AIR CONDITIONER DENSO"
                }
            ]
        }
    ]
}
