{
    "id": "199",
    "parts": [
        {
            "id": "1",
            "category": "SERVICE PARTS",
            "category_parts": [
                {
                    "id": "",
                    "name": ""
                },
                {
                    "id": "Z363",
                    "name": "OIL FILTER GUD OD76 H190 [M24 X 2MM]"
                },
                {
                    "id": "0451103348",
                    "name": "OIL FILTER BOSCH"
                },
                {
                    "id": "WL7230",
                    "name": "OIL FILTER WIX"
                },
                {
                    "id": "AG1030",
                    "name": "AIR FILTER GUD PANEL L255 W212 H58"
                },
                {
                    "id": "CA5108",
                    "name": "AIR FILTER FRAM"
                },
                {
                    "id": "1457429870",
                    "name": "AIR FILTER BOSCH"
                },
                {
                    "id": "FEB30362",
                    "name": "AIR FILTER FEBI"
                },
                {
                    "id": "LA535",
                    "name": "AIR FILTER CGI"
                },
                {
                    "id": "LA169",
                    "name": "AIR FITLER CGI"
                },
                {
                    "id": "WA9405",
                    "name": "AIR FILTER WIX"
                },
                {
                    "id": "MAF510",
                    "name": "AIR FILTER KAIZEN"
                },
                {
                    "id": "E98",
                    "name": "FUEL INJECTION FILTER GUD"
                },
                {
                    "id": "G3747",
                    "name": "FUEL FILTER FRAM"
                },
                {
                    "id": "0450905906",
                    "name": "FUEL FILTER BOSCH"
                },
                {
                    "id": "WF8029",
                    "name": "FUEL FILTER WIX"
                },
                {
                    "id": "BKR6EQUA",
                    "name": "SPARK PLUG NGK"
                },
                {
                    "id": "BKR6EQUP",
                    "name": "SPARK PLUG NGK"
                },
                {
                    "id": "IK20TT",
                    "name": "SPARK PLUG DENSO IRIDIUM TT [D14MM HEX16MM 22NM TL19]"
                },
                {
                    "id": "K20TT",
                    "name": "SPARK PLUG DENSO NICKEL TT [D14MM HEX16MM 22NM TL19]"
                },
                {
                    "id": "K20TXR",
                    "name": "SPARK PLUG DENSO NICKEL [D14MM HEX16MM 22NM TL19]"
                },
                {
                    "id": "0242240587",
                    "name": "SPARK PLUG BOSCH"
                },
                {
                    "id": "0242245536",
                    "name": "SPARK PLUG BOSCH"
                },
                {
                    "id": "FGR6KQE",
                    "name": "SPARK PLUG BOSCH"
                },
                {
                    "id": "0242245571",
                    "name": "SPARK PLUG BOSCH PLAT/IRIDIUM"
                },
                {
                    "id": "AC25GUD",
                    "name": "CABIN AIR FILTER GUD H30 L302 W204"
                },
                {
                    "id": "CF9645",
                    "name": "CABIN AIR FILTER FRAM"
                },
                {
                    "id": "1987432071",
                    "name": "CABIN AIR FILTER BOSCH"
                },
                {
                    "id": "WP6998",
                    "name": "CABIN AIR FILTER WIX"
                },
                {
                    "id": "WP6999",
                    "name": "CABIN AIR FILTER WIX"
                },
                {
                    "id": "ATE1046",
                    "name": "DISC PAD FRNT ATE L156 H73 T20"
                },
                {
                    "id": "ATE1103",
                    "name": "DISC PAD FRNT ATE L156 H73 T20"
                },
                {
                    "id": "ATE864",
                    "name": "DISC PAD FRNT ATE L156 H74 T20"
                },
                {
                    "id": "FDB1407",
                    "name": "DISC PAD FRNT FERODO L155 H73 T19"
                },
                {
                    "id": "FDB1629",
                    "name": "DISC PAD FRNT FERODO L155 H73 T20"
                },
                {
                    "id": "FDB1323",
                    "name": "DISC PAD FRNT FERODO L156 H71 T20"
                },
                {
                    "id": "FDB1496",
                    "name": "DISC PAD FRNT FERODO L156 H74 T20"
                },
                {
                    "id": "FDB1709",
                    "name": "DISC PAD FRNT FERODO L64 H75 T18"
                },
                {
                    "id": "0986494271",
                    "name": "DISC PAD FRNT BOSCH L155 H73 T20"
                },
                {
                    "id": "0986494283",
                    "name": "DISC PAD FRNT BOSCH L155 H73 T20"
                },
                {
                    "id": "0986494390",
                    "name": "DISC PAD FRNT BOSCH L156 H74 T20"
                },
                {
                    "id": "0986424690",
                    "name": "DISC PAD FRNT BOSCH L64 H74 T18"
                },
                {
                    "id": "0986424482",
                    "name": "DISC PAD FRNT BOSCH L74 H156 T20"
                },
                {
                    "id": "D3497",
                    "name": "DISC PAD FRNT SAFELINE L155 H73 T19"
                },
                {
                    "id": "D3808",
                    "name": "DISC PAD FRNT SAFELINE L156 H73 T16"
                },
                {
                    "id": "D3310",
                    "name": "DISC PAD FRNT SAFELINE L156 H74 T20"
                },
                {
                    "id": "D3914",
                    "name": "DISC PAD FRNT SAFELINE L156 H74 T20"
                },
                {
                    "id": "D3425",
                    "name": "DISC PAD FRNT SAFELINE L76 H64 T18"
                },
                {
                    "id": "OPT3289",
                    "name": "DISC PAD REAR L/R OPTIMA"
                },
                {
                    "id": "05P1230",
                    "name": "DISC PAD FRNT LPR L155 H73 T19"
                },
                {
                    "id": "05P790",
                    "name": "DISC PAD FRNT LPR L156 H74 T20"
                },
                {
                    "id": "05P1121",
                    "name": "DISC PAD FRNT LPR L78 H75 T18"
                },
                {
                    "id": "ADB1890",
                    "name": "DISC PAD FRNT NIPPON L0 H0 T0"
                },
                {
                    "id": "ADB11752",
                    "name": "DISC PAD FRNT NIPPON L155 H73 T19"
                },
                {
                    "id": "ADB11200",
                    "name": "DISC PAD FRNT NIPPON L155 H73 T20"
                },
                {
                    "id": "ADB11753",
                    "name": "DISC PAD FRNT NIPPON L155 H73 T20"
                },
                {
                    "id": "ADB11025",
                    "name": "DISC PAD FRNT NIPPON L156 H74 T20"
                },
                {
                    "id": "ATE561",
                    "name": "DISC PAD REAR ATE L87 H53 T15"
                },
                {
                    "id": "FDB541",
                    "name": "DISC PAD REAR FERODO L87 H53 T15"
                },
                {
                    "id": "FDB1770",
                    "name": "DISC PAD REAR FERODO L87 H53 T16"
                },
                {
                    "id": "FDB1788",
                    "name": "DISC PAD REAR FERODO L87 H53 T17"
                },
                {
                    "id": "0986466683",
                    "name": "DISC PAD REAR BOSCH L87 H53 T14"
                },
                {
                    "id": "0986461769",
                    "name": "DISC PAD REAR BOSCH L87 H53 T16"
                },
                {
                    "id": "D3177",
                    "name": "DISC PAD REAR SAFELINE L87 H53 T15"
                },
                {
                    "id": "D985",
                    "name": "DISC PAD REAR SAFELINE L87 H53 T15"
                },
                {
                    "id": "D3658",
                    "name": "DISC PAD REAR SAFELINE L87 H53 T16"
                },
                {
                    "id": "05P1788",
                    "name": "DISC PAD REAR LPR L87 H53 T16"
                },
                {
                    "id": "ADB01716",
                    "name": "DISC PAD REAR NIPPON L0 H0 T0"
                },
                {
                    "id": "3423547",
                    "name": "ENGINE OIL CASTROL MAGNATEC 5W40 5L"
                },
                {
                    "id": "550053711",
                    "name": "ENGINE OIL SHELL HELIX HX8 5W40 5L"
                }
            ]
        },
        {
            "id": "2",
            "category": "BRAKES",
            "category_parts": [
                {
                    "id": "",
                    "name": ""
                },
                {
                    "id": "ATE1046",
                    "name": "DISC PAD FRNT ATE L156 H73 T20"
                },
                {
                    "id": "ATE1103",
                    "name": "DISC PAD FRNT ATE L156 H73 T20"
                },
                {
                    "id": "ATE864",
                    "name": "DISC PAD FRNT ATE L156 H74 T20"
                },
                {
                    "id": "FDB1407",
                    "name": "DISC PAD FRNT FERODO L155 H73 T19"
                },
                {
                    "id": "FDB1629",
                    "name": "DISC PAD FRNT FERODO L155 H73 T20"
                },
                {
                    "id": "FDB1323",
                    "name": "DISC PAD FRNT FERODO L156 H71 T20"
                },
                {
                    "id": "FDB1496",
                    "name": "DISC PAD FRNT FERODO L156 H74 T20"
                },
                {
                    "id": "FDB1709",
                    "name": "DISC PAD FRNT FERODO L64 H75 T18"
                },
                {
                    "id": "0986494271",
                    "name": "DISC PAD FRNT BOSCH L155 H73 T20"
                },
                {
                    "id": "0986494283",
                    "name": "DISC PAD FRNT BOSCH L155 H73 T20"
                },
                {
                    "id": "0986494390",
                    "name": "DISC PAD FRNT BOSCH L156 H74 T20"
                },
                {
                    "id": "0986424690",
                    "name": "DISC PAD FRNT BOSCH L64 H74 T18"
                },
                {
                    "id": "0986424482",
                    "name": "DISC PAD FRNT BOSCH L74 H156 T20"
                },
                {
                    "id": "D3497",
                    "name": "DISC PAD FRNT SAFELINE L155 H73 T19"
                },
                {
                    "id": "D3808",
                    "name": "DISC PAD FRNT SAFELINE L156 H73 T16"
                },
                {
                    "id": "D3310",
                    "name": "DISC PAD FRNT SAFELINE L156 H74 T20"
                },
                {
                    "id": "D3914",
                    "name": "DISC PAD FRNT SAFELINE L156 H74 T20"
                },
                {
                    "id": "D3425",
                    "name": "DISC PAD FRNT SAFELINE L76 H64 T18"
                },
                {
                    "id": "OPT3289",
                    "name": "DISC PAD REAR L/R OPTIMA"
                },
                {
                    "id": "05P1230",
                    "name": "DISC PAD FRNT LPR L155 H73 T19"
                },
                {
                    "id": "05P790",
                    "name": "DISC PAD FRNT LPR L156 H74 T20"
                },
                {
                    "id": "05P1121",
                    "name": "DISC PAD FRNT LPR L78 H75 T18"
                },
                {
                    "id": "ADB1890",
                    "name": "DISC PAD FRNT NIPPON L0 H0 T0"
                },
                {
                    "id": "ADB11752",
                    "name": "DISC PAD FRNT NIPPON L155 H73 T19"
                },
                {
                    "id": "ADB11200",
                    "name": "DISC PAD FRNT NIPPON L155 H73 T20"
                },
                {
                    "id": "ADB11753",
                    "name": "DISC PAD FRNT NIPPON L155 H73 T20"
                },
                {
                    "id": "ADB11025",
                    "name": "DISC PAD FRNT NIPPON L156 H74 T20"
                },
                {
                    "id": "ATE561",
                    "name": "DISC PAD REAR ATE L87 H53 T15"
                },
                {
                    "id": "FDB541",
                    "name": "DISC PAD REAR FERODO L87 H53 T15"
                },
                {
                    "id": "FDB1770",
                    "name": "DISC PAD REAR FERODO L87 H53 T16"
                },
                {
                    "id": "FDB1788",
                    "name": "DISC PAD REAR FERODO L87 H53 T17"
                },
                {
                    "id": "0986466683",
                    "name": "DISC PAD REAR BOSCH L87 H53 T14"
                },
                {
                    "id": "0986461769",
                    "name": "DISC PAD REAR BOSCH L87 H53 T16"
                },
                {
                    "id": "D3177",
                    "name": "DISC PAD REAR SAFELINE L87 H53 T15"
                },
                {
                    "id": "D985",
                    "name": "DISC PAD REAR SAFELINE L87 H53 T15"
                },
                {
                    "id": "D3658",
                    "name": "DISC PAD REAR SAFELINE L87 H53 T16"
                },
                {
                    "id": "05P1788",
                    "name": "DISC PAD REAR LPR L87 H53 T16"
                },
                {
                    "id": "ADB01716",
                    "name": "DISC PAD REAR NIPPON L0 H0 T0"
                },
                {
                    "id": "DR7001",
                    "name": "BRAKE DISC FV ALFA D320 H46 S68 [5]"
                },
                {
                    "id": "DR7520",
                    "name": "BRAKE DISC FV ALFA D320 H46 S68 [9]"
                },
                {
                    "id": "DR7041",
                    "name": "BRAKE DISC FV ALFA D321 H52 S68 [10]"
                },
                {
                    "id": "130.0113",
                    "name": "BRAKE DISC FV ATE D320 H47 S68 ID137 [5]"
                },
                {
                    "id": "DDF1166C",
                    "name": "BRAKE DISC FV FERODO D320 H46 S68 [9]"
                },
                {
                    "id": "DDF1166C-1",
                    "name": "BRAKE DISC FV FERODO D320 H46 S68 [9]"
                },
                {
                    "id": "DDF1705",
                    "name": "BRAKE DISC FV FERODO D320 H46 S68 [9]"
                },
                {
                    "id": "DDF1705C",
                    "name": "BRAKE DISC FV FERODO D320 H46 S68 [9]"
                },
                {
                    "id": "DDF1705C-1",
                    "name": "BRAKE DISC FV FERODO D320 H46 S68 [9]"
                },
                {
                    "id": "DDF1422",
                    "name": "BRAKE DISC FV FERODO D320 H47 S68 [5]"
                },
                {
                    "id": "DDF1422C-1",
                    "name": "BRAKE DISC FV FERODO D320 H47 S68 [5]"
                },
                {
                    "id": "DDF1166",
                    "name": "BRAKE DISC FV FERODO D321 H46 S68 [10]"
                },
                {
                    "id": "DDF1983C",
                    "name": "BRAKE DISC FV FERODO D321 H52 S68 [5]"
                },
                {
                    "id": "DDF1983C-1",
                    "name": "BRAKE DISC FV FERODO D321 H52 S68 [5]"
                },
                {
                    "id": "DR7040",
                    "name": "BRAKE DISC RS ALFA D245 H53 S68 [5]"
                },
                {
                    "id": "DR7161",
                    "name": "BRAKE DISC RS ALFA D255 H47 S68 [5]"
                },
                {
                    "id": "DR7039",
                    "name": "BRAKE DISC RS ALFA D255 H53 S68 [5]"
                },
                {
                    "id": "DR7196",
                    "name": "BRAKE DISC RV ALFA D269 H54 S68 [5]"
                },
                {
                    "id": "122-0222",
                    "name": "BRAKE DISC REAR ATE [V] 269MM"
                },
                {
                    "id": "DDF1033",
                    "name": "BRAKE DISC RS FERODO D245 H54 S68 [5]"
                },
                {
                    "id": "DDF1033C",
                    "name": "BRAKE DISC RS FERODO D245 H54 S68 [5]"
                },
                {
                    "id": "DDF1177",
                    "name": "BRAKE DISC RS FERODO D255 H48 S68 [5]"
                },
                {
                    "id": "DDF1177C",
                    "name": "BRAKE DISC RS FERODO D255 H48 S68 [5]"
                },
                {
                    "id": "DDF1190",
                    "name": "BRAKE DISC RS FERODO D255 H54 S68 [5]"
                },
                {
                    "id": "DDF1190C",
                    "name": "BRAKE DISC RS FERODO D255 H54 S68 [5]"
                },
                {
                    "id": "DDF2151",
                    "name": "BRAKE DISC RV FERODO D269 H54 S68 [0]"
                },
                {
                    "id": "DDF2151C",
                    "name": "BRAKE DISC RV FERODO D269 H54 S68 [5]"
                },
                {
                    "id": "0986480935",
                    "name": "BRAKE M/CYL BOSCH"
                },
                {
                    "id": "0986480966",
                    "name": "BRAKE M/CYL BOSCH"
                },
                {
                    "id": "0986481046",
                    "name": "BRAKE M/CYL BOSCH"
                },
                {
                    "id": "AM1152",
                    "name": "BRAKE M/CYL 25.40MM TC"
                },
                {
                    "id": "BM254.9008",
                    "name": "BRAKE M/CYL PQ"
                },
                {
                    "id": "SEA8427E",
                    "name": "BRAKE M/CYL KIT 25.4 MM CPD"
                },
                {
                    "id": "SEA8429E",
                    "name": "BRAKE M/CYL KIT 25.4 MM CPD"
                },
                {
                    "id": "P8427X",
                    "name": "BRAKE M/CYL KIT 23.8MM GIRLING PQ"
                },
                {
                    "id": "P8429X",
                    "name": "BRAKE M/CYL KIT 25.4MM ATE PQ"
                },
                {
                    "id": "BMK254.8427",
                    "name": "BRAKE M/CYL KIT PQ"
                },
                {
                    "id": "BMK254.8429",
                    "name": "BRAKE M/CYL KIT PQ"
                },
                {
                    "id": "RW995",
                    "name": "CABLE H/BRAKE REAR [LHS] PQ"
                },
                {
                    "id": "RW996",
                    "name": "CABLE H/BRAKE REAR [RHS] PQ"
                },
                {
                    "id": "CK60.2564",
                    "name": "CALIPER KIT FRNT 60MM PQ"
                },
                {
                    "id": "CK38.2535",
                    "name": "CALIPER KIT REAR 38MM PQ"
                },
                {
                    "id": "1633-1",
                    "name": "ANTI-RATTLE CLIP FRNT BHCS"
                },
                {
                    "id": "SED7003C",
                    "name": "CAL GUIDE BOLT FRNT CPD"
                },
                {
                    "id": "1306X",
                    "name": "CALIPER GUIDE BOLT KIT FRNT BHCS"
                },
                {
                    "id": "P2564S",
                    "name": "CALIPER KIT FRNT 60MM ATE PQ"
                },
                {
                    "id": "P2535S",
                    "name": "CALIPER KIT REAR 38MM ATE PQ"
                },
                {
                    "id": "113-1306X",
                    "name": "BRAKE CALIPER GUIDE SLEEVE KIT QB"
                },
                {
                    "id": "113-1346X",
                    "name": "BRAKE CALIPER GUIDE SLEEVE KIT QB"
                }
            ]
        },
        {
            "id": "3",
            "category": "SUSPENSION COMPONENTS [FRONT]",
            "category_parts": [
                {
                    "id": "",
                    "name": ""
                },
                {
                    "id": "VKDA35118",
                    "name": "TOP MOUNT FRNT SHOCK [SINGLE] FRNT SKF"
                },
                {
                    "id": "VKDA35118T",
                    "name": "TOP MOUNT FRNT SHOCK [TWIN PACK] FRNT SKF"
                },
                {
                    "id": "AU2824",
                    "name": "MOUNTING SHOCK REAR L/R TEKNOSA"
                },
                {
                    "id": "ST-5194",
                    "name": "MOUNTING STRUT REAR L/R TEKNOSA"
                },
                {
                    "id": "VKDP33111T",
                    "name": "DUST COVER KIT FRNT SKF"
                },
                {
                    "id": "VKDP33141T",
                    "name": "DUST COVER KIT FRNT SKF"
                },
                {
                    "id": "VKDP43136T",
                    "name": "DUST COVER KIT REAR SKF"
                },
                {
                    "id": "VKDP43138T",
                    "name": "DUST COVER KIT REAR SKF"
                },
                {
                    "id": "11782AP",
                    "name": "CONTROL ARM UPPER LHS A-PLUS"
                },
                {
                    "id": "15159AP",
                    "name": "CONTROL ARM UPPER LHS A-PLUS"
                },
                {
                    "id": "11781AP",
                    "name": "CONTROL ARM UPPER RHS A-PLUS"
                },
                {
                    "id": "15158AP",
                    "name": "CONTROL ARM UPPER RHS A-PLUS"
                },
                {
                    "id": "AU2029",
                    "name": "CONTROL ARM LOWER FRNT L/R TEKNOSA"
                },
                {
                    "id": "AU2032",
                    "name": "CONTROL ARM LOWER FRNT L/R TEKNOSA"
                },
                {
                    "id": "AU2030",
                    "name": "CONTROL ARM LOWER FRNT LHS TEKNOSA"
                },
                {
                    "id": "AU2031",
                    "name": "CONTROL ARM LOWER FRNT RHS TEKNOSA"
                },
                {
                    "id": "AU1711",
                    "name": "CONTROL ARM UPPER FRNT LHS TEKNOSA"
                },
                {
                    "id": "AU1713",
                    "name": "CONTROL ARM UPPER FRNT LHS TEKNOSA"
                },
                {
                    "id": "AU1712",
                    "name": "CONTROL ARM UPPER FRNT RHS TEKNOSA"
                },
                {
                    "id": "AU1714",
                    "name": "CONTROL ARM UPPER FRNT RHS TEKNOSA"
                },
                {
                    "id": "13821AP",
                    "name": "CONTROL ARM LOWER L/R A-PLUS"
                },
                {
                    "id": "15658AP",
                    "name": "CONTROL ARM LOWER L/R A-PLUS [01-]"
                },
                {
                    "id": "11159AP",
                    "name": "CONTROL ARM LOWER LHS A-PLUS"
                },
                {
                    "id": "11160AP",
                    "name": "CONTROL ARM LOWER RHS A-PLUS"
                },
                {
                    "id": "FEB11350",
                    "name": "C/ARM LOWER L\u0026R [STRAIGHT]"
                },
                {
                    "id": "DA1190",
                    "name": "C/ARM LOWER L\u0026R [STRAIGHT]"
                },
                {
                    "id": "00191",
                    "name": "CONTROL ARM LOWER OSSCA/ATS"
                },
                {
                    "id": "00192",
                    "name": "CONTROL ARM LOWER OSSCA/ATS"
                },
                {
                    "id": "00198",
                    "name": "CONTROL ARM LOWER OSSCA/ATS"
                },
                {
                    "id": "BJ1020",
                    "name": "WISHBONE LINK ARM FRONT LOWER L/R PQ"
                },
                {
                    "id": "BJ292",
                    "name": "TRACK CONTROL ARM LOWER LHS PQ"
                },
                {
                    "id": "BJ293",
                    "name": "TRACK CONTROL ARM LOWER RHS PQ"
                },
                {
                    "id": "VKDS331012",
                    "name": "C/ARM BUSH L* H50 ID12.2 OD40.2 SKF"
                },
                {
                    "id": "AU2119",
                    "name": "BUSH CONT ARM LOW FRNT L/R TEKNOSA"
                },
                {
                    "id": "AU2120",
                    "name": "BUSH CONT ARM LOW FRNT L/R TEKNOSA"
                },
                {
                    "id": "AU2121",
                    "name": "BUSH CONT ARM LOW FRNT L/R TEKNOSA"
                },
                {
                    "id": "AU2122",
                    "name": "BUSH CONT ARM LOW FRNT L/R TEKNOSA"
                },
                {
                    "id": "AU1810",
                    "name": "BUSH CONT ARM UP FRNT L/R TEKNOSA"
                },
                {
                    "id": "VKDS351008",
                    "name": "STAB BAR BUSH L* H* ID* OD* SKF"
                }
            ]
        },
        {
            "id": "4",
            "category": "SUSPENSION COMPONENTS [REAR]",
            "category_parts": [
                {
                    "id": "",
                    "name": ""
                },
                {
                    "id": "VKDP33111T",
                    "name": "DUST COVER KIT FRNT SKF"
                },
                {
                    "id": "VKDP33141T",
                    "name": "DUST COVER KIT FRNT SKF"
                },
                {
                    "id": "VKDP43136T",
                    "name": "DUST COVER KIT REAR SKF"
                },
                {
                    "id": "VKDP43138T",
                    "name": "DUST COVER KIT REAR SKF"
                },
                {
                    "id": "VKDS331012",
                    "name": "C/ARM BUSH L* H50 ID12.2 OD40.2 SKF"
                },
                {
                    "id": "14324AP",
                    "name": "C/ARM BUSH LOWER L/R A-PLUS"
                },
                {
                    "id": "14323AP",
                    "name": "C/ARM BUSH LOWER L/R A-PLUS [ID:12|OD:40"
                },
                {
                    "id": "16848AP",
                    "name": "C/ARM BUSH LOWER L/R A-PLUS [ID:12|OD:40"
                },
                {
                    "id": "14261AP",
                    "name": "C/ARM BUSH LOWER L/R A-PLUS [ID:16|OD:65"
                },
                {
                    "id": "14262AP",
                    "name": "C/ARM BUSH UPPER L/R A-PLUS"
                },
                {
                    "id": "AU2119",
                    "name": "BUSH CONT ARM LOW FRNT L/R TEKNOSA"
                },
                {
                    "id": "AU2120",
                    "name": "BUSH CONT ARM LOW FRNT L/R TEKNOSA"
                },
                {
                    "id": "AU2121",
                    "name": "BUSH CONT ARM LOW FRNT L/R TEKNOSA"
                },
                {
                    "id": "AU2122",
                    "name": "BUSH CONT ARM LOW FRNT L/R TEKNOSA"
                },
                {
                    "id": "AU1810",
                    "name": "BUSH CONT ARM UP FRNT L/R TEKNOSA"
                },
                {
                    "id": "VKDS351008",
                    "name": "STAB BAR BUSH L* H* ID* OD* SKF"
                },
                {
                    "id": "BJ1020",
                    "name": "WISHBONE LINK ARM FRONT LOWER L/R PQ"
                },
                {
                    "id": "14112AP",
                    "name": "STABILIZER LINK L/R A-PLUS L57"
                },
                {
                    "id": "12979AP",
                    "name": "STABILIZER LINK LHS A-PLUS L90"
                },
                {
                    "id": "15192AP",
                    "name": "STABILIZER LINK RHS A-PLUS L90"
                },
                {
                    "id": "AU1521",
                    "name": "STABILIZER LINK FRNT LHS L90 TEKNOSA"
                },
                {
                    "id": "AU1522",
                    "name": "STABILIZER LINK FRNT RHS L90 TEKNOSA"
                },
                {
                    "id": "AU1531",
                    "name": "STABILIZER LINK REAR L/R L57 TEKNOSA"
                }
            ]
        },
        {
            "id": "5",
            "category": "COOLING SYSTEM",
            "category_parts": [
                {
                    "id": "",
                    "name": ""
                },
                {
                    "id": "2374",
                    "name": "THERMOSTAT [67MM 92C] ECHLIN"
                },
                {
                    "id": "2374M",
                    "name": "THERMOSTAT [67MM 92C] MOTOPART"
                },
                {
                    "id": "VT225.92",
                    "name": "THERMOSTAT [67MM 92C] HELLA"
                },
                {
                    "id": "VKPC81808",
                    "name": "WATER PUMP SKF"
                },
                {
                    "id": "W18002",
                    "name": "WATER PUMP AZ"
                },
                {
                    "id": "QCP3477",
                    "name": "WATER PUMP ECHLIN"
                },
                {
                    "id": "A-194",
                    "name": "WATER PUMP DOLZ"
                },
                {
                    "id": "437100-5750",
                    "name": "COMPRESSOR / AIR CONDITIONER DENSO"
                }
            ]
        },
        {
            "id": "6",
            "category": "CLUTCH COMPONENTS",
            "category_parts": [
                {
                    "id": "",
                    "name": ""
                },
                {
                    "id": "0986486054",
                    "name": "CLUTCH M/CYL BOSCH"
                },
                {
                    "id": "0986486061",
                    "name": "CLUTCH M/CYL BOSCH"
                },
                {
                    "id": "CPD.AUD302",
                    "name": "CLUTCH M/CYL 19.05MM CPD"
                },
                {
                    "id": "CM190.9000",
                    "name": "CLUTCH M/CYL PQ"
                },
                {
                    "id": "SEA8515E",
                    "name": "CLUTCH M/CYL KIT 19.05 MM CPD"
                },
                {
                    "id": "SEA8599E",
                    "name": "CLUTCH M/CYL KIT 19.05 MM CPD"
                },
                {
                    "id": "CMK190.8515",
                    "name": "CLUTCH M/CYL KIT 19.05MM PQ"
                },
                {
                    "id": "P8515X",
                    "name": "CLUTCH M/CYL KIT 19.05MM PQ"
                },
                {
                    "id": "P8599X",
                    "name": "CLUTCH M/CYL KIT PQ"
                },
                {
                    "id": "0986486548",
                    "name": "CLUTCH S/CYL BOSCH"
                },
                {
                    "id": "CPD.VW202",
                    "name": "CLUTCH S/CYL 22.22MM CPD"
                },
                {
                    "id": "CPD.VW212",
                    "name": "CLUTCH S/CYL 22.22MM CPD"
                },
                {
                    "id": "CS222.9001",
                    "name": "CLUTCH S/CYL PQ"
                },
                {
                    "id": "P2341S",
                    "name": "CLUTCH S/CYL KIT 22.22MM FAG PQ"
                },
                {
                    "id": "P2573S",
                    "name": "CLUTCH S/CYL KIT 22.22MM SACHS PQ"
                },
                {
                    "id": "SEA2341E",
                    "name": "CLUTCH S/CYL KIT 22.22 MM CPD"
                },
                {
                    "id": "SEA2573E",
                    "name": "CLUTCH S/CYL KIT 22.22 MM CPD"
                },
                {
                    "id": "AR7067",
                    "name": "GEARBOX MOUNTING LHS \u0026 RHS AUTO PQ"
                },
                {
                    "id": "FEB31980",
                    "name": "GEARBOX MOUNTING [AUTO LHS/RHS FEBI"
                }
            ]
        },
        {
            "id": "7",
            "category": "IGNITION SYSTEM",
            "category_parts": [
                {
                    "id": "",
                    "name": ""
                },
                {
                    "id": "IC329",
                    "name": "IGNITION COIL ECHLIN [4 PIN]"
                },
                {
                    "id": "IC326",
                    "name": "IGNITION COIL [4 PIN]"
                },
                {
                    "id": "111457",
                    "name": "IGNITION COIL HUCO [4 PIN]"
                },
                {
                    "id": "111468",
                    "name": "IGNITION COIL [4 PIN]"
                },
                {
                    "id": "157500",
                    "name": "IGNITION COIL B/CORD [4 PIN]"
                },
                {
                    "id": "0986221024",
                    "name": "IGNITION COIL BOSCH [4 PIN]"
                },
                {
                    "id": "IC9009",
                    "name": "IGNITION COIL [4 PIN]"
                },
                {
                    "id": "IC401418",
                    "name": "IGNITION COIL KAIZEN"
                }
            ]
        },
        {
            "id": "8",
            "category": "DRIVESHAFT COMPONENTS",
            "category_parts": [
                {
                    "id": "",
                    "name": ""
                },
                {
                    "id": "AD5710F2A",
                    "name": "CV JOINT OUTER FRNT L/R 38X27X59.5XIX45W TEKNOSA"
                },
                {
                    "id": "AD5710F2A-X",
                    "name": "CV JOINT OUTER FRNT L/R 38X27X59.5XIX45W X-LINE"
                },
                {
                    "id": "VKJP3005",
                    "name": "CV BOOT KIT OUTER SKF"
                },
                {
                    "id": "CV120K",
                    "name": "CV BOOT KIT OUTER [FRNT] PQ"
                },
                {
                    "id": "CV191K",
                    "name": "CV BOOT KIT OUTER [REAR] PQ"
                },
                {
                    "id": "VKJP6505",
                    "name": "CV BOOT KIT INNER SKF"
                },
                {
                    "id": "VKJP8273",
                    "name": "CV BOOT KIT INNER SKF"
                },
                {
                    "id": "RK203M",
                    "name": "CV BOOT INNER + OUTER 108MM"
                },
                {
                    "id": "CV308K",
                    "name": "CV BOOT KIT INNER [AUTO]"
                },
                {
                    "id": "CV54K",
                    "name": "CV BOOT KIT INNER [F+R +FLANGE PQ"
                },
                {
                    "id": "CV118K",
                    "name": "CV BOOT KIT INNER [F+R -FLANGE PQ"
                }
            ]
        },
        {
            "id": "9",
            "category": "FUEL SYSTEM",
            "category_parts": [
                {
                    "id": "",
                    "name": ""
                },
                {
                    "id": "E98",
                    "name": "FUEL INJECTION FILTER GUD"
                },
                {
                    "id": "G3747",
                    "name": "FUEL FILTER FRAM"
                },
                {
                    "id": "0450905906",
                    "name": "FUEL FILTER BOSCH"
                },
                {
                    "id": "WF8029",
                    "name": "FUEL FILTER WIX"
                }
            ]
        },
        {
            "id": "10",
            "category": "TIMING COMPONENTS",
            "category_parts": [
                {
                    "id": "",
                    "name": ""
                },
                {
                    "id": "VKMA01909",
                    "name": "T/BELT KIT SKF"
                },
                {
                    "id": "VKMA01900",
                    "name": "TIM BELT KIT SKF"
                },
                {
                    "id": "1987948323",
                    "name": "T/BELT KIT BOSCH"
                },
                {
                    "id": "1987948954",
                    "name": "TIM BELT KIT BOSCH"
                },
                {
                    "id": "1987948195",
                    "name": "TIM BELT KIT BOSCH [AUD253]"
                },
                {
                    "id": "K075493XS",
                    "name": "TIM BELT KIT [AUD253] GATES"
                },
                {
                    "id": "K085493XS",
                    "name": "TIM BELT KIT [AUD253] GATES"
                },
                {
                    "id": "K095493XS",
                    "name": "TIM BELT KIT [AUD253] GATES"
                },
                {
                    "id": "AUD253-FSD",
                    "name": "TIM BELT [253X30MM] 5493XS AUTOBAX"
                },
                {
                    "id": "VKMV6PK2680",
                    "name": "MULTI-GROOVE BELT SKF"
                },
                {
                    "id": "VKM11154",
                    "name": "T/BELT TENSIONER [D:** W:**] SKF"
                },
                {
                    "id": "VKM11207",
                    "name": "T/BELT TENSIONER [D:62 W:34] CENTRE SKF"
                },
                {
                    "id": "VKM21203",
                    "name": "TIM BELT GUIDE [28X34] SKF"
                },
                {
                    "id": "GT60390",
                    "name": "TENSIONER GMB"
                },
                {
                    "id": "GT60395",
                    "name": "TENSIONER GMB"
                },
                {
                    "id": "GT60400",
                    "name": "TENSIONER GMB"
                },
                {
                    "id": "GT60410",
                    "name": "IDLER GMB"
                }
            ]
        },
        {
            "id": "11",
            "category": "CYLINDER HEAD COMPONENTS",
            "category_parts": [
                {
                    "id": "",
                    "name": ""
                },
                {
                    "id": "BY2031",
                    "name": "CYL HEAD GASKET PAYEN"
                },
                {
                    "id": "BY2032",
                    "name": "CYL HEAD GASKET PAYEN"
                },
                {
                    "id": "324710",
                    "name": "CAMSHAFT OIL SEAL"
                },
                {
                    "id": "NB446",
                    "name": "CAMSHAFT OIL SEAL [324710]"
                },
                {
                    "id": "01079",
                    "name": "CAMSHAFT SENSOR OSSCA/ATS"
                },
                {
                    "id": "14-32127-02",
                    "name": "CYL HEAD BOLT SET REINZ"
                },
                {
                    "id": "00130",
                    "name": "OIL FILLER CAP OSSCA/ATS"
                }
            ]
        },
        {
            "id": "12",
            "category": "ENGINE SUB ASSEMBLY",
            "category_parts": [
                {
                    "id": "",
                    "name": ""
                },
                {
                    "id": "324710",
                    "name": "CAMSHAFT OIL SEAL"
                },
                {
                    "id": "NB446",
                    "name": "CAMSHAFT OIL SEAL [324710]"
                }
            ]
        },
        {
            "id": "13",
            "category": "MOUNTINGS ",
            "category_parts": [
                {
                    "id": "",
                    "name": ""
                },
                {
                    "id": "SB-8191",
                    "name": "MOUNTING ENGINE FRNT L/R TEKNOSA"
                },
                {
                    "id": "SB-9138",
                    "name": "MOUNTING ENGINE FRNT L/R TEKNOSA"
                },
                {
                    "id": "SB-9139",
                    "name": "MOUNTING ENGINE FRNT L/R TEKNOSA"
                },
                {
                    "id": "SB-9843",
                    "name": "MOUNTING ENGINE FRNT L/R TEKNOSA"
                },
                {
                    "id": "AR7067",
                    "name": "GEARBOX MOUNTING LHS \u0026 RHS AUTO PQ"
                },
                {
                    "id": "FEB31980",
                    "name": "GEARBOX MOUNTING [AUTO LHS/RHS FEBI"
                },
                {
                    "id": "SB-8178",
                    "name": "MOUNTING GEARBOX F/R L/R TEKNOSA"
                },
                {
                    "id": "AU2824",
                    "name": "MOUNTING SHOCK REAR L/R TEKNOSA"
                },
                {
                    "id": "ST-5194",
                    "name": "MOUNTING STRUT REAR L/R TEKNOSA"
                }
            ]
        },
        {
            "id": "14",
            "category": "STARTER COMPONENTS",
            "category_parts": [
                {
                    "id": "",
                    "name": ""
                },
                {
                    "id": "112552",
                    "name": "STARTER MOTOR CARGO"
                }
            ]
        },
        {
            "id": "17",
            "category": "SWITCHES \u0026 ACCESSORIES",
            "category_parts": [
                {
                    "id": "",
                    "name": ""
                },
                {
                    "id": "F658",
                    "name": "BATTERY EXIDE/MIDAS"
                },
                {
                    "id": "W658",
                    "name": "BATTERY WILLARD"
                },
                {
                    "id": "3397004918",
                    "name": "WIPER BLADE FRNT PASS BOSCH"
                },
                {
                    "id": "BU19-22",
                    "name": "WIPER BLADE FRNT [DR/PASS] CHAMPION"
                },
                {
                    "id": "EU55",
                    "name": "WIPER BLADE FRNT [DR/PASS] CHAMPION"
                },
                {
                    "id": "EU55",
                    "name": "WIPER BLADE FRNT [DR/PASS] CHAMPION"
                },
                {
                    "id": "575006",
                    "name": "WIPER BLADE VALEO 21 INCH"
                },
                {
                    "id": "575553",
                    "name": "WIPER BLADE VALEO 21 INCH"
                },
                {
                    "id": "575007",
                    "name": "WIPER BLADE VALEO 22 INCH"
                },
                {
                    "id": "575555",
                    "name": "WIPER BLADE VALEO 22 INCH"
                },
                {
                    "id": "3397004917",
                    "name": "WIPER BLADE FRNT [PASS] BOSCH"
                },
                {
                    "id": "B15-1",
                    "name": "WIPER BLADE REAR OSSCA/ATS"
                },
                {
                    "id": "3397011353",
                    "name": "WIPER BLADE REAR BOSCH"
                },
                {
                    "id": "TS6136",
                    "name": "TEMP SENDER UNIT [P/FIT 2-PIN] ECHLIN"
                },
                {
                    "id": "FEB29318",
                    "name": "TEMP SENDER UNIT [P/FIT 2-PIN] FEBI"
                },
                {
                    "id": "08081",
                    "name": "BLOWER MOTOR RESISTOR OSSCA/ATS [3PIN-12V]"
                }
            ]
        },
        {
            "id": "18",
            "category": "GASKETS ",
            "category_parts": [
                {
                    "id": "",
                    "name": ""
                },
                {
                    "id": "BY2031",
                    "name": "CYL HEAD GASKET PAYEN"
                },
                {
                    "id": "BY2032",
                    "name": "CYL HEAD GASKET PAYEN"
                }
            ]
        },
        {
            "id": "20",
            "category": "SEALS ",
            "category_parts": [
                {
                    "id": "",
                    "name": ""
                },
                {
                    "id": "324710",
                    "name": "CAMSHAFT OIL SEAL"
                },
                {
                    "id": "NB446",
                    "name": "CAMSHAFT OIL SEAL [324710]"
                }
            ]
        },
        {
            "id": "21",
            "category": "SENSORS \u0026 RELAYS",
            "category_parts": [
                {
                    "id": "",
                    "name": ""
                },
                {
                    "id": "01079",
                    "name": "CAMSHAFT SENSOR OSSCA/ATS"
                }
            ]
        },
        {
            "id": "22",
            "category": "CABLES ",
            "category_parts": [
                {
                    "id": "",
                    "name": ""
                },
                {
                    "id": "RW995",
                    "name": "CABLE H/BRAKE REAR [LHS] PQ"
                },
                {
                    "id": "RW996",
                    "name": "CABLE H/BRAKE REAR [RHS] PQ"
                }
            ]
        },
        {
            "id": "23",
            "category": "LUBRICANTS",
            "category_parts": [
                {
                    "id": "",
                    "name": ""
                },
                {
                    "id": "3423547",
                    "name": "ENGINE OIL CASTROL MAGNATEC 5W40 5L"
                },
                {
                    "id": "550053711",
                    "name": "ENGINE OIL SHELL HELIX HX8 5W40 5L"
                }
            ]
        },
        {
            "id": "24",
            "category": "WHEEL BEARINGS",
            "category_parts": [
                {
                    "id": "",
                    "name": ""
                },
                {
                    "id": "VKBA3536",
                    "name": "WHEEL BRG KIT FRNT [+HUB] SKF"
                },
                {
                    "id": "ATC9017",
                    "name": "WHEEL BRG KIT FRNT [+HUB] TC"
                },
                {
                    "id": "PQ693",
                    "name": "WHEEL BRG KIT FRONT ID43 PQ"
                },
                {
                    "id": "FAG1043",
                    "name": "WHEEL BRG KIT FRNT [+HUB]"
                },
                {
                    "id": "FEB29837",
                    "name": "WHEEL BRG KIT FRNT [+HUB]"
                },
                {
                    "id": "WBHU220",
                    "name": "WHEEL BRG KIT FRNT [+HUB]"
                },
                {
                    "id": "VKBA3536",
                    "name": "WHEEL BRG KIT REAR [+HUB] SKF"
                }
            ]
        },
        {
            "id": "26",
            "category": "STEERING",
            "category_parts": [
                {
                    "id": "",
                    "name": ""
                },
                {
                    "id": "SR113",
                    "name": "STEERING RACK BOOT"
                },
                {
                    "id": "SR80",
                    "name": "STEERING RACK BOOT"
                },
                {
                    "id": "SR113B",
                    "name": "STEERING RACK BOOT [LHS] PQ"
                },
                {
                    "id": "SR80B",
                    "name": "STEERING RACK BOOT [RHS] PQ"
                },
                {
                    "id": "11251AP",
                    "name": "STEERING RACK END L/R A-PLUS L128"
                },
                {
                    "id": "AU1414",
                    "name": "RACK END FRNT L/R L128 TEKNOSA"
                },
                {
                    "id": "VKDY321501",
                    "name": "STEERING RACK END L144.6 SKF"
                },
                {
                    "id": "12731AP",
                    "name": "TIE ROD END ASSEMBLY L/R A-PLUS"
                },
                {
                    "id": "11485AP",
                    "name": "TIE ROD END OUTER L/R A-PLUS"
                },
                {
                    "id": "AU1022",
                    "name": "TIE ROD END OUTER FRNT L/R TEKNOSA"
                },
                {
                    "id": "AU1317",
                    "name": "TIE ROD END SET OUTER FRNT L/R TEKNOSA"
                }
            ]
        },
        {
            "id": "27",
            "category": "BEARINGS",
            "category_parts": [
                {
                    "id": "",
                    "name": ""
                },
                {
                    "id": "VKBA3536",
                    "name": "WHEEL BRG KIT FRNT [+HUB] SKF"
                },
                {
                    "id": "ATC9017",
                    "name": "WHEEL BRG KIT FRNT [+HUB] TC"
                },
                {
                    "id": "PQ693",
                    "name": "WHEEL BRG KIT FRONT ID43 PQ"
                },
                {
                    "id": "FAG1043",
                    "name": "WHEEL BRG KIT FRNT [+HUB]"
                },
                {
                    "id": "FEB29837",
                    "name": "WHEEL BRG KIT FRNT [+HUB]"
                },
                {
                    "id": "WBHU220",
                    "name": "WHEEL BRG KIT FRNT [+HUB]"
                },
                {
                    "id": "VKBA3536",
                    "name": "WHEEL BRG KIT REAR [+HUB] SKF"
                }
            ]
        },
        {
            "id": "28",
            "category": "AIR CONDITIONING",
            "category_parts": [
                {
                    "id": "",
                    "name": ""
                },
                {
                    "id": "437100-5750",
                    "name": "COMPRESSOR / AIR CONDITIONER DENSO"
                }
            ]
        },
        {
            "id": "28",
            "category": "AIR CONDITIONING",
            "category_parts": [
                {
                    "id": "",
                    "name": ""
                },
                {
                    "id": "437100-5750",
                    "name": "COMPRESSOR / AIR CONDITIONER DENSO"
                }
            ]
        }
    ]
}
