{
    "id": "206",
    "parts": [
        {
            "id": "1",
            "category": "SERVICE PARTS",
            "category_parts": [
                {
                    "id": "",
                    "name": ""
                },
                {
                    "id": "M148",
                    "name": "OIL FILTER GUD CARTRIDGE METAL FREE H103 OD65 IDT34"
                },
                {
                    "id": "CH11498ECO",
                    "name": "OIL FILTER FRAM"
                },
                {
                    "id": "CH11675ECO",
                    "name": "OIL FILTER FRAM"
                },
                {
                    "id": "COF100673E",
                    "name": "OIL FILTER CHAMPION"
                },
                {
                    "id": "47827",
                    "name": "OIL FILTER H104MM OD65MM FEBI"
                },
                {
                    "id": "ADV182125",
                    "name": "OIL FILTER H104MM OD65MM BLUEPRINT"
                },
                {
                    "id": "WL7514",
                    "name": "OIL FILTER WIX"
                },
                {
                    "id": "AG1573",
                    "name": "AIR FILTER GUD PANEL L292 W176 H71"
                },
                {
                    "id": "CA11499",
                    "name": "AIR FILTER FRAM"
                },
                {
                    "id": "CA11876",
                    "name": "AIR FILTER FRAM"
                },
                {
                    "id": "CAF101064P",
                    "name": "AIR FILTER CHAMPION"
                },
                {
                    "id": "CAF101162P",
                    "name": "AIR FILTER CHAMPION"
                },
                {
                    "id": "F026400287",
                    "name": "AIR FILTER BOSCH"
                },
                {
                    "id": "WA9759",
                    "name": "AIR FILTER WIX"
                },
                {
                    "id": "WA9779",
                    "name": "AIR FILTER WIX"
                },
                {
                    "id": "02-554",
                    "name": "AIR FILTER GENERIC"
                },
                {
                    "id": "M132",
                    "name": "DIESEL FILTER GUD CARTRIDGE METAL FREE H134 OD94 IDT9"
                },
                {
                    "id": "M175",
                    "name": "DIESEL FILTER GUD CARTRIDGE METAL FREE H138 OD94"
                },
                {
                    "id": "M172",
                    "name": "DIESEL FILTER GUD CARTRIDGE METAL FREE H151 OD94 IDT9"
                },
                {
                    "id": "C11497ECO",
                    "name": "FUEL FILTER FRAM"
                },
                {
                    "id": "CFF100641",
                    "name": "FUEL FILTER CHAMPION"
                },
                {
                    "id": "1457070014",
                    "name": "DIESEL FILTER BOSCH H150 OD77 ID9"
                },
                {
                    "id": "WF8477",
                    "name": "FUEL FILTER WIX"
                },
                {
                    "id": "WF8512",
                    "name": "FUEL FILTER WIX"
                },
                {
                    "id": "06-128",
                    "name": "FUEL FILTER GENERIC"
                },
                {
                    "id": "Y-1002AS",
                    "name": "GLOW PLUG NGK"
                },
                {
                    "id": "DG-193",
                    "name": "GLOW PLUG DENSO INSTANT HEATING [PL24MM HEX10MM 10-12NM 4.4V M10X1.0]"
                },
                {
                    "id": "CH705",
                    "name": "GLOW PLUG CHAMPION"
                },
                {
                    "id": "0250403009",
                    "name": "GLOW PLUG BOSCH"
                },
                {
                    "id": "AC129GUD",
                    "name": "CABIN AIR FILTER GUD H30 L254 W235"
                },
                {
                    "id": "CF11643",
                    "name": "CABIN AIR FILTER FRAM"
                },
                {
                    "id": "CFA11643",
                    "name": "CABIN AIR FILTER FRAM"
                },
                {
                    "id": "CCF0480",
                    "name": "CABIN AIR FILTER CHAMPION"
                },
                {
                    "id": "WP2089",
                    "name": "CABIN AIR FILTER WIX CARBON"
                },
                {
                    "id": "WP2088",
                    "name": "CABIN AIR FILTER WIX PAPER"
                },
                {
                    "id": "ATE1244",
                    "name": "DISC PAD FRNT ATE L160 H65 T20"
                },
                {
                    "id": "FDB4433",
                    "name": "DISC PAD FRNT FERODO L160 H65 T20"
                },
                {
                    "id": "0986494660",
                    "name": "DISC PAD FRNT BOSCH L160 H65 T20"
                },
                {
                    "id": "D4195",
                    "name": "DISC PAD FRNT SAFELINE L146 H62 T18"
                },
                {
                    "id": "D4088",
                    "name": "DISC PAD FRNT SAFELINE L160 H65 T19"
                },
                {
                    "id": "OPT7135",
                    "name": "DISC PAD FRNT L/R OPTIMA"
                },
                {
                    "id": "OPT4088",
                    "name": "DISC PAD FRNT OPTIMA L160 H65"
                },
                {
                    "id": "OPT4089",
                    "name": "DISC PAD REAR OPTIMA L123 H61"
                },
                {
                    "id": "05P1834",
                    "name": "DISC PAD FRNT LPR L160 H65 T20"
                },
                {
                    "id": "ADB12158",
                    "name": "DISC PAD FRNT NIPPON L160 H65 T20"
                },
                {
                    "id": "ATE1263",
                    "name": "DISC PAD REAR ATE L123 H56 T15"
                },
                {
                    "id": "FDB4434",
                    "name": "DISC PAD REAR FERODO L123 H56 T16"
                },
                {
                    "id": "FDB4697",
                    "name": "DISC PAD REAR FERODO L123 H57 T17"
                },
                {
                    "id": "P85125",
                    "name": "DISC PAD REAR BREMBO L123 H56 T16"
                },
                {
                    "id": "P85125X",
                    "name": "DISC PAD REAR BREMBO L123 H56 T16"
                },
                {
                    "id": "0986494659",
                    "name": "DISC PAD REAR BOSCH L123 H61 T16"
                },
                {
                    "id": "D4089",
                    "name": "DISC PAD REAR SAFELINE L123 H61 T18"
                },
                {
                    "id": "05P1835",
                    "name": "DISC PAD REAR LPR L123 H56 T16"
                },
                {
                    "id": "ADB02157",
                    "name": "DISC PAD REAR NIPPON L123 H56 T16"
                },
                {
                    "id": "3433389",
                    "name": "ENGINE OIL CASTROL MAGNATEC 5W30 5L"
                },
                {
                    "id": "550048788",
                    "name": "ENGINE OIL SHELL HELIX ULTRA 5W30 5L"
                }
            ]
        },
        {
            "id": "2",
            "category": "BRAKES",
            "category_parts": [
                {
                    "id": "",
                    "name": ""
                },
                {
                    "id": "ATE1244",
                    "name": "DISC PAD FRNT ATE L160 H65 T20"
                },
                {
                    "id": "FDB4433",
                    "name": "DISC PAD FRNT FERODO L160 H65 T20"
                },
                {
                    "id": "0986494660",
                    "name": "DISC PAD FRNT BOSCH L160 H65 T20"
                },
                {
                    "id": "D4195",
                    "name": "DISC PAD FRNT SAFELINE L146 H62 T18"
                },
                {
                    "id": "D4088",
                    "name": "DISC PAD FRNT SAFELINE L160 H65 T19"
                },
                {
                    "id": "OPT7135",
                    "name": "DISC PAD FRNT L/R OPTIMA"
                },
                {
                    "id": "OPT4088",
                    "name": "DISC PAD FRNT OPTIMA L160 H65"
                },
                {
                    "id": "OPT4089",
                    "name": "DISC PAD REAR OPTIMA L123 H61"
                },
                {
                    "id": "05P1834",
                    "name": "DISC PAD FRNT LPR L160 H65 T20"
                },
                {
                    "id": "ADB12158",
                    "name": "DISC PAD FRNT NIPPON L160 H65 T20"
                },
                {
                    "id": "ATE1263",
                    "name": "DISC PAD REAR ATE L123 H56 T15"
                },
                {
                    "id": "FDB4434",
                    "name": "DISC PAD REAR FERODO L123 H56 T16"
                },
                {
                    "id": "FDB4697",
                    "name": "DISC PAD REAR FERODO L123 H57 T17"
                },
                {
                    "id": "P85125",
                    "name": "DISC PAD REAR BREMBO L123 H56 T16"
                },
                {
                    "id": "P85125X",
                    "name": "DISC PAD REAR BREMBO L123 H56 T16"
                },
                {
                    "id": "0986494659",
                    "name": "DISC PAD REAR BOSCH L123 H61 T16"
                },
                {
                    "id": "D4089",
                    "name": "DISC PAD REAR SAFELINE L123 H61 T18"
                },
                {
                    "id": "05P1835",
                    "name": "DISC PAD REAR LPR L123 H56 T16"
                },
                {
                    "id": "ADB02157",
                    "name": "DISC PAD REAR NIPPON L123 H56 T16"
                },
                {
                    "id": "DR6651",
                    "name": "BRAKE DISC FV ALFA D287 H50 S65 [9]"
                },
                {
                    "id": "DR6260",
                    "name": "BRAKE DISC FV ALFA D288 H49 S65 [9]"
                },
                {
                    "id": "125.0145",
                    "name": "BRAKE DISC FV ATE D288 H50 S65 ID144 [10]"
                },
                {
                    "id": "DDF1218",
                    "name": "BRAKE DISC FV FERODO D288 H50 S65 [5]"
                },
                {
                    "id": "DDF1218C",
                    "name": "BRAKE DISC FV FERODO D288 H50 S65 [5]"
                },
                {
                    "id": "TBD7214-D",
                    "name": "BRAKE DISC FRNT L/R VENTED OPTIMA"
                },
                {
                    "id": "TBD7651-D",
                    "name": "BRAKE DISC FRNT L/R VENTED OPTIMA"
                },
                {
                    "id": "TBD8433-D",
                    "name": "BRAKE DISC FRNT L/R VENTED OPTIMA"
                },
                {
                    "id": "TBD8259-D",
                    "name": "BRAKE DISC REAR L/R SOLID OPTIMA"
                },
                {
                    "id": "TBD7023-D",
                    "name": "BRAKE DISC REAR L/R VENTED OPTIMA"
                },
                {
                    "id": "112.0210",
                    "name": "BRAKE DISC REAR ATE D300 H48 S65 ID173"
                },
                {
                    "id": "DDF1895",
                    "name": "BRAKE DISC RS FERODO D272 H48 S65 [9]"
                },
                {
                    "id": "DDF1895C",
                    "name": "BRAKE DISC RS FERODO D272 H48 S65 [9]"
                },
                {
                    "id": "WS0329B",
                    "name": "DISC PAD SENSOR FRONT [170MM] QB"
                },
                {
                    "id": "BM222.9523",
                    "name": "BRAKE M/CYL PQ"
                },
                {
                    "id": "BM222.9533",
                    "name": "BRAKE M/CYL PQ"
                },
                {
                    "id": "BMK222.8652",
                    "name": "BRAKE M/CYL KIT PQ"
                },
                {
                    "id": "113-1306X",
                    "name": "BRAKE CALIPER GUIDE SLEEVE KIT QB"
                },
                {
                    "id": "113-1458X",
                    "name": "BRAKE CALIPER GUIDE SLEEVE KIT QB"
                }
            ]
        },
        {
            "id": "3",
            "category": "SUSPENSION COMPONENTS [FRONT]",
            "category_parts": [
                {
                    "id": "",
                    "name": ""
                },
                {
                    "id": "AR8909",
                    "name": "STRUT MOUNTING FRNT PQ"
                },
                {
                    "id": "AU2817",
                    "name": "MOUNTING SHOCK FRNT L/R TEKNOSA"
                },
                {
                    "id": "AU2818",
                    "name": "MOUNTING SHOCK REAR L/R TEKNOSA"
                },
                {
                    "id": "FEB45529",
                    "name": "STRUT MOUNTING FRNT FEBI"
                },
                {
                    "id": "22767",
                    "name": "STRUT MOUNTING FRNT OSSCA/ATS"
                },
                {
                    "id": "VKDP33130T",
                    "name": "DUST COVER KIT FRNT SKF"
                },
                {
                    "id": "VKDP33157T",
                    "name": "DUST COVER KIT FRNT SKF"
                },
                {
                    "id": "VKDP33169T",
                    "name": "DUST COVER KIT FRNT SKF"
                },
                {
                    "id": "VW1924",
                    "name": "BALL JOINT LOWER FRNT LHS TEKNOSA"
                },
                {
                    "id": "VW1925",
                    "name": "BALL JOINT LOWER FRNT RHS TEKNOSA"
                },
                {
                    "id": "BJ1139L",
                    "name": "BALL JOINT LOWER LHS PQ"
                },
                {
                    "id": "BJ1182L",
                    "name": "BALL JOINT LOWER LHS PQ"
                },
                {
                    "id": "BJ1139R",
                    "name": "BALL JOINT LOWER RHS PQ"
                },
                {
                    "id": "BJ1182R",
                    "name": "BALL JOINT LOWER RHS PQ"
                },
                {
                    "id": "22226AP",
                    "name": "BALL JOINT LOWER LHS A-PLUS"
                },
                {
                    "id": "22227AP",
                    "name": "BALL JOINT LOWER RHS A-PLUS"
                },
                {
                    "id": "VKDS311011",
                    "name": "BALL JOINT LOWER L* H* ID* OD* SKF"
                },
                {
                    "id": "VKDS311012",
                    "name": "BALL JOINT LOWER L* H* ID* OD* SKF"
                },
                {
                    "id": "VKDS311021",
                    "name": "BALL JOINT LOWER L* H* ID* OD* SKF"
                },
                {
                    "id": "VKDS311022",
                    "name": "BALL JOINT LOWER L* H* ID* OD* SKF"
                },
                {
                    "id": "AU2027",
                    "name": "CONTROL ARM LOWER FRNT LHS TEKNOSA"
                },
                {
                    "id": "AU2028",
                    "name": "CONTROL ARM LOWER FRNT RHS TEKNOSA"
                },
                {
                    "id": "CS247L",
                    "name": "CONTROL ARM LOWER LHS PQ"
                },
                {
                    "id": "CS414L",
                    "name": "CONTROL ARM LOWER LHS PQ"
                },
                {
                    "id": "CS247R",
                    "name": "CONTROL ARM LOWER RHS PQ"
                },
                {
                    "id": "CS414R",
                    "name": "CONTROL ARM LOWER RHS PQ"
                },
                {
                    "id": "22223AP",
                    "name": "CONTROL ARM LOWER LHS A-PLUS"
                },
                {
                    "id": "22224AP",
                    "name": "CONTROL ARM LOWER RHS A-PLUS"
                },
                {
                    "id": "TR5849",
                    "name": "STABILISER LINK FRONT L/R [335MM] PQ"
                },
                {
                    "id": "VKDS341002",
                    "name": "STABILIZER LINK L* H* ID* OD* SKF"
                },
                {
                    "id": "AU2611",
                    "name": "LATERAL LINK REAR L/R TEKNOSA"
                },
                {
                    "id": "VKD35052",
                    "name": "ANTI-F BRG \u0026 SUS/MOUNT [SINGLE] FRNT SKF"
                },
                {
                    "id": "VKD35052T",
                    "name": "ANTI-F BRG \u0026 SUS/MOUNT [TWIN PACK] FRNT SKF"
                },
                {
                    "id": "VKDS321090",
                    "name": "CONTROL ARM L* SKF"
                },
                {
                    "id": "VKDS321091",
                    "name": "CONTROL ARM L* SKF"
                },
                {
                    "id": "VKDS421019",
                    "name": "CONTROL ARM L305.5 SKF"
                },
                {
                    "id": "AR9749",
                    "name": "AXLE BEAM BUSH FRNT SUSP PQ"
                },
                {
                    "id": "VKDS331041",
                    "name": "C/ARM BUSH L* H50 ID13 OD65 SKF"
                },
                {
                    "id": "AR6899",
                    "name": "C/ARM BUSH F/SUSP LOWER INNER PQ"
                },
                {
                    "id": "SB-7900",
                    "name": "BUSH CONT ARM LOW FRNT L/R ID12 OD40 L54 TEKNOSA"
                },
                {
                    "id": "AU2115",
                    "name": "BUSH CONT ARM LOW FRNT L/R TEKNOSA"
                },
                {
                    "id": "AU2118",
                    "name": "BUSH CONT ARM LOW FRNT L/R TEKNOSA"
                }
            ]
        },
        {
            "id": "4",
            "category": "SUSPENSION COMPONENTS [REAR]",
            "category_parts": [
                {
                    "id": "",
                    "name": ""
                },
                {
                    "id": "VKDP33130T",
                    "name": "DUST COVER KIT FRNT SKF"
                },
                {
                    "id": "VKDP33157T",
                    "name": "DUST COVER KIT FRNT SKF"
                },
                {
                    "id": "VKDP33169T",
                    "name": "DUST COVER KIT FRNT SKF"
                },
                {
                    "id": "VKDS331041",
                    "name": "C/ARM BUSH L* H50 ID13 OD65 SKF"
                },
                {
                    "id": "14525AP",
                    "name": "C/ARM BUSH LOWER L/R A-PLUS"
                },
                {
                    "id": "22228AP",
                    "name": "C/ARM BUSH LOWER L/R A-PLUS"
                },
                {
                    "id": "AR9686",
                    "name": "C/ARM BUSH F/SUSP LOWER OUTER PQ"
                },
                {
                    "id": "SB-7900",
                    "name": "BUSH CONT ARM LOW FRNT L/R ID12 OD40 L54 TEKNOSA"
                },
                {
                    "id": "AU2115",
                    "name": "BUSH CONT ARM LOW FRNT L/R TEKNOSA"
                },
                {
                    "id": "AU2118",
                    "name": "BUSH CONT ARM LOW FRNT L/R TEKNOSA"
                },
                {
                    "id": "AR9750",
                    "name": "AXLE BEAM BUSH REAR SUSP PQ"
                },
                {
                    "id": "AU2611",
                    "name": "LATERAL LINK REAR L/R TEKNOSA"
                },
                {
                    "id": "VKDS341002",
                    "name": "STABILIZER LINK L* H* ID* OD* SKF"
                },
                {
                    "id": "TR6337",
                    "name": "STABILISER LINK REAR L/R [70MM] PQ"
                },
                {
                    "id": "23869AP",
                    "name": "LATERAL LINK L/R A-PLUS"
                },
                {
                    "id": "22225AP",
                    "name": "STABILIZER LINK L/R A-PLUS L335"
                },
                {
                    "id": "23351AP",
                    "name": "STABILIZER LINK L/R A-PLUS L70"
                },
                {
                    "id": "AU1520",
                    "name": "STABILIZER LINK FRNT L/R L335 TEKNOSA"
                },
                {
                    "id": "AU1512",
                    "name": "STABILIZER LINK REAR L/R L70 TEKNOSA"
                },
                {
                    "id": "VKD35052",
                    "name": "ANTI-F BRG \u0026 SUS/MOUNT [SINGLE] FRNT SKF"
                },
                {
                    "id": "VKD35052T",
                    "name": "ANTI-F BRG \u0026 SUS/MOUNT [TWIN PACK] FRNT SKF"
                },
                {
                    "id": "VKDS321090",
                    "name": "CONTROL ARM L* SKF"
                },
                {
                    "id": "VKDS321091",
                    "name": "CONTROL ARM L* SKF"
                },
                {
                    "id": "VKDS421019",
                    "name": "CONTROL ARM L305.5 SKF"
                }
            ]
        },
        {
            "id": "5",
            "category": "COOLING SYSTEM",
            "category_parts": [
                {
                    "id": "",
                    "name": ""
                },
                {
                    "id": "376901374",
                    "name": "RADIATOR MAHLE L650 W395 D22"
                },
                {
                    "id": "58471",
                    "name": "RADIATOR NRF L620 W398 D16"
                },
                {
                    "id": "159959",
                    "name": "RADIATOR GLOBAL L650 W450 D22"
                },
                {
                    "id": "TX25194D",
                    "name": "THERMOSTAT MAHLE"
                },
                {
                    "id": "VKPC81178",
                    "name": "WATER PUMP SKF"
                },
                {
                    "id": "VKPC81278",
                    "name": "WATER PUMP SKF"
                },
                {
                    "id": "WP83735",
                    "name": "WATER PUMP PI"
                },
                {
                    "id": "DCP32060",
                    "name": "COMPRESSOR / AIR CONDITIONER DENSO"
                },
                {
                    "id": "351343111",
                    "name": "AIR CONDITIONING CONDENSER MAHLE"
                },
                {
                    "id": "351343114",
                    "name": "AIR CONDITIONING CONDENSER MAHLE"
                }
            ]
        },
        {
            "id": "6",
            "category": "CLUTCH COMPONENTS",
            "category_parts": [
                {
                    "id": "",
                    "name": ""
                },
                {
                    "id": "CPD.VW3016",
                    "name": "CLUTCH M/CYL 15.87MM CPD"
                },
                {
                    "id": "05737",
                    "name": "CLUTCH M/CYL OSSCA/ATS 15.87MM W/SENSOR"
                },
                {
                    "id": "22481",
                    "name": "CLUTCH M/CYL OSSCA/ATS 19.05MM PLASTIC"
                },
                {
                    "id": "FEB33936",
                    "name": "CLUTCH M/CYL FEBI"
                },
                {
                    "id": "510017610",
                    "name": "CONCENTRIC S/CYL LUK"
                },
                {
                    "id": "32168",
                    "name": "CLUTCH S/CYL FEBI"
                },
                {
                    "id": "09341",
                    "name": "CLUTCH S/CYL OSSCA/ATS 19.05 PLASTIC"
                },
                {
                    "id": "124060710",
                    "name": "PRESSURE PLATE LUK"
                },
                {
                    "id": "602002600",
                    "name": "CLUTCH KIT LUK"
                },
                {
                    "id": "624355309",
                    "name": "CLUTCH KIT LUK D240 S24.3 ST23"
                },
                {
                    "id": "3000943017",
                    "name": "CLUTCH KIT SACHS"
                },
                {
                    "id": "3000970076",
                    "name": "CLUTCH KIT SACHS"
                },
                {
                    "id": "3000990340",
                    "name": "CLUTCH KIT SACHS"
                },
                {
                    "id": "3000950940",
                    "name": "CLUTCH KIT SACHS [240X?-23]"
                },
                {
                    "id": "3000990318",
                    "name": "CLUTCH KIT SACHS [240X?-23]"
                },
                {
                    "id": "M202",
                    "name": "GEARBOX HYDRAULIC FILTER GUD"
                },
                {
                    "id": "AR9748",
                    "name": "GEARBOX MOUNTING PQ"
                }
            ]
        },
        {
            "id": "7",
            "category": "IGNITION SYSTEM",
            "category_parts": [
                {
                    "id": "",
                    "name": ""
                },
                {
                    "id": "111446",
                    "name": "IGN COIL HUCO"
                },
                {
                    "id": "111545",
                    "name": "IGNITION COIL HUCO 12V 4PIN"
                }
            ]
        },
        {
            "id": "8",
            "category": "DRIVESHAFT COMPONENTS",
            "category_parts": [
                {
                    "id": "",
                    "name": ""
                },
                {
                    "id": "VW4014",
                    "name": "CV JOINT INNER FRNT RHS 23X34X45X318 TEKNOSA"
                },
                {
                    "id": "VKJP01001",
                    "name": "CV BOOT KIT OUTER SKF"
                },
                {
                    "id": "VKJP01001S",
                    "name": "CV BOOT KIT OUTER SKF"
                },
                {
                    "id": "VKJP01011",
                    "name": "CV BOOT KIT OUTER SKF"
                },
                {
                    "id": "VKJP3152",
                    "name": "CV BOOT KIT OUTER SKF"
                },
                {
                    "id": "VKJP8356R",
                    "name": "CV BOOT KIT OUTER SKF"
                },
                {
                    "id": "VKJP1408",
                    "name": "CV BOOT KIT INNER SKF"
                },
                {
                    "id": "VKJP8203",
                    "name": "CV BOOT KIT INNER SKF"
                },
                {
                    "id": "VKJP8356",
                    "name": "CV BOOT KIT INNER SKF"
                }
            ]
        },
        {
            "id": "9",
            "category": "FUEL SYSTEM",
            "category_parts": [
                {
                    "id": "",
                    "name": ""
                },
                {
                    "id": "M132",
                    "name": "DIESEL FILTER GUD CARTRIDGE METAL FREE H134 OD94 IDT9"
                },
                {
                    "id": "M175",
                    "name": "DIESEL FILTER GUD CARTRIDGE METAL FREE H138 OD94"
                },
                {
                    "id": "M172",
                    "name": "DIESEL FILTER GUD CARTRIDGE METAL FREE H151 OD94 IDT9"
                },
                {
                    "id": "C11497ECO",
                    "name": "FUEL FILTER FRAM"
                },
                {
                    "id": "CFF100641",
                    "name": "FUEL FILTER CHAMPION"
                },
                {
                    "id": "1457070014",
                    "name": "DIESEL FILTER BOSCH H150 OD77 ID9"
                },
                {
                    "id": "WF8477",
                    "name": "FUEL FILTER WIX"
                },
                {
                    "id": "WF8512",
                    "name": "FUEL FILTER WIX"
                },
                {
                    "id": "06-128",
                    "name": "FUEL FILTER GENERIC"
                },
                {
                    "id": "0281002956",
                    "name": "AIR-MASS METER BOSCH"
                }
            ]
        },
        {
            "id": "10",
            "category": "TIMING COMPONENTS",
            "category_parts": [
                {
                    "id": "",
                    "name": ""
                },
                {
                    "id": "VKMA01278",
                    "name": "T/BELT KIT SKF"
                },
                {
                    "id": "VKMV6PK1026",
                    "name": "MULTI-GROOVE BELT SKF"
                },
                {
                    "id": "VKMV6SK799",
                    "name": "MULTI-GROOVE BELT SKF"
                },
                {
                    "id": "VKM93104",
                    "name": "CRANKSHAFT PULLEY [G:6 OD:138] SKF"
                },
                {
                    "id": "VKM21004",
                    "name": "T/BELT GUIDE [29X29] SKF"
                },
                {
                    "id": "VKM21148",
                    "name": "T/BELT TENSIONER SKF"
                },
                {
                    "id": "VKM11278",
                    "name": "T/BELT TENSIONER [D:68 W:26.5] SKF"
                }
            ]
        },
        {
            "id": "11",
            "category": "CYLINDER HEAD COMPONENTS",
            "category_parts": [
                {
                    "id": "",
                    "name": ""
                },
                {
                    "id": "BY2026",
                    "name": "CYL HEAD GASKET PAYEN"
                }
            ]
        },
        {
            "id": "12",
            "category": "ENGINE SUB ASSEMBLY",
            "category_parts": [
                {
                    "id": "",
                    "name": ""
                },
                {
                    "id": "RP83717",
                    "name": "PISTON SET AE 81MM"
                },
                {
                    "id": "RR83711",
                    "name": "RINGSET FED 81MM 1.75/2/2MM"
                },
                {
                    "id": "B1624",
                    "name": "CONROD BEARING SET AE"
                },
                {
                    "id": "B4624",
                    "name": "CONROD BEARING SET AE"
                },
                {
                    "id": "M510232",
                    "name": "MAIN BEARING SET AE"
                },
                {
                    "id": "M5625",
                    "name": "MAIN BEARING SET AE"
                },
                {
                    "id": "W4022",
                    "name": "THRUST WASHER SET"
                },
                {
                    "id": "FEB26870",
                    "name": "CRANKSHAFT PULLEY FEBI"
                },
                {
                    "id": "9585FS",
                    "name": "OIL SEAL REAR MAIN BRG PQ"
                },
                {
                    "id": "9548",
                    "name": "OIL SEAL T/COVER OR CAM PQ"
                },
                {
                    "id": "9587FS",
                    "name": "OIL SEAL T/COVER OR CAM PQ"
                }
            ]
        },
        {
            "id": "13",
            "category": "MOUNTINGS ",
            "category_parts": [
                {
                    "id": "",
                    "name": ""
                },
                {
                    "id": "AR9748",
                    "name": "GEARBOX MOUNTING PQ"
                },
                {
                    "id": "22767",
                    "name": "STRUT MOUNTING FRNT OSSCA/ATS"
                },
                {
                    "id": "AR8909",
                    "name": "STRUT MOUNTING FRNT PQ"
                },
                {
                    "id": "FEB45529",
                    "name": "STRUT MOUNTING FRNT FEBI"
                },
                {
                    "id": "AU2817",
                    "name": "MOUNTING SHOCK FRNT L/R TEKNOSA"
                },
                {
                    "id": "AU2818",
                    "name": "MOUNTING SHOCK REAR L/R TEKNOSA"
                }
            ]
        },
        {
            "id": "14",
            "category": "STARTER COMPONENTS",
            "category_parts": [
                {
                    "id": "",
                    "name": ""
                },
                {
                    "id": "1986S00805",
                    "name": "STARTER MOTOR BOSCH 12V 11T"
                }
            ]
        },
        {
            "id": "16",
            "category": "BODY PARTS FRONT AND REAR",
            "category_parts": [
                {
                    "id": "",
                    "name": ""
                },
                {
                    "id": "G2825",
                    "name": "BULB PARK LIGHT FRNT"
                },
                {
                    "id": "G501",
                    "name": "BULB PARK LIGHT FRNT ATS"
                },
                {
                    "id": "24990",
                    "name": "STOP LIGHT SWITCH FAE 4 PIN"
                }
            ]
        },
        {
            "id": "17",
            "category": "SWITCHES \u0026 ACCESSORIES",
            "category_parts": [
                {
                    "id": "",
                    "name": ""
                },
                {
                    "id": "S668",
                    "name": "BATTERY SABAT"
                },
                {
                    "id": "F668AGM",
                    "name": "BATTERY EXIDE STOP/START L315MM"
                },
                {
                    "id": "F668",
                    "name": "BATTERY EXIDE/MIDAS"
                },
                {
                    "id": "W668",
                    "name": "BATTERY WILLARD"
                },
                {
                    "id": "W668AGM-00",
                    "name": "BATTERY WILLARD STOP/START L315MM"
                },
                {
                    "id": "V668-64AGM",
                    "name": "BATTERY VARTA START/STOP L315MM"
                },
                {
                    "id": "33784",
                    "name": "TEMP SENDER UNIT MP"
                },
                {
                    "id": "24990",
                    "name": "STOP LIGHT SWITCH FAE 4 PIN"
                }
            ]
        },
        {
            "id": "18",
            "category": "GASKETS ",
            "category_parts": [
                {
                    "id": "",
                    "name": ""
                },
                {
                    "id": "BY2026",
                    "name": "CYL HEAD GASKET PAYEN"
                }
            ]
        },
        {
            "id": "20",
            "category": "SEALS ",
            "category_parts": [
                {
                    "id": "",
                    "name": ""
                },
                {
                    "id": "FEB26870",
                    "name": "CRANKSHAFT PULLEY FEBI"
                },
                {
                    "id": "9585FS",
                    "name": "OIL SEAL REAR MAIN BRG PQ"
                },
                {
                    "id": "9548",
                    "name": "OIL SEAL T/COVER OR CAM PQ"
                },
                {
                    "id": "9587FS",
                    "name": "OIL SEAL T/COVER OR CAM PQ"
                }
            ]
        },
        {
            "id": "21",
            "category": "SENSORS \u0026 RELAYS",
            "category_parts": [
                {
                    "id": "",
                    "name": ""
                },
                {
                    "id": "CRA050",
                    "name": "CRANKSHAFT SENSOR PQ 3 PIN"
                },
                {
                    "id": "23814",
                    "name": "WHEEL SPEED SENSOR FEBI FRNT LHS"
                },
                {
                    "id": "23816",
                    "name": "WHEEL SPEED SENSOR FEBI FRNT RHS"
                },
                {
                    "id": "0986594500",
                    "name": "WHEEL SPEED SENSOR BOSCH FRNT LHS"
                }
            ]
        },
        {
            "id": "23",
            "category": "LUBRICANTS",
            "category_parts": [
                {
                    "id": "",
                    "name": ""
                },
                {
                    "id": "3433389",
                    "name": "ENGINE OIL CASTROL MAGNATEC 5W30 5L"
                },
                {
                    "id": "550048788",
                    "name": "ENGINE OIL SHELL HELIX ULTRA 5W30 5L"
                }
            ]
        },
        {
            "id": "24",
            "category": "WHEEL BEARINGS",
            "category_parts": [
                {
                    "id": "",
                    "name": ""
                },
                {
                    "id": "VKBA7011",
                    "name": "WHEEL BRG KIT FRNT 312MM DISC SKF"
                },
                {
                    "id": "VKBA6556",
                    "name": "WHEEL BRG KIT FRNT [5+3 HOLE] SKF"
                },
                {
                    "id": "HUB177",
                    "name": "WHEEL BRG FRNT INNER PQ"
                },
                {
                    "id": "HUB258",
                    "name": "WHEEL BRG FRNT INNER PQ"
                },
                {
                    "id": "HUB259",
                    "name": "WHEEL BRG FRNT INNER PQ"
                },
                {
                    "id": "PQ664",
                    "name": "WHEEL BRG KIT FRONT PQ"
                },
                {
                    "id": "PQ845",
                    "name": "WHEEL BRG KIT FRONT PQ"
                },
                {
                    "id": "PQ846",
                    "name": "WHEEL BRG KIT FRONT PQ"
                },
                {
                    "id": "VKBA3656",
                    "name": "WHEEL BRG KIT REAR [30MM ID] SKF"
                },
                {
                    "id": "PQ691",
                    "name": "WHEEL BRG KIT REAR ID30 PQ"
                },
                {
                    "id": "HUB100",
                    "name": "WHEEL BRG REAR INNER ID30 PQ"
                },
                {
                    "id": "FAG1069",
                    "name": "WHEEL BRG KIT REAR [30MM ID] FAG"
                },
                {
                    "id": "WBRW2003",
                    "name": "WHEEL BRG KIT REAR [30MM ID] G/MARK"
                }
            ]
        },
        {
            "id": "26",
            "category": "STEERING",
            "category_parts": [
                {
                    "id": "",
                    "name": ""
                },
                {
                    "id": "14498AP",
                    "name": "STEERING RACK END LHS A-PLUS L309"
                },
                {
                    "id": "TR5841",
                    "name": "STEERING RACK END PQ 306MM"
                },
                {
                    "id": "AU1413",
                    "name": "RACK END FRNT L/R L309 TEKNOSA"
                },
                {
                    "id": "VKDY321002",
                    "name": "STEERING RACK END L* SKF"
                },
                {
                    "id": "VKDY311016",
                    "name": "TIE ROD END L* SKF"
                },
                {
                    "id": "VKDY311017",
                    "name": "TIE ROD END L* SKF"
                },
                {
                    "id": "13359AP",
                    "name": "TIE ROD END OUTER LHS A-PLUS"
                },
                {
                    "id": "13358AP",
                    "name": "TIE ROD END OUTER RHS A-PLUS"
                },
                {
                    "id": "TR5842",
                    "name": "TIE ROD END OUTER L/R PQ"
                },
                {
                    "id": "AU1030",
                    "name": "TIE ROD END OUTER FRNT LHS TEKNOSA"
                },
                {
                    "id": "AU1031",
                    "name": "TIE ROD END OUTER FRNT RHS TEKNOSA"
                },
                {
                    "id": "AU1316",
                    "name": "TIE ROD END SET OUTER FRNT L/R TEKNOSA"
                }
            ]
        },
        {
            "id": "27",
            "category": "BEARINGS",
            "category_parts": [
                {
                    "id": "",
                    "name": ""
                },
                {
                    "id": "VKBA7011",
                    "name": "WHEEL BRG KIT FRNT 312MM DISC SKF"
                },
                {
                    "id": "VKBA6556",
                    "name": "WHEEL BRG KIT FRNT [5+3 HOLE] SKF"
                },
                {
                    "id": "HUB177",
                    "name": "WHEEL BRG FRNT INNER PQ"
                },
                {
                    "id": "HUB258",
                    "name": "WHEEL BRG FRNT INNER PQ"
                },
                {
                    "id": "HUB259",
                    "name": "WHEEL BRG FRNT INNER PQ"
                },
                {
                    "id": "PQ664",
                    "name": "WHEEL BRG KIT FRONT PQ"
                },
                {
                    "id": "PQ845",
                    "name": "WHEEL BRG KIT FRONT PQ"
                },
                {
                    "id": "PQ846",
                    "name": "WHEEL BRG KIT FRONT PQ"
                },
                {
                    "id": "VKBA3656",
                    "name": "WHEEL BRG KIT REAR [30MM ID] SKF"
                },
                {
                    "id": "PQ691",
                    "name": "WHEEL BRG KIT REAR ID30 PQ"
                },
                {
                    "id": "HUB100",
                    "name": "WHEEL BRG REAR INNER ID30 PQ"
                },
                {
                    "id": "FAG1069",
                    "name": "WHEEL BRG KIT REAR [30MM ID] FAG"
                },
                {
                    "id": "WBRW2003",
                    "name": "WHEEL BRG KIT REAR [30MM ID] G/MARK"
                },
                {
                    "id": "VKD35052",
                    "name": "ANTI-F BRG \u0026 SUS/MOUNT [SINGLE] FRNT SKF"
                },
                {
                    "id": "VKD35052T",
                    "name": "ANTI-F BRG \u0026 SUS/MOUNT [TWIN PACK] FRNT SKF"
                },
                {
                    "id": "VKDS321090",
                    "name": "CONTROL ARM L* SKF"
                },
                {
                    "id": "VKDS321091",
                    "name": "CONTROL ARM L* SKF"
                },
                {
                    "id": "VKDS421019",
                    "name": "CONTROL ARM L305.5 SKF"
                }
            ]
        },
        {
            "id": "28",
            "category": "AIR CONDITIONING",
            "category_parts": [
                {
                    "id": "",
                    "name": ""
                },
                {
                    "id": "DCP32060",
                    "name": "COMPRESSOR / AIR CONDITIONER DENSO"
                },
                {
                    "id": "351343111",
                    "name": "AIR CONDITIONING CONDENSER MAHLE"
                },
                {
                    "id": "351343114",
                    "name": "AIR CONDITIONING CONDENSER MAHLE"
                }
            ]
        },
        {
            "id": "28",
            "category": "AIR CONDITIONING",
            "category_parts": [
                {
                    "id": "",
                    "name": ""
                },
                {
                    "id": "DCP32060",
                    "name": "COMPRESSOR / AIR CONDITIONER DENSO"
                },
                {
                    "id": "351343111",
                    "name": "AIR CONDITIONING CONDENSER MAHLE"
                },
                {
                    "id": "351343114",
                    "name": "AIR CONDITIONING CONDENSER MAHLE"
                }
            ]
        }
    ]
}
