{
    "id": "229",
    "parts": [
        {
            "id": "1",
            "category": "SERVICE PARTS",
            "category_parts": [
                {
                    "id": "",
                    "name": ""
                },
                {
                    "id": "M103",
                    "name": "OIL FILTER GUD CARTRIDGE METAL FREE H129 OD68 IDT25"
                },
                {
                    "id": "COF100604E",
                    "name": "OIL FILTER CHAMPION"
                },
                {
                    "id": "WL7468",
                    "name": "OIL FILTER WIX"
                },
                {
                    "id": "06-083",
                    "name": "OIL FILTER [M103]"
                },
                {
                    "id": "AG1431",
                    "name": "AIR FILTER GUD METAL FREE ID103 OD160 H167"
                },
                {
                    "id": "WA9703",
                    "name": "AIR FILTER WIX"
                },
                {
                    "id": "02-471",
                    "name": "AIR FILTER [AG1431]"
                },
                {
                    "id": "INTANK",
                    "name": "FUEL FILTER IN TANK LIFETIME"
                },
                {
                    "id": "PFR6W-TG",
                    "name": "SPARK PLUG NGK"
                },
                {
                    "id": "VKB20",
                    "name": "SPARK PLUG DENSO IRIDIUM TOUGH [D14MM HEX16MM 22NM TL19]"
                },
                {
                    "id": "0242235715",
                    "name": "SPARK PLUG BOSCH"
                },
                {
                    "id": "0242240593",
                    "name": "SPARK PLUG BOSCH"
                },
                {
                    "id": "0242240653",
                    "name": "SPARK PLUG BOSCH"
                },
                {
                    "id": "FGR7KQE0",
                    "name": "SPARK PLUG BOSCH"
                },
                {
                    "id": "09-071",
                    "name": "CABIN AIR FILTER GENERIC"
                },
                {
                    "id": "AC79GUD",
                    "name": "CABIN AIR FILTER GUD H35 L279 W240"
                },
                {
                    "id": "DI145520-3860",
                    "name": "CABIN AIR FILTER CG DENSO"
                },
                {
                    "id": "1987435016",
                    "name": "CABIN AIR FILTER BOSCH"
                },
                {
                    "id": "WP9329",
                    "name": "CABIN AIR FILTER WIX CARBON"
                },
                {
                    "id": "WP9328",
                    "name": "CABIN AIR FILTER WIX PAPER"
                },
                {
                    "id": "ATE1098",
                    "name": "DISC PAD FRNT ATE L155 H72 T21"
                },
                {
                    "id": "FDB4045",
                    "name": "DISC PAD FRNT FERODO L155 H67 T20"
                },
                {
                    "id": "FDB4044",
                    "name": "DISC PAD FRNT FERODO L188 H73 T19"
                },
                {
                    "id": "0986494538",
                    "name": "DISC PAD FRNT BOSCH L155 H67 T20"
                },
                {
                    "id": "D3862",
                    "name": "DISC PAD FRNT SAFELINE L155 H66 T20"
                },
                {
                    "id": "D3849",
                    "name": "DISC PAD FRNT SAFELINE L188 H73 T19"
                },
                {
                    "id": "OPT3849",
                    "name": "DISC PAD FRNT L/R OPTIMA"
                },
                {
                    "id": "05P1391",
                    "name": "DISC PAD FRNT LPR L155 H67 T20"
                },
                {
                    "id": "05P1420A",
                    "name": "DISC PAD FRNT LPR L188 H74 T19"
                },
                {
                    "id": "ADB11591",
                    "name": "DISC PAD FRNT NIPPON L155 H67 T19"
                },
                {
                    "id": "ATE1102",
                    "name": "DISC PAD REAR ATE L116 H59 T18"
                },
                {
                    "id": "FDB4050",
                    "name": "DISC PAD REAR FERODO L116 H59 T18"
                },
                {
                    "id": "FDB4190",
                    "name": "DISC PAD REAR FERODO L116 H59 T18"
                },
                {
                    "id": "FDB4410",
                    "name": "DISC PAD REAR FERODO L116 H59 T18"
                },
                {
                    "id": "0986494254",
                    "name": "DISC PAD REAR BOSCH L116 H59 T17"
                },
                {
                    "id": "0986494446",
                    "name": "DISC PAD REAR BOSCH L117 H59 T17"
                },
                {
                    "id": "D3850",
                    "name": "DISC PAD REAR SAFELINE L116 H59 T17"
                },
                {
                    "id": "D3955",
                    "name": "DISC PAD REAR SAFELINE L116 H59 T17"
                },
                {
                    "id": "05P1489",
                    "name": "DISC PAD REAR LPR L116 H59 T18"
                },
                {
                    "id": "ADB01709",
                    "name": "DISC PAD REAR NIPPON L116 H59 T17"
                },
                {
                    "id": "ADB22121",
                    "name": "DISC PAD REAR NIPPON L117 H59 T17"
                },
                {
                    "id": "02756",
                    "name": "OIL LEVEL SENSOR OSSCA/ATS"
                }
            ]
        },
        {
            "id": "2",
            "category": "BRAKES",
            "category_parts": [
                {
                    "id": "",
                    "name": ""
                },
                {
                    "id": "ATE1098",
                    "name": "DISC PAD FRNT ATE L155 H72 T21"
                },
                {
                    "id": "FDB4045",
                    "name": "DISC PAD FRNT FERODO L155 H67 T20"
                },
                {
                    "id": "FDB4044",
                    "name": "DISC PAD FRNT FERODO L188 H73 T19"
                },
                {
                    "id": "0986494538",
                    "name": "DISC PAD FRNT BOSCH L155 H67 T20"
                },
                {
                    "id": "D3862",
                    "name": "DISC PAD FRNT SAFELINE L155 H66 T20"
                },
                {
                    "id": "D3849",
                    "name": "DISC PAD FRNT SAFELINE L188 H73 T19"
                },
                {
                    "id": "OPT3849",
                    "name": "DISC PAD FRNT L/R OPTIMA"
                },
                {
                    "id": "05P1391",
                    "name": "DISC PAD FRNT LPR L155 H67 T20"
                },
                {
                    "id": "05P1420A",
                    "name": "DISC PAD FRNT LPR L188 H74 T19"
                },
                {
                    "id": "ADB11591",
                    "name": "DISC PAD FRNT NIPPON L155 H67 T19"
                },
                {
                    "id": "ATE1102",
                    "name": "DISC PAD REAR ATE L116 H59 T18"
                },
                {
                    "id": "FDB4050",
                    "name": "DISC PAD REAR FERODO L116 H59 T18"
                },
                {
                    "id": "FDB4190",
                    "name": "DISC PAD REAR FERODO L116 H59 T18"
                },
                {
                    "id": "FDB4410",
                    "name": "DISC PAD REAR FERODO L116 H59 T18"
                },
                {
                    "id": "0986494254",
                    "name": "DISC PAD REAR BOSCH L116 H59 T17"
                },
                {
                    "id": "0986494446",
                    "name": "DISC PAD REAR BOSCH L117 H59 T17"
                },
                {
                    "id": "D3850",
                    "name": "DISC PAD REAR SAFELINE L116 H59 T17"
                },
                {
                    "id": "D3955",
                    "name": "DISC PAD REAR SAFELINE L116 H59 T17"
                },
                {
                    "id": "05P1489",
                    "name": "DISC PAD REAR LPR L116 H59 T18"
                },
                {
                    "id": "ADB01709",
                    "name": "DISC PAD REAR NIPPON L116 H59 T17"
                },
                {
                    "id": "ADB22121",
                    "name": "DISC PAD REAR NIPPON L117 H59 T17"
                },
                {
                    "id": "DR6108",
                    "name": "BRAKE DISC FV ALFA D345 H51 S68 [5]"
                },
                {
                    "id": "125.0184",
                    "name": "BRAKE DISC FV ATE D314 H52 S68 O154 [5]"
                },
                {
                    "id": "130.0193",
                    "name": "BRAKE DISC FV ATE D320 H52 S68 O153 [5]"
                },
                {
                    "id": "129-0102",
                    "name": "BRAKE DISC FV ATE D345 H52 S68 5"
                },
                {
                    "id": "DDF1665",
                    "name": "BRAKE DISC FV FERODO D345 H52 S68 [5]"
                },
                {
                    "id": "DDF1665C",
                    "name": "BRAKE DISC FV FERODO D345 H52 S68 [5]"
                },
                {
                    "id": "DDF1665C-1",
                    "name": "BRAKE DISC FV FERODO D345 H52 S68 [5]"
                },
                {
                    "id": "TBD7032-D",
                    "name": "BRAKE DISC FRNT L/R VENTED OPTIMA"
                },
                {
                    "id": "DR6109",
                    "name": "BRAKE DISC RV ALFA D330 H36 S68 [10]"
                },
                {
                    "id": "DR7473",
                    "name": "BRAKE DISC RV ALFA D330 H36 S68 [5]"
                },
                {
                    "id": "112.0178",
                    "name": "BRAKE DISC RS ATE D300 H36 S68 O169 [5]"
                },
                {
                    "id": "122-0250",
                    "name": "BRAKE DISC RV ATE D330 H36 S68 5"
                },
                {
                    "id": "DDF1667",
                    "name": "BRAKE DISC RV FERODO D330 H36 S68 [5]"
                },
                {
                    "id": "DDF1667C",
                    "name": "BRAKE DISC RV FERODO D330 H36 S68 [5]"
                },
                {
                    "id": "DDF2383C",
                    "name": "BRAKE DISC RV FERODO D330 H37 S68 [5]"
                },
                {
                    "id": "WS0302B",
                    "name": "DISC PAD SENSOR FRONT [310MM] QB"
                },
                {
                    "id": "113-1339X",
                    "name": "BRAKE CALIPER GUIDE SLEEVE KIT QB"
                },
                {
                    "id": "113-1450X",
                    "name": "BRAKE CALIPER GUIDE SLEEVE KIT QB"
                }
            ]
        },
        {
            "id": "3",
            "category": "SUSPENSION COMPONENTS [FRONT]",
            "category_parts": [
                {
                    "id": "",
                    "name": ""
                },
                {
                    "id": "376178SP",
                    "name": "SHOCK FRNT MONROE"
                },
                {
                    "id": "341719",
                    "name": "SHOCK FRNT KYB"
                },
                {
                    "id": "AR8742",
                    "name": "STRUT MOUNTING FRNT PQ"
                },
                {
                    "id": "MK361",
                    "name": "STRUT MOUNTING FRNT MONROE"
                },
                {
                    "id": "AU2822",
                    "name": "MOUNTING SHOCK FRNT L/R TEKNOSA"
                },
                {
                    "id": "FEB32635",
                    "name": "STRUT MOUNTING FRNT FEBI"
                },
                {
                    "id": "FEB33719",
                    "name": "STRUT MOUNTING FRNT FEBI"
                },
                {
                    "id": "VKDP33128T",
                    "name": "DUST COVER KIT FRNT SKF"
                },
                {
                    "id": "VKDP33140T",
                    "name": "DUST COVER KIT FRNT SKF"
                },
                {
                    "id": "VKDP33146T",
                    "name": "DUST COVER KIT FRNT SKF"
                },
                {
                    "id": "VKDP43155T",
                    "name": "DUST COVER KIT REAR SKF"
                },
                {
                    "id": "AU1920",
                    "name": "BALL JOINT LOWER F/R L/R TEKNOSA"
                },
                {
                    "id": "AU1919",
                    "name": "BALL JOINT LOWER FRNT L/R TEKNOSA"
                },
                {
                    "id": "BJ1283",
                    "name": "BALL JOINT LOWER L/R PQ"
                },
                {
                    "id": "19425AP",
                    "name": "BALL JOINT LOWER L/R A-PLUS [13.8MM]"
                },
                {
                    "id": "21737AP",
                    "name": "BALL JOINT LOWER L/R A-PLUS [17.3MM]"
                },
                {
                    "id": "16232",
                    "name": "BALL JOINT LOWER L+R ATS"
                },
                {
                    "id": "VKDS311027",
                    "name": "BALL JOINT LOWER L* H* ID* OD42 SKF"
                },
                {
                    "id": "FEB40930",
                    "name": "BALL JOINT LOWER FEBI"
                },
                {
                    "id": "19428AP",
                    "name": "CONTROL ARM UPPER LHS A-PLUS"
                },
                {
                    "id": "19430AP",
                    "name": "CONTROL ARM UPPER LHS A-PLUS"
                },
                {
                    "id": "19429AP",
                    "name": "CONTROL ARM UPPER RHS A-PLUS"
                },
                {
                    "id": "19431AP",
                    "name": "CONTROL ARM UPPER RHS A-PLUS"
                },
                {
                    "id": "FEB36597",
                    "name": "CONTROL ARM UPPER FEBI"
                },
                {
                    "id": "FEB36598",
                    "name": "CONTROL ARM UPPER FEBI"
                },
                {
                    "id": "FEB36602",
                    "name": "CONTROL ARM UPPER FEBI"
                },
                {
                    "id": "FEB36603",
                    "name": "CONTROL ARM UPPER FEBI"
                },
                {
                    "id": "AU2039",
                    "name": "CONTROL ARM LOWER FRNT L/R TEKNOSA"
                },
                {
                    "id": "AU2040",
                    "name": "CONTROL ARM LOWER FRNT L/R TEKNOSA"
                },
                {
                    "id": "AU2043",
                    "name": "CONTROL ARM LOWER FRNT L/R TEKNOSA"
                },
                {
                    "id": "AU2044",
                    "name": "CONTROL ARM LOWER FRNT L/R TEKNOSA"
                },
                {
                    "id": "AU2037",
                    "name": "CONTROL ARM LOWER FRNT LHS TEKNOSA"
                },
                {
                    "id": "AU2041",
                    "name": "CONTROL ARM LOWER FRNT LHS TEKNOSA"
                },
                {
                    "id": "AU2045",
                    "name": "CONTROL ARM LOWER FRNT LHS TEKNOSA"
                },
                {
                    "id": "AU2038",
                    "name": "CONTROL ARM LOWER FRNT RHS TEKNOSA"
                },
                {
                    "id": "AU2042",
                    "name": "CONTROL ARM LOWER FRNT RHS TEKNOSA"
                },
                {
                    "id": "AU2046",
                    "name": "CONTROL ARM LOWER FRNT RHS TEKNOSA"
                },
                {
                    "id": "AU2047",
                    "name": "CONTROL ARM LOWER REAR LHS TEKNOSA"
                },
                {
                    "id": "AU2048",
                    "name": "CONTROL ARM LOWER REAR RHS TEKNOSA"
                },
                {
                    "id": "AU1715",
                    "name": "CONTROL ARM UPPER FRNT LHS TEKNOSA"
                },
                {
                    "id": "AU1717",
                    "name": "CONTROL ARM UPPER FRNT LHS TEKNOSA"
                },
                {
                    "id": "AU1716",
                    "name": "CONTROL ARM UPPER FRNT RHS TEKNOSA"
                },
                {
                    "id": "AU1718",
                    "name": "CONTROL ARM UPPER FRNT RHS TEKNOSA"
                },
                {
                    "id": "19432AP",
                    "name": "CONTROL ARM LOWER LHS A-PLUS"
                },
                {
                    "id": "19438AP",
                    "name": "CONTROL ARM LOWER LHS A-PLUS"
                },
                {
                    "id": "22411AP",
                    "name": "CONTROL ARM LOWER LHS A-PLUS"
                },
                {
                    "id": "19435AP",
                    "name": "CONTROL ARM LOWER LHS A-PLUS [15MM]"
                },
                {
                    "id": "21732AP",
                    "name": "CONTROL ARM LOWER LHS A-PLUS [17MM]"
                },
                {
                    "id": "24758AP",
                    "name": "CONTROL ARM LOWER LHS A-PLUS [17MM]"
                },
                {
                    "id": "19433AP",
                    "name": "CONTROL ARM LOWER RHS A-PLUS"
                },
                {
                    "id": "19439AP",
                    "name": "CONTROL ARM LOWER RHS A-PLUS"
                },
                {
                    "id": "22412AP",
                    "name": "CONTROL ARM LOWER RHS A-PLUS"
                },
                {
                    "id": "19436AP",
                    "name": "CONTROL ARM LOWER RHS A-PLUS [15MM]"
                },
                {
                    "id": "21733AP",
                    "name": "CONTROL ARM LOWER RHS A-PLUS [17MM]"
                },
                {
                    "id": "24759AP",
                    "name": "CONTROL ARM LOWER RHS A-PLUS [17MM]"
                },
                {
                    "id": "FEB34821",
                    "name": "CONTROL ARM LOWER FEBI"
                },
                {
                    "id": "FEB34822",
                    "name": "CONTROL ARM LOWER FEBI"
                },
                {
                    "id": "FEB36049",
                    "name": "CONTROL ARM LOWER FEBI"
                },
                {
                    "id": "FEB36054",
                    "name": "CONTROL ARM LOWER FEBI"
                },
                {
                    "id": "VKDS341020",
                    "name": "STABILIZER LINK L* H* ID* OD* SKF"
                },
                {
                    "id": "VKDS341026",
                    "name": "STABILIZER LINK L* H* ID* OD* SKF"
                },
                {
                    "id": "FEB33548",
                    "name": "STABILIZER LINK FRNT FEBI"
                },
                {
                    "id": "AU2623",
                    "name": "LATERAL LINK REAR LHS TEKNOSA"
                },
                {
                    "id": "AU2624",
                    "name": "LATERAL LINK REAR RHS TEKNOSA"
                },
                {
                    "id": "BJ1273L",
                    "name": "TRACK CONTROL ARM LOWER LHS PQ"
                },
                {
                    "id": "BJ1274L",
                    "name": "TRACK CONTROL ARM LOWER LHS PQ"
                },
                {
                    "id": "BJ1273R",
                    "name": "TRACK CONTROL ARM LOWER RHS PQ"
                },
                {
                    "id": "BJ1274R",
                    "name": "TRACK CONTROL ARM LOWER RHS PQ"
                },
                {
                    "id": "BJ1275L",
                    "name": "TRACK CONTROL ARM UPPER LHS PQ"
                },
                {
                    "id": "BJ1276L",
                    "name": "TRACK CONTROL ARM UPPER LHS PQ"
                },
                {
                    "id": "BJ1275R",
                    "name": "TRACK CONTROL ARM UPPER RHS PQ"
                },
                {
                    "id": "BJ1276R",
                    "name": "TRACK CONTROL ARM UPPER RHS PQ"
                },
                {
                    "id": "VKDS321056",
                    "name": "CONTROL ARM L355 SKF"
                },
                {
                    "id": "VKDS321057",
                    "name": "CONTROL ARM L355 SKF"
                },
                {
                    "id": "VKDS321054",
                    "name": "CONTROL ARM L360.7 SKF"
                },
                {
                    "id": "VKDS321055",
                    "name": "CONTROL ARM L360.7 SKF"
                },
                {
                    "id": "VKDS321504B",
                    "name": "CONTROL ARM L420.7 SKF"
                },
                {
                    "id": "VKDS321505B",
                    "name": "CONTROL ARM L420.7 SKF"
                },
                {
                    "id": "VKDS331029",
                    "name": "C/ARM BUSH L* H40 ID10.2 OD46.5 SKF"
                },
                {
                    "id": "VKDS331027",
                    "name": "C/ARM BUSH L* H54.9 ID12.2 OD50.2 SKF"
                },
                {
                    "id": "VKDS331028",
                    "name": "C/ARM BUSH L45 H43.8 ID12.1 OD43.8 SKF"
                },
                {
                    "id": "FEB29944",
                    "name": "C/ARM BUSH F/SUSP LOWER INNER FEBI"
                },
                {
                    "id": "FEB27484",
                    "name": "C/ARM BUSH S/SUSP LOWER OUTER FEBI"
                },
                {
                    "id": "AU2124",
                    "name": "BUSH CONT ARM LOW FRNT L/R TEKNOSA"
                },
                {
                    "id": "AU2125",
                    "name": "BUSH CONT ARM LOW FRNT L/R TEKNOSA"
                },
                {
                    "id": "AU2126",
                    "name": "BUSH CONT ARM LOW FRNT L/R TEKNOSA"
                },
                {
                    "id": "AU2127",
                    "name": "BUSH CONT ARM LOW FRNT L/R TEKNOSA"
                },
                {
                    "id": "AU2128",
                    "name": "BUSH CONT ARM LOW FRNT L/R TEKNOSA"
                },
                {
                    "id": "AU1810",
                    "name": "BUSH CONT ARM UP FRNT L/R TEKNOSA"
                },
                {
                    "id": "AU1811",
                    "name": "BUSH CONT ARM UP FRNT L/R TEKNOSA"
                },
                {
                    "id": "VKDS351007",
                    "name": "STAB BAR BUSH L* H* ID* OD* SKF"
                }
            ]
        },
        {
            "id": "4",
            "category": "SUSPENSION COMPONENTS [REAR]",
            "category_parts": [
                {
                    "id": "",
                    "name": ""
                },
                {
                    "id": "VKDP33128T",
                    "name": "DUST COVER KIT FRNT SKF"
                },
                {
                    "id": "VKDP33140T",
                    "name": "DUST COVER KIT FRNT SKF"
                },
                {
                    "id": "VKDP33146T",
                    "name": "DUST COVER KIT FRNT SKF"
                },
                {
                    "id": "VKDP43155T",
                    "name": "DUST COVER KIT REAR SKF"
                },
                {
                    "id": "376214SP",
                    "name": "SHOCK REAR MONROE"
                },
                {
                    "id": "34913",
                    "name": "SHOCK REAR KYB"
                },
                {
                    "id": "349133",
                    "name": "SHOCK REAR KYB"
                },
                {
                    "id": "VKDA40132",
                    "name": "TOP MOUNT REAR SHOCK [SINGLE] SKF"
                },
                {
                    "id": "VKDA40132T",
                    "name": "TOP MOUNT REAR SHOCK [TWIN PACK] SKF"
                },
                {
                    "id": "VKDS331029",
                    "name": "C/ARM BUSH L* H40 ID10.2 OD46.5 SKF"
                },
                {
                    "id": "VKDS331027",
                    "name": "C/ARM BUSH L* H54.9 ID12.2 OD50.2 SKF"
                },
                {
                    "id": "VKDS331028",
                    "name": "C/ARM BUSH L45 H43.8 ID12.1 OD43.8 SKF"
                },
                {
                    "id": "17384AP",
                    "name": "C/ARM BUSH LOWER L/R A-PLUS"
                },
                {
                    "id": "18614AP",
                    "name": "C/ARM BUSH LOWER L/R A-PLUS"
                },
                {
                    "id": "19434AP",
                    "name": "C/ARM BUSH LOWER L/R A-PLUS"
                },
                {
                    "id": "19437AP",
                    "name": "C/ARM BUSH LOWER L/R A-PLUS [OD:65]"
                },
                {
                    "id": "22611AP",
                    "name": "C/ARM BUSH LOWER L/R A-PLUS [OD:75]"
                },
                {
                    "id": "14262AP",
                    "name": "C/ARM BUSH UPPER L/R A-PLUS"
                },
                {
                    "id": "17418AP",
                    "name": "C/ARM BUSH UPPER L/R A-PLUS"
                },
                {
                    "id": "AU2124",
                    "name": "BUSH CONT ARM LOW FRNT L/R TEKNOSA"
                },
                {
                    "id": "AU2125",
                    "name": "BUSH CONT ARM LOW FRNT L/R TEKNOSA"
                },
                {
                    "id": "AU2126",
                    "name": "BUSH CONT ARM LOW FRNT L/R TEKNOSA"
                },
                {
                    "id": "AU2127",
                    "name": "BUSH CONT ARM LOW FRNT L/R TEKNOSA"
                },
                {
                    "id": "AU2128",
                    "name": "BUSH CONT ARM LOW FRNT L/R TEKNOSA"
                },
                {
                    "id": "AU1810",
                    "name": "BUSH CONT ARM UP FRNT L/R TEKNOSA"
                },
                {
                    "id": "AU1811",
                    "name": "BUSH CONT ARM UP FRNT L/R TEKNOSA"
                },
                {
                    "id": "VKDS351007",
                    "name": "STAB BAR BUSH L* H* ID* OD* SKF"
                },
                {
                    "id": "AU2623",
                    "name": "LATERAL LINK REAR LHS TEKNOSA"
                },
                {
                    "id": "AU2624",
                    "name": "LATERAL LINK REAR RHS TEKNOSA"
                },
                {
                    "id": "VKDS341020",
                    "name": "STABILIZER LINK L* H* ID* OD* SKF"
                },
                {
                    "id": "VKDS341026",
                    "name": "STABILIZER LINK L* H* ID* OD* SKF"
                },
                {
                    "id": "19440AP",
                    "name": "LATERAL LINK LHS A-PLUS L283"
                },
                {
                    "id": "19441AP",
                    "name": "LATERAL LINK RHS A-PLUS L283"
                },
                {
                    "id": "20696AP",
                    "name": "STABILIZER LINK L/R A-PLUS L110"
                },
                {
                    "id": "19426AP",
                    "name": "STABILIZER LINK L/R A-PLUS L170"
                },
                {
                    "id": "21734AP",
                    "name": "STABILIZER LINK L/R A-PLUS L170"
                },
                {
                    "id": "19427AP",
                    "name": "STABILIZER LINK L/R A-PLUS L60"
                },
                {
                    "id": "AU1530",
                    "name": "STABILIZER LINK FRNT L/R L110 TEKNOSA"
                },
                {
                    "id": "AU1527",
                    "name": "STABILIZER LINK FRNT L/R L170 TEKNOSA"
                },
                {
                    "id": "AU1528",
                    "name": "STABILIZER LINK FRNT L/R L170 TEKNOSA"
                },
                {
                    "id": "AU1529",
                    "name": "STABILIZER LINK REAR L/R L90 TEKNOSA"
                },
                {
                    "id": "VKDS321056",
                    "name": "CONTROL ARM L355 SKF"
                },
                {
                    "id": "VKDS321057",
                    "name": "CONTROL ARM L355 SKF"
                },
                {
                    "id": "VKDS321054",
                    "name": "CONTROL ARM L360.7 SKF"
                },
                {
                    "id": "VKDS321055",
                    "name": "CONTROL ARM L360.7 SKF"
                },
                {
                    "id": "VKDS321504B",
                    "name": "CONTROL ARM L420.7 SKF"
                },
                {
                    "id": "VKDS321505B",
                    "name": "CONTROL ARM L420.7 SKF"
                }
            ]
        },
        {
            "id": "5",
            "category": "COOLING SYSTEM",
            "category_parts": [
                {
                    "id": "",
                    "name": ""
                },
                {
                    "id": "376754731",
                    "name": "RADIATOR MAHLE L757 W474 D36"
                },
                {
                    "id": "376754734",
                    "name": "RADIATOR MAHLE L720 W468 D32"
                },
                {
                    "id": "376754741",
                    "name": "RADIATOR MAHLE L720 W474 D36 [AUTO]"
                },
                {
                    "id": "TM4495",
                    "name": "THERMOSTAT MAHLE 95C"
                },
                {
                    "id": "PA1153",
                    "name": "WATER PUMP GRAF"
                },
                {
                    "id": "WP18027",
                    "name": "WATER PUMP PI"
                },
                {
                    "id": "VKM31017",
                    "name": "TENSIONER V-BELT PULLEY [OD:76 W:21] SKF"
                },
                {
                    "id": "437100-5810",
                    "name": "COMPRESSOR / AIR CONDITIONER DENSO"
                },
                {
                    "id": "351303501",
                    "name": "AIR CONDITIONING CONDENSER MAHLE L645 W341 D16"
                },
                {
                    "id": "351303504",
                    "name": "AIR CONDITIONING CONDENSER MAHLE"
                }
            ]
        },
        {
            "id": "6",
            "category": "CLUTCH COMPONENTS",
            "category_parts": [
                {
                    "id": "",
                    "name": ""
                },
                {
                    "id": "532056710",
                    "name": "CLUTCH M/CYL CPD"
                },
                {
                    "id": "07678",
                    "name": "CLUTCH M/CYL OSSCA/ATS 15.87MM PLASTIC"
                },
                {
                    "id": "22481",
                    "name": "CLUTCH M/CYL OSSCA/ATS 19.05MM PLASTIC"
                },
                {
                    "id": "32583",
                    "name": "CLUTCH M/CYL FEBI"
                },
                {
                    "id": "39438",
                    "name": "CLUTCH S/CYL FEBI"
                },
                {
                    "id": "3000950918",
                    "name": "CLUTCH KIT SACHS"
                }
            ]
        },
        {
            "id": "7",
            "category": "IGNITION SYSTEM",
            "category_parts": [
                {
                    "id": "",
                    "name": ""
                },
                {
                    "id": "IC329",
                    "name": "IGNITION COIL ECHLIN [4 PIN]"
                },
                {
                    "id": "IC326",
                    "name": "IGNITION COIL [4 PIN] ECHLIN"
                },
                {
                    "id": "111457",
                    "name": "IGNITION COIL HUCO"
                },
                {
                    "id": "111468",
                    "name": "IGNITION COIL [4 PIN] HUCO"
                },
                {
                    "id": "157500",
                    "name": "IGNITION COIL B/CORD [4 PIN]"
                },
                {
                    "id": "157900",
                    "name": "IGNITION COIL BOUGICORD"
                },
                {
                    "id": "0221604800",
                    "name": "IGNITION COIL BOSCH"
                },
                {
                    "id": "0986221054",
                    "name": "IGNITION COIL BOSCH"
                },
                {
                    "id": "0986221024",
                    "name": "IGNITION COIL BOSCH [4 PIN]"
                },
                {
                    "id": "IGC359",
                    "name": "IGNITION COIL MOBILETRON"
                },
                {
                    "id": "IGC360",
                    "name": "IGNITION COIL MOBILETRON"
                },
                {
                    "id": "IC9009",
                    "name": "IGNITION COIL [4 PIN]"
                },
                {
                    "id": "CP007",
                    "name": "IGNITION COIL KAIZEN"
                },
                {
                    "id": "IC334371",
                    "name": "IGNITION COIL KAIZEN"
                },
                {
                    "id": "IC334404",
                    "name": "IGNITION COIL KAIZEN"
                }
            ]
        },
        {
            "id": "8",
            "category": "DRIVESHAFT COMPONENTS",
            "category_parts": [
                {
                    "id": "",
                    "name": ""
                },
                {
                    "id": "AD8090",
                    "name": "CV JOINT INNER F/R L/R 34X88X123 TEKNOSA"
                },
                {
                    "id": "AD3002",
                    "name": "CV JOINT OUTER FRNT L/R 42X27X76.5XM TEKNOSA"
                },
                {
                    "id": "VKJP1488",
                    "name": "CV BOOT KIT OUTER SKF"
                },
                {
                    "id": "VKJP01021",
                    "name": "DRIVESHAFT KIT SKF"
                },
                {
                    "id": "VKJC8680",
                    "name": "DRIVESHAFT KIT SKF"
                }
            ]
        },
        {
            "id": "9",
            "category": "FUEL SYSTEM",
            "category_parts": [
                {
                    "id": "",
                    "name": ""
                },
                {
                    "id": "INTANK",
                    "name": "FUEL FILTER IN TANK LIFETIME"
                },
                {
                    "id": "71-10573-00",
                    "name": "CARB BASE PLATE"
                }
            ]
        },
        {
            "id": "10",
            "category": "TIMING COMPONENTS",
            "category_parts": [
                {
                    "id": "",
                    "name": ""
                },
                {
                    "id": "1987947927",
                    "name": "T/BELT KIT BOSCH"
                },
                {
                    "id": "VKMV5PK1123",
                    "name": "AIR CON BELT SKF"
                },
                {
                    "id": "5PK1123",
                    "name": "MULTI-GROOVE BELT RAM"
                },
                {
                    "id": "FEB40274",
                    "name": "TIMING CHAIN"
                },
                {
                    "id": "FEB40275",
                    "name": "TIMING CHAIN"
                },
                {
                    "id": "FEB39964",
                    "name": "TIMING CHAIN FEBI"
                },
                {
                    "id": "FEB40273",
                    "name": "TIMING CHAIN FEBI"
                },
                {
                    "id": "VKM31017",
                    "name": "TENSIONER V-BELT PULLEY [OD:76 W:21] SKF"
                }
            ]
        },
        {
            "id": "11",
            "category": "CYLINDER HEAD COMPONENTS",
            "category_parts": [
                {
                    "id": "",
                    "name": ""
                },
                {
                    "id": "AG8350",
                    "name": "CYL HEAD GASKET PAYEN"
                },
                {
                    "id": "71-42761-00",
                    "name": "CYL HEAD COVER GASKET VR"
                },
                {
                    "id": "71-42762-00",
                    "name": "CYL HEAD COVER GASKET VR"
                },
                {
                    "id": "9.0514",
                    "name": "CAMSHAFT SENSOR"
                },
                {
                    "id": "177027",
                    "name": "CAMSHAFT SENSOR SEBRING 3 PIN"
                }
            ]
        },
        {
            "id": "12",
            "category": "ENGINE SUB ASSEMBLY",
            "category_parts": [
                {
                    "id": "",
                    "name": ""
                },
                {
                    "id": "W4997",
                    "name": "THRUST WASHER SET KING"
                }
            ]
        },
        {
            "id": "13",
            "category": "MOUNTINGS ",
            "category_parts": [
                {
                    "id": "",
                    "name": ""
                },
                {
                    "id": "AR8740",
                    "name": "ENGINE MOUNTING PQ"
                },
                {
                    "id": "AR8741",
                    "name": "ENGINE MOUNTING PQ"
                },
                {
                    "id": "MK361",
                    "name": "STRUT MOUNTING FRNT MONROE"
                },
                {
                    "id": "AR8742",
                    "name": "STRUT MOUNTING FRNT PQ"
                },
                {
                    "id": "FEB32635",
                    "name": "STRUT MOUNTING FRNT FEBI"
                },
                {
                    "id": "FEB33719",
                    "name": "STRUT MOUNTING FRNT FEBI"
                },
                {
                    "id": "AU2822",
                    "name": "MOUNTING SHOCK FRNT L/R TEKNOSA"
                },
                {
                    "id": "71-10573-00",
                    "name": "CARB BASE PLATE"
                }
            ]
        },
        {
            "id": "15",
            "category": "ALTERNATOR COMPONENTS",
            "category_parts": [
                {
                    "id": "",
                    "name": ""
                },
                {
                    "id": "5PK1123",
                    "name": "MULTI-GROOVE BELT RAM"
                },
                {
                    "id": "VKM31017",
                    "name": "TENSIONER V-BELT PULLEY [OD:76 W:21] SKF"
                }
            ]
        },
        {
            "id": "16",
            "category": "BODY PARTS FRONT AND REAR",
            "category_parts": [
                {
                    "id": "",
                    "name": ""
                },
                {
                    "id": "G2825",
                    "name": "BULB PARK LIGHT FRNT"
                },
                {
                    "id": "G501",
                    "name": "BULB PARK LIGHT FRNT ATS"
                },
                {
                    "id": "ADG1122",
                    "name": "GASLIFT TRUNK/TAILGATE"
                }
            ]
        },
        {
            "id": "17",
            "category": "SWITCHES \u0026 ACCESSORIES",
            "category_parts": [
                {
                    "id": "",
                    "name": ""
                },
                {
                    "id": "S668",
                    "name": "BATTERY SABAT"
                },
                {
                    "id": "F668",
                    "name": "BATTERY EXIDE/MIDAS"
                },
                {
                    "id": "F668P",
                    "name": "BATTERY EXIDE/MIDAS 85AMP"
                },
                {
                    "id": "W668",
                    "name": "BATTERY WILLARD"
                },
                {
                    "id": "3397007298",
                    "name": "WIPER BLADE FRNT KIT BOSCH"
                },
                {
                    "id": "EU50",
                    "name": "WIPER BLADE FRNT PASS CHAMPION"
                },
                {
                    "id": "DXR65D",
                    "name": "WIPER BLADE FRNT [DRIVER] CHAMPION"
                },
                {
                    "id": "EU65",
                    "name": "WIPER BLADE FRNT [DRIVER] CHAMPION"
                },
                {
                    "id": "DXR50A",
                    "name": "WIPER BLADE FRNT [PASS] CHAMPION"
                },
                {
                    "id": "3397006837",
                    "name": "WIPER BLADE FRNT DRIV BOSCH"
                },
                {
                    "id": "3397006833",
                    "name": "WIPER BLADE FRNT PASS BOSCH"
                },
                {
                    "id": "01270",
                    "name": "WIPER MOTOR OSSCA/ATS"
                },
                {
                    "id": "7.3278",
                    "name": "TEMP SENDER UNIT FACET"
                },
                {
                    "id": "33784",
                    "name": "TEMP SENDER UNIT MP"
                }
            ]
        },
        {
            "id": "18",
            "category": "GASKETS ",
            "category_parts": [
                {
                    "id": "",
                    "name": ""
                },
                {
                    "id": "AG8350",
                    "name": "CYL HEAD GASKET PAYEN"
                }
            ]
        },
        {
            "id": "21",
            "category": "SENSORS \u0026 RELAYS",
            "category_parts": [
                {
                    "id": "",
                    "name": ""
                },
                {
                    "id": "9.0514",
                    "name": "CAMSHAFT SENSOR"
                },
                {
                    "id": "177027",
                    "name": "CAMSHAFT SENSOR SEBRING 3 PIN"
                },
                {
                    "id": "9.3170",
                    "name": "KNOCK SENSOR"
                },
                {
                    "id": "9.3171",
                    "name": "KNOCK SENSOR"
                }
            ]
        },
        {
            "id": "23",
            "category": "LUBRICANTS",
            "category_parts": [
                {
                    "id": "",
                    "name": ""
                },
                {
                    "id": "02756",
                    "name": "OIL LEVEL SENSOR OSSCA/ATS"
                }
            ]
        },
        {
            "id": "24",
            "category": "WHEEL BEARINGS",
            "category_parts": [
                {
                    "id": "",
                    "name": ""
                },
                {
                    "id": "VKBA6649",
                    "name": "WHEEL BRG KIT FRNT SKF"
                },
                {
                    "id": "PQ694",
                    "name": "WHEEL BRG KIT FRONT ID61 PQ"
                },
                {
                    "id": "713610900",
                    "name": "WHEEL BRG KIT FRNT FAG"
                }
            ]
        },
        {
            "id": "26",
            "category": "STEERING",
            "category_parts": [
                {
                    "id": "",
                    "name": ""
                },
                {
                    "id": "18180AP",
                    "name": "STEERING RACK END L/R A-PLUS L227"
                },
                {
                    "id": "21739AP",
                    "name": "STEERING RACK END L/R A-PLUS L235"
                },
                {
                    "id": "TR6193",
                    "name": "STEERING RACK END [227/243MM] PQ"
                },
                {
                    "id": "TR6194",
                    "name": "STEERING RACK END [237/252MM] PQ"
                },
                {
                    "id": "AU1415",
                    "name": "RACK END FRNT L/R L227 TEKNOSA"
                },
                {
                    "id": "AU1416",
                    "name": "RACK END FRNT L/R L235 TEKNOSA"
                },
                {
                    "id": "VKDY321006",
                    "name": "STEERING RACK END L243 SKF"
                },
                {
                    "id": "VKDY311038",
                    "name": "TIE ROD END L206 SKF"
                },
                {
                    "id": "VKDY311039",
                    "name": "TIE ROD END L206 SKF"
                },
                {
                    "id": "VKDY311040",
                    "name": "TIE ROD END L207 SKF"
                },
                {
                    "id": "VKDY311041",
                    "name": "TIE ROD END L207 SKF"
                },
                {
                    "id": "19423AP",
                    "name": "TIE ROD END OUTER LHS A-PLUS"
                },
                {
                    "id": "19424AP",
                    "name": "TIE ROD END OUTER RHS A-PLUS"
                },
                {
                    "id": "TR6192",
                    "name": "TIE ROD END OUTER L/R PQ"
                },
                {
                    "id": "AU1023",
                    "name": "TIE ROD END OUTER FRNT LHS TEKNOSA"
                },
                {
                    "id": "AU1024",
                    "name": "TIE ROD END OUTER FRNT RHS TEKNOSA"
                },
                {
                    "id": "AU1318",
                    "name": "TIE ROD END SET OUTER FRNT L/R TEKNOSA"
                }
            ]
        },
        {
            "id": "27",
            "category": "BEARINGS",
            "category_parts": [
                {
                    "id": "",
                    "name": ""
                },
                {
                    "id": "VKBA6649",
                    "name": "WHEEL BRG KIT FRNT SKF"
                },
                {
                    "id": "PQ694",
                    "name": "WHEEL BRG KIT FRONT ID61 PQ"
                },
                {
                    "id": "713610900",
                    "name": "WHEEL BRG KIT FRNT FAG"
                },
                {
                    "id": "VKDS321056",
                    "name": "CONTROL ARM L355 SKF"
                },
                {
                    "id": "VKDS321057",
                    "name": "CONTROL ARM L355 SKF"
                },
                {
                    "id": "VKDS321054",
                    "name": "CONTROL ARM L360.7 SKF"
                },
                {
                    "id": "VKDS321055",
                    "name": "CONTROL ARM L360.7 SKF"
                },
                {
                    "id": "VKDS321504B",
                    "name": "CONTROL ARM L420.7 SKF"
                },
                {
                    "id": "VKDS321505B",
                    "name": "CONTROL ARM L420.7 SKF"
                }
            ]
        },
        {
            "id": "28",
            "category": "AIR CONDITIONING",
            "category_parts": [
                {
                    "id": "",
                    "name": ""
                },
                {
                    "id": "437100-5810",
                    "name": "COMPRESSOR / AIR CONDITIONER DENSO"
                },
                {
                    "id": "351303501",
                    "name": "AIR CONDITIONING CONDENSER MAHLE L645 W341 D16"
                },
                {
                    "id": "351303504",
                    "name": "AIR CONDITIONING CONDENSER MAHLE"
                }
            ]
        },
        {
            "id": "28",
            "category": "AIR CONDITIONING",
            "category_parts": [
                {
                    "id": "",
                    "name": ""
                },
                {
                    "id": "437100-5810",
                    "name": "COMPRESSOR / AIR CONDITIONER DENSO"
                },
                {
                    "id": "351303501",
                    "name": "AIR CONDITIONING CONDENSER MAHLE L645 W341 D16"
                },
                {
                    "id": "351303504",
                    "name": "AIR CONDITIONING CONDENSER MAHLE"
                }
            ]
        }
    ]
}
