{
    "id": "230",
    "parts": [
        {
            "id": "1",
            "category": "SERVICE PARTS",
            "category_parts": [
                {
                    "id": "",
                    "name": ""
                },
                {
                    "id": "Z552",
                    "name": "OIL FILTER GUD OD78 H145 [M27 X 1.5MM]"
                },
                {
                    "id": "PH10600",
                    "name": "OIL FILTER FRAM"
                },
                {
                    "id": "F026407080",
                    "name": "OIL FILTER BOSCH"
                },
                {
                    "id": "38477",
                    "name": "OIL FILTER H142MM OD79MM FEBI"
                },
                {
                    "id": "ADV182105",
                    "name": "OIL FIL H142MM OD79MM BLUEPRINT"
                },
                {
                    "id": "WL7466",
                    "name": "OIL FILTER WIX"
                },
                {
                    "id": "AG1410",
                    "name": "AIR FILTER GUD PANEL L322 W128 H69"
                },
                {
                    "id": "CA10522",
                    "name": "AIR FILTER FRAM"
                },
                {
                    "id": "F026400157",
                    "name": "AIR FILTER BOSCH"
                },
                {
                    "id": "WA9580",
                    "name": "AIR FILTER WIX"
                },
                {
                    "id": "MAF148",
                    "name": "AIR FILTER KAIZEN"
                },
                {
                    "id": "INTANK",
                    "name": "FUEL FILTER IN TANK LIFETIME"
                },
                {
                    "id": "PFR7S8EG",
                    "name": "SPARK PLUG NGK"
                },
                {
                    "id": "IK22FTT",
                    "name": "DENSO IRIDIUM TT SPARK PLUG"
                },
                {
                    "id": "IKH22",
                    "name": "SPARK PLUG DENSO IRIDIUM POWER [D14MM HEX16MM 22NM TL26.5]"
                },
                {
                    "id": "PK22PR8",
                    "name": "SPARK PLUG DENSO PLATINUM [D14MM HEX16MM 22NM TL19]"
                },
                {
                    "id": "0242245576",
                    "name": "SPARK PLUG BOSCH"
                },
                {
                    "id": "0242240627",
                    "name": "SPARK PLUG BOSCH PLAT/IRIDIUM"
                },
                {
                    "id": "FR5KPP332S",
                    "name": "SPARK PLUG BOSCH PLAT/IRIDIUM"
                },
                {
                    "id": "AC79GUD",
                    "name": "CABIN AIR FILTER GUD H35 L279 W240"
                },
                {
                    "id": "DI145520-3860",
                    "name": "CABIN AIR FILTER CG DENSO"
                },
                {
                    "id": "CF10457",
                    "name": "CABIN AIR FILTER FRAM"
                },
                {
                    "id": "CFA10458",
                    "name": "CABIN AIR FILTER FRAM [ANTI-ODOR]"
                },
                {
                    "id": "1987435016",
                    "name": "CABIN AIR FILTER BOSCH"
                },
                {
                    "id": "WP9329",
                    "name": "CABIN AIR FILTER WIX CARBON"
                },
                {
                    "id": "WP9328",
                    "name": "CABIN AIR FILTER WIX PAPER"
                },
                {
                    "id": "ATE1098",
                    "name": "DISC PAD FRNT ATE L155 H72 T21"
                },
                {
                    "id": "FDB4045",
                    "name": "DISC PAD FRNT FERODO L155 H67 T20"
                },
                {
                    "id": "0986494538",
                    "name": "DISC PAD FRNT BOSCH L155 H67 T20"
                },
                {
                    "id": "D3862",
                    "name": "DISC PAD FRNT SAFELINE L155 H66 T20"
                },
                {
                    "id": "OPT3862",
                    "name": "DISC PAD FRNT L/R OPTIMA"
                },
                {
                    "id": "OPT3850",
                    "name": "DISC PAD REAR L/R OPTIMA"
                },
                {
                    "id": "05P1391",
                    "name": "DISC PAD FRNT LPR L155 H67 T20"
                },
                {
                    "id": "ADB11591",
                    "name": "DISC PAD FRNT NIPPON L155 H67 T19"
                },
                {
                    "id": "ATE1102",
                    "name": "DISC PAD REAR ATE L116 H59 T18"
                },
                {
                    "id": "FDB4050",
                    "name": "DISC PAD REAR FERODO L116 H59 T18"
                },
                {
                    "id": "FDB4410",
                    "name": "DISC PAD REAR FERODO L116 H59 T18"
                },
                {
                    "id": "0986494254",
                    "name": "DISC PAD REAR BOSCH L116 H59 T17"
                },
                {
                    "id": "0986494446",
                    "name": "DISC PAD REAR BOSCH L117 H59 T17"
                },
                {
                    "id": "D3850",
                    "name": "DISC PAD REAR SAFELINE L116 H59 T17"
                },
                {
                    "id": "D3955",
                    "name": "DISC PAD REAR SAFELINE L116 H59 T17"
                },
                {
                    "id": "05P1489",
                    "name": "DISC PAD REAR LPR L116 H59 T18"
                },
                {
                    "id": "ADB01709",
                    "name": "DISC PAD REAR NIPPON L116 H59 T17"
                },
                {
                    "id": "ADB22121",
                    "name": "DISC PAD REAR NIPPON L117 H59 T17"
                },
                {
                    "id": "FEB15374",
                    "name": "DRAIN PLUG SUMP \u0026 WASHER FEBI"
                },
                {
                    "id": "3433389",
                    "name": "ENGINE OIL CASTROL MAGNATEC 5W30 5L"
                },
                {
                    "id": "550048788",
                    "name": "ENGINE OIL SHELL HELIX ULTRA 5W30 5L"
                }
            ]
        },
        {
            "id": "2",
            "category": "BRAKES",
            "category_parts": [
                {
                    "id": "",
                    "name": ""
                },
                {
                    "id": "ATE1098",
                    "name": "DISC PAD FRNT ATE L155 H72 T21"
                },
                {
                    "id": "FDB4045",
                    "name": "DISC PAD FRNT FERODO L155 H67 T20"
                },
                {
                    "id": "0986494538",
                    "name": "DISC PAD FRNT BOSCH L155 H67 T20"
                },
                {
                    "id": "D3862",
                    "name": "DISC PAD FRNT SAFELINE L155 H66 T20"
                },
                {
                    "id": "OPT3862",
                    "name": "DISC PAD FRNT L/R OPTIMA"
                },
                {
                    "id": "OPT3850",
                    "name": "DISC PAD REAR L/R OPTIMA"
                },
                {
                    "id": "05P1391",
                    "name": "DISC PAD FRNT LPR L155 H67 T20"
                },
                {
                    "id": "ADB11591",
                    "name": "DISC PAD FRNT NIPPON L155 H67 T19"
                },
                {
                    "id": "ATE1102",
                    "name": "DISC PAD REAR ATE L116 H59 T18"
                },
                {
                    "id": "FDB4050",
                    "name": "DISC PAD REAR FERODO L116 H59 T18"
                },
                {
                    "id": "FDB4410",
                    "name": "DISC PAD REAR FERODO L116 H59 T18"
                },
                {
                    "id": "0986494254",
                    "name": "DISC PAD REAR BOSCH L116 H59 T17"
                },
                {
                    "id": "0986494446",
                    "name": "DISC PAD REAR BOSCH L117 H59 T17"
                },
                {
                    "id": "D3850",
                    "name": "DISC PAD REAR SAFELINE L116 H59 T17"
                },
                {
                    "id": "D3955",
                    "name": "DISC PAD REAR SAFELINE L116 H59 T17"
                },
                {
                    "id": "05P1489",
                    "name": "DISC PAD REAR LPR L116 H59 T18"
                },
                {
                    "id": "ADB01709",
                    "name": "DISC PAD REAR NIPPON L116 H59 T17"
                },
                {
                    "id": "ADB22121",
                    "name": "DISC PAD REAR NIPPON L117 H59 T17"
                },
                {
                    "id": "125.0184",
                    "name": "BRAKE DISC FV ATE D314 H52 S68 O154 [5]"
                },
                {
                    "id": "130.0193",
                    "name": "BRAKE DISC FV ATE D320 H52 S68 O153 [5]"
                },
                {
                    "id": "129-0102",
                    "name": "BRAKE DISC FV ATE D345 H52 S68 5"
                },
                {
                    "id": "DDF1664",
                    "name": "BRAKE DISC FV FERODO D320 H52 S68 [5]"
                },
                {
                    "id": "DDF1664C",
                    "name": "BRAKE DISC FV FERODO D320 H52 S68 [5]"
                },
                {
                    "id": "DDF1996C",
                    "name": "BRAKE DISC FV FERODO D320 H52 S68 [5]"
                },
                {
                    "id": "DDF1996C-1",
                    "name": "BRAKE DISC FV FERODO D320 H52 S68 [5]"
                },
                {
                    "id": "TBD7032-D",
                    "name": "BRAKE DISC FRNT L/R VENTED OPTIMA"
                },
                {
                    "id": "TBD7219-D",
                    "name": "BRAKE DISC FRNT L/R VENTED OPTIMA"
                },
                {
                    "id": "TBD8473-D",
                    "name": "BRAKE DISC FRNT L/R VENTED OPTIMA"
                },
                {
                    "id": "TBD8474-D",
                    "name": "BRAKE DISC FRNT L/R VENTED OPTIMA"
                },
                {
                    "id": "TBD7071-D",
                    "name": "BRAKE DISC REAR L/R SOLID OPTIMA"
                },
                {
                    "id": "TBD7220-D",
                    "name": "BRAKE DISC REAR L/R SOLID OPTIMA"
                },
                {
                    "id": "DR6071",
                    "name": "BRAKE DISC RS ALFA D299 H36 S68 [5]"
                },
                {
                    "id": "DR6220",
                    "name": "BRAKE DISC RS ALFA D300 H36 S68 [5]"
                },
                {
                    "id": "DR7473",
                    "name": "BRAKE DISC RV ALFA D330 H36 S68 [5]"
                },
                {
                    "id": "112.0178",
                    "name": "BRAKE DISC RS ATE D300 H36 S68 ID169 [5]"
                },
                {
                    "id": "DDF1666",
                    "name": "BRAKE DISC RS FERODO D300 H36 S68 [5]"
                },
                {
                    "id": "DDF1666C",
                    "name": "BRAKE DISC RS FERODO D300 H36 S68 [5]"
                },
                {
                    "id": "DDF2383C",
                    "name": "BRAKE DISC RV FERODO D330 H37 S68 [5]"
                },
                {
                    "id": "WS0302B",
                    "name": "DISC PAD SENSOR FRONT [310MM] QB"
                },
                {
                    "id": "14955",
                    "name": "WHEEL HUB REAR OSSCA/ATS"
                },
                {
                    "id": "694HUB",
                    "name": "WHEEL HUB FRONT PQ"
                },
                {
                    "id": "1678-1",
                    "name": "ANTI-RATTLE CLIP FRNT BHCS"
                },
                {
                    "id": "SED7003C",
                    "name": "CAL GUIDE BOLT FRNT CPD"
                },
                {
                    "id": "SED7044C",
                    "name": "CAL GUIDE BOLT FRNT CPD"
                },
                {
                    "id": "1346X",
                    "name": "CAL GUIDE BOLT FRNT BHCS"
                },
                {
                    "id": "1306X",
                    "name": "CALIPER GUIDE BOLT KIT FRNT BHCS"
                },
                {
                    "id": "1766-1",
                    "name": "A/RATTLE CLIP RR [SOLID DISC] BHCS"
                },
                {
                    "id": "1610-1",
                    "name": "A/RATTLE CLIP RR [VENTED DISC] BHCS"
                },
                {
                    "id": "1339X",
                    "name": "GUIDE BOLT RR [VENTED DISC] BHCS"
                },
                {
                    "id": "SED7084C",
                    "name": "CAL GUIDE BOLT REAR CPD"
                },
                {
                    "id": "113-1306X",
                    "name": "BRAKE CALIPER GUIDE SLEEVE KIT QB"
                },
                {
                    "id": "113-1346X",
                    "name": "BRAKE CALIPER GUIDE SLEEVE KIT QB"
                },
                {
                    "id": "113-1450X",
                    "name": "BRAKE CALIPER GUIDE SLEEVE KIT QB"
                }
            ]
        },
        {
            "id": "3",
            "category": "SUSPENSION COMPONENTS [FRONT]",
            "category_parts": [
                {
                    "id": "",
                    "name": ""
                },
                {
                    "id": "E8502",
                    "name": "SHOCK FRNT MONROE"
                },
                {
                    "id": "341717",
                    "name": "SHOCK FRNT KYB"
                },
                {
                    "id": "341719",
                    "name": "SHOCK FRNT KYB"
                },
                {
                    "id": "AR8739",
                    "name": "STRUT MOUNTING FRNT PQ"
                },
                {
                    "id": "AU2822",
                    "name": "MOUNTING SHOCK FRNT L/R TEKNOSA"
                },
                {
                    "id": "FEB32635",
                    "name": "STRUT MOUNTING FRNT FEBI"
                },
                {
                    "id": "FEB33719",
                    "name": "STRUT MOUNTING FRNT FEBI"
                },
                {
                    "id": "VKDP33140T",
                    "name": "DUST COVER KIT FRNT SKF"
                },
                {
                    "id": "VKDP43155T",
                    "name": "DUST COVER KIT REAR SKF"
                },
                {
                    "id": "AU1920",
                    "name": "BALL JOINT LOWER F/R L/R TEKNOSA"
                },
                {
                    "id": "AU1919",
                    "name": "BALL JOINT LOWER FRNT L/R TEKNOSA"
                },
                {
                    "id": "BJ1283",
                    "name": "BALL JOINT LOWER L/R PQ"
                },
                {
                    "id": "BJ1319",
                    "name": "BALL JOINT LOWER L/R PQ"
                },
                {
                    "id": "19425AP",
                    "name": "BALL JOINT LOWER L/R A-PLUS [13.8MM]"
                },
                {
                    "id": "21737AP",
                    "name": "BALL JOINT LOWER L/R A-PLUS [17.3MM]"
                },
                {
                    "id": "16232",
                    "name": "BALL JOINT LOWER L+R ATS"
                },
                {
                    "id": "VKDS311026",
                    "name": "BALL JOINT LOWER L* H* ID* OD* SKF"
                },
                {
                    "id": "VKDS311027",
                    "name": "BALL JOINT LOWER L* H* ID* OD42 SKF"
                },
                {
                    "id": "19428AP",
                    "name": "CONTROL ARM UPPER LHS A-PLUS"
                },
                {
                    "id": "19430AP",
                    "name": "CONTROL ARM UPPER LHS A-PLUS"
                },
                {
                    "id": "19429AP",
                    "name": "CONTROL ARM UPPER RHS A-PLUS"
                },
                {
                    "id": "19431AP",
                    "name": "CONTROL ARM UPPER RHS A-PLUS"
                },
                {
                    "id": "AU2039",
                    "name": "CONTROL ARM LOWER FRNT L/R TEKNOSA"
                },
                {
                    "id": "AU2040",
                    "name": "CONTROL ARM LOWER FRNT L/R TEKNOSA"
                },
                {
                    "id": "AU2043",
                    "name": "CONTROL ARM LOWER FRNT L/R TEKNOSA"
                },
                {
                    "id": "AU2044",
                    "name": "CONTROL ARM LOWER FRNT L/R TEKNOSA"
                },
                {
                    "id": "AU2037",
                    "name": "CONTROL ARM LOWER FRNT LHS TEKNOSA"
                },
                {
                    "id": "AU2041",
                    "name": "CONTROL ARM LOWER FRNT LHS TEKNOSA"
                },
                {
                    "id": "AU2045",
                    "name": "CONTROL ARM LOWER FRNT LHS TEKNOSA"
                },
                {
                    "id": "AU2038",
                    "name": "CONTROL ARM LOWER FRNT RHS TEKNOSA"
                },
                {
                    "id": "AU2042",
                    "name": "CONTROL ARM LOWER FRNT RHS TEKNOSA"
                },
                {
                    "id": "AU2046",
                    "name": "CONTROL ARM LOWER FRNT RHS TEKNOSA"
                },
                {
                    "id": "AU2047",
                    "name": "CONTROL ARM LOWER REAR LHS TEKNOSA"
                },
                {
                    "id": "AU2048",
                    "name": "CONTROL ARM LOWER REAR RHS TEKNOSA"
                },
                {
                    "id": "AU1715",
                    "name": "CONTROL ARM UPPER FRNT LHS TEKNOSA"
                },
                {
                    "id": "AU1717",
                    "name": "CONTROL ARM UPPER FRNT LHS TEKNOSA"
                },
                {
                    "id": "AU1716",
                    "name": "CONTROL ARM UPPER FRNT RHS TEKNOSA"
                },
                {
                    "id": "AU1718",
                    "name": "CONTROL ARM UPPER FRNT RHS TEKNOSA"
                },
                {
                    "id": "19432AP",
                    "name": "CONTROL ARM LOWER LHS A-PLUS"
                },
                {
                    "id": "19438AP",
                    "name": "CONTROL ARM LOWER LHS A-PLUS"
                },
                {
                    "id": "22411AP",
                    "name": "CONTROL ARM LOWER LHS A-PLUS"
                },
                {
                    "id": "19435AP",
                    "name": "CONTROL ARM LOWER LHS A-PLUS [15MM]"
                },
                {
                    "id": "21732AP",
                    "name": "CONTROL ARM LOWER LHS A-PLUS [17MM]"
                },
                {
                    "id": "24758AP",
                    "name": "CONTROL ARM LOWER LHS A-PLUS [17MM]"
                },
                {
                    "id": "19433AP",
                    "name": "CONTROL ARM LOWER RHS A-PLUS"
                },
                {
                    "id": "19439AP",
                    "name": "CONTROL ARM LOWER RHS A-PLUS"
                },
                {
                    "id": "22412AP",
                    "name": "CONTROL ARM LOWER RHS A-PLUS"
                },
                {
                    "id": "19436AP",
                    "name": "CONTROL ARM LOWER RHS A-PLUS [15MM]"
                },
                {
                    "id": "21733AP",
                    "name": "CONTROL ARM LOWER RHS A-PLUS [17MM]"
                },
                {
                    "id": "24759AP",
                    "name": "CONTROL ARM LOWER RHS A-PLUS [17MM]"
                },
                {
                    "id": "VKDS341020",
                    "name": "STABILIZER LINK L* H* ID* OD* SKF"
                },
                {
                    "id": "VKDS341026",
                    "name": "STABILIZER LINK L* H* ID* OD* SKF"
                },
                {
                    "id": "AU2623",
                    "name": "LATERAL LINK REAR LHS TEKNOSA"
                },
                {
                    "id": "AU2624",
                    "name": "LATERAL LINK REAR RHS TEKNOSA"
                },
                {
                    "id": "BJ1273L",
                    "name": "TRACK CONTROL ARM LOWER LHS PQ"
                },
                {
                    "id": "BJ1274L",
                    "name": "TRACK CONTROL ARM LOWER LHS PQ"
                },
                {
                    "id": "BJ1320L",
                    "name": "TRACK CONTROL ARM LOWER LHS PQ"
                },
                {
                    "id": "BJ1321L",
                    "name": "TRACK CONTROL ARM LOWER LHS PQ"
                },
                {
                    "id": "BJ1273R",
                    "name": "TRACK CONTROL ARM LOWER RHS PQ"
                },
                {
                    "id": "BJ1274R",
                    "name": "TRACK CONTROL ARM LOWER RHS PQ"
                },
                {
                    "id": "BJ1320R",
                    "name": "TRACK CONTROL ARM LOWER RHS PQ"
                },
                {
                    "id": "BJ1321R",
                    "name": "TRACK CONTROL ARM LOWER RHS PQ"
                },
                {
                    "id": "BJ1275L",
                    "name": "TRACK CONTROL ARM UPPER LHS PQ"
                },
                {
                    "id": "BJ1276L",
                    "name": "TRACK CONTROL ARM UPPER LHS PQ"
                },
                {
                    "id": "BJ1275R",
                    "name": "TRACK CONTROL ARM UPPER RHS PQ"
                },
                {
                    "id": "BJ1276R",
                    "name": "TRACK CONTROL ARM UPPER RHS PQ"
                },
                {
                    "id": "VKDS321058B",
                    "name": "CONTROL ARM L* SKF"
                },
                {
                    "id": "VKDS321059B",
                    "name": "CONTROL ARM L* SKF"
                },
                {
                    "id": "VKDS321060B",
                    "name": "CONTROL ARM L* SKF"
                },
                {
                    "id": "VKDS321061B",
                    "name": "CONTROL ARM L* SKF"
                },
                {
                    "id": "VKDS321056",
                    "name": "CONTROL ARM L355 SKF"
                },
                {
                    "id": "VKDS321057",
                    "name": "CONTROL ARM L355 SKF"
                },
                {
                    "id": "VKDS321054",
                    "name": "CONTROL ARM L360.7 SKF"
                },
                {
                    "id": "VKDS321055",
                    "name": "CONTROL ARM L360.7 SKF"
                },
                {
                    "id": "VKDS321504B",
                    "name": "CONTROL ARM L420.7 SKF"
                },
                {
                    "id": "VKDS321505B",
                    "name": "CONTROL ARM L420.7 SKF"
                },
                {
                    "id": "VKDS321506B",
                    "name": "CONTROL ARM L420.7 SKF"
                },
                {
                    "id": "VKDS321507B",
                    "name": "CONTROL ARM L420.7 SKF"
                },
                {
                    "id": "VKDS331029",
                    "name": "C/ARM BUSH L* H40 ID10.2 OD46.5 SKF"
                },
                {
                    "id": "VKDS331027",
                    "name": "C/ARM BUSH L* H54.9 ID12.2 OD50.2 SKF"
                },
                {
                    "id": "VKDS331028",
                    "name": "C/ARM BUSH L45 H43.8 ID12.1 OD43.8 SKF"
                },
                {
                    "id": "AU2124",
                    "name": "BUSH CONT ARM LOW FRNT L/R TEKNOSA"
                },
                {
                    "id": "AU2125",
                    "name": "BUSH CONT ARM LOW FRNT L/R TEKNOSA"
                },
                {
                    "id": "AU2126",
                    "name": "BUSH CONT ARM LOW FRNT L/R TEKNOSA"
                },
                {
                    "id": "AU2127",
                    "name": "BUSH CONT ARM LOW FRNT L/R TEKNOSA"
                },
                {
                    "id": "AU2128",
                    "name": "BUSH CONT ARM LOW FRNT L/R TEKNOSA"
                },
                {
                    "id": "AU1810",
                    "name": "BUSH CONT ARM UP FRNT L/R TEKNOSA"
                },
                {
                    "id": "AU1811",
                    "name": "BUSH CONT ARM UP FRNT L/R TEKNOSA"
                },
                {
                    "id": "VKDS351007",
                    "name": "STAB BAR BUSH L* H* ID* OD* SKF"
                }
            ]
        },
        {
            "id": "4",
            "category": "SUSPENSION COMPONENTS [REAR]",
            "category_parts": [
                {
                    "id": "",
                    "name": ""
                },
                {
                    "id": "VKDP33140T",
                    "name": "DUST COVER KIT FRNT SKF"
                },
                {
                    "id": "VKDP43155T",
                    "name": "DUST COVER KIT REAR SKF"
                },
                {
                    "id": "E7808",
                    "name": "SHOCK REAR MONROE"
                },
                {
                    "id": "349133",
                    "name": "SHOCK REAR KYB"
                },
                {
                    "id": "349134",
                    "name": "SHOCK REAR KYB"
                },
                {
                    "id": "VKDA40132",
                    "name": "TOP MOUNT REAR SHOCK [SINGLE] SKF"
                },
                {
                    "id": "VKDA40132T",
                    "name": "TOP MOUNT REAR SHOCK [TWIN PACK] SKF"
                },
                {
                    "id": "FEB31984",
                    "name": "STRUT MOUNTING REAR FEBI"
                },
                {
                    "id": "VKDS331029",
                    "name": "C/ARM BUSH L* H40 ID10.2 OD46.5 SKF"
                },
                {
                    "id": "VKDS331027",
                    "name": "C/ARM BUSH L* H54.9 ID12.2 OD50.2 SKF"
                },
                {
                    "id": "VKDS331028",
                    "name": "C/ARM BUSH L45 H43.8 ID12.1 OD43.8 SKF"
                },
                {
                    "id": "17384AP",
                    "name": "C/ARM BUSH LOWER L/R A-PLUS"
                },
                {
                    "id": "18614AP",
                    "name": "C/ARM BUSH LOWER L/R A-PLUS"
                },
                {
                    "id": "19434AP",
                    "name": "C/ARM BUSH LOWER L/R A-PLUS"
                },
                {
                    "id": "19437AP",
                    "name": "C/ARM BUSH LOWER L/R A-PLUS [OD:65]"
                },
                {
                    "id": "22611AP",
                    "name": "C/ARM BUSH LOWER L/R A-PLUS [OD:75]"
                },
                {
                    "id": "14262AP",
                    "name": "C/ARM BUSH UPPER L/R A-PLUS"
                },
                {
                    "id": "17418AP",
                    "name": "C/ARM BUSH UPPER L/R A-PLUS"
                },
                {
                    "id": "AU2124",
                    "name": "BUSH CONT ARM LOW FRNT L/R TEKNOSA"
                },
                {
                    "id": "AU2125",
                    "name": "BUSH CONT ARM LOW FRNT L/R TEKNOSA"
                },
                {
                    "id": "AU2126",
                    "name": "BUSH CONT ARM LOW FRNT L/R TEKNOSA"
                },
                {
                    "id": "AU2127",
                    "name": "BUSH CONT ARM LOW FRNT L/R TEKNOSA"
                },
                {
                    "id": "AU2128",
                    "name": "BUSH CONT ARM LOW FRNT L/R TEKNOSA"
                },
                {
                    "id": "AU1810",
                    "name": "BUSH CONT ARM UP FRNT L/R TEKNOSA"
                },
                {
                    "id": "AU1811",
                    "name": "BUSH CONT ARM UP FRNT L/R TEKNOSA"
                },
                {
                    "id": "VKDS351007",
                    "name": "STAB BAR BUSH L* H* ID* OD* SKF"
                },
                {
                    "id": "AU2623",
                    "name": "LATERAL LINK REAR LHS TEKNOSA"
                },
                {
                    "id": "AU2624",
                    "name": "LATERAL LINK REAR RHS TEKNOSA"
                },
                {
                    "id": "VKDS341020",
                    "name": "STABILIZER LINK L* H* ID* OD* SKF"
                },
                {
                    "id": "VKDS341026",
                    "name": "STABILIZER LINK L* H* ID* OD* SKF"
                },
                {
                    "id": "19440AP",
                    "name": "LATERAL LINK LHS A-PLUS L283"
                },
                {
                    "id": "19441AP",
                    "name": "LATERAL LINK RHS A-PLUS L283"
                },
                {
                    "id": "20696AP",
                    "name": "STABILIZER LINK L/R A-PLUS L110"
                },
                {
                    "id": "19426AP",
                    "name": "STABILIZER LINK L/R A-PLUS L170"
                },
                {
                    "id": "21734AP",
                    "name": "STABILIZER LINK L/R A-PLUS L170"
                },
                {
                    "id": "19427AP",
                    "name": "STABILIZER LINK L/R A-PLUS L60"
                },
                {
                    "id": "AU1530",
                    "name": "STABILIZER LINK FRNT L/R L110 TEKNOSA"
                },
                {
                    "id": "AU1527",
                    "name": "STABILIZER LINK FRNT L/R L170 TEKNOSA"
                },
                {
                    "id": "AU1528",
                    "name": "STABILIZER LINK FRNT L/R L170 TEKNOSA"
                },
                {
                    "id": "AU1529",
                    "name": "STABILIZER LINK REAR L/R L90 TEKNOSA"
                },
                {
                    "id": "VKDS321058B",
                    "name": "CONTROL ARM L* SKF"
                },
                {
                    "id": "VKDS321059B",
                    "name": "CONTROL ARM L* SKF"
                },
                {
                    "id": "VKDS321060B",
                    "name": "CONTROL ARM L* SKF"
                },
                {
                    "id": "VKDS321061B",
                    "name": "CONTROL ARM L* SKF"
                },
                {
                    "id": "VKDS321056",
                    "name": "CONTROL ARM L355 SKF"
                },
                {
                    "id": "VKDS321057",
                    "name": "CONTROL ARM L355 SKF"
                },
                {
                    "id": "VKDS321054",
                    "name": "CONTROL ARM L360.7 SKF"
                },
                {
                    "id": "VKDS321055",
                    "name": "CONTROL ARM L360.7 SKF"
                },
                {
                    "id": "VKDS321504B",
                    "name": "CONTROL ARM L420.7 SKF"
                },
                {
                    "id": "VKDS321505B",
                    "name": "CONTROL ARM L420.7 SKF"
                },
                {
                    "id": "VKDS321506B",
                    "name": "CONTROL ARM L420.7 SKF"
                },
                {
                    "id": "VKDS321507B",
                    "name": "CONTROL ARM L420.7 SKF"
                }
            ]
        },
        {
            "id": "5",
            "category": "COOLING SYSTEM",
            "category_parts": [
                {
                    "id": "",
                    "name": ""
                },
                {
                    "id": "RDAD0044",
                    "name": "RADIATOR [AUTO]"
                },
                {
                    "id": "RDAD0044A",
                    "name": "RADIATOR [MAN]"
                },
                {
                    "id": "01686",
                    "name": "RADIATOR CAP OSSCA/ATS"
                },
                {
                    "id": "TP3-23",
                    "name": "RADIATOR CAP [LIGHT BLUE 40KPA] ECHLIN"
                },
                {
                    "id": "TP3-23M",
                    "name": "RADIATOR CAP [LIGHT BLUE 40KPA] MP"
                },
                {
                    "id": "12424",
                    "name": "HOSE BREATHER PIPE OSSCA/ATS"
                },
                {
                    "id": "VKPC81205",
                    "name": "WATER PUMP SKF"
                },
                {
                    "id": "VKPC81242",
                    "name": "WATER PUMP SKF"
                },
                {
                    "id": "QCP3719",
                    "name": "WATER PUMP ECHLIN"
                },
                {
                    "id": "A-221",
                    "name": "WATER PUMP DOLZ"
                },
                {
                    "id": "VKM31160",
                    "name": "TENSIONER V-BELT PULLEY [OD:60 W:24] SKF"
                },
                {
                    "id": "VKM31310",
                    "name": "TENSIONER V-BELT PULLEY [OD:70 W:24] SKF"
                },
                {
                    "id": "VKM31315",
                    "name": "TENSIONER V-BELT PULLEY [OD:90 W:25] SKF"
                },
                {
                    "id": "437100-7790",
                    "name": "COMPRESSOR / AIR CONDITIONER DENSO"
                }
            ]
        },
        {
            "id": "6",
            "category": "CLUTCH COMPONENTS",
            "category_parts": [
                {
                    "id": "",
                    "name": ""
                },
                {
                    "id": "09873",
                    "name": "CLUTCH M/CYL OSSCA/ATS 19.05MM PLASTIC"
                },
                {
                    "id": "26844",
                    "name": "CLUTCH M/CYL FEBI"
                },
                {
                    "id": "CM190.9011",
                    "name": "CLUTCH M/CYL PQ"
                },
                {
                    "id": "500119910",
                    "name": "CONCENTRIC S/CYL LUK"
                },
                {
                    "id": "124043710",
                    "name": "PRESSURE PLATE LUK"
                },
                {
                    "id": "624352200",
                    "name": "CLUTCH KIT LUK D228 S22.0 ST28"
                },
                {
                    "id": "R525MK",
                    "name": "CLUTCH KIT LUK D240 S30.5 ST28"
                },
                {
                    "id": "2289000298",
                    "name": "CLUTCH KIT SACHS"
                },
                {
                    "id": "2290601098",
                    "name": "CLUTCH KIT SACHS"
                },
                {
                    "id": "3000970072",
                    "name": "CLUTCH KIT SACHS"
                },
                {
                    "id": "RB9854",
                    "name": "RELEASE BEARING PQ"
                }
            ]
        },
        {
            "id": "7",
            "category": "IGNITION SYSTEM",
            "category_parts": [
                {
                    "id": "",
                    "name": ""
                },
                {
                    "id": "BC7900",
                    "name": "IGNITION COIL BOUGICORD"
                },
                {
                    "id": "0221604115",
                    "name": "IGNITION COIL BOSCH"
                },
                {
                    "id": "CP007",
                    "name": "IGNITION COIL KAIZEN"
                }
            ]
        },
        {
            "id": "8",
            "category": "DRIVESHAFT COMPONENTS",
            "category_parts": [
                {
                    "id": "",
                    "name": ""
                },
                {
                    "id": "AD8090",
                    "name": "CV JOINT INNER F/R L/R 34X88X123 TEKNOSA"
                },
                {
                    "id": "AD3002",
                    "name": "CV JOINT OUTER FRNT L/R 42X27X76.5XM TEKNOSA"
                },
                {
                    "id": "AD3008",
                    "name": "CV JOINT OUTER FRNT L/R 42X28X76.5XI TEKNOSA"
                },
                {
                    "id": "VKJP01001",
                    "name": "CV BOOT KIT OUTER SKF"
                },
                {
                    "id": "VKJP01001S",
                    "name": "CV BOOT KIT OUTER SKF"
                },
                {
                    "id": "VKJP1488",
                    "name": "CV BOOT KIT OUTER SKF"
                },
                {
                    "id": "VKJP3037",
                    "name": "CV BOOT KIT OUTER SKF"
                },
                {
                    "id": "VKJP3037R",
                    "name": "CV BOOT KIT OUTER SKF"
                },
                {
                    "id": "VKJP01021",
                    "name": "DRIVESHAFT KIT SKF"
                },
                {
                    "id": "CV161K",
                    "name": "CV BOOT KIT OUTER"
                },
                {
                    "id": "CV308K",
                    "name": "CV BOOT KIT INNER [AUTO]"
                },
                {
                    "id": "VKJC8680",
                    "name": "DRIVESHAFT KIT SKF"
                },
                {
                    "id": "VKJC8681",
                    "name": "DRIVESHAFT KIT SKF"
                }
            ]
        },
        {
            "id": "9",
            "category": "FUEL SYSTEM",
            "category_parts": [
                {
                    "id": "",
                    "name": ""
                },
                {
                    "id": "INTANK",
                    "name": "FUEL FILTER IN TANK LIFETIME"
                },
                {
                    "id": "0261500059",
                    "name": "INJECTORS BOSCH"
                }
            ]
        },
        {
            "id": "10",
            "category": "TIMING COMPONENTS",
            "category_parts": [
                {
                    "id": "",
                    "name": ""
                },
                {
                    "id": "1987949661",
                    "name": "BELT FOR WATER PUMP [054X12MM] BOSCH"
                },
                {
                    "id": "1987946096",
                    "name": "T/BELT KIT BOSCH"
                },
                {
                    "id": "1987948437",
                    "name": "T/BELT KIT BOSCH"
                },
                {
                    "id": "AUD119",
                    "name": "USE 20TH075/25TH119 ON COMPUTER"
                },
                {
                    "id": "VKMV6PK1590",
                    "name": "MULTI-GROOVE BELT SKF"
                },
                {
                    "id": "VKMV6PK1592",
                    "name": "MULTI-GROOVE BELT SKF"
                },
                {
                    "id": "VKMA31310",
                    "name": "V-BELT KIT [6PK1592] SKF"
                },
                {
                    "id": "QTB738",
                    "name": "TIM BELT [054X12MM] ECHLIN"
                },
                {
                    "id": "6PK1588",
                    "name": "MULTI-GROOVE BELT [ALT PS +AC] RAM"
                },
                {
                    "id": "VKM31160",
                    "name": "TENSIONER V-BELT PULLEY [OD:60 W:24] SKF"
                },
                {
                    "id": "VKM31310",
                    "name": "TENSIONER V-BELT PULLEY [OD:70 W:24] SKF"
                },
                {
                    "id": "VKM31315",
                    "name": "TENSIONER V-BELT PULLEY [OD:90 W:25] SKF"
                },
                {
                    "id": "T39122",
                    "name": "T/BELT TENSIONER GATES"
                }
            ]
        },
        {
            "id": "11",
            "category": "CYLINDER HEAD COMPONENTS",
            "category_parts": [
                {
                    "id": "",
                    "name": ""
                },
                {
                    "id": "AH5380",
                    "name": "CYL HEAD GASKET"
                },
                {
                    "id": "FEB26433",
                    "name": "CYL HEAD BOLT SET FEBI"
                },
                {
                    "id": "14-32276-01",
                    "name": "CYL HEAD BOLT SET REINZ"
                },
                {
                    "id": "OFC-80",
                    "name": "OIL FILLER CAP ECHLIN"
                },
                {
                    "id": "04106",
                    "name": "OIL FILLER CAP OSSCA/ATS"
                },
                {
                    "id": "FEB32155",
                    "name": "OIL FILLER CAP FEBI"
                }
            ]
        },
        {
            "id": "12",
            "category": "ENGINE SUB ASSEMBLY",
            "category_parts": [
                {
                    "id": "",
                    "name": ""
                },
                {
                    "id": "RP83079",
                    "name": "PISTON SET AE 82.50MM"
                },
                {
                    "id": "RR83056",
                    "name": "RINGSET FED 82.50MM 1.2/1.2/2MM"
                },
                {
                    "id": "RR83071",
                    "name": "RINGSET FED 82.50MM 1.2/1.2/2MM"
                },
                {
                    "id": "RR83028",
                    "name": "RINGSET FED 82.50MM 1.2/1.5/2MM"
                },
                {
                    "id": "B4118",
                    "name": "CONROD BEARING SET AE"
                },
                {
                    "id": "M5118",
                    "name": "MAIN BEARING SET AE"
                },
                {
                    "id": "M5118-010",
                    "name": "MAIN BEARING SET AE"
                },
                {
                    "id": "M5118-020",
                    "name": "MAIN BEARING SET AE"
                },
                {
                    "id": "ROP83069",
                    "name": "OIL PUMP AUTOZONE"
                },
                {
                    "id": "ROP83077",
                    "name": "OIL PUMP AUTOZONE"
                },
                {
                    "id": "ROP83733",
                    "name": "OIL PUMP AUTOZONE"
                },
                {
                    "id": "FEB15374",
                    "name": "DRAIN PLUG SUMP \u0026 WASHER FEBI"
                },
                {
                    "id": "W2118",
                    "name": "THRUST WASHER SET AE"
                },
                {
                    "id": "17606",
                    "name": "MAIN FLANGE REAR OSSCA/ATS"
                },
                {
                    "id": "9549",
                    "name": "CRANKSHAFT SEAL FRNT PQ"
                },
                {
                    "id": "9242",
                    "name": "OIL SEAL REAR MAIN BRG PQ"
                },
                {
                    "id": "9580FS",
                    "name": "OIL SEAL REAR MAIN BRG PQ"
                },
                {
                    "id": "9582FS",
                    "name": "OIL SEAL REAR MAIN BRG PQ"
                },
                {
                    "id": "9584",
                    "name": "OIL SEAL REAR MAIN BRG PQ"
                },
                {
                    "id": "9226FS",
                    "name": "OIL SEAL T/COVER OR CAM PQ"
                },
                {
                    "id": "9241",
                    "name": "OIL SEAL T/COVER OR CAM PQ"
                },
                {
                    "id": "9548",
                    "name": "OIL SEAL T/COVER OR CAM PQ"
                },
                {
                    "id": "9581",
                    "name": "OIL SEAL T/COVER OR CAM PQ"
                },
                {
                    "id": "9583",
                    "name": "OIL SEAL T/COVER OR CAM PQ"
                }
            ]
        },
        {
            "id": "13",
            "category": "MOUNTINGS ",
            "category_parts": [
                {
                    "id": "",
                    "name": ""
                },
                {
                    "id": "AR7020",
                    "name": "ENGINE MOUNTING BUFFER FRNT PQ"
                },
                {
                    "id": "AR8737",
                    "name": "ENGINE MOUNTING MAN PQ"
                },
                {
                    "id": "AR8735",
                    "name": "ENGINE MOUNTING RHS AUTO PQ"
                },
                {
                    "id": "AR8738",
                    "name": "ENGINE MOUNTING RHS AUTO PQ"
                },
                {
                    "id": "AR8736",
                    "name": "ENGINE MOUNTING RHS MAN PQ"
                },
                {
                    "id": "FEB01930",
                    "name": "ENGINE MOUNTING BUFFER FRNT FEBI"
                },
                {
                    "id": "SB-9848",
                    "name": "MOUNTING ENGINE FRNT LHS TEKNOSA"
                },
                {
                    "id": "SB-9849",
                    "name": "MOUNTING ENGINE FRNT LHS TEKNOSA"
                },
                {
                    "id": "ST-5196",
                    "name": "MOUNTING GEARBOX FRNT L/R TEKNOSA"
                },
                {
                    "id": "AR8739",
                    "name": "STRUT MOUNTING FRNT PQ"
                },
                {
                    "id": "FEB32635",
                    "name": "STRUT MOUNTING FRNT FEBI"
                },
                {
                    "id": "FEB33719",
                    "name": "STRUT MOUNTING FRNT FEBI"
                },
                {
                    "id": "AU2822",
                    "name": "MOUNTING SHOCK FRNT L/R TEKNOSA"
                },
                {
                    "id": "FEB31984",
                    "name": "STRUT MOUNTING REAR FEBI"
                }
            ]
        },
        {
            "id": "14",
            "category": "STARTER COMPONENTS",
            "category_parts": [
                {
                    "id": "",
                    "name": ""
                },
                {
                    "id": "1986S00689",
                    "name": "STARTER MOTOR BOSCH 12V"
                },
                {
                    "id": "STR1541A",
                    "name": "STARTER MOTOR 12V 10T ELECTROPART"
                }
            ]
        },
        {
            "id": "15",
            "category": "ALTERNATOR COMPONENTS",
            "category_parts": [
                {
                    "id": "",
                    "name": ""
                },
                {
                    "id": "0124525113",
                    "name": "ALTERNATOR BOSCH"
                },
                {
                    "id": "0124525226",
                    "name": "ALTERNATOR BOSCH"
                },
                {
                    "id": "0125711044",
                    "name": "ALTERNATOR BOSCH"
                },
                {
                    "id": "ALT1555A",
                    "name": "ALTERNATOR ELECTROPART 12V 140A"
                },
                {
                    "id": "VKM03110",
                    "name": "ALT PULLEY [G:6 W:40.7 ID:17 OD:61] SKF"
                },
                {
                    "id": "6PK1588",
                    "name": "MULTI-GROOVE BELT [ALT PS +AC] RAM"
                },
                {
                    "id": "VKM31160",
                    "name": "TENSIONER V-BELT PULLEY [OD:60 W:24] SKF"
                },
                {
                    "id": "VKM31310",
                    "name": "TENSIONER V-BELT PULLEY [OD:70 W:24] SKF"
                },
                {
                    "id": "VKM31315",
                    "name": "TENSIONER V-BELT PULLEY [OD:90 W:25] SKF"
                }
            ]
        },
        {
            "id": "16",
            "category": "BODY PARTS FRONT AND REAR",
            "category_parts": [
                {
                    "id": "",
                    "name": ""
                },
                {
                    "id": "G64210",
                    "name": "BULB HEADLIGHT LOW BEAM"
                },
                {
                    "id": "G66340",
                    "name": "BULB HEADLIGHT LOW BEAM XENON"
                },
                {
                    "id": "G64210",
                    "name": "BULB HEADLIGHT HIGH BEAM"
                },
                {
                    "id": "G66340",
                    "name": "BULB HEADLIGHT HIGH BEAM XENON"
                },
                {
                    "id": "G2825",
                    "name": "BULB PARK LIGHT FRNT"
                },
                {
                    "id": "G64136",
                    "name": "BULB FLASHER FRNT"
                },
                {
                    "id": "G64211",
                    "name": "BULB FOG LIGHT FRNT"
                },
                {
                    "id": "LED",
                    "name": "BULB SIDE MARKER"
                },
                {
                    "id": "G7506",
                    "name": "BULB TAILIGHT"
                },
                {
                    "id": "G7506",
                    "name": "BULB STOPLIGHT"
                },
                {
                    "id": "921",
                    "name": "BULB REVERSE LIGHT"
                },
                {
                    "id": "921",
                    "name": "BULB FLASHER REAR"
                },
                {
                    "id": "G7506",
                    "name": "BULB FOG LIGHT REAR"
                },
                {
                    "id": "G6418",
                    "name": "BULB LICENSE PLATE"
                },
                {
                    "id": "LED",
                    "name": "BULB HI-MOUNT STOPLIGHT"
                },
                {
                    "id": "G2825",
                    "name": "BULB TRUNK LAMP"
                },
                {
                    "id": "ML0289",
                    "name": "GASLIFT HOOD/BONNET"
                }
            ]
        },
        {
            "id": "17",
            "category": "SWITCHES \u0026 ACCESSORIES",
            "category_parts": [
                {
                    "id": "",
                    "name": ""
                },
                {
                    "id": "S658",
                    "name": "BATTERY SABAT"
                },
                {
                    "id": "F658",
                    "name": "BATTERY EXIDE/MIDAS"
                },
                {
                    "id": "W658",
                    "name": "BATTERY WILLARD"
                },
                {
                    "id": "3397007298",
                    "name": "WIPER BLADE FRNT KIT BOSCH"
                },
                {
                    "id": "EU50",
                    "name": "WIPER BLADE FRNT PASS CHAMPION"
                },
                {
                    "id": "DXR65D",
                    "name": "WIPER BLADE FRNT [DRIVER] CHAMPION"
                },
                {
                    "id": "EU65",
                    "name": "WIPER BLADE FRNT [DRIVER] CHAMPION"
                },
                {
                    "id": "DXR50A",
                    "name": "WIPER BLADE FRNT [PASS] CHAMPION"
                },
                {
                    "id": "TS6136",
                    "name": "TEMP SENDER UNIT [P/FIT 2-PIN] ECHLIN"
                },
                {
                    "id": "FEB29318",
                    "name": "TEMP SENDER UNIT [P/FIT 2-PIN] FEBI"
                }
            ]
        },
        {
            "id": "18",
            "category": "GASKETS ",
            "category_parts": [
                {
                    "id": "",
                    "name": ""
                },
                {
                    "id": "AH5380",
                    "name": "CYL HEAD GASKET"
                }
            ]
        },
        {
            "id": "20",
            "category": "SEALS ",
            "category_parts": [
                {
                    "id": "",
                    "name": ""
                },
                {
                    "id": "17606",
                    "name": "MAIN FLANGE REAR OSSCA/ATS"
                },
                {
                    "id": "9549",
                    "name": "CRANKSHAFT SEAL FRNT PQ"
                },
                {
                    "id": "9242",
                    "name": "OIL SEAL REAR MAIN BRG PQ"
                },
                {
                    "id": "9580FS",
                    "name": "OIL SEAL REAR MAIN BRG PQ"
                },
                {
                    "id": "9582FS",
                    "name": "OIL SEAL REAR MAIN BRG PQ"
                },
                {
                    "id": "9584",
                    "name": "OIL SEAL REAR MAIN BRG PQ"
                },
                {
                    "id": "9226FS",
                    "name": "OIL SEAL T/COVER OR CAM PQ"
                },
                {
                    "id": "9241",
                    "name": "OIL SEAL T/COVER OR CAM PQ"
                },
                {
                    "id": "9548",
                    "name": "OIL SEAL T/COVER OR CAM PQ"
                },
                {
                    "id": "9581",
                    "name": "OIL SEAL T/COVER OR CAM PQ"
                },
                {
                    "id": "9583",
                    "name": "OIL SEAL T/COVER OR CAM PQ"
                }
            ]
        },
        {
            "id": "23",
            "category": "LUBRICANTS",
            "category_parts": [
                {
                    "id": "",
                    "name": ""
                },
                {
                    "id": "3433389",
                    "name": "ENGINE OIL CASTROL MAGNATEC 5W30 5L"
                },
                {
                    "id": "550048788",
                    "name": "ENGINE OIL SHELL HELIX ULTRA 5W30 5L"
                }
            ]
        },
        {
            "id": "24",
            "category": "WHEEL BEARINGS",
            "category_parts": [
                {
                    "id": "",
                    "name": ""
                },
                {
                    "id": "VKBA6649",
                    "name": "WHEEL BRG KIT FRNT SKF"
                },
                {
                    "id": "PQ694",
                    "name": "WHEEL BRG KIT FRONT ID61 PQ"
                },
                {
                    "id": "VKBA6649",
                    "name": "WHEEL BRG KIT REAR [+QUATTRO] SKF"
                },
                {
                    "id": "VKBA6650",
                    "name": "WHEEL BRG KIT REAR [-QUATTRO] SKF"
                },
                {
                    "id": "PQ695",
                    "name": "WHEEL BRG KIT REAR PQ"
                },
                {
                    "id": "HUB223",
                    "name": "WHEEL BRG REAR INNER ID61 PQ"
                },
                {
                    "id": "HUB224",
                    "name": "WHEEL BRG REAR INNER PQ"
                }
            ]
        },
        {
            "id": "26",
            "category": "STEERING",
            "category_parts": [
                {
                    "id": "",
                    "name": ""
                },
                {
                    "id": "SR212",
                    "name": "STEERING RACK BOOT"
                },
                {
                    "id": "18180AP",
                    "name": "STEERING RACK END L/R A-PLUS L227"
                },
                {
                    "id": "21739AP",
                    "name": "STEERING RACK END L/R A-PLUS L235"
                },
                {
                    "id": "TR6193",
                    "name": "STEERING RACK END [227/243MM] PQ"
                },
                {
                    "id": "TR6194",
                    "name": "STEERING RACK END [237/252MM] PQ"
                },
                {
                    "id": "AU1415",
                    "name": "RACK END FRNT L/R L227 TEKNOSA"
                },
                {
                    "id": "AU1416",
                    "name": "RACK END FRNT L/R L235 TEKNOSA"
                },
                {
                    "id": "VKDY321006",
                    "name": "STEERING RACK END L243 SKF"
                },
                {
                    "id": "VKDY311038",
                    "name": "TIE ROD END L206 SKF"
                },
                {
                    "id": "VKDY311039",
                    "name": "TIE ROD END L206 SKF"
                },
                {
                    "id": "VKDY311040",
                    "name": "TIE ROD END L207 SKF"
                },
                {
                    "id": "VKDY311041",
                    "name": "TIE ROD END L207 SKF"
                },
                {
                    "id": "19423AP",
                    "name": "TIE ROD END OUTER LHS A-PLUS"
                },
                {
                    "id": "19424AP",
                    "name": "TIE ROD END OUTER RHS A-PLUS"
                },
                {
                    "id": "TR6192",
                    "name": "TIE ROD END OUTER L/R PQ"
                },
                {
                    "id": "AU1023",
                    "name": "TIE ROD END OUTER FRNT LHS TEKNOSA"
                },
                {
                    "id": "AU1024",
                    "name": "TIE ROD END OUTER FRNT RHS TEKNOSA"
                },
                {
                    "id": "AU1318",
                    "name": "TIE ROD END SET OUTER FRNT L/R TEKNOSA"
                }
            ]
        },
        {
            "id": "27",
            "category": "BEARINGS",
            "category_parts": [
                {
                    "id": "",
                    "name": ""
                },
                {
                    "id": "VKBA6649",
                    "name": "WHEEL BRG KIT FRNT SKF"
                },
                {
                    "id": "PQ694",
                    "name": "WHEEL BRG KIT FRONT ID61 PQ"
                },
                {
                    "id": "VKBA6649",
                    "name": "WHEEL BRG KIT REAR [+QUATTRO] SKF"
                },
                {
                    "id": "VKBA6650",
                    "name": "WHEEL BRG KIT REAR [-QUATTRO] SKF"
                },
                {
                    "id": "PQ695",
                    "name": "WHEEL BRG KIT REAR PQ"
                },
                {
                    "id": "HUB223",
                    "name": "WHEEL BRG REAR INNER ID61 PQ"
                },
                {
                    "id": "HUB224",
                    "name": "WHEEL BRG REAR INNER PQ"
                },
                {
                    "id": "VKDS321058B",
                    "name": "CONTROL ARM L* SKF"
                },
                {
                    "id": "VKDS321059B",
                    "name": "CONTROL ARM L* SKF"
                },
                {
                    "id": "VKDS321060B",
                    "name": "CONTROL ARM L* SKF"
                },
                {
                    "id": "VKDS321061B",
                    "name": "CONTROL ARM L* SKF"
                },
                {
                    "id": "VKDS321056",
                    "name": "CONTROL ARM L355 SKF"
                },
                {
                    "id": "VKDS321057",
                    "name": "CONTROL ARM L355 SKF"
                },
                {
                    "id": "VKDS321054",
                    "name": "CONTROL ARM L360.7 SKF"
                },
                {
                    "id": "VKDS321055",
                    "name": "CONTROL ARM L360.7 SKF"
                },
                {
                    "id": "VKDS321504B",
                    "name": "CONTROL ARM L420.7 SKF"
                },
                {
                    "id": "VKDS321505B",
                    "name": "CONTROL ARM L420.7 SKF"
                },
                {
                    "id": "VKDS321506B",
                    "name": "CONTROL ARM L420.7 SKF"
                },
                {
                    "id": "VKDS321507B",
                    "name": "CONTROL ARM L420.7 SKF"
                }
            ]
        },
        {
            "id": "28",
            "category": "AIR CONDITIONING",
            "category_parts": [
                {
                    "id": "",
                    "name": ""
                },
                {
                    "id": "437100-7790",
                    "name": "COMPRESSOR / AIR CONDITIONER DENSO"
                }
            ]
        },
        {
            "id": "28",
            "category": "AIR CONDITIONING",
            "category_parts": [
                {
                    "id": "",
                    "name": ""
                },
                {
                    "id": "437100-7790",
                    "name": "COMPRESSOR / AIR CONDITIONER DENSO"
                }
            ]
        }
    ]
}
