{
    "id": "246",
    "parts": [
        {
            "id": "1",
            "category": "SERVICE PARTS",
            "category_parts": [
                {
                    "id": "",
                    "name": ""
                },
                {
                    "id": "M143",
                    "name": "OIL FILTER GUD CARTRIDGE METAL FREE H112 OD53 IDT25 IDB25"
                },
                {
                    "id": "CH11498ECO",
                    "name": "OIL FILTER FRAM"
                },
                {
                    "id": "COF100658E",
                    "name": "OIL FILTER CHAMPION"
                },
                {
                    "id": "F026407278",
                    "name": "OIL FILTER BOSCH"
                },
                {
                    "id": "100489",
                    "name": "OIL FIL H112MM ID24MM OD53MM SRD59MM FEB"
                },
                {
                    "id": "ADV182119",
                    "name": "OIL FIL H112MM ID24MM OD53MM SRD59MM BLU"
                },
                {
                    "id": "WL7507",
                    "name": "OIL FILTER WIX"
                },
                {
                    "id": "06-131",
                    "name": "OIL FILTER GENERIC"
                },
                {
                    "id": "C29029",
                    "name": "AIR FILTER GUD"
                },
                {
                    "id": "E144",
                    "name": "FUEL FILTER GUD [2=IN \u0026 1=OUT]"
                },
                {
                    "id": "G10243",
                    "name": "FUEL FILTER FRAM"
                },
                {
                    "id": "CFF100478",
                    "name": "FUEL FILTER CHAMPION"
                },
                {
                    "id": "0450905959",
                    "name": "FUEL FILTER BOSCH"
                },
                {
                    "id": "WF8386",
                    "name": "FUEL FILTER WIX"
                },
                {
                    "id": "IE79",
                    "name": "FUEL FILTER KAIZEN"
                },
                {
                    "id": "04-061",
                    "name": "FUEL FILTER GENERIC"
                },
                {
                    "id": "PLFER7A-8EG",
                    "name": "SPARK PLUG NGK"
                },
                {
                    "id": "FQ5NPP332S",
                    "name": "SPARK PLUG BOSCH PLATINUM"
                },
                {
                    "id": "AC120GUD",
                    "name": "CABIN AIR FILTER GUD H35 L255 W224"
                },
                {
                    "id": "CB39",
                    "name": "CABIN FILTER SPAREPRO H35 L255 W224"
                },
                {
                    "id": "DI145520-5920",
                    "name": "CABIN AIR FILTER CG DENSO"
                },
                {
                    "id": "WP2087",
                    "name": "CABIN AIR FILTER WIX CARBON"
                },
                {
                    "id": "WP2086",
                    "name": "CABIN AIR FILTER WIX PAPER"
                },
                {
                    "id": "ATE817",
                    "name": "DISC PAD FRNT ATE L146 H55 T19"
                },
                {
                    "id": "ATE940",
                    "name": "DISC PAD FRNT ATE L155 H66 T20"
                },
                {
                    "id": "FDB1094",
                    "name": "DISC PAD FRNT FERODO L146 H55 T20"
                },
                {
                    "id": "FDB5110",
                    "name": "DISC PAD FRNT FERODO L155 H66 T20"
                },
                {
                    "id": "FDB1728",
                    "name": "DISC PAD FRNT FERODO L155 H71 T19"
                },
                {
                    "id": "FDB1641",
                    "name": "DISC PAD FRNT FERODO L155 H71 T20"
                },
                {
                    "id": "0986424364",
                    "name": "DISC PAD FRNT BOSCH L146 H55 T19"
                },
                {
                    "id": "0986494505",
                    "name": "DISC PAD FRNT BOSCH L146 H55 T19"
                },
                {
                    "id": "0986494877",
                    "name": "DISC PAD FRNT BOSCH L155 H66 T19"
                },
                {
                    "id": "0986424797",
                    "name": "DISC PAD FRNT BOSCH L155 H66 T20"
                },
                {
                    "id": "D3179",
                    "name": "DISC PAD FRNT SAFELINE L146 H55 T20"
                },
                {
                    "id": "D3199",
                    "name": "DISC PAD FRNT SAFELINE L146 H55 T20"
                },
                {
                    "id": "D3492",
                    "name": "DISC PAD FRNT SAFELINE L156 H67 T20"
                },
                {
                    "id": "D3553",
                    "name": "DISC PAD FRNT SAFELINE L156 H67 T20"
                },
                {
                    "id": "05P668",
                    "name": "DISC PAD FRNT LPR L146 H55 T20"
                },
                {
                    "id": "05P730",
                    "name": "DISC PAD FRNT LPR L146 H55 T20"
                },
                {
                    "id": "05P866",
                    "name": "DISC PAD FRNT LPR L156 H72 T20"
                },
                {
                    "id": "ADB0737",
                    "name": "DISC PAD FRNT NIPPON L146 H55 T20"
                },
                {
                    "id": "ADB01308",
                    "name": "DISC PAD FRNT NIPPON L155 H66 T19"
                },
                {
                    "id": "ADB11224",
                    "name": "DISC PAD FRNT NIPPON L155 H66 T20"
                },
                {
                    "id": "ATE561",
                    "name": "DISC PAD REAR ATE L87 H53 T15"
                },
                {
                    "id": "FDB541",
                    "name": "DISC PAD REAR FERODO L87 H53 T15"
                },
                {
                    "id": "FDB1770",
                    "name": "DISC PAD REAR FERODO L87 H53 T16"
                },
                {
                    "id": "FDB1788",
                    "name": "DISC PAD REAR FERODO L87 H53 T17"
                },
                {
                    "id": "0986466683",
                    "name": "DISC PAD REAR BOSCH L87 H53 T14"
                },
                {
                    "id": "0986461769",
                    "name": "DISC PAD REAR BOSCH L87 H53 T16"
                },
                {
                    "id": "D3177",
                    "name": "DISC PAD REAR SAFELINE L87 H53 T15"
                },
                {
                    "id": "D985",
                    "name": "DISC PAD REAR SAFELINE L87 H53 T15"
                },
                {
                    "id": "D3658",
                    "name": "DISC PAD REAR SAFELINE L87 H53 T16"
                },
                {
                    "id": "05P1788",
                    "name": "DISC PAD REAR LPR L87 H53 T16"
                },
                {
                    "id": "ADB01716",
                    "name": "DISC PAD REAR NIPPON L0 H0 T0"
                },
                {
                    "id": "550053711",
                    "name": "ENGINE OIL SHELL HELIX HX8 5W40 5L"
                },
                {
                    "id": "550048788",
                    "name": "ENGINE OIL SHELL HELIX ULTRA 5W30 5L"
                }
            ]
        },
        {
            "id": "2",
            "category": "BRAKES",
            "category_parts": [
                {
                    "id": "",
                    "name": ""
                },
                {
                    "id": "ATE817",
                    "name": "DISC PAD FRNT ATE L146 H55 T19"
                },
                {
                    "id": "ATE940",
                    "name": "DISC PAD FRNT ATE L155 H66 T20"
                },
                {
                    "id": "FDB1094",
                    "name": "DISC PAD FRNT FERODO L146 H55 T20"
                },
                {
                    "id": "FDB5110",
                    "name": "DISC PAD FRNT FERODO L155 H66 T20"
                },
                {
                    "id": "FDB1728",
                    "name": "DISC PAD FRNT FERODO L155 H71 T19"
                },
                {
                    "id": "FDB1641",
                    "name": "DISC PAD FRNT FERODO L155 H71 T20"
                },
                {
                    "id": "0986424364",
                    "name": "DISC PAD FRNT BOSCH L146 H55 T19"
                },
                {
                    "id": "0986494505",
                    "name": "DISC PAD FRNT BOSCH L146 H55 T19"
                },
                {
                    "id": "0986494877",
                    "name": "DISC PAD FRNT BOSCH L155 H66 T19"
                },
                {
                    "id": "0986424797",
                    "name": "DISC PAD FRNT BOSCH L155 H66 T20"
                },
                {
                    "id": "D3179",
                    "name": "DISC PAD FRNT SAFELINE L146 H55 T20"
                },
                {
                    "id": "D3199",
                    "name": "DISC PAD FRNT SAFELINE L146 H55 T20"
                },
                {
                    "id": "D3492",
                    "name": "DISC PAD FRNT SAFELINE L156 H67 T20"
                },
                {
                    "id": "D3553",
                    "name": "DISC PAD FRNT SAFELINE L156 H67 T20"
                },
                {
                    "id": "05P668",
                    "name": "DISC PAD FRNT LPR L146 H55 T20"
                },
                {
                    "id": "05P730",
                    "name": "DISC PAD FRNT LPR L146 H55 T20"
                },
                {
                    "id": "05P866",
                    "name": "DISC PAD FRNT LPR L156 H72 T20"
                },
                {
                    "id": "ADB0737",
                    "name": "DISC PAD FRNT NIPPON L146 H55 T20"
                },
                {
                    "id": "ADB01308",
                    "name": "DISC PAD FRNT NIPPON L155 H66 T19"
                },
                {
                    "id": "ADB11224",
                    "name": "DISC PAD FRNT NIPPON L155 H66 T20"
                },
                {
                    "id": "ATE561",
                    "name": "DISC PAD REAR ATE L87 H53 T15"
                },
                {
                    "id": "FDB541",
                    "name": "DISC PAD REAR FERODO L87 H53 T15"
                },
                {
                    "id": "FDB1770",
                    "name": "DISC PAD REAR FERODO L87 H53 T16"
                },
                {
                    "id": "FDB1788",
                    "name": "DISC PAD REAR FERODO L87 H53 T17"
                },
                {
                    "id": "0986466683",
                    "name": "DISC PAD REAR BOSCH L87 H53 T14"
                },
                {
                    "id": "0986461769",
                    "name": "DISC PAD REAR BOSCH L87 H53 T16"
                },
                {
                    "id": "D3177",
                    "name": "DISC PAD REAR SAFELINE L87 H53 T15"
                },
                {
                    "id": "D985",
                    "name": "DISC PAD REAR SAFELINE L87 H53 T15"
                },
                {
                    "id": "D3658",
                    "name": "DISC PAD REAR SAFELINE L87 H53 T16"
                },
                {
                    "id": "05P1788",
                    "name": "DISC PAD REAR LPR L87 H53 T16"
                },
                {
                    "id": "ADB01716",
                    "name": "DISC PAD REAR NIPPON L0 H0 T0"
                },
                {
                    "id": "DR6684",
                    "name": "BRAKE DISC FV ALFA D312 H34 S65 [9]"
                },
                {
                    "id": "DDF1118",
                    "name": "BRAKE DISC FV FERODO D312 H34 S65 [5]"
                },
                {
                    "id": "DDF1118C",
                    "name": "BRAKE DISC FV FERODO D312 H34 S65 [5]"
                },
                {
                    "id": "TBD7397-D",
                    "name": "BRAKE DISC FRNT L/R VENTED OPTIMA"
                },
                {
                    "id": "TBD7398-D",
                    "name": "BRAKE DISC FRNT L/R VENTED OPTIMA"
                },
                {
                    "id": "TBD7534-D",
                    "name": "BRAKE DISC FRNT L/R VENTED OPTIMA"
                },
                {
                    "id": "TBD7399-D",
                    "name": "BRAKE DISC REAR L/R SOLID OPTIMA"
                },
                {
                    "id": "DR6399",
                    "name": "BRAKE DISC RS ALFA D231 H39 S65 [5]"
                },
                {
                    "id": "109.0123",
                    "name": "BRAKE DISC RS ATE D232 H40 S65 ID125 [5]"
                },
                {
                    "id": "DDF929",
                    "name": "BRAKE DISC RS FERODO D232 H39 S65 [5]"
                },
                {
                    "id": "DDF929C",
                    "name": "BRAKE DISC RS FERODO D232 H39 S65 [5]"
                },
                {
                    "id": "DDF1895",
                    "name": "BRAKE DISC RS FERODO D272 H48 S65 [9]"
                },
                {
                    "id": "DDF1895C",
                    "name": "BRAKE DISC RS FERODO D272 H48 S65 [9]"
                },
                {
                    "id": "HUB80",
                    "name": "WHEEL BRG FRNT [256MM DISC]"
                },
                {
                    "id": "1264-1",
                    "name": "ANTI RATTLE CLIP FRNT"
                },
                {
                    "id": "113-1306X",
                    "name": "BRAKE CALIPER GUIDE SLEEVE KIT QB"
                },
                {
                    "id": "113-1355X",
                    "name": "BRAKE CALIPER GUIDE SLEEVE KIT QB"
                },
                {
                    "id": "113-1482X",
                    "name": "BRAKE CALIPER GUIDE SLEEVE KIT QB"
                }
            ]
        },
        {
            "id": "3",
            "category": "SUSPENSION COMPONENTS [FRONT]",
            "category_parts": [
                {
                    "id": "",
                    "name": ""
                },
                {
                    "id": "G8109",
                    "name": "SHOCK FRNT MONROE"
                },
                {
                    "id": "E7097",
                    "name": "SHOCK FRNT MONROE [DISCONTINUED]"
                },
                {
                    "id": "VKDA35113",
                    "name": "TOP MOUNT FRNT SHOCK [SINGLE] FRNT SKF"
                },
                {
                    "id": "VKDA35113T",
                    "name": "TOP MOUNT SHOCK FRNT [TWIN PACK] FRNT SKF"
                },
                {
                    "id": "AR7025",
                    "name": "STRUT MOUNTING FRNT [+BEARING] PQ"
                },
                {
                    "id": "MK077",
                    "name": "STRUT MOUNTING FRNT MONROE"
                },
                {
                    "id": "AU2814",
                    "name": "MOUNTING SHOCK FRNT L/R TEKNOSA"
                },
                {
                    "id": "AU2815",
                    "name": "MOUNTING SHOCK REAR L/R TEKNOSA"
                },
                {
                    "id": "PK076",
                    "name": "SHOCK PROTECTION KIT FRNT MONROE"
                },
                {
                    "id": "PK078",
                    "name": "SHOCK PROTECTION KIT REAR MONROE"
                },
                {
                    "id": "AU1913",
                    "name": "BALL JOINT LOWER FRNT LHS TEKNOSA"
                },
                {
                    "id": "AU1914",
                    "name": "BALL JOINT LOWER FRNT RHS TEKNOSA"
                },
                {
                    "id": "BJ1283",
                    "name": "BALL JOINT LOWER L/R PQ"
                },
                {
                    "id": "20179AP",
                    "name": "BALL JOINT LOWER LHS A-PLUS"
                },
                {
                    "id": "20180AP",
                    "name": "BALL JOINT LOWER RHS A-PLUS"
                },
                {
                    "id": "16232",
                    "name": "BALL JOINT LOWER L+R ATS"
                },
                {
                    "id": "VKDS311003",
                    "name": "BALL JOINT LOWER L* H* ID* OD* SKF"
                },
                {
                    "id": "VKDS311004",
                    "name": "BALL JOINT LOWER L* H* ID* OD* SKF"
                },
                {
                    "id": "AU2016",
                    "name": "CONTROL ARM LOWER FRNT LHS TEKNOSA"
                },
                {
                    "id": "AU2017",
                    "name": "CONTROL ARM LOWER FRNT RHS TEKNOSA"
                },
                {
                    "id": "21888AP",
                    "name": "CONTROL ARM LOWER LHS A-PLUS"
                },
                {
                    "id": "21889AP",
                    "name": "CONTROL ARM LOWER RHS A-PLUS"
                },
                {
                    "id": "TR5605",
                    "name": "STABILISER LINK FRONT L/R [271MM] PQ"
                },
                {
                    "id": "VKDS341000",
                    "name": "STABILIZER LINK L* H* ID* OD* SKF"
                },
                {
                    "id": "FEB19518",
                    "name": "STABILIZER LINK FEBI"
                },
                {
                    "id": "09146",
                    "name": "STABILIZER LINK FRNT 271MM OSSCA/ATS"
                },
                {
                    "id": "BJ1278L",
                    "name": "TRACK CONTROL ARM LOWER LHS PQ"
                },
                {
                    "id": "BJ1278R",
                    "name": "TRACK CONTROL ARM LOWER RHS PQ"
                },
                {
                    "id": "VKD35110",
                    "name": "ANTI-F BRG \u0026 SUS/MOUNT [SINGLE] FRNT SKF"
                },
                {
                    "id": "VKD35110T",
                    "name": "ANTI-F BRG \u0026 SUS/MOUNT [TWIN PACK] FRNT SKF"
                },
                {
                    "id": "VKDS321002",
                    "name": "CONTROL ARM L* SKF"
                },
                {
                    "id": "VKDS321002B",
                    "name": "CONTROL ARM L* SKF"
                },
                {
                    "id": "VKDS321003",
                    "name": "CONTROL ARM L* SKF"
                },
                {
                    "id": "VKDS321003B",
                    "name": "CONTROL ARM L* SKF"
                },
                {
                    "id": "VKDS421019",
                    "name": "CONTROL ARM L305.5 SKF"
                },
                {
                    "id": "VKDS331001",
                    "name": "C/ARM BUSH L* H* ID* OD* SKF"
                },
                {
                    "id": "VKDS331002",
                    "name": "C/ARM BUSH L* H* ID* OD* SKF"
                },
                {
                    "id": "AR5413",
                    "name": "C/ARM BUSH F/SUSP LOWER INNER PQ"
                },
                {
                    "id": "AU2113",
                    "name": "BUSH CONT ARM LOW FRNT L/R TEKNOSA"
                },
                {
                    "id": "AU2114",
                    "name": "BUSH CONT ARM LOW FRNT L/R TEKNOSA"
                },
                {
                    "id": "SB-6524",
                    "name": "BUSH CONT ARM LOW FRNT L/R TEKNOSA"
                },
                {
                    "id": "SB-7022",
                    "name": "BUSH CONT ARM LOW FRNT L/R TEKNOSA"
                },
                {
                    "id": "SB-7528A",
                    "name": "BUSH CONT ARM LOW FRNT L/R TEKNOSA"
                },
                {
                    "id": "VKDS351000",
                    "name": "STAB BAR BUSH L34.5 H39.5 ID17 OD* SKF"
                },
                {
                    "id": "AR7009",
                    "name": "STAB BAR BUSH F/SUSP"
                }
            ]
        },
        {
            "id": "4",
            "category": "SUSPENSION COMPONENTS [REAR]",
            "category_parts": [
                {
                    "id": "",
                    "name": ""
                },
                {
                    "id": "E1309",
                    "name": "SHOCK REAR MONROE [DISCONTINUED]"
                },
                {
                    "id": "VKDA40104",
                    "name": "TOP MOUNT REAR SHOCK [SINGLE] SKF"
                },
                {
                    "id": "VKDA40104T",
                    "name": "TOP MOUNT SHOCK REAR [TWIN PACK] SKF"
                },
                {
                    "id": "AR7026",
                    "name": "STRUT MOUNTING REAR PQ"
                },
                {
                    "id": "MK118",
                    "name": "STRUT MOUNTING REAR MONROE"
                },
                {
                    "id": "FEB10819",
                    "name": "STRUT MOUNTING REAR FEBI"
                },
                {
                    "id": "PK076",
                    "name": "SHOCK PROTECTION KIT FRNT MONROE"
                },
                {
                    "id": "PK078",
                    "name": "SHOCK PROTECTION KIT REAR MONROE"
                },
                {
                    "id": "VKDS331001",
                    "name": "C/ARM BUSH L* H* ID* OD* SKF"
                },
                {
                    "id": "VKDS331002",
                    "name": "C/ARM BUSH L* H* ID* OD* SKF"
                },
                {
                    "id": "14275AP",
                    "name": "C/ARM BUSH LOWER L/R A-PLUS"
                },
                {
                    "id": "14276AP",
                    "name": "C/ARM BUSH LOWER L/R A-PLUS"
                },
                {
                    "id": "AR6417",
                    "name": "C/ARM BUSH R/SUSP LOWER OUTER PQ"
                },
                {
                    "id": "AU2113",
                    "name": "BUSH CONT ARM LOW FRNT L/R TEKNOSA"
                },
                {
                    "id": "AU2114",
                    "name": "BUSH CONT ARM LOW FRNT L/R TEKNOSA"
                },
                {
                    "id": "SB-6524",
                    "name": "BUSH CONT ARM LOW FRNT L/R TEKNOSA"
                },
                {
                    "id": "SB-7022",
                    "name": "BUSH CONT ARM LOW FRNT L/R TEKNOSA"
                },
                {
                    "id": "SB-7528A",
                    "name": "BUSH CONT ARM LOW FRNT L/R TEKNOSA"
                },
                {
                    "id": "VKDS351000",
                    "name": "STAB BAR BUSH L34.5 H39.5 ID17 OD* SKF"
                },
                {
                    "id": "VKDS341000",
                    "name": "STABILIZER LINK L* H* ID* OD* SKF"
                },
                {
                    "id": "12125AP",
                    "name": "STABILIZER LINK L/R A-PLUS L271"
                },
                {
                    "id": "AU1511",
                    "name": "STABILIZER LINK FRNT L/R L271 TEKNOSA"
                },
                {
                    "id": "AU1512",
                    "name": "STABILIZER LINK REAR L/R L70 TEKNOSA"
                },
                {
                    "id": "VKD35110",
                    "name": "ANTI-F BRG \u0026 SUS/MOUNT [SINGLE] FRNT SKF"
                },
                {
                    "id": "VKD35110T",
                    "name": "ANTI-F BRG \u0026 SUS/MOUNT [TWIN PACK] FRNT SKF"
                },
                {
                    "id": "VKDS321002",
                    "name": "CONTROL ARM L* SKF"
                },
                {
                    "id": "VKDS321002B",
                    "name": "CONTROL ARM L* SKF"
                },
                {
                    "id": "VKDS321003",
                    "name": "CONTROL ARM L* SKF"
                },
                {
                    "id": "VKDS321003B",
                    "name": "CONTROL ARM L* SKF"
                },
                {
                    "id": "VKDS421019",
                    "name": "CONTROL ARM L305.5 SKF"
                }
            ]
        },
        {
            "id": "5",
            "category": "COOLING SYSTEM",
            "category_parts": [
                {
                    "id": "",
                    "name": ""
                },
                {
                    "id": "59056",
                    "name": "RADIATOR NRF L649 W412 D26"
                },
                {
                    "id": "VKPC81231",
                    "name": "WATER PUMP SKF"
                },
                {
                    "id": "WP83079",
                    "name": "WATER PUMP PI"
                },
                {
                    "id": "A-233",
                    "name": "WATER PUMP DOLZ"
                },
                {
                    "id": "PA1246",
                    "name": "WATER PUMP GRAF"
                },
                {
                    "id": "534051010",
                    "name": "FAN BELT TENSIONER INA"
                },
                {
                    "id": "VKM31160",
                    "name": "TENSIONER V-BELT PULLEY [OD:60 W:24] SKF"
                },
                {
                    "id": "FEB47605",
                    "name": "FAN BELT TENSIONER FEBI"
                },
                {
                    "id": "DCP32060",
                    "name": "COMPRESSOR / AIR CONDITIONER DENSO"
                },
                {
                    "id": "351309131",
                    "name": "AIR CONDITIONING CONDENSER MAHLE"
                },
                {
                    "id": "351309134",
                    "name": "AIR CONDITIONING CONDENSER MAHLE L575"
                }
            ]
        },
        {
            "id": "6",
            "category": "CLUTCH COMPONENTS",
            "category_parts": [
                {
                    "id": "",
                    "name": ""
                },
                {
                    "id": "602000600",
                    "name": "DRY DOUBLE CLUTCH KIT LUK"
                },
                {
                    "id": "3000943003",
                    "name": "CLUTCH KIT SACHS"
                },
                {
                    "id": "RB9680",
                    "name": "RELEASE BEARING PQ"
                },
                {
                    "id": "AR6916",
                    "name": "GEARBOX MOUNTING PQ"
                }
            ]
        },
        {
            "id": "7",
            "category": "IGNITION SYSTEM",
            "category_parts": [
                {
                    "id": "",
                    "name": ""
                },
                {
                    "id": "U5154",
                    "name": "IGNITION COIL NGK PIN"
                },
                {
                    "id": "111545",
                    "name": "IGNITION COIL HUCO 12V 4PIN"
                },
                {
                    "id": "BC5468",
                    "name": "IGNITION COIL BOUGICORD"
                },
                {
                    "id": "0986221072",
                    "name": "IGNITION COIL BOSCH"
                },
                {
                    "id": "IGC151",
                    "name": "IGNITION COIL MOBILETRON 4 PIN"
                }
            ]
        },
        {
            "id": "8",
            "category": "DRIVESHAFT COMPONENTS",
            "category_parts": [
                {
                    "id": "",
                    "name": ""
                },
                {
                    "id": "VKJP01001",
                    "name": "CV BOOT KIT OUTER SKF"
                },
                {
                    "id": "VKJP01001S",
                    "name": "CV BOOT KIT OUTER SKF"
                },
                {
                    "id": "VKJP01011",
                    "name": "CV BOOT KIT OUTER SKF"
                },
                {
                    "id": "VKJP01019",
                    "name": "CV BOOT KIT OUTER SKF"
                },
                {
                    "id": "VKJP1466",
                    "name": "CV BOOT KIT OUTER SKF"
                },
                {
                    "id": "VKJP3107",
                    "name": "CV BOOT KIT OUTER SKF"
                },
                {
                    "id": "VKJP8356R",
                    "name": "CV BOOT KIT OUTER SKF"
                },
                {
                    "id": "VKJP8356",
                    "name": "CV BOOT KIT INNER SKF"
                }
            ]
        },
        {
            "id": "9",
            "category": "FUEL SYSTEM",
            "category_parts": [
                {
                    "id": "",
                    "name": ""
                },
                {
                    "id": "E144",
                    "name": "FUEL FILTER GUD [2=IN \u0026 1=OUT]"
                },
                {
                    "id": "G10243",
                    "name": "FUEL FILTER FRAM"
                },
                {
                    "id": "CFF100478",
                    "name": "FUEL FILTER CHAMPION"
                },
                {
                    "id": "0450905959",
                    "name": "FUEL FILTER BOSCH"
                },
                {
                    "id": "WF8386",
                    "name": "FUEL FILTER WIX"
                },
                {
                    "id": "IE79",
                    "name": "FUEL FILTER KAIZEN"
                },
                {
                    "id": "04-061",
                    "name": "FUEL FILTER GENERIC"
                }
            ]
        },
        {
            "id": "10",
            "category": "TIMING COMPONENTS",
            "category_parts": [
                {
                    "id": "",
                    "name": ""
                },
                {
                    "id": "FEB48282",
                    "name": "T/BELT WATER PUMP FEBI"
                },
                {
                    "id": "VKMV6PK1132",
                    "name": "MULTI-GROOVE BELT SKF"
                },
                {
                    "id": "6PK1130",
                    "name": "MULTI-GROOVE BELT RAM"
                },
                {
                    "id": "6PK1133",
                    "name": "MULTI-GROOVE BELT RAM"
                },
                {
                    "id": "VKM31160",
                    "name": "TENSIONER V-BELT PULLEY [OD:60 W:24] SKF"
                }
            ]
        },
        {
            "id": "11",
            "category": "CYLINDER HEAD COMPONENTS",
            "category_parts": [
                {
                    "id": "",
                    "name": ""
                },
                {
                    "id": "BY2017",
                    "name": "CYL HEAD GASKET PAYEN"
                },
                {
                    "id": "87940",
                    "name": "CAMSHAFT SENSOR PI 3 PIN"
                }
            ]
        },
        {
            "id": "12",
            "category": "ENGINE SUB ASSEMBLY",
            "category_parts": [
                {
                    "id": "",
                    "name": ""
                },
                {
                    "id": "RP83086",
                    "name": "PISTON SET AE 82.51MM"
                },
                {
                    "id": "RR83028",
                    "name": "RINGSET FED 82.50MM 1.2/1.5/2MM"
                },
                {
                    "id": "B4118",
                    "name": "CONROD BEARING SET AE"
                },
                {
                    "id": "M5112",
                    "name": "MAIN BEARING SET AE"
                },
                {
                    "id": "9573FS",
                    "name": "OIL SEAL REAR MAIN BRG PQ"
                }
            ]
        },
        {
            "id": "13",
            "category": "MOUNTINGS ",
            "category_parts": [
                {
                    "id": "",
                    "name": ""
                },
                {
                    "id": "AR7014",
                    "name": "ENGINE MOUNTING RHS PQ"
                },
                {
                    "id": "AR6916",
                    "name": "GEARBOX MOUNTING PQ"
                },
                {
                    "id": "MK077",
                    "name": "STRUT MOUNTING FRNT MONROE"
                },
                {
                    "id": "AR7025",
                    "name": "STRUT MOUNTING FRNT [+BEARING] PQ"
                },
                {
                    "id": "AU2814",
                    "name": "MOUNTING SHOCK FRNT L/R TEKNOSA"
                },
                {
                    "id": "AU2815",
                    "name": "MOUNTING SHOCK REAR L/R TEKNOSA"
                },
                {
                    "id": "MK118",
                    "name": "STRUT MOUNTING REAR MONROE"
                },
                {
                    "id": "AR7026",
                    "name": "STRUT MOUNTING REAR PQ"
                },
                {
                    "id": "FEB10819",
                    "name": "STRUT MOUNTING REAR FEBI"
                }
            ]
        },
        {
            "id": "14",
            "category": "STARTER COMPONENTS",
            "category_parts": [
                {
                    "id": "",
                    "name": ""
                },
                {
                    "id": "1986S01055",
                    "name": "STARTER MOTOR BOSCH 12V 13T"
                }
            ]
        },
        {
            "id": "15",
            "category": "ALTERNATOR COMPONENTS",
            "category_parts": [
                {
                    "id": "",
                    "name": ""
                },
                {
                    "id": "535021010",
                    "name": "ALTERNATOR FREEWHEEL PULLEY INA"
                },
                {
                    "id": "6PK1130",
                    "name": "MULTI-GROOVE BELT RAM"
                },
                {
                    "id": "6PK1133",
                    "name": "MULTI-GROOVE BELT RAM"
                },
                {
                    "id": "534051010",
                    "name": "FAN BELT TENSIONER INA"
                },
                {
                    "id": "VKM31160",
                    "name": "TENSIONER V-BELT PULLEY [OD:60 W:24] SKF"
                },
                {
                    "id": "FEB47605",
                    "name": "FAN BELT TENSIONER FEBI"
                }
            ]
        },
        {
            "id": "16",
            "category": "BODY PARTS FRONT AND REAR",
            "category_parts": [
                {
                    "id": "",
                    "name": ""
                },
                {
                    "id": "7.1232",
                    "name": "STOP LIGHT SWITCH FACET"
                },
                {
                    "id": "24990",
                    "name": "STOP LIGHT SWITCH FAE 4 PIN"
                },
                {
                    "id": "ML4020",
                    "name": "GASLIFT HOOD/BONNET MONROE"
                },
                {
                    "id": "ML2012",
                    "name": "GASLIFT TRUNK/TAILGATE MONROE"
                }
            ]
        },
        {
            "id": "17",
            "category": "SWITCHES \u0026 ACCESSORIES",
            "category_parts": [
                {
                    "id": "",
                    "name": ""
                },
                {
                    "id": "S652",
                    "name": "BATTERY - SABAT"
                },
                {
                    "id": "F652",
                    "name": "BATTERY EXIDE/MIDAS"
                },
                {
                    "id": "W652",
                    "name": "BATTERY WILLARD"
                },
                {
                    "id": "3397007556",
                    "name": "WIPER BLADE FRNT KIT BOSCH"
                },
                {
                    "id": "3397006837",
                    "name": "WIPER BLADE FRNT DRIV BOSCH"
                },
                {
                    "id": "3397006828",
                    "name": "WIPER BLADE FRNT PASS BOSCH"
                },
                {
                    "id": "3397008634",
                    "name": "WIPER BLADE REAR BOSCH"
                },
                {
                    "id": "3397008997",
                    "name": "WIPER BLADE REAR BOSCH"
                },
                {
                    "id": "7.1232",
                    "name": "STOP LIGHT SWITCH FACET"
                },
                {
                    "id": "24990",
                    "name": "STOP LIGHT SWITCH FAE 4 PIN"
                }
            ]
        },
        {
            "id": "18",
            "category": "GASKETS ",
            "category_parts": [
                {
                    "id": "",
                    "name": ""
                },
                {
                    "id": "BY2017",
                    "name": "CYL HEAD GASKET PAYEN"
                }
            ]
        },
        {
            "id": "20",
            "category": "SEALS ",
            "category_parts": [
                {
                    "id": "",
                    "name": ""
                },
                {
                    "id": "9573FS",
                    "name": "OIL SEAL REAR MAIN BRG PQ"
                }
            ]
        },
        {
            "id": "21",
            "category": "SENSORS \u0026 RELAYS",
            "category_parts": [
                {
                    "id": "",
                    "name": ""
                },
                {
                    "id": "87940",
                    "name": "CAMSHAFT SENSOR PI 3 PIN"
                },
                {
                    "id": "177020",
                    "name": "CRANKSHAFT SENSOR SEBRING 3 PIN"
                },
                {
                    "id": "23814",
                    "name": "WHEEL SPEED SENSOR FEBI FRNT LHS"
                },
                {
                    "id": "23816",
                    "name": "WHEEL SPEED SENSOR FEBI FRNT RHS"
                }
            ]
        },
        {
            "id": "23",
            "category": "LUBRICANTS",
            "category_parts": [
                {
                    "id": "",
                    "name": ""
                },
                {
                    "id": "550053711",
                    "name": "ENGINE OIL SHELL HELIX HX8 5W40 5L"
                },
                {
                    "id": "550048788",
                    "name": "ENGINE OIL SHELL HELIX ULTRA 5W30 5L"
                }
            ]
        },
        {
            "id": "24",
            "category": "WHEEL BEARINGS",
            "category_parts": [
                {
                    "id": "",
                    "name": ""
                },
                {
                    "id": "VKBA3569",
                    "name": "WHEEL BRG FRNT [+HUB +ABS] SKF"
                },
                {
                    "id": "VKBA3643",
                    "name": "WHEEL BRG KIT FRNT [5+4 HOLE] SKF"
                },
                {
                    "id": "ATC9021",
                    "name": "WHEEL BRG FRNT TIMKEN"
                },
                {
                    "id": "ATC9026",
                    "name": "WHEEL BRG KIT FRNT [5+4 HOLE] TIMKEN"
                },
                {
                    "id": "HUB108",
                    "name": "WHEEL BRG FRNT INNER ID29 PQ"
                },
                {
                    "id": "HUB103",
                    "name": "WHEEL BRG FRNT INNER ID30 PQ"
                },
                {
                    "id": "PQ701",
                    "name": "WHEEL BRG KIT FRNT PQ"
                },
                {
                    "id": "PQ701P",
                    "name": "WHEEL BRG KIT FRNT PQ"
                },
                {
                    "id": "FAG9021",
                    "name": "WHEEL BRG FRNT FAG"
                },
                {
                    "id": "713610470",
                    "name": "WHEEL BRG KIT FRNT FAG"
                },
                {
                    "id": "713610610",
                    "name": "WHEEL BRG KIT FRNT FAG"
                },
                {
                    "id": "FAG1061",
                    "name": "WHEEL BRG KIT FRNT [5+4 HOLE] FAG"
                },
                {
                    "id": "1061M",
                    "name": "WHEEL BRG KIT FRNT MP [5+4 HOLE]"
                },
                {
                    "id": "WBFW18042",
                    "name": "WHEEL BRG FRNT GM"
                },
                {
                    "id": "VKBA3567",
                    "name": "WHEEL BRG KIT REAR SKF"
                },
                {
                    "id": "PQ702",
                    "name": "WHEEL BRG KIT REAR PQ"
                },
                {
                    "id": "PQ688",
                    "name": "WHEEL BRG KIT REAR PQ [5+4 HOLE]"
                },
                {
                    "id": "HUB106",
                    "name": "WHEEL BRG REAR INNER PQ"
                },
                {
                    "id": "713610490",
                    "name": "WHEEL BRG KIT REAR FAG"
                },
                {
                    "id": "FAG9022",
                    "name": "WHEEL BRG KIT REAR FAG"
                },
                {
                    "id": "9022M",
                    "name": "WHEEL BRG KIT REAR MP"
                },
                {
                    "id": "FEB24224",
                    "name": "WHEEL BRG KIT REAR FEBI"
                }
            ]
        },
        {
            "id": "26",
            "category": "STEERING",
            "category_parts": [
                {
                    "id": "",
                    "name": ""
                },
                {
                    "id": "16788AP",
                    "name": "STEERING RACK END L/R A-PLUS L310"
                },
                {
                    "id": "TR6197",
                    "name": "STEERING RACK END PQ"
                },
                {
                    "id": "VW1420",
                    "name": "RACK END FRNT L/R L293 TEKNOSA"
                },
                {
                    "id": "AU1410",
                    "name": "RACK END FRNT L/R L310 TEKNOSA"
                },
                {
                    "id": "VKDY331004",
                    "name": "ROD ASSEMBLY L367 SKF"
                },
                {
                    "id": "VKDY321024",
                    "name": "STEERING RACK END L328 SKF"
                },
                {
                    "id": "VKDY311000",
                    "name": "TIE ROD END L* SKF"
                },
                {
                    "id": "VKDY311001",
                    "name": "TIE ROD END L* SKF"
                },
                {
                    "id": "11355AP",
                    "name": "TIE ROD END OUTER LHS A-PLUS"
                },
                {
                    "id": "11354AP",
                    "name": "TIE ROD END OUTER RHS A-PLUS"
                },
                {
                    "id": "TR6198",
                    "name": "TIE ROD END OUTER PQ"
                },
                {
                    "id": "AU1016",
                    "name": "TIE ROD END OUTER FRNT LHS TEKNOSA"
                },
                {
                    "id": "VW1019",
                    "name": "TIE ROD END OUTER FRNT LHS TEKNOSA"
                },
                {
                    "id": "AU1017",
                    "name": "TIE ROD END OUTER FRNT RHS TEKNOSA"
                },
                {
                    "id": "VW1020",
                    "name": "TIE ROD END OUTER FRNT RHS TEKNOSA"
                },
                {
                    "id": "AU1313",
                    "name": "TIE ROD END SET OUTER FRNT L/R TEKNOSA"
                },
                {
                    "id": "VW1314",
                    "name": "TIE ROD END SET OUTER FRNT L/R TEKNOSA"
                }
            ]
        },
        {
            "id": "27",
            "category": "BEARINGS",
            "category_parts": [
                {
                    "id": "",
                    "name": ""
                },
                {
                    "id": "VKBA3569",
                    "name": "WHEEL BRG FRNT [+HUB +ABS] SKF"
                },
                {
                    "id": "VKBA3643",
                    "name": "WHEEL BRG KIT FRNT [5+4 HOLE] SKF"
                },
                {
                    "id": "ATC9021",
                    "name": "WHEEL BRG FRNT TIMKEN"
                },
                {
                    "id": "ATC9026",
                    "name": "WHEEL BRG KIT FRNT [5+4 HOLE] TIMKEN"
                },
                {
                    "id": "HUB108",
                    "name": "WHEEL BRG FRNT INNER ID29 PQ"
                },
                {
                    "id": "HUB103",
                    "name": "WHEEL BRG FRNT INNER ID30 PQ"
                },
                {
                    "id": "PQ701",
                    "name": "WHEEL BRG KIT FRNT PQ"
                },
                {
                    "id": "PQ701P",
                    "name": "WHEEL BRG KIT FRNT PQ"
                },
                {
                    "id": "FAG9021",
                    "name": "WHEEL BRG FRNT FAG"
                },
                {
                    "id": "713610470",
                    "name": "WHEEL BRG KIT FRNT FAG"
                },
                {
                    "id": "713610610",
                    "name": "WHEEL BRG KIT FRNT FAG"
                },
                {
                    "id": "FAG1061",
                    "name": "WHEEL BRG KIT FRNT [5+4 HOLE] FAG"
                },
                {
                    "id": "1061M",
                    "name": "WHEEL BRG KIT FRNT MP [5+4 HOLE]"
                },
                {
                    "id": "WBFW18042",
                    "name": "WHEEL BRG FRNT GM"
                },
                {
                    "id": "VKBA3567",
                    "name": "WHEEL BRG KIT REAR SKF"
                },
                {
                    "id": "PQ702",
                    "name": "WHEEL BRG KIT REAR PQ"
                },
                {
                    "id": "PQ688",
                    "name": "WHEEL BRG KIT REAR PQ [5+4 HOLE]"
                },
                {
                    "id": "HUB106",
                    "name": "WHEEL BRG REAR INNER PQ"
                },
                {
                    "id": "713610490",
                    "name": "WHEEL BRG KIT REAR FAG"
                },
                {
                    "id": "FAG9022",
                    "name": "WHEEL BRG KIT REAR FAG"
                },
                {
                    "id": "9022M",
                    "name": "WHEEL BRG KIT REAR MP"
                },
                {
                    "id": "FEB24224",
                    "name": "WHEEL BRG KIT REAR FEBI"
                },
                {
                    "id": "VKD35110",
                    "name": "ANTI-F BRG \u0026 SUS/MOUNT [SINGLE] FRNT SKF"
                },
                {
                    "id": "VKD35110T",
                    "name": "ANTI-F BRG \u0026 SUS/MOUNT [TWIN PACK] FRNT SKF"
                },
                {
                    "id": "VKDS321002",
                    "name": "CONTROL ARM L* SKF"
                },
                {
                    "id": "VKDS321002B",
                    "name": "CONTROL ARM L* SKF"
                },
                {
                    "id": "VKDS321003",
                    "name": "CONTROL ARM L* SKF"
                },
                {
                    "id": "VKDS321003B",
                    "name": "CONTROL ARM L* SKF"
                },
                {
                    "id": "VKDS421019",
                    "name": "CONTROL ARM L305.5 SKF"
                }
            ]
        },
        {
            "id": "28",
            "category": "AIR CONDITIONING",
            "category_parts": [
                {
                    "id": "",
                    "name": ""
                },
                {
                    "id": "DCP32060",
                    "name": "COMPRESSOR / AIR CONDITIONER DENSO"
                },
                {
                    "id": "351309131",
                    "name": "AIR CONDITIONING CONDENSER MAHLE"
                },
                {
                    "id": "351309134",
                    "name": "AIR CONDITIONING CONDENSER MAHLE L575"
                }
            ]
        },
        {
            "id": "28",
            "category": "AIR CONDITIONING",
            "category_parts": [
                {
                    "id": "",
                    "name": ""
                },
                {
                    "id": "DCP32060",
                    "name": "COMPRESSOR / AIR CONDITIONER DENSO"
                },
                {
                    "id": "351309131",
                    "name": "AIR CONDITIONING CONDENSER MAHLE"
                },
                {
                    "id": "351309134",
                    "name": "AIR CONDITIONING CONDENSER MAHLE L575"
                }
            ]
        }
    ]
}
