{
    "id": "251",
    "parts": [
        {
            "id": "1",
            "category": "SERVICE PARTS",
            "category_parts": [
                {
                    "id": "",
                    "name": ""
                },
                {
                    "id": "M168",
                    "name": "OIL FILTER GUD CARTRIDGE METAL FREE H123 OD63 IDT31 IDB31"
                },
                {
                    "id": "CH12176ECO",
                    "name": "OIL FILTER FRAM H122"
                },
                {
                    "id": "F026407270",
                    "name": "OIL FILTER BOSCH"
                },
                {
                    "id": "109015",
                    "name": "OIL FILTER H123MM ID31MM OD63.5MM FEBI"
                },
                {
                    "id": "ADV182132",
                    "name": "OIL FILTER H123MM ID31MM OD63.5MM BLU"
                },
                {
                    "id": "AG1540",
                    "name": "AIR FILTER GUD METAL FREE OD160 H187"
                },
                {
                    "id": "WA9737",
                    "name": "AIR FILTER WIX"
                },
                {
                    "id": "02-556",
                    "name": "AIR FILTER GENERIC"
                },
                {
                    "id": "E176",
                    "name": "FUEL FILTER GUD"
                },
                {
                    "id": "PS10486",
                    "name": "FUEL FILTER FRAM"
                },
                {
                    "id": "CFF100528",
                    "name": "FUEL FILTER CHAMPION"
                },
                {
                    "id": "F026402068",
                    "name": "FUEL FILTER BOSCH H250"
                },
                {
                    "id": "F026402847",
                    "name": "FUEL FILTER BOSCH H250 OD56"
                },
                {
                    "id": "FEB38677",
                    "name": "FUEL FILTER FEBI"
                },
                {
                    "id": "WF8412",
                    "name": "FUEL FILTER WIX"
                },
                {
                    "id": "Y-1002AS",
                    "name": "GLOW PLUG NGK"
                },
                {
                    "id": "DG-193",
                    "name": "GLOW PLUG DENSO INSTANT HEATING [PL24MM HEX10MM 10-12NM 4.4V M10X1.0]"
                },
                {
                    "id": "CH705",
                    "name": "GLOW PLUG CHAMPION"
                },
                {
                    "id": "0250403009",
                    "name": "GLOW PLUG BOSCH"
                },
                {
                    "id": "AC121GUD",
                    "name": "CABIN AIR FILTER GUD H35 L255 W252"
                },
                {
                    "id": "DI145520-3870",
                    "name": "CABIN AIR FILTER CG DENSO"
                },
                {
                    "id": "1987432548",
                    "name": "CABIN AIR FILTER BOSCH L254 W258 H35"
                },
                {
                    "id": "WP2075",
                    "name": "CABIN AIR FILTER WIX"
                },
                {
                    "id": "ATE1305",
                    "name": "DISC PAD FRNT ATE L132 H77 T16"
                },
                {
                    "id": "ATE1100",
                    "name": "DISC PAD FRNT ATE L188 H74 T19"
                },
                {
                    "id": "FDB4908",
                    "name": "DISC PAD FRNT FERODO L132 H77 T17"
                },
                {
                    "id": "D4058",
                    "name": "DISC PAD FRNT SAFELINE L132 H77 T17"
                },
                {
                    "id": "05P1420A",
                    "name": "DISC PAD FRNT LPR L188 H74 T19"
                },
                {
                    "id": "05P1743",
                    "name": "DISC PAD FRNT LPR L193 H74 T20"
                },
                {
                    "id": "ADB22120",
                    "name": "DISC PAD FRNT NIPPON L193 H71 T20"
                },
                {
                    "id": "FDB4410",
                    "name": "DISC PAD REAR FERODO L116 H59 T18"
                },
                {
                    "id": "0986494446",
                    "name": "DISC PAD REAR BOSCH L117 H59 T17"
                },
                {
                    "id": "D3955",
                    "name": "DISC PAD REAR SAFELINE L116 H59 T17"
                },
                {
                    "id": "05P1826C",
                    "name": "DISC PAD REAR LPR L116 H17 T17"
                },
                {
                    "id": "05P1826A",
                    "name": "DISC PAD REAR LPR L116 H59 T17"
                },
                {
                    "id": "ADB22121",
                    "name": "DISC PAD REAR NIPPON L117 H59 T17"
                },
                {
                    "id": "550048788",
                    "name": "ENGINE OIL SHELL HELIX ULTRA 5W30 5L"
                }
            ]
        },
        {
            "id": "2",
            "category": "BRAKES",
            "category_parts": [
                {
                    "id": "",
                    "name": ""
                },
                {
                    "id": "ATE1305",
                    "name": "DISC PAD FRNT ATE L132 H77 T16"
                },
                {
                    "id": "ATE1100",
                    "name": "DISC PAD FRNT ATE L188 H74 T19"
                },
                {
                    "id": "FDB4908",
                    "name": "DISC PAD FRNT FERODO L132 H77 T17"
                },
                {
                    "id": "D4058",
                    "name": "DISC PAD FRNT SAFELINE L132 H77 T17"
                },
                {
                    "id": "05P1420A",
                    "name": "DISC PAD FRNT LPR L188 H74 T19"
                },
                {
                    "id": "05P1743",
                    "name": "DISC PAD FRNT LPR L193 H74 T20"
                },
                {
                    "id": "ADB22120",
                    "name": "DISC PAD FRNT NIPPON L193 H71 T20"
                },
                {
                    "id": "FDB4410",
                    "name": "DISC PAD REAR FERODO L116 H59 T18"
                },
                {
                    "id": "0986494446",
                    "name": "DISC PAD REAR BOSCH L117 H59 T17"
                },
                {
                    "id": "D3955",
                    "name": "DISC PAD REAR SAFELINE L116 H59 T17"
                },
                {
                    "id": "05P1826C",
                    "name": "DISC PAD REAR LPR L116 H17 T17"
                },
                {
                    "id": "05P1826A",
                    "name": "DISC PAD REAR LPR L116 H59 T17"
                },
                {
                    "id": "ADB22121",
                    "name": "DISC PAD REAR NIPPON L117 H59 T17"
                },
                {
                    "id": "DR7592",
                    "name": "BRAKE DISC FV ALFA D345 H52 S68 [*]"
                },
                {
                    "id": "DR7394",
                    "name": "BRAKE DISC FV ALFA D345 H52 S68 [5]"
                },
                {
                    "id": "125-0184",
                    "name": "BRAKE DISC FV ATE D314 H52 S68 5"
                },
                {
                    "id": "130.0193",
                    "name": "BRAKE DISC FV ATE D320 H52 S68 ID153 [5]"
                },
                {
                    "id": "129-0102",
                    "name": "BRAKE DISC FV ATE D345 H52 S68 5"
                },
                {
                    "id": "DDF1997C",
                    "name": "BRAKE DISC FV FERODO D345 H52 S68 [5]"
                },
                {
                    "id": "DDF1997C-1",
                    "name": "BRAKE DISC FV FERODO D345 H52 S68 [5]"
                },
                {
                    "id": "TBD8473-D",
                    "name": "BRAKE DISC FRNT L/R VENTED OPTIMA"
                },
                {
                    "id": "TBD8474-D",
                    "name": "BRAKE DISC FRNT L/R VENTED OPTIMA"
                },
                {
                    "id": "TBD7071-D",
                    "name": "BRAKE DISC REAR L/R SOLID OPTIMA"
                },
                {
                    "id": "TBD7220-D",
                    "name": "BRAKE DISC REAR L/R SOLID OPTIMA"
                },
                {
                    "id": "DR7473",
                    "name": "BRAKE DISC RV ALFA D330 H36 S68 [5]"
                },
                {
                    "id": "112.0178",
                    "name": "BRAKE DISC RS ATE D300 H36 S68 O169 [5]"
                },
                {
                    "id": "DDF2383C",
                    "name": "BRAKE DISC RV FERODO D330 H37 S68 [5]"
                },
                {
                    "id": "WS0377B",
                    "name": "DISC PAD SENSOR FRONT [278MM] QB"
                },
                {
                    "id": "WS0302B",
                    "name": "DISC PAD SENSOR FRONT [310MM] QB"
                },
                {
                    "id": "WS0375B",
                    "name": "DISC PAD SENSOR FRONT [325MM] QB"
                },
                {
                    "id": "WS0384B",
                    "name": "DISC PAD SENSOR FRONT [360MM] QB"
                },
                {
                    "id": "WS0379B",
                    "name": "DISC PAD SENSOR FRONT [448MM] QB"
                },
                {
                    "id": "WS0311B",
                    "name": "DISC PAD SENSOR REAR [215MM] QB"
                },
                {
                    "id": "WS0373B",
                    "name": "DISC PAD SENSOR REAR [317MM] QB"
                },
                {
                    "id": "113-1339X",
                    "name": "BRAKE CALIPER GUIDE SLEEVE KIT QB"
                },
                {
                    "id": "113-1346X",
                    "name": "BRAKE CALIPER GUIDE SLEEVE KIT QB"
                },
                {
                    "id": "113-1448X",
                    "name": "BRAKE CALIPER GUIDE SLEEVE KIT QB"
                },
                {
                    "id": "113-1450X",
                    "name": "BRAKE CALIPER GUIDE SLEEVE KIT QB"
                }
            ]
        },
        {
            "id": "3",
            "category": "SUSPENSION COMPONENTS [FRONT]",
            "category_parts": [
                {
                    "id": "",
                    "name": ""
                },
                {
                    "id": "742118SP",
                    "name": "SHOCK FRNT MONROE"
                },
                {
                    "id": "E8505",
                    "name": "SHOCK FRNT MONROE"
                },
                {
                    "id": "341745",
                    "name": "SHOCK FRNT KYB"
                },
                {
                    "id": "341744",
                    "name": "SHOCK FRNT KYB"
                },
                {
                    "id": "VKDA35123",
                    "name": "TOP MOUNT FRNT SHOCK [SINGLE] FRNT SKF"
                },
                {
                    "id": "VKDA35123T",
                    "name": "TOP MOUNT FRNT SHOCK [TWIN PACK] FRNT SKF"
                },
                {
                    "id": "AR7996",
                    "name": "STRUT MOUNTING FRNT SUSP"
                },
                {
                    "id": "MK207",
                    "name": "STRUT MOUNTING FRNT MONROE"
                },
                {
                    "id": "AU2820",
                    "name": "MOUNTING SHOCK FRNT L/R TEKNOSA"
                },
                {
                    "id": "FEB26360",
                    "name": "STRUT MOUNTING FRNT [-BEARING]"
                },
                {
                    "id": "AU1920",
                    "name": "BALL JOINT LOWER F/R L/R TEKNOSA"
                },
                {
                    "id": "AU1919",
                    "name": "BALL JOINT LOWER FRNT L/R TEKNOSA"
                },
                {
                    "id": "BJ1283",
                    "name": "BALL JOINT LOWER L/R PQ"
                },
                {
                    "id": "19425AP",
                    "name": "BALL JOINT LOWER L/R A-PLUS [13.8MM]"
                },
                {
                    "id": "21737AP",
                    "name": "BALL JOINT LOWER L/R A-PLUS [17.3MM]"
                },
                {
                    "id": "16232",
                    "name": "BALL JOINT LOWER L+R ATS"
                },
                {
                    "id": "VKDS311027",
                    "name": "BALL JOINT LOWER L* H* ID* OD42 SKF"
                },
                {
                    "id": "19428AP",
                    "name": "CONTROL ARM UPPER LHS A-PLUS"
                },
                {
                    "id": "19430AP",
                    "name": "CONTROL ARM UPPER LHS A-PLUS"
                },
                {
                    "id": "20473AP",
                    "name": "CONTROL ARM UPPER LHS A-PLUS"
                },
                {
                    "id": "21078AP",
                    "name": "CONTROL ARM UPPER LHS A-PLUS"
                },
                {
                    "id": "19429AP",
                    "name": "CONTROL ARM UPPER RHS A-PLUS"
                },
                {
                    "id": "19431AP",
                    "name": "CONTROL ARM UPPER RHS A-PLUS"
                },
                {
                    "id": "20474AP",
                    "name": "CONTROL ARM UPPER RHS A-PLUS"
                },
                {
                    "id": "21079AP",
                    "name": "CONTROL ARM UPPER RHS A-PLUS"
                },
                {
                    "id": "AU2039",
                    "name": "CONTROL ARM LOWER FRNT L/R TEKNOSA"
                },
                {
                    "id": "AU2040",
                    "name": "CONTROL ARM LOWER FRNT L/R TEKNOSA"
                },
                {
                    "id": "AU2043",
                    "name": "CONTROL ARM LOWER FRNT L/R TEKNOSA"
                },
                {
                    "id": "AU2044",
                    "name": "CONTROL ARM LOWER FRNT L/R TEKNOSA"
                },
                {
                    "id": "AU2037",
                    "name": "CONTROL ARM LOWER FRNT LHS TEKNOSA"
                },
                {
                    "id": "AU2041",
                    "name": "CONTROL ARM LOWER FRNT LHS TEKNOSA"
                },
                {
                    "id": "AU2045",
                    "name": "CONTROL ARM LOWER FRNT LHS TEKNOSA"
                },
                {
                    "id": "AU2058",
                    "name": "CONTROL ARM LOWER FRNT LHS TEKNOSA"
                },
                {
                    "id": "AU2038",
                    "name": "CONTROL ARM LOWER FRNT RHS TEKNOSA"
                },
                {
                    "id": "AU2042",
                    "name": "CONTROL ARM LOWER FRNT RHS TEKNOSA"
                },
                {
                    "id": "AU2046",
                    "name": "CONTROL ARM LOWER FRNT RHS TEKNOSA"
                },
                {
                    "id": "AU2059",
                    "name": "CONTROL ARM LOWER REAR RHS TEKNOSA"
                },
                {
                    "id": "AU1715",
                    "name": "CONTROL ARM UPPER FRNT LHS TEKNOSA"
                },
                {
                    "id": "AU1717",
                    "name": "CONTROL ARM UPPER FRNT LHS TEKNOSA"
                },
                {
                    "id": "AU1716",
                    "name": "CONTROL ARM UPPER FRNT RHS TEKNOSA"
                },
                {
                    "id": "AU1718",
                    "name": "CONTROL ARM UPPER FRNT RHS TEKNOSA"
                },
                {
                    "id": "11182",
                    "name": "CONTROL ARM UPPER OSSCA/ATS"
                },
                {
                    "id": "19432AP",
                    "name": "CONTROL ARM LOWER LHS A-PLUS"
                },
                {
                    "id": "19438AP",
                    "name": "CONTROL ARM LOWER LHS A-PLUS"
                },
                {
                    "id": "21735AP",
                    "name": "CONTROL ARM LOWER LHS A-PLUS"
                },
                {
                    "id": "22411AP",
                    "name": "CONTROL ARM LOWER LHS A-PLUS"
                },
                {
                    "id": "19435AP",
                    "name": "CONTROL ARM LOWER LHS A-PLUS [15MM]"
                },
                {
                    "id": "21732AP",
                    "name": "CONTROL ARM LOWER LHS A-PLUS [17MM]"
                },
                {
                    "id": "19433AP",
                    "name": "CONTROL ARM LOWER RHS A-PLUS"
                },
                {
                    "id": "19439AP",
                    "name": "CONTROL ARM LOWER RHS A-PLUS"
                },
                {
                    "id": "21736AP",
                    "name": "CONTROL ARM LOWER RHS A-PLUS"
                },
                {
                    "id": "19436AP",
                    "name": "CONTROL ARM LOWER RHS A-PLUS [15MM]"
                },
                {
                    "id": "21733AP",
                    "name": "CONTROL ARM LOWER RHS A-PLUS [17MM]"
                },
                {
                    "id": "AR8926",
                    "name": "STABILIZER LINK FRNT L+R PQ"
                },
                {
                    "id": "VKDS341020",
                    "name": "STABILIZER LINK L* H* ID* OD* SKF"
                },
                {
                    "id": "VKDS341026",
                    "name": "STABILIZER LINK L* H* ID* OD* SKF"
                },
                {
                    "id": "BJ1273L",
                    "name": "TRACK CONTROL ARM LOWER LHS PQ"
                },
                {
                    "id": "BJ1274L",
                    "name": "TRACK CONTROL ARM LOWER LHS PQ"
                },
                {
                    "id": "BJ1320L",
                    "name": "TRACK CONTROL ARM LOWER LHS PQ"
                },
                {
                    "id": "BJ1321L",
                    "name": "TRACK CONTROL ARM LOWER LHS PQ"
                },
                {
                    "id": "BJ1273R",
                    "name": "TRACK CONTROL ARM LOWER RHS PQ"
                },
                {
                    "id": "BJ1274R",
                    "name": "TRACK CONTROL ARM LOWER RHS PQ"
                },
                {
                    "id": "BJ1320R",
                    "name": "TRACK CONTROL ARM LOWER RHS PQ"
                },
                {
                    "id": "BJ1321R",
                    "name": "TRACK CONTROL ARM LOWER RHS PQ"
                },
                {
                    "id": "BJ1275L",
                    "name": "TRACK CONTROL ARM UPPER LHS PQ"
                },
                {
                    "id": "BJ1276L",
                    "name": "TRACK CONTROL ARM UPPER LHS PQ"
                },
                {
                    "id": "BJ1275R",
                    "name": "TRACK CONTROL ARM UPPER RHS PQ"
                },
                {
                    "id": "BJ1276R",
                    "name": "TRACK CONTROL ARM UPPER RHS PQ"
                },
                {
                    "id": "VKDS321063B",
                    "name": "CONTROL ARM L238 SKF"
                },
                {
                    "id": "VKDS321064B",
                    "name": "CONTROL ARM L238 SKF"
                },
                {
                    "id": "VKDS321065B",
                    "name": "CONTROL ARM L267.5 SKF"
                },
                {
                    "id": "VKDS321066B",
                    "name": "CONTROL ARM L267.5 SKF"
                },
                {
                    "id": "VKDS331027",
                    "name": "C/ARM BUSH L* H54.9 ID12.2 OD50.2 SKF"
                },
                {
                    "id": "VKDS331028",
                    "name": "C/ARM BUSH L45 H43.8 ID12.1 OD43.8 SKF"
                },
                {
                    "id": "AU2124",
                    "name": "BUSH CONT ARM LOW FRNT L/R TEKNOSA"
                },
                {
                    "id": "AU2125",
                    "name": "BUSH CONT ARM LOW FRNT L/R TEKNOSA"
                },
                {
                    "id": "AU2126",
                    "name": "BUSH CONT ARM LOW FRNT L/R TEKNOSA"
                },
                {
                    "id": "AU2127",
                    "name": "BUSH CONT ARM LOW FRNT L/R TEKNOSA"
                },
                {
                    "id": "AU2128",
                    "name": "BUSH CONT ARM LOW FRNT L/R TEKNOSA"
                },
                {
                    "id": "AU1810",
                    "name": "BUSH CONT ARM UP FRNT L/R TEKNOSA"
                },
                {
                    "id": "VKDS351007",
                    "name": "STAB BAR BUSH L* H* ID* OD* SKF"
                }
            ]
        },
        {
            "id": "4",
            "category": "SUSPENSION COMPONENTS [REAR]",
            "category_parts": [
                {
                    "id": "",
                    "name": ""
                },
                {
                    "id": "376025SP",
                    "name": "SHOCK REAR MONROE"
                },
                {
                    "id": "E7815",
                    "name": "SHOCK REAR MONROE"
                },
                {
                    "id": "344711",
                    "name": "SHOCK REAR KYB"
                },
                {
                    "id": "VKDS331027",
                    "name": "C/ARM BUSH L* H54.9 ID12.2 OD50.2 SKF"
                },
                {
                    "id": "VKDS331028",
                    "name": "C/ARM BUSH L45 H43.8 ID12.1 OD43.8 SKF"
                },
                {
                    "id": "17384AP",
                    "name": "C/ARM BUSH LOWER L/R A-PLUS"
                },
                {
                    "id": "19434AP",
                    "name": "C/ARM BUSH LOWER L/R A-PLUS"
                },
                {
                    "id": "17417AP",
                    "name": "C/ARM BUSH LOWER L/R A-PLUS [ID:12|OD:65"
                },
                {
                    "id": "22611AP",
                    "name": "C/ARM BUSH LOWER L/R A-PLUS [OD:75]"
                },
                {
                    "id": "21731AP",
                    "name": "C/ARM BUSH UPPER L/R A-PLUS"
                },
                {
                    "id": "AU2124",
                    "name": "BUSH CONT ARM LOW FRNT L/R TEKNOSA"
                },
                {
                    "id": "AU2125",
                    "name": "BUSH CONT ARM LOW FRNT L/R TEKNOSA"
                },
                {
                    "id": "AU2126",
                    "name": "BUSH CONT ARM LOW FRNT L/R TEKNOSA"
                },
                {
                    "id": "AU2127",
                    "name": "BUSH CONT ARM LOW FRNT L/R TEKNOSA"
                },
                {
                    "id": "AU2128",
                    "name": "BUSH CONT ARM LOW FRNT L/R TEKNOSA"
                },
                {
                    "id": "AU1810",
                    "name": "BUSH CONT ARM UP FRNT L/R TEKNOSA"
                },
                {
                    "id": "VKDS351007",
                    "name": "STAB BAR BUSH L* H* ID* OD* SKF"
                },
                {
                    "id": "VKDS341020",
                    "name": "STABILIZER LINK L* H* ID* OD* SKF"
                },
                {
                    "id": "VKDS341026",
                    "name": "STABILIZER LINK L* H* ID* OD* SKF"
                },
                {
                    "id": "19440AP",
                    "name": "LATERAL LINK LHS A-PLUS L283"
                },
                {
                    "id": "19441AP",
                    "name": "LATERAL LINK RHS A-PLUS L283"
                },
                {
                    "id": "21738AP",
                    "name": "STABILIZER LINK L/R A-PLUS"
                },
                {
                    "id": "19426AP",
                    "name": "STABILIZER LINK L/R A-PLUS L170"
                },
                {
                    "id": "21734AP",
                    "name": "STABILIZER LINK L/R A-PLUS L170"
                },
                {
                    "id": "19427AP",
                    "name": "STABILIZER LINK L/R A-PLUS L60"
                },
                {
                    "id": "AU1528",
                    "name": "STABILIZER LINK FRNT L/R L170 TEKNOSA"
                },
                {
                    "id": "AU1534",
                    "name": "STABILIZER LINK REAR L/R TEKNOSA"
                },
                {
                    "id": "VKDS321063B",
                    "name": "CONTROL ARM L238 SKF"
                },
                {
                    "id": "VKDS321064B",
                    "name": "CONTROL ARM L238 SKF"
                },
                {
                    "id": "VKDS321065B",
                    "name": "CONTROL ARM L267.5 SKF"
                },
                {
                    "id": "VKDS321066B",
                    "name": "CONTROL ARM L267.5 SKF"
                }
            ]
        },
        {
            "id": "5",
            "category": "COOLING SYSTEM",
            "category_parts": [
                {
                    "id": "",
                    "name": ""
                },
                {
                    "id": "53719",
                    "name": "RADIATOR NRF L720 W470 D36"
                },
                {
                    "id": "376745641",
                    "name": "RADIATOR BEHR L720 W474 D36"
                },
                {
                    "id": "376745644",
                    "name": "RADIATOR BEHR L720 W468 D32"
                },
                {
                    "id": "376745651",
                    "name": "RADIATOR BEHR L720 W474 D36 [AUTO]"
                },
                {
                    "id": "TI3487",
                    "name": "THERMOSTAT MAHLE 87C"
                },
                {
                    "id": "WP18735",
                    "name": "WATER PUMP AIRTEX"
                },
                {
                    "id": "WP83716",
                    "name": "WATER PUMP AIRTEX"
                },
                {
                    "id": "PA1141",
                    "name": "WATER PUMP GRAF"
                },
                {
                    "id": "437140-1170",
                    "name": "COMPRESSOR / AIR CONDITIONER DENSO"
                }
            ]
        },
        {
            "id": "8",
            "category": "DRIVESHAFT COMPONENTS",
            "category_parts": [
                {
                    "id": "",
                    "name": ""
                },
                {
                    "id": "VKJP8356R",
                    "name": "CV BOOT KIT OUTER SKF"
                },
                {
                    "id": "VKJP8356",
                    "name": "CV BOOT KIT INNER SKF"
                }
            ]
        },
        {
            "id": "9",
            "category": "FUEL SYSTEM",
            "category_parts": [
                {
                    "id": "",
                    "name": ""
                },
                {
                    "id": "E176",
                    "name": "FUEL FILTER GUD"
                },
                {
                    "id": "PS10486",
                    "name": "FUEL FILTER FRAM"
                },
                {
                    "id": "CFF100528",
                    "name": "FUEL FILTER CHAMPION"
                },
                {
                    "id": "F026402068",
                    "name": "FUEL FILTER BOSCH H250"
                },
                {
                    "id": "F026402847",
                    "name": "FUEL FILTER BOSCH H250 OD56"
                },
                {
                    "id": "FEB38677",
                    "name": "FUEL FILTER FEBI"
                },
                {
                    "id": "WF8412",
                    "name": "FUEL FILTER WIX"
                }
            ]
        },
        {
            "id": "10",
            "category": "TIMING COMPONENTS",
            "category_parts": [
                {
                    "id": "",
                    "name": ""
                },
                {
                    "id": "6PK2460",
                    "name": "MULTI-GROOVE BELT RAM"
                }
            ]
        },
        {
            "id": "11",
            "category": "CYLINDER HEAD COMPONENTS",
            "category_parts": [
                {
                    "id": "",
                    "name": ""
                },
                {
                    "id": "AH5390",
                    "name": "CYL HEAD GASKET PAYEN"
                },
                {
                    "id": "AH5391",
                    "name": "CYL HEAD GASKET PAYEN"
                },
                {
                    "id": "71-10831-00",
                    "name": "CYL HEAD COVER GASKET VR"
                },
                {
                    "id": "71-10832-00",
                    "name": "CYL HEAD COVER GASKET VR"
                },
                {
                    "id": "V95114",
                    "name": "VALVE EXHAUST AE [26X5.97X99.1]"
                },
                {
                    "id": "V95099",
                    "name": "VALVE INLET AE [28.1X5.97X99.3]"
                },
                {
                    "id": "HT83799",
                    "name": "VALVE LIFTER KOLBERN [12X32.7MM]"
                },
                {
                    "id": "177031",
                    "name": "CAMSHAFT SENSOR SEBRING 3 PIN"
                }
            ]
        },
        {
            "id": "12",
            "category": "ENGINE SUB ASSEMBLY",
            "category_parts": [
                {
                    "id": "",
                    "name": ""
                },
                {
                    "id": "B6154",
                    "name": "CONROD BEARING SET AE"
                },
                {
                    "id": "M4154",
                    "name": "MAIN BEARING SET AE"
                },
                {
                    "id": "W4997",
                    "name": "THRUST WASHER SET KING"
                }
            ]
        },
        {
            "id": "13",
            "category": "MOUNTINGS ",
            "category_parts": [
                {
                    "id": "",
                    "name": ""
                },
                {
                    "id": "MK207",
                    "name": "STRUT MOUNTING FRNT MONROE"
                },
                {
                    "id": "AR7996",
                    "name": "STRUT MOUNTING FRNT SUSP"
                },
                {
                    "id": "FEB26360",
                    "name": "STRUT MOUNTING FRNT [-BEARING]"
                },
                {
                    "id": "AU2820",
                    "name": "MOUNTING SHOCK FRNT L/R TEKNOSA"
                }
            ]
        },
        {
            "id": "15",
            "category": "ALTERNATOR COMPONENTS",
            "category_parts": [
                {
                    "id": "",
                    "name": ""
                },
                {
                    "id": "535022210",
                    "name": "ALTERNATOR FREEWHEEL PULLEY INA"
                },
                {
                    "id": "6PK2460",
                    "name": "MULTI-GROOVE BELT RAM"
                }
            ]
        },
        {
            "id": "16",
            "category": "BODY PARTS FRONT AND REAR",
            "category_parts": [
                {
                    "id": "",
                    "name": ""
                },
                {
                    "id": "ML3786",
                    "name": "GASLIFT HOOD/BONNET"
                }
            ]
        },
        {
            "id": "17",
            "category": "SWITCHES \u0026 ACCESSORIES",
            "category_parts": [
                {
                    "id": "",
                    "name": ""
                },
                {
                    "id": "S654",
                    "name": "BATTERY - SABAT"
                },
                {
                    "id": "S658",
                    "name": "BATTERY - SABAT"
                },
                {
                    "id": "F658",
                    "name": "BATTERY EXIDE/MIDAS"
                },
                {
                    "id": "W658",
                    "name": "BATTERY WILLARD"
                },
                {
                    "id": "3397007296",
                    "name": "WIPER BLADE KIT FRNT BOSCH"
                },
                {
                    "id": "575006",
                    "name": "WIPER BLADE VALEO 21 INCH"
                },
                {
                    "id": "575008",
                    "name": "WIPER BLADE VALEO 24 INCH"
                },
                {
                    "id": "3397006834",
                    "name": "WIPER BLADE FRNT DRIV BOSCH"
                },
                {
                    "id": "3397006837",
                    "name": "WIPER BLADE FRNT DRIV BOSCH"
                },
                {
                    "id": "3397006838",
                    "name": "WIPER BLADE FRNT DRIV BOSCH"
                },
                {
                    "id": "3397007639",
                    "name": "WIPER BLADE KIT FRNT BOSCH"
                },
                {
                    "id": "7.3278",
                    "name": "TEMP SENDER UNIT FACET"
                }
            ]
        },
        {
            "id": "18",
            "category": "GASKETS ",
            "category_parts": [
                {
                    "id": "",
                    "name": ""
                },
                {
                    "id": "AH5390",
                    "name": "CYL HEAD GASKET PAYEN"
                },
                {
                    "id": "AH5391",
                    "name": "CYL HEAD GASKET PAYEN"
                }
            ]
        },
        {
            "id": "21",
            "category": "SENSORS \u0026 RELAYS",
            "category_parts": [
                {
                    "id": "",
                    "name": ""
                },
                {
                    "id": "177031",
                    "name": "CAMSHAFT SENSOR SEBRING 3 PIN"
                }
            ]
        },
        {
            "id": "23",
            "category": "LUBRICANTS",
            "category_parts": [
                {
                    "id": "",
                    "name": ""
                },
                {
                    "id": "550048788",
                    "name": "ENGINE OIL SHELL HELIX ULTRA 5W30 5L"
                }
            ]
        },
        {
            "id": "24",
            "category": "WHEEL BEARINGS",
            "category_parts": [
                {
                    "id": "",
                    "name": ""
                },
                {
                    "id": "VKBA6649",
                    "name": "WHEEL BRG KIT FRNT SKF"
                },
                {
                    "id": "713610900",
                    "name": "WHEEL BRG KIT FRNT FAG"
                }
            ]
        },
        {
            "id": "26",
            "category": "STEERING",
            "category_parts": [
                {
                    "id": "",
                    "name": ""
                },
                {
                    "id": "21739AP",
                    "name": "STEERING RACK END L/R A-PLUS L235"
                },
                {
                    "id": "TR6193",
                    "name": "STEERING RACK END [227/243MM] PQ"
                },
                {
                    "id": "TR6194",
                    "name": "STEERING RACK END [237/252MM] PQ"
                },
                {
                    "id": "AU1416",
                    "name": "RACK END FRNT L/R L235 TEKNOSA"
                },
                {
                    "id": "VKDY311040",
                    "name": "TIE ROD END L207 SKF"
                },
                {
                    "id": "21740AP",
                    "name": "TIE ROD END OUTER LHS A-PLUS"
                },
                {
                    "id": "21741AP",
                    "name": "TIE ROD END OUTER RHS A-PLUS"
                },
                {
                    "id": "TR6192",
                    "name": "TIE ROD END OUTER L/R PQ"
                },
                {
                    "id": "AU1023",
                    "name": "TIE ROD END OUTER FRNT LHS TEKNOSA"
                },
                {
                    "id": "AU1024",
                    "name": "TIE ROD END OUTER FRNT RHS TEKNOSA"
                },
                {
                    "id": "AU1318",
                    "name": "TIE ROD END SET OUTER FRNT L/R TEKNOSA"
                }
            ]
        },
        {
            "id": "27",
            "category": "BEARINGS",
            "category_parts": [
                {
                    "id": "",
                    "name": ""
                },
                {
                    "id": "VKBA6649",
                    "name": "WHEEL BRG KIT FRNT SKF"
                },
                {
                    "id": "713610900",
                    "name": "WHEEL BRG KIT FRNT FAG"
                },
                {
                    "id": "VKDS321063B",
                    "name": "CONTROL ARM L238 SKF"
                },
                {
                    "id": "VKDS321064B",
                    "name": "CONTROL ARM L238 SKF"
                },
                {
                    "id": "VKDS321065B",
                    "name": "CONTROL ARM L267.5 SKF"
                },
                {
                    "id": "VKDS321066B",
                    "name": "CONTROL ARM L267.5 SKF"
                }
            ]
        },
        {
            "id": "28",
            "category": "AIR CONDITIONING",
            "category_parts": [
                {
                    "id": "",
                    "name": ""
                },
                {
                    "id": "437140-1170",
                    "name": "COMPRESSOR / AIR CONDITIONER DENSO"
                }
            ]
        },
        {
            "id": "28",
            "category": "AIR CONDITIONING",
            "category_parts": [
                {
                    "id": "",
                    "name": ""
                },
                {
                    "id": "437140-1170",
                    "name": "COMPRESSOR / AIR CONDITIONER DENSO"
                }
            ]
        }
    ]
}
