{
    "id": "268",
    "parts": [
        {
            "id": "1",
            "category": "SERVICE PARTS",
            "category_parts": [
                {
                    "id": "",
                    "name": ""
                },
                {
                    "id": "M72",
                    "name": "OIL FILTER GUD CARTRIDGE METAL FREE H200 OD75 IDT29 IDB29"
                },
                {
                    "id": "CH10197ECO",
                    "name": "OIL FILTER FRAM"
                },
                {
                    "id": "109709",
                    "name": "OIL FIL H200MM ID28.5MM OD76MM SRD82.5MM"
                },
                {
                    "id": "172617",
                    "name": "OIL FILTER H200M ID28.5MM OD76MM FEBI"
                },
                {
                    "id": "ADV182106",
                    "name": "OIL FIL H200MM ID28.5MM OD76MM SRD82.5MM"
                },
                {
                    "id": "ADV182111",
                    "name": "OIL FILTER H200MM ID28.5MM OD76MM BLUEPR"
                },
                {
                    "id": "WL7439",
                    "name": "OIL FILTER WIX"
                },
                {
                    "id": "WL7439A",
                    "name": "OIL FILTER WIX"
                },
                {
                    "id": "AG1411",
                    "name": "AIR FILTER GUD METAL FREE OD163 H192"
                },
                {
                    "id": "CA10216",
                    "name": "AIR FILTER FRAM"
                },
                {
                    "id": "F026400028",
                    "name": "AIR FILTER BOSCH"
                },
                {
                    "id": "WA9548",
                    "name": "AIR FILTER WIX"
                },
                {
                    "id": "MP18",
                    "name": "FUEL FILTER GUD"
                },
                {
                    "id": "MP18FRAM",
                    "name": "FUEL FILTER FRAM"
                },
                {
                    "id": "P11036",
                    "name": "FUEL FILTER FRAM [DIESEL]"
                },
                {
                    "id": "0450906459",
                    "name": "FUEL FILTER BOSCH"
                },
                {
                    "id": "WF8382",
                    "name": "FUEL FILTER WIX"
                },
                {
                    "id": "Y-609AS",
                    "name": "GLOW PLUG NGK"
                },
                {
                    "id": "DG-193",
                    "name": "GLOW PLUG DENSO INSTANT HEATING [PL24MM HEX10MM 10-12NM 4.4V M10X1.0]"
                },
                {
                    "id": "CH705",
                    "name": "GLOW PLUG CHAMPION"
                },
                {
                    "id": "0250403007",
                    "name": "GLOW PLUG BOSCH"
                },
                {
                    "id": "0250403009",
                    "name": "GLOW PLUG BOSCH"
                },
                {
                    "id": "AC176GUD",
                    "name": "CABIN AIR FILTER GUD H30 L307 W100"
                },
                {
                    "id": "CFA10209-2",
                    "name": "CABIN AIR FILTER FRAM [ANTI-ODOR]"
                },
                {
                    "id": "CCF0339",
                    "name": "CABIN AIR FILTER CHAMPION"
                },
                {
                    "id": "1987432122",
                    "name": "CABIN AIR FILTER BOSCH"
                },
                {
                    "id": "WP9188",
                    "name": "CABIN AIR FILTER WIX"
                },
                {
                    "id": "WP9189",
                    "name": "CABIN AIR FILTER WIX"
                },
                {
                    "id": "ATE864",
                    "name": "DISC PAD FRNT ATE L156 H74 T20"
                },
                {
                    "id": "FDB1629",
                    "name": "DISC PAD FRNT FERODO L155 H73 T20"
                },
                {
                    "id": "FDB1668",
                    "name": "DISC PAD FRNT FERODO L156 H74 T20"
                },
                {
                    "id": "FDB1717",
                    "name": "DISC PAD FRNT FERODO L156 H74 T20"
                },
                {
                    "id": "0986495241",
                    "name": "DISC PAD FRNT BOSCH L157 H74 T20"
                },
                {
                    "id": "D3390",
                    "name": "DISC PAD FRNT SAFELINE L156 H74 T20"
                },
                {
                    "id": "OPT3390",
                    "name": "DISC PAD FRNT L/R OPTIMA"
                },
                {
                    "id": "OPT3483",
                    "name": "DISC PAD REAR L/R OPTIMA"
                },
                {
                    "id": "05P1239",
                    "name": "DISC PAD FRNT LPR L155 H73 T20"
                },
                {
                    "id": "05P1119",
                    "name": "DISC PAD FRNT LPR L156 H74 T19"
                },
                {
                    "id": "05P790",
                    "name": "DISC PAD FRNT LPR L156 H74 T20"
                },
                {
                    "id": "ADB11312",
                    "name": "DISC PAD FRNT NIPPON L155 H73 T18"
                },
                {
                    "id": "ADB11752",
                    "name": "DISC PAD FRNT NIPPON L155 H73 T19"
                },
                {
                    "id": "ADB01752",
                    "name": "DISC PAD FRNT NIPPON L155 H73 T20"
                },
                {
                    "id": "ADB11753",
                    "name": "DISC PAD FRNT NIPPON L155 H73 T20"
                },
                {
                    "id": "ADB01280",
                    "name": "DISC PAD FRNT NIPPON L155 H74 T19"
                },
                {
                    "id": "ADB11025",
                    "name": "DISC PAD FRNT NIPPON L156 H74 T20"
                },
                {
                    "id": "ATE170",
                    "name": "DISC PAD REAR ATE L106 H56 T16"
                },
                {
                    "id": "ATE170",
                    "name": "DISC PAD REAR ATE L106 H56 T16"
                },
                {
                    "id": "FDB1636",
                    "name": "DISC PAD REAR FERODO L105 H56 T17"
                },
                {
                    "id": "FDB4058",
                    "name": "DISC PAD REAR FERODO L105 H56 T17"
                },
                {
                    "id": "FDB1655",
                    "name": "DISC PAD REAR FERODO L116 H59 T18"
                },
                {
                    "id": "0986494344",
                    "name": "DISC PAD REAR BOSCH L105 H56 T16"
                },
                {
                    "id": "0986495453",
                    "name": "DISC PAD REAR BOSCH L106 H56 T17"
                },
                {
                    "id": "D3483",
                    "name": "DISC PAD REAR SAFELINE L105 H56 T17"
                },
                {
                    "id": "D3846",
                    "name": "DISC PAD REAR SAFELINE L105 H56 T17"
                },
                {
                    "id": "05P1219K",
                    "name": "DISC PAD REAR LPR L105 H56 T17"
                },
                {
                    "id": "05P1398",
                    "name": "DISC PAD REAR LPR L116 H59 T18"
                },
                {
                    "id": "ADB01284",
                    "name": "DISC PAD REAR NIPPON L105 H56 T17"
                },
                {
                    "id": "ADB01712",
                    "name": "DISC PAD REAR NIPPON L106 H56 T17"
                },
                {
                    "id": "550040242",
                    "name": "ENGINE OIL SHELL HELIX HX5 DIESEL 15W40 5L"
                }
            ]
        },
        {
            "id": "2",
            "category": "BRAKES",
            "category_parts": [
                {
                    "id": "",
                    "name": ""
                },
                {
                    "id": "ATE864",
                    "name": "DISC PAD FRNT ATE L156 H74 T20"
                },
                {
                    "id": "FDB1629",
                    "name": "DISC PAD FRNT FERODO L155 H73 T20"
                },
                {
                    "id": "FDB1668",
                    "name": "DISC PAD FRNT FERODO L156 H74 T20"
                },
                {
                    "id": "FDB1717",
                    "name": "DISC PAD FRNT FERODO L156 H74 T20"
                },
                {
                    "id": "0986495241",
                    "name": "DISC PAD FRNT BOSCH L157 H74 T20"
                },
                {
                    "id": "D3390",
                    "name": "DISC PAD FRNT SAFELINE L156 H74 T20"
                },
                {
                    "id": "OPT3390",
                    "name": "DISC PAD FRNT L/R OPTIMA"
                },
                {
                    "id": "OPT3483",
                    "name": "DISC PAD REAR L/R OPTIMA"
                },
                {
                    "id": "05P1239",
                    "name": "DISC PAD FRNT LPR L155 H73 T20"
                },
                {
                    "id": "05P1119",
                    "name": "DISC PAD FRNT LPR L156 H74 T19"
                },
                {
                    "id": "05P790",
                    "name": "DISC PAD FRNT LPR L156 H74 T20"
                },
                {
                    "id": "ADB11312",
                    "name": "DISC PAD FRNT NIPPON L155 H73 T18"
                },
                {
                    "id": "ADB11752",
                    "name": "DISC PAD FRNT NIPPON L155 H73 T19"
                },
                {
                    "id": "ADB01752",
                    "name": "DISC PAD FRNT NIPPON L155 H73 T20"
                },
                {
                    "id": "ADB11753",
                    "name": "DISC PAD FRNT NIPPON L155 H73 T20"
                },
                {
                    "id": "ADB01280",
                    "name": "DISC PAD FRNT NIPPON L155 H74 T19"
                },
                {
                    "id": "ADB11025",
                    "name": "DISC PAD FRNT NIPPON L156 H74 T20"
                },
                {
                    "id": "ATE170",
                    "name": "DISC PAD REAR ATE L106 H56 T16"
                },
                {
                    "id": "ATE170",
                    "name": "DISC PAD REAR ATE L106 H56 T16"
                },
                {
                    "id": "FDB1636",
                    "name": "DISC PAD REAR FERODO L105 H56 T17"
                },
                {
                    "id": "FDB4058",
                    "name": "DISC PAD REAR FERODO L105 H56 T17"
                },
                {
                    "id": "FDB1655",
                    "name": "DISC PAD REAR FERODO L116 H59 T18"
                },
                {
                    "id": "0986494344",
                    "name": "DISC PAD REAR BOSCH L105 H56 T16"
                },
                {
                    "id": "0986495453",
                    "name": "DISC PAD REAR BOSCH L106 H56 T17"
                },
                {
                    "id": "D3483",
                    "name": "DISC PAD REAR SAFELINE L105 H56 T17"
                },
                {
                    "id": "D3846",
                    "name": "DISC PAD REAR SAFELINE L105 H56 T17"
                },
                {
                    "id": "05P1219K",
                    "name": "DISC PAD REAR LPR L105 H56 T17"
                },
                {
                    "id": "05P1398",
                    "name": "DISC PAD REAR LPR L116 H59 T18"
                },
                {
                    "id": "ADB01284",
                    "name": "DISC PAD REAR NIPPON L105 H56 T17"
                },
                {
                    "id": "ADB01712",
                    "name": "DISC PAD REAR NIPPON L106 H56 T17"
                },
                {
                    "id": "DR6489",
                    "name": "BRAKE DISC FV ALFA D321 H59 S68 [5]"
                },
                {
                    "id": "DR7042",
                    "name": "BRAKE DISC FV ALFA D347 H59 S68 [5]"
                },
                {
                    "id": "125.0149",
                    "name": "BRAKE DISC FV ATE D314 H60 S68 O135 [5]"
                },
                {
                    "id": "125-0149",
                    "name": "BRAKE DISC FV D314 H60 S68 5 ATE"
                },
                {
                    "id": "130-0175",
                    "name": "BRAKE DISC FV D321 H60 S68 5 ATE"
                },
                {
                    "id": "130-0176",
                    "name": "BRAKE DISC FV D347 H60 S68 5 ATE"
                },
                {
                    "id": "DDF1277",
                    "name": "BRAKE DISC FV FERODO D321 H59 S68 [5]"
                },
                {
                    "id": "DDF1277C",
                    "name": "BRAKE DISC FV FERODO D321 H59 S68 [5]"
                },
                {
                    "id": "DDF1277C-1",
                    "name": "BRAKE DISC FV FERODO D321 H59 S68 [5]"
                },
                {
                    "id": "DDF1238",
                    "name": "BRAKE DISC FV FERODO D347 H59 S68 [5]"
                },
                {
                    "id": "DDF1238C",
                    "name": "BRAKE DISC FV FERODO D347 H59 S68 [5]"
                },
                {
                    "id": "DDF1238C-1",
                    "name": "BRAKE DISC FV FERODO D347 H59 S68 [5]"
                },
                {
                    "id": "TBD7490-D",
                    "name": "BRAKE DISC REAR L/R SOLID OPTIMA"
                },
                {
                    "id": "DR6490",
                    "name": "BRAKE DISC RS ALFA D301 H49 S68 [9]"
                },
                {
                    "id": "DR7293",
                    "name": "BRAKE DISC RV ALFA D330 H42 S68 [5]"
                },
                {
                    "id": "DR7044",
                    "name": "BRAKE DISC RV ALFA D330 H49 S68 [5]"
                },
                {
                    "id": "122-0223",
                    "name": "BRAKE DISC REAR ATE [V] 330MM"
                },
                {
                    "id": "112-0159",
                    "name": "BRAKE DISC RS D302 H49 S68 5 ATE"
                },
                {
                    "id": "DDF1307",
                    "name": "BRAKE DISC RS FERODO D302 H49 S68 [5]"
                },
                {
                    "id": "DDF1307C",
                    "name": "BRAKE DISC RS FERODO D302 H49 S68 [5]"
                },
                {
                    "id": "DDF1240",
                    "name": "BRAKE DISC RV FERODO D330 H49 S68 [5]"
                },
                {
                    "id": "DDF1240C",
                    "name": "BRAKE DISC RV FERODO D330 H49 S68 [5]"
                },
                {
                    "id": "30.254.0084",
                    "name": "BRAKE M/CYL HYDRADRIVE 25.40MM"
                },
                {
                    "id": "30.270.0008",
                    "name": "BRAKE M/CYL HYDRADRIVE 26.99MM"
                },
                {
                    "id": "M2540084",
                    "name": "BRAKE M/CYL BETTABRAKE 25.40MM"
                },
                {
                    "id": "M2700008",
                    "name": "BRAKE M/CYL BETTABRAKE 26.99MM"
                },
                {
                    "id": "0986481006",
                    "name": "BRAKE M/CYL BOSCH"
                },
                {
                    "id": "BM270.9016",
                    "name": "BRAKE M/CYL PQ"
                },
                {
                    "id": "SEA8427E",
                    "name": "BRAKE M/CYL KIT 25.4 MM CPD"
                },
                {
                    "id": "SEA8429E",
                    "name": "BRAKE M/CYL KIT 25.4 MM CPD"
                },
                {
                    "id": "SEA8600E",
                    "name": "BRAKE M/CYL KIT 26.99 MM CPD"
                },
                {
                    "id": "P8427X",
                    "name": "BRAKE M/CYL KIT 23.8MM GIRLING PQ"
                },
                {
                    "id": "P8429X",
                    "name": "BRAKE M/CYL KIT 25.4MM ATE PQ"
                },
                {
                    "id": "P8600X",
                    "name": "BRAKE M/CYL KIT 27MM PQ"
                },
                {
                    "id": "BMK254.8427",
                    "name": "BRAKE M/CYL KIT PQ"
                },
                {
                    "id": "BMK254.8429",
                    "name": "BRAKE M/CYL KIT PQ"
                },
                {
                    "id": "BMK270.8600",
                    "name": "BRAKE M/CYL KIT PQ"
                },
                {
                    "id": "CK60.2564",
                    "name": "CALIPER KIT FRNT 60MM PQ"
                },
                {
                    "id": "CK38.2535",
                    "name": "CALIPER KIT REAR 38MM PQ"
                },
                {
                    "id": "CK38.2304",
                    "name": "CALIPER KIT REAR PQ 57MM"
                },
                {
                    "id": "CK57.2305",
                    "name": "W/CYL KIT REAR PQ"
                },
                {
                    "id": "CK60.2497",
                    "name": "W/CYL KIT REAR PQ"
                },
                {
                    "id": "1123-1",
                    "name": "A/RATTLE CLIP FRNT [25MM DISC BHCS"
                },
                {
                    "id": "1639-1",
                    "name": "A/RATTLE CLIP FRNT [30MM DISC BHCS"
                },
                {
                    "id": "SED7003C",
                    "name": "CAL GUIDE BOLT FRNT CPD"
                },
                {
                    "id": "SED7044C",
                    "name": "CAL GUIDE BOLT FRNT CPD"
                },
                {
                    "id": "1346X",
                    "name": "CAL GUIDE BOLT FRNT BHCS"
                },
                {
                    "id": "1306X",
                    "name": "CALIPER GUIDE BOLT KIT FRNT BHCS"
                },
                {
                    "id": "SEA1315E",
                    "name": "CALIPER KIT FRNT 54.00MM CPD"
                },
                {
                    "id": "P1315S",
                    "name": "CALIPER KIT FRNT 54MM GIRLING PQ"
                },
                {
                    "id": "P2305S",
                    "name": "CALIPER KIT FRNT 57MM ATE PQ"
                },
                {
                    "id": "P2497S",
                    "name": "CALIPER KIT FRNT 60MM ATE PQ"
                },
                {
                    "id": "P2564S",
                    "name": "CALIPER KIT FRNT 60MM ATE PQ"
                },
                {
                    "id": "1610-1",
                    "name": "A/RATTLE CLIP REAR [12MM DISC] BHCS"
                },
                {
                    "id": "1606-1",
                    "name": "A/RATTLE CLIP REAR [22MM DISC] BHCS"
                },
                {
                    "id": "1339X",
                    "name": "CALIPER GUIDE BOLT [22MM DISC] BHCS"
                },
                {
                    "id": "SED7084C",
                    "name": "CAL GUIDE BOLT REAR CPD"
                },
                {
                    "id": "P2304S",
                    "name": "CALIPER KIT REAR 38MM ATE PQ"
                },
                {
                    "id": "P2535S",
                    "name": "CALIPER KIT REAR 38MM ATE PQ"
                },
                {
                    "id": "113-0008X",
                    "name": "BRAKE CALIPER GUIDE SLEEVE KIT QB"
                },
                {
                    "id": "113-1306X",
                    "name": "BRAKE CALIPER GUIDE SLEEVE KIT QB"
                },
                {
                    "id": "113-1339X",
                    "name": "BRAKE CALIPER GUIDE SLEEVE KIT QB"
                }
            ]
        },
        {
            "id": "3",
            "category": "SUSPENSION COMPONENTS [FRONT]",
            "category_parts": [
                {
                    "id": "",
                    "name": ""
                },
                {
                    "id": "E2070",
                    "name": "SHOCK FRNT MONROE [STD + 4WD]"
                },
                {
                    "id": "341822",
                    "name": "SHOCK FRNT KYB STD + 4WD"
                },
                {
                    "id": "VKDA35126",
                    "name": "TOP MOUNT FRNT SHOCK [SINGLE] FRNT SKF"
                },
                {
                    "id": "VKDA35126T",
                    "name": "TOP MOUNT FRNT SHOCK [TWIN PACK] FRNT SKF"
                },
                {
                    "id": "AR9575",
                    "name": "STRUT MOUNTING FRNT PQ"
                },
                {
                    "id": "AU2821",
                    "name": "MOUNTING SHOCK REAR L/R TEKNOSA"
                },
                {
                    "id": "FEB32636",
                    "name": "STRUT MOUNTING FRNT FEBI"
                },
                {
                    "id": "VKDP43136T",
                    "name": "DUST COVER KIT REAR SKF"
                },
                {
                    "id": "VKDP43138T",
                    "name": "DUST COVER KIT REAR SKF"
                },
                {
                    "id": "13814AP",
                    "name": "CONTROL ARM UPPER LHS A-PLUS"
                },
                {
                    "id": "13815AP",
                    "name": "CONTROL ARM UPPER LHS A-PLUS"
                },
                {
                    "id": "13819AP",
                    "name": "CONTROL ARM UPPER RHS A-PLUS"
                },
                {
                    "id": "13820AP",
                    "name": "CONTROL ARM UPPER RHS A-PLUS"
                },
                {
                    "id": "AU2055",
                    "name": "CONTROL ARM LOWER FRNT L/R TEKNOSA"
                },
                {
                    "id": "AU2056",
                    "name": "CONTROL ARM LOWER FRNT LHS TEKNOSA"
                },
                {
                    "id": "AU2057",
                    "name": "CONTROL ARM LOWER FRNT RHS TEKNOSA"
                },
                {
                    "id": "AU1719",
                    "name": "CONTROL ARM UPPER F/R LHS TEKNOSA"
                },
                {
                    "id": "AU1720",
                    "name": "CONTROL ARM UPPER F/R RHS TEKNOSA"
                },
                {
                    "id": "AU1721",
                    "name": "CONTROL ARM UPPER FRNT LHS TEKNOSA"
                },
                {
                    "id": "AU1722",
                    "name": "CONTROL ARM UPPER FRNT RHS TEKNOSA"
                },
                {
                    "id": "16389AP",
                    "name": "CONTROL ARM LOWER L/R A-PLUS"
                },
                {
                    "id": "16390AP",
                    "name": "CONTROL ARM LOWER LHS A-PLUS"
                },
                {
                    "id": "16391AP",
                    "name": "CONTROL ARM LOWER RHS A-PLUS"
                },
                {
                    "id": "VKDS341025",
                    "name": "STABILIZER LINK L* H* ID* OD* SKF"
                },
                {
                    "id": "VKDS441012",
                    "name": "STABILIZER LINK L100 H* ID* OD* SKF"
                },
                {
                    "id": "AU2612",
                    "name": "LATERAL LINK REAR L/R TEKNOSA"
                },
                {
                    "id": "AU2613",
                    "name": "LATERAL LINK REAR L/R TEKNOSA"
                },
                {
                    "id": "VKDS321080B",
                    "name": "CONTROL ARM L* SKF"
                },
                {
                    "id": "VKDS321081B",
                    "name": "CONTROL ARM L* SKF"
                },
                {
                    "id": "VKDS321082B",
                    "name": "CONTROL ARM L* SKF"
                },
                {
                    "id": "VKDS321083B",
                    "name": "CONTROL ARM L* SKF"
                },
                {
                    "id": "VKDS321084B",
                    "name": "CONTROL ARM L* SKF"
                },
                {
                    "id": "VKDS321502B",
                    "name": "CONTROL ARM L401.8 SKF"
                },
                {
                    "id": "VKDS321503B",
                    "name": "CONTROL ARM L401.8 SKF"
                },
                {
                    "id": "VKDS321078B",
                    "name": "CONTROL ARM UPPER + BJOINT [F] [L] SKF"
                },
                {
                    "id": "VKDS321079B",
                    "name": "CONTROL ARM UPPER + BJOINT [F] [R] SKF"
                },
                {
                    "id": "VKDS331028",
                    "name": "C/ARM BUSH L45 H43.8 ID12.1 OD43.8 SKF"
                },
                {
                    "id": "AR7148",
                    "name": "C/ARM BUSH F/SUSP LOWER INNER PQ"
                },
                {
                    "id": "AR7155",
                    "name": "C/ARM BUSH F/SUSP LOWER INNER PQ"
                },
                {
                    "id": "AR7149",
                    "name": "C/ARM BUSH F/SUSP LOWER OUTER PQ"
                },
                {
                    "id": "AR7148TUBE",
                    "name": "CONTROL ARM BUSH SLEEVE ONLY"
                },
                {
                    "id": "AU2123",
                    "name": "BUSH CONT ARM LOW FRNT L/R TEKNOSA"
                },
                {
                    "id": "AU2125",
                    "name": "BUSH CONT ARM LOW FRNT L/R TEKNOSA"
                },
                {
                    "id": "AU2130",
                    "name": "BUSH CONT ARM LOW FRNT L/R TEKNOSA"
                },
                {
                    "id": "AU1810",
                    "name": "BUSH CONT ARM UP FRNT L/R TEKNOSA"
                },
                {
                    "id": "AU1811",
                    "name": "BUSH CONT ARM UP FRNT L/R TEKNOSA"
                },
                {
                    "id": "VKDS351027",
                    "name": "STAB BAR BUSH L53.2 H50.4 ID29.2 OD* SKF"
                },
                {
                    "id": "AR7163",
                    "name": "SUBFRAME BUSH FRNT LHS \u0026 RHS PQ"
                }
            ]
        },
        {
            "id": "4",
            "category": "SUSPENSION COMPONENTS [REAR]",
            "category_parts": [
                {
                    "id": "",
                    "name": ""
                },
                {
                    "id": "VKDP43136T",
                    "name": "DUST COVER KIT REAR SKF"
                },
                {
                    "id": "VKDP43138T",
                    "name": "DUST COVER KIT REAR SKF"
                },
                {
                    "id": "E7805",
                    "name": "SHOCK REAR MONROE [-AIR SUSP]"
                },
                {
                    "id": "344806",
                    "name": "SHOCK REAR KYB -AIR SUSP"
                },
                {
                    "id": "VKDA40130",
                    "name": "TOP MOUNT REAR SHOCK [SINGLE] SKF"
                },
                {
                    "id": "VKDA40130T",
                    "name": "TOP MOUNT REAR SHOCK [TWIN PACK] SKF"
                },
                {
                    "id": "FEB32164",
                    "name": "STRUT MOUNTING REAR FEBI"
                },
                {
                    "id": "AR7164",
                    "name": "SUBFRAME MTG REAR S/FRAME LHS PQ"
                },
                {
                    "id": "AR7165",
                    "name": "SUBFRAME MTG REAR S/FRAME RHS"
                },
                {
                    "id": "VKDS331028",
                    "name": "C/ARM BUSH L45 H43.8 ID12.1 OD43.8 SKF"
                },
                {
                    "id": "17384AP",
                    "name": "C/ARM BUSH LOWER L/R A-PLUS"
                },
                {
                    "id": "17416AP",
                    "name": "C/ARM BUSH LOWER L/R A-PLUS"
                },
                {
                    "id": "17417AP",
                    "name": "C/ARM BUSH LOWER L/R A-PLUS [ID:12|OD:65"
                },
                {
                    "id": "14262AP",
                    "name": "C/ARM BUSH UPPER L/R A-PLUS"
                },
                {
                    "id": "17418AP",
                    "name": "C/ARM BUSH UPPER L/R A-PLUS"
                },
                {
                    "id": "AU2123",
                    "name": "BUSH CONT ARM LOW FRNT L/R TEKNOSA"
                },
                {
                    "id": "AU2125",
                    "name": "BUSH CONT ARM LOW FRNT L/R TEKNOSA"
                },
                {
                    "id": "AU2130",
                    "name": "BUSH CONT ARM LOW FRNT L/R TEKNOSA"
                },
                {
                    "id": "AU1810",
                    "name": "BUSH CONT ARM UP FRNT L/R TEKNOSA"
                },
                {
                    "id": "AU1811",
                    "name": "BUSH CONT ARM UP FRNT L/R TEKNOSA"
                },
                {
                    "id": "VKDS351027",
                    "name": "STAB BAR BUSH L53.2 H50.4 ID29.2 OD* SKF"
                },
                {
                    "id": "AR7150",
                    "name": "AXLE BEAM BUSH REAR AXLE"
                },
                {
                    "id": "AR7265",
                    "name": "CARRIER BUSH REAR PQ"
                },
                {
                    "id": "AR7152",
                    "name": "PANHARD ROD BUSH REAR SUSP"
                },
                {
                    "id": "AU2612",
                    "name": "LATERAL LINK REAR L/R TEKNOSA"
                },
                {
                    "id": "AU2613",
                    "name": "LATERAL LINK REAR L/R TEKNOSA"
                },
                {
                    "id": "VKDS341025",
                    "name": "STABILIZER LINK L* H* ID* OD* SKF"
                },
                {
                    "id": "VKDS441012",
                    "name": "STABILIZER LINK L100 H* ID* OD* SKF"
                },
                {
                    "id": "16649AP",
                    "name": "LATERAL LINK L/R A-PLUS L100"
                },
                {
                    "id": "20452AP",
                    "name": "LATERAL LINK L/R A-PLUS L375"
                },
                {
                    "id": "18253AP",
                    "name": "STABILIZER LINK L/R A-PLUS L100"
                },
                {
                    "id": "19713AP",
                    "name": "STABILIZER LINK L/R A-PLUS L110"
                },
                {
                    "id": "14112AP",
                    "name": "STABILIZER LINK L/R A-PLUS L57"
                },
                {
                    "id": "AU1532",
                    "name": "STABILIZER LINK FRNT L/R L110 TEKNOSA"
                },
                {
                    "id": "AU1533",
                    "name": "STABILIZER LINK REAR L/R L100 TEKNOSA"
                },
                {
                    "id": "AU1531",
                    "name": "STABILIZER LINK REAR L/R L57 TEKNOSA"
                },
                {
                    "id": "VKDS321080B",
                    "name": "CONTROL ARM L* SKF"
                },
                {
                    "id": "VKDS321081B",
                    "name": "CONTROL ARM L* SKF"
                },
                {
                    "id": "VKDS321082B",
                    "name": "CONTROL ARM L* SKF"
                },
                {
                    "id": "VKDS321083B",
                    "name": "CONTROL ARM L* SKF"
                },
                {
                    "id": "VKDS321084B",
                    "name": "CONTROL ARM L* SKF"
                },
                {
                    "id": "VKDS321502B",
                    "name": "CONTROL ARM L401.8 SKF"
                },
                {
                    "id": "VKDS321503B",
                    "name": "CONTROL ARM L401.8 SKF"
                },
                {
                    "id": "VKDS321078B",
                    "name": "CONTROL ARM UPPER + BJOINT [F] [L] SKF"
                },
                {
                    "id": "VKDS321079B",
                    "name": "CONTROL ARM UPPER + BJOINT [F] [R] SKF"
                }
            ]
        },
        {
            "id": "5",
            "category": "COOLING SYSTEM",
            "category_parts": [
                {
                    "id": "",
                    "name": ""
                },
                {
                    "id": "01705",
                    "name": "RADIATOR CAP OSSCA/ATS"
                },
                {
                    "id": "TP1-20",
                    "name": "RADIATOR CAP [58MM OD THREAD] RAM"
                },
                {
                    "id": "TP1-20M",
                    "name": "RADIATOR CAP MP"
                },
                {
                    "id": "FEB40723",
                    "name": "RADIATOR CAP FEBI"
                },
                {
                    "id": "FEB02111",
                    "name": "RADIATOR CAP [58MM OD THREAD] FEBI"
                },
                {
                    "id": "6994",
                    "name": "THERMOSTAT [87C] ECHLIN"
                },
                {
                    "id": "VKPC81310",
                    "name": "WATER PUMP SKF"
                },
                {
                    "id": "WP18715",
                    "name": "WATER PUMP AIRTEX"
                },
                {
                    "id": "W18005",
                    "name": "WATER PUMP AZ"
                },
                {
                    "id": "QCP1290",
                    "name": "WATER PUMP ECHLIN"
                },
                {
                    "id": "A-213",
                    "name": "WATER PUMP DOLZ"
                },
                {
                    "id": "VKM31041",
                    "name": "TENSIONER V-BELT PULLEY [OD:64 W:23] SKF"
                },
                {
                    "id": "VKM31301",
                    "name": "TENSIONER V-BELT PULLEY [OD:65 W:26] SKF"
                },
                {
                    "id": "VKM31303",
                    "name": "TENSIONER V-BELT PULLEY [OD:65 W:26] SKF"
                },
                {
                    "id": "VKM31300",
                    "name": "TENSIONER V-BELT PULLEY [OD:75 W:26] SKF"
                },
                {
                    "id": "DCP02037",
                    "name": "COMPRESSOR / AIR CONDITIONER DENSO"
                }
            ]
        },
        {
            "id": "6",
            "category": "CLUTCH COMPONENTS",
            "category_parts": [
                {
                    "id": "",
                    "name": ""
                },
                {
                    "id": "CM190.9009",
                    "name": "CLUTCH M/CYL PQ"
                },
                {
                    "id": "SEA8515E",
                    "name": "CLUTCH M/CYL KIT 19.05 MM CPD"
                },
                {
                    "id": "SEA8599E",
                    "name": "CLUTCH M/CYL KIT 19.05 MM CPD"
                },
                {
                    "id": "CMK190.8515",
                    "name": "CLUTCH M/CYL KIT 19.05MM PQ"
                },
                {
                    "id": "P8515X",
                    "name": "CLUTCH M/CYL KIT 19.05MM PQ"
                },
                {
                    "id": "P8599X",
                    "name": "CLUTCH M/CYL KIT PQ"
                },
                {
                    "id": "31.222.0061",
                    "name": "CLUTCH S/CYL HYDRADRIVE 22.22MM"
                },
                {
                    "id": "S2220061",
                    "name": "CLUTCH S/CYL BETTABRAKE 22.22MM"
                },
                {
                    "id": "CS222.9004",
                    "name": "CLUTCH S/CYL PQ"
                },
                {
                    "id": "CS222.9006",
                    "name": "CLUTCH S/CYL PQ"
                },
                {
                    "id": "P2341S",
                    "name": "CLUTCH S/CYL KIT 22.22MM FAG PQ"
                },
                {
                    "id": "P2573S",
                    "name": "CLUTCH S/CYL KIT 22.22MM SACHS PQ"
                },
                {
                    "id": "SEA2341E",
                    "name": "CLUTCH S/CYL KIT 22.22 MM CPD"
                },
                {
                    "id": "SEA2573E",
                    "name": "CLUTCH S/CYL KIT 22.22 MM CPD"
                },
                {
                    "id": "3000951848",
                    "name": "CLUTCH KIT SACHS"
                }
            ]
        },
        {
            "id": "8",
            "category": "DRIVESHAFT COMPONENTS",
            "category_parts": [
                {
                    "id": "",
                    "name": ""
                },
                {
                    "id": "AD3001",
                    "name": "CV JOINT OUTER FRNT L/R 38X27X59.5XM TEKNOSA"
                },
                {
                    "id": "AD3001A",
                    "name": "CV JOINT OUTER FRNT L/R 38X27X59.5XMX45W TEKNOSA"
                },
                {
                    "id": "VKJP01001",
                    "name": "CV BOOT KIT OUTER SKF"
                },
                {
                    "id": "VKJP01001S",
                    "name": "CV BOOT KIT OUTER SKF"
                },
                {
                    "id": "VKJP1488",
                    "name": "CV BOOT KIT OUTER SKF"
                },
                {
                    "id": "VKJP3152",
                    "name": "CV BOOT KIT OUTER SKF"
                },
                {
                    "id": "VKJP01021",
                    "name": "DRIVESHAFT KIT SKF"
                },
                {
                    "id": "CV120K",
                    "name": "CV BOOT KIT OUTER"
                },
                {
                    "id": "VKJP8325",
                    "name": "CV BOOT KIT INNER SKF"
                },
                {
                    "id": "CV308K",
                    "name": "CV BOOT KIT INNER [AUTO]"
                }
            ]
        },
        {
            "id": "9",
            "category": "FUEL SYSTEM",
            "category_parts": [
                {
                    "id": "",
                    "name": ""
                },
                {
                    "id": "MP18",
                    "name": "FUEL FILTER GUD"
                },
                {
                    "id": "MP18FRAM",
                    "name": "FUEL FILTER FRAM"
                },
                {
                    "id": "P11036",
                    "name": "FUEL FILTER FRAM [DIESEL]"
                },
                {
                    "id": "0450906459",
                    "name": "FUEL FILTER BOSCH"
                },
                {
                    "id": "WF8382",
                    "name": "FUEL FILTER WIX"
                },
                {
                    "id": "0445115051",
                    "name": "INJECTORS BOSCH"
                },
                {
                    "id": "1005C",
                    "name": "FUEL TANK CAP [+LOCKING] ECHLIN"
                },
                {
                    "id": "501D",
                    "name": "FUEL TANK CAP [+LOCKING] ECHLIN"
                },
                {
                    "id": "819D",
                    "name": "FUEL TANK CAP [-LOCKING] ECHLIN"
                }
            ]
        },
        {
            "id": "10",
            "category": "TIMING COMPONENTS",
            "category_parts": [
                {
                    "id": "",
                    "name": ""
                },
                {
                    "id": "VKMA01332",
                    "name": "T/BELT KIT [AUD083] SKF"
                },
                {
                    "id": "1987948274",
                    "name": "INJECTION BELT KIT [AUD083] BOSCH"
                },
                {
                    "id": "1987946246",
                    "name": "T/BELT KIT BOSCH"
                },
                {
                    "id": "1987947990",
                    "name": "T/BELT KIT BOSCH"
                },
                {
                    "id": "K015614XS",
                    "name": "TIM BELT KIT GATES [AUD083]"
                },
                {
                    "id": "AUD083-24-FSD",
                    "name": "INJECTION PUMP BELT [083X24MM] AUTOBAX"
                },
                {
                    "id": "VKMV6PK2460",
                    "name": "MULTI-GROOVE BELT SKF"
                },
                {
                    "id": "VKMV6PK2490",
                    "name": "MULTI-GROOVE BELT SKF"
                },
                {
                    "id": "G1591H",
                    "name": "TIM BELT [083X24MM] RAM"
                },
                {
                    "id": "QTB714",
                    "name": "INJECTION PUMP BELT [083X24MM] ECHLIN"
                },
                {
                    "id": "94973",
                    "name": "TIM BELT [083X24MM] DAYCO"
                },
                {
                    "id": "VKM31041",
                    "name": "TENSIONER V-BELT PULLEY [OD:64 W:23] SKF"
                },
                {
                    "id": "VKM31301",
                    "name": "TENSIONER V-BELT PULLEY [OD:65 W:26] SKF"
                },
                {
                    "id": "VKM31303",
                    "name": "TENSIONER V-BELT PULLEY [OD:65 W:26] SKF"
                },
                {
                    "id": "VKM31300",
                    "name": "TENSIONER V-BELT PULLEY [OD:75 W:26] SKF"
                },
                {
                    "id": "BT-AUD07",
                    "name": "T/BELT TENSIONER [67X32] AUTOBAX"
                },
                {
                    "id": "T39043",
                    "name": "T/BELT TENSIONER GATES"
                },
                {
                    "id": "531077610",
                    "name": "INJECTION PUMP PULLEY [67X32] LUK"
                },
                {
                    "id": "VKM11332",
                    "name": "T/BELT TENSIONER [D:67 W:32] SKF"
                }
            ]
        },
        {
            "id": "11",
            "category": "CYLINDER HEAD COMPONENTS",
            "category_parts": [
                {
                    "id": "",
                    "name": ""
                },
                {
                    "id": "CG8880",
                    "name": "HEAD GASKET SET [-HEAD GSK]"
                },
                {
                    "id": "AG8860",
                    "name": "CYL 1-3 HEAD GSK 2-HOLE 1.15MM"
                },
                {
                    "id": "AG8890",
                    "name": "CYL 1-3 HEAD GSK 3-HOLE 1.2MM"
                },
                {
                    "id": "AG8900",
                    "name": "CYL 4-6 HEAD GSK 1-HOLE 1.1MM"
                },
                {
                    "id": "AG8870",
                    "name": "CYL 4-6 HEAD GSK 2-HOLE 1.15MM"
                },
                {
                    "id": "AG8910",
                    "name": "CYL 4-6 HEAD GSK 3-HOLE 1.2MM"
                },
                {
                    "id": "AG8880",
                    "name": "CYL HEAD GASKET PAYEN 1-3 1-HOLE 1.1MM"
                },
                {
                    "id": "HR5062",
                    "name": "VALVE STEM SEAL SET"
                },
                {
                    "id": "324710",
                    "name": "CAMSHAFT OIL SEAL"
                },
                {
                    "id": "NB446",
                    "name": "CAMSHAFT OIL SEAL [324710]"
                },
                {
                    "id": "14-32196-01",
                    "name": "CYL HEAD BOLT SET REINZ"
                },
                {
                    "id": "OFC-80",
                    "name": "OIL FILLER CAP ECHLIN"
                },
                {
                    "id": "04106",
                    "name": "OIL FILLER CAP OSSCA/ATS"
                },
                {
                    "id": "FEB32155",
                    "name": "OIL FILLER CAP FEBI"
                }
            ]
        },
        {
            "id": "12",
            "category": "ENGINE SUB ASSEMBLY",
            "category_parts": [
                {
                    "id": "",
                    "name": ""
                },
                {
                    "id": "RP83733",
                    "name": "PISTON SET AE 83MM"
                },
                {
                    "id": "RR83714",
                    "name": "RINGSET FED 83MM 2/2/3MM"
                },
                {
                    "id": "B6154",
                    "name": "CONROD BEARING SET AE"
                },
                {
                    "id": "M4154",
                    "name": "MAIN BEARING SET AE"
                },
                {
                    "id": "SEALANT",
                    "name": "OIL PAN GASKET PAYEN"
                },
                {
                    "id": "W4997",
                    "name": "THRUST WASHER SET KING"
                },
                {
                    "id": "324710",
                    "name": "CAMSHAFT OIL SEAL"
                },
                {
                    "id": "NB446",
                    "name": "CAMSHAFT OIL SEAL [324710]"
                }
            ]
        },
        {
            "id": "13",
            "category": "MOUNTINGS ",
            "category_parts": [
                {
                    "id": "",
                    "name": ""
                },
                {
                    "id": "AR8019",
                    "name": "ENGINE MOUNTING FRNT BUFFER PQ"
                },
                {
                    "id": "AR8998",
                    "name": "ENGINE MOUNTING LHS PQ"
                },
                {
                    "id": "AR7156",
                    "name": "ENGINE MOUNTING RHS PQ"
                },
                {
                    "id": "FEB07145",
                    "name": "ENGINE MOUNTING LHS"
                },
                {
                    "id": "FEB07147",
                    "name": "ENGINE MOUNTING RHS"
                },
                {
                    "id": "SB-8178",
                    "name": "MOUNTING GEARBOX F/R L/R TEKNOSA"
                },
                {
                    "id": "AR9575",
                    "name": "STRUT MOUNTING FRNT PQ"
                },
                {
                    "id": "FEB32636",
                    "name": "STRUT MOUNTING FRNT FEBI"
                },
                {
                    "id": "AU2821",
                    "name": "MOUNTING SHOCK REAR L/R TEKNOSA"
                },
                {
                    "id": "FEB32164",
                    "name": "STRUT MOUNTING REAR FEBI"
                }
            ]
        },
        {
            "id": "15",
            "category": "ALTERNATOR COMPONENTS",
            "category_parts": [
                {
                    "id": "",
                    "name": ""
                },
                {
                    "id": "VKM31041",
                    "name": "TENSIONER V-BELT PULLEY [OD:64 W:23] SKF"
                },
                {
                    "id": "VKM31301",
                    "name": "TENSIONER V-BELT PULLEY [OD:65 W:26] SKF"
                },
                {
                    "id": "VKM31303",
                    "name": "TENSIONER V-BELT PULLEY [OD:65 W:26] SKF"
                },
                {
                    "id": "VKM31300",
                    "name": "TENSIONER V-BELT PULLEY [OD:75 W:26] SKF"
                }
            ]
        },
        {
            "id": "16",
            "category": "BODY PARTS FRONT AND REAR",
            "category_parts": [
                {
                    "id": "",
                    "name": ""
                },
                {
                    "id": "G66240",
                    "name": "BULB H/LIGHT LOW BEAM [XENON]"
                },
                {
                    "id": "G64210",
                    "name": "BULB HEADLIGHT LOW BEAM"
                },
                {
                    "id": "G66240",
                    "name": "BULB H/LIGHT HIGH BEAM [XENON]"
                },
                {
                    "id": "G64150",
                    "name": "BULB HEADLIGHT HIGH BEAM"
                },
                {
                    "id": "G2825",
                    "name": "BULB PARK LIGHT FRNT"
                },
                {
                    "id": "G7507",
                    "name": "BULB FLASHER FRNT"
                },
                {
                    "id": "G64210",
                    "name": "BULB FOG LIGHT FRNT"
                },
                {
                    "id": "G2827",
                    "name": "BULB SIDE MARKER"
                },
                {
                    "id": "G7506",
                    "name": "BULB TAILIGHT"
                },
                {
                    "id": "G7506",
                    "name": "BULB STOPLIGHT"
                },
                {
                    "id": "G7506",
                    "name": "BULB REVERSE LIGHT"
                },
                {
                    "id": "G7507",
                    "name": "BULB FLASHER REAR"
                },
                {
                    "id": "G64136",
                    "name": "BULB FOG LIGHT REAR"
                },
                {
                    "id": "G6418",
                    "name": "BULB LICENSE PLATE"
                },
                {
                    "id": "LED",
                    "name": "BULB HI-MOUNT STOPLIGHT"
                },
                {
                    "id": "SL242",
                    "name": "STOP LIGHT SWITCH"
                },
                {
                    "id": "FEB31636",
                    "name": "GASLIFT BONNET FEBI"
                }
            ]
        },
        {
            "id": "17",
            "category": "SWITCHES \u0026 ACCESSORIES",
            "category_parts": [
                {
                    "id": "",
                    "name": ""
                },
                {
                    "id": "S658",
                    "name": "BATTERY SABAT"
                },
                {
                    "id": "F658",
                    "name": "BATTERY EXIDE/MIDAS"
                },
                {
                    "id": "W658",
                    "name": "BATTERY WILLARD"
                },
                {
                    "id": "WB9017",
                    "name": "WIPER BLADE KIT FRNT"
                },
                {
                    "id": "3397009017",
                    "name": "WIPER BLADE KIT FRNT BOSCH"
                },
                {
                    "id": "3397004772",
                    "name": "WIPER BLADE REAR BOSCH"
                },
                {
                    "id": "3397011551",
                    "name": "WIPER BLADE REAR BOSCH"
                },
                {
                    "id": "OPS24",
                    "name": "OIL PRESSURE SWITCH [GREY] ATS"
                },
                {
                    "id": "OP6649",
                    "name": "OIL PRESSURE SWITCH [1-PIN] ECHLIN"
                },
                {
                    "id": "OP6638",
                    "name": "OIL PRESSURE SWITCH [GREY] ECHLIN"
                },
                {
                    "id": "OP6638M",
                    "name": "OIL PRESSURE SWITCH [GREY] MP"
                },
                {
                    "id": "TS6136",
                    "name": "TEMP SENDER UNIT [P/FIT 2-PIN] ECHLIN"
                },
                {
                    "id": "FEB29318",
                    "name": "TEMP SENDER UNIT [P/FIT 2-PIN] FEBI"
                },
                {
                    "id": "TS4092",
                    "name": "TEMP SENDER UNIT [P/FIT 2-PIN] HELLA"
                },
                {
                    "id": "RS194",
                    "name": "REV LIGHT SWITCH [M12] ECHLIN"
                },
                {
                    "id": "RS191",
                    "name": "REV LIGHT SWITCH [M14] ECHLIN"
                },
                {
                    "id": "SL242",
                    "name": "STOP LIGHT SWITCH"
                }
            ]
        },
        {
            "id": "18",
            "category": "GASKETS ",
            "category_parts": [
                {
                    "id": "",
                    "name": ""
                },
                {
                    "id": "CG8880",
                    "name": "HEAD GASKET SET [-HEAD GSK]"
                },
                {
                    "id": "AG8860",
                    "name": "CYL 1-3 HEAD GSK 2-HOLE 1.15MM"
                },
                {
                    "id": "AG8890",
                    "name": "CYL 1-3 HEAD GSK 3-HOLE 1.2MM"
                },
                {
                    "id": "AG8900",
                    "name": "CYL 4-6 HEAD GSK 1-HOLE 1.1MM"
                },
                {
                    "id": "AG8870",
                    "name": "CYL 4-6 HEAD GSK 2-HOLE 1.15MM"
                },
                {
                    "id": "AG8910",
                    "name": "CYL 4-6 HEAD GSK 3-HOLE 1.2MM"
                },
                {
                    "id": "AG8880",
                    "name": "CYL HEAD GASKET PAYEN 1-3 1-HOLE 1.1MM"
                },
                {
                    "id": "SEALANT",
                    "name": "OIL PAN GASKET PAYEN"
                }
            ]
        },
        {
            "id": "20",
            "category": "SEALS ",
            "category_parts": [
                {
                    "id": "",
                    "name": ""
                },
                {
                    "id": "324710",
                    "name": "CAMSHAFT OIL SEAL"
                },
                {
                    "id": "NB446",
                    "name": "CAMSHAFT OIL SEAL [324710]"
                },
                {
                    "id": "HR5062",
                    "name": "VALVE STEM SEAL SET"
                }
            ]
        },
        {
            "id": "23",
            "category": "LUBRICANTS",
            "category_parts": [
                {
                    "id": "",
                    "name": ""
                },
                {
                    "id": "550040242",
                    "name": "ENGINE OIL SHELL HELIX HX5 DIESEL 15W40 5L"
                }
            ]
        },
        {
            "id": "24",
            "category": "WHEEL BEARINGS",
            "category_parts": [
                {
                    "id": "",
                    "name": ""
                },
                {
                    "id": "VKBA6546",
                    "name": "WHEEL BRG KIT FRNT SKF"
                },
                {
                    "id": "VKBA6546",
                    "name": "WHEEL BRG KIT REAR SKF"
                }
            ]
        },
        {
            "id": "26",
            "category": "STEERING",
            "category_parts": [
                {
                    "id": "",
                    "name": ""
                },
                {
                    "id": "SR113",
                    "name": "STEERING RACK BOOT"
                },
                {
                    "id": "SR80",
                    "name": "STEERING RACK BOOT"
                },
                {
                    "id": "16755AP",
                    "name": "STEERING RACK END L/R A-PLUS L141"
                },
                {
                    "id": "AU1418",
                    "name": "RACK END FRNT L/R L141 TEKNOSA"
                },
                {
                    "id": "VKDY321011",
                    "name": "STEERING RACK END L* SKF"
                },
                {
                    "id": "VKDY311026",
                    "name": "TIE ROD END L* SKF"
                },
                {
                    "id": "16044AP",
                    "name": "TIE ROD END OUTER L/R A-PLUS"
                },
                {
                    "id": "AU1027",
                    "name": "TIE ROD END OUTER FRNT L/R TEKNOSA"
                },
                {
                    "id": "AU1320",
                    "name": "TIE ROD END SET OUTER FRNT L/R TEKNOSA"
                }
            ]
        },
        {
            "id": "27",
            "category": "BEARINGS",
            "category_parts": [
                {
                    "id": "",
                    "name": ""
                },
                {
                    "id": "VKBA6546",
                    "name": "WHEEL BRG KIT FRNT SKF"
                },
                {
                    "id": "VKBA6546",
                    "name": "WHEEL BRG KIT REAR SKF"
                },
                {
                    "id": "VKDS321080B",
                    "name": "CONTROL ARM L* SKF"
                },
                {
                    "id": "VKDS321081B",
                    "name": "CONTROL ARM L* SKF"
                },
                {
                    "id": "VKDS321082B",
                    "name": "CONTROL ARM L* SKF"
                },
                {
                    "id": "VKDS321083B",
                    "name": "CONTROL ARM L* SKF"
                },
                {
                    "id": "VKDS321084B",
                    "name": "CONTROL ARM L* SKF"
                },
                {
                    "id": "VKDS321502B",
                    "name": "CONTROL ARM L401.8 SKF"
                },
                {
                    "id": "VKDS321503B",
                    "name": "CONTROL ARM L401.8 SKF"
                },
                {
                    "id": "VKDS321078B",
                    "name": "CONTROL ARM UPPER + BJOINT [F] [L] SKF"
                },
                {
                    "id": "VKDS321079B",
                    "name": "CONTROL ARM UPPER + BJOINT [F] [R] SKF"
                }
            ]
        },
        {
            "id": "28",
            "category": "AIR CONDITIONING",
            "category_parts": [
                {
                    "id": "",
                    "name": ""
                },
                {
                    "id": "DCP02037",
                    "name": "COMPRESSOR / AIR CONDITIONER DENSO"
                }
            ]
        },
        {
            "id": "28",
            "category": "AIR CONDITIONING",
            "category_parts": [
                {
                    "id": "",
                    "name": ""
                },
                {
                    "id": "DCP02037",
                    "name": "COMPRESSOR / AIR CONDITIONER DENSO"
                }
            ]
        }
    ]
}
