{
    "id": "274",
    "parts": [
        {
            "id": "1",
            "category": "SERVICE PARTS",
            "category_parts": [
                {
                    "id": "",
                    "name": ""
                },
                {
                    "id": "M75",
                    "name": "OIL FILTER GUD CARTRIDGE METAL FREE H155 OD65 IDT31 IDB31"
                },
                {
                    "id": "CH10160ECO",
                    "name": "OIL FILTER FRAM"
                },
                {
                    "id": "38405",
                    "name": "OIL FILTER H155MM ID31.5MM OD65MM FEBI"
                },
                {
                    "id": "ADV182103",
                    "name": "OIL FILTER H155MM ID31.5MM OD65MM BLUEPR"
                },
                {
                    "id": "WL7505",
                    "name": "OIL FILTER WIX"
                },
                {
                    "id": "AG1375",
                    "name": "AIR FILTER GUD METAL FREE ID102 OD165 H193"
                },
                {
                    "id": "CA10216",
                    "name": "AIR FILTER FRAM"
                },
                {
                    "id": "F026400198",
                    "name": "AIR FILTER BOSCH"
                },
                {
                    "id": "WA9548",
                    "name": "AIR FILTER WIX"
                },
                {
                    "id": "E146",
                    "name": "FUEL FILTER GUD"
                },
                {
                    "id": "G10215",
                    "name": "FUEL FILTER FRAM"
                },
                {
                    "id": "CFF100479",
                    "name": "FUEL FILTER CHAMPION"
                },
                {
                    "id": "F026403012",
                    "name": "FUEL FILTER BOSCH"
                },
                {
                    "id": "WF8325",
                    "name": "FUEL FILTER WIX"
                },
                {
                    "id": "PFR8S8EG",
                    "name": "SPARK PLUG NGK"
                },
                {
                    "id": "0242245576",
                    "name": "SPARK PLUG BOSCH"
                },
                {
                    "id": "FR5KPP332S",
                    "name": "SPARK PLUG BOSCH PLAT/IRIDIUM"
                },
                {
                    "id": "AC176GUD",
                    "name": "CABIN AIR FILTER GUD H30 L307 W100"
                },
                {
                    "id": "CFA10209-2",
                    "name": "CABIN AIR FILTER FRAM [ANTI-ODOR]"
                },
                {
                    "id": "CCF0339",
                    "name": "CABIN AIR FILTER CHAMPION"
                },
                {
                    "id": "1987432122",
                    "name": "CABIN AIR FILTER BOSCH"
                },
                {
                    "id": "WP9188",
                    "name": "CABIN AIR FILTER WIX"
                },
                {
                    "id": "WP9189",
                    "name": "CABIN AIR FILTER WIX"
                },
                {
                    "id": "ATE1104",
                    "name": "DISC PAD FRNT ATE L156 H73 T19"
                },
                {
                    "id": "ATE1099",
                    "name": "DISC PAD FRNT ATE L156 H73 T20"
                },
                {
                    "id": "ATE1103",
                    "name": "DISC PAD FRNT ATE L156 H73 T20"
                },
                {
                    "id": "ATE864",
                    "name": "DISC PAD FRNT ATE L156 H74 T20"
                },
                {
                    "id": "FDB1629",
                    "name": "DISC PAD FRNT FERODO L155 H73 T20"
                },
                {
                    "id": "FDB4044",
                    "name": "DISC PAD FRNT FERODO L188 H73 T19"
                },
                {
                    "id": "0986494259",
                    "name": "DISC PAD FRNT BOSCH L188 H73 T18"
                },
                {
                    "id": "D3808",
                    "name": "DISC PAD FRNT SAFELINE L156 H73 T16"
                },
                {
                    "id": "D3849",
                    "name": "DISC PAD FRNT SAFELINE L188 H73 T19"
                },
                {
                    "id": "OPT3849",
                    "name": "DISC PAD FRNT L/R OPTIMA"
                },
                {
                    "id": "05P1239",
                    "name": "DISC PAD FRNT LPR L155 H73 T20"
                },
                {
                    "id": "05P1420A",
                    "name": "DISC PAD FRNT LPR L188 H74 T19"
                },
                {
                    "id": "ADB21789",
                    "name": "DISC PAD FRNT NIPPON L188 H74 T18"
                },
                {
                    "id": "ATE1102",
                    "name": "DISC PAD REAR ATE L116 H59 T18"
                },
                {
                    "id": "FDB1655",
                    "name": "DISC PAD REAR FERODO L116 H59 T18"
                },
                {
                    "id": "FDB4050",
                    "name": "DISC PAD REAR FERODO L116 H59 T18"
                },
                {
                    "id": "FDB4410",
                    "name": "DISC PAD REAR FERODO L116 H59 T18"
                },
                {
                    "id": "0986494254",
                    "name": "DISC PAD REAR BOSCH L116 H59 T17"
                },
                {
                    "id": "0986494446",
                    "name": "DISC PAD REAR BOSCH L117 H59 T17"
                },
                {
                    "id": "D3850",
                    "name": "DISC PAD REAR SAFELINE L116 H59 T17"
                },
                {
                    "id": "D3955",
                    "name": "DISC PAD REAR SAFELINE L116 H59 T17"
                },
                {
                    "id": "05P1398",
                    "name": "DISC PAD REAR LPR L116 H59 T18"
                },
                {
                    "id": "05P1489",
                    "name": "DISC PAD REAR LPR L116 H59 T18"
                },
                {
                    "id": "ADB01709",
                    "name": "DISC PAD REAR NIPPON L116 H59 T17"
                },
                {
                    "id": "ADB22121",
                    "name": "DISC PAD REAR NIPPON L117 H59 T17"
                },
                {
                    "id": "3433499",
                    "name": "ENGINE OIL CASTROL MAGNATEC 10W40 5L"
                },
                {
                    "id": "550053709",
                    "name": "ENGINE OIL SHELL HELIX HX7 10W40 5L"
                }
            ]
        },
        {
            "id": "2",
            "category": "BRAKES",
            "category_parts": [
                {
                    "id": "",
                    "name": ""
                },
                {
                    "id": "ATE1104",
                    "name": "DISC PAD FRNT ATE L156 H73 T19"
                },
                {
                    "id": "ATE1099",
                    "name": "DISC PAD FRNT ATE L156 H73 T20"
                },
                {
                    "id": "ATE1103",
                    "name": "DISC PAD FRNT ATE L156 H73 T20"
                },
                {
                    "id": "ATE864",
                    "name": "DISC PAD FRNT ATE L156 H74 T20"
                },
                {
                    "id": "FDB1629",
                    "name": "DISC PAD FRNT FERODO L155 H73 T20"
                },
                {
                    "id": "FDB4044",
                    "name": "DISC PAD FRNT FERODO L188 H73 T19"
                },
                {
                    "id": "0986494259",
                    "name": "DISC PAD FRNT BOSCH L188 H73 T18"
                },
                {
                    "id": "D3808",
                    "name": "DISC PAD FRNT SAFELINE L156 H73 T16"
                },
                {
                    "id": "D3849",
                    "name": "DISC PAD FRNT SAFELINE L188 H73 T19"
                },
                {
                    "id": "OPT3849",
                    "name": "DISC PAD FRNT L/R OPTIMA"
                },
                {
                    "id": "05P1239",
                    "name": "DISC PAD FRNT LPR L155 H73 T20"
                },
                {
                    "id": "05P1420A",
                    "name": "DISC PAD FRNT LPR L188 H74 T19"
                },
                {
                    "id": "ADB21789",
                    "name": "DISC PAD FRNT NIPPON L188 H74 T18"
                },
                {
                    "id": "ATE1102",
                    "name": "DISC PAD REAR ATE L116 H59 T18"
                },
                {
                    "id": "FDB1655",
                    "name": "DISC PAD REAR FERODO L116 H59 T18"
                },
                {
                    "id": "FDB4050",
                    "name": "DISC PAD REAR FERODO L116 H59 T18"
                },
                {
                    "id": "FDB4410",
                    "name": "DISC PAD REAR FERODO L116 H59 T18"
                },
                {
                    "id": "0986494254",
                    "name": "DISC PAD REAR BOSCH L116 H59 T17"
                },
                {
                    "id": "0986494446",
                    "name": "DISC PAD REAR BOSCH L117 H59 T17"
                },
                {
                    "id": "D3850",
                    "name": "DISC PAD REAR SAFELINE L116 H59 T17"
                },
                {
                    "id": "D3955",
                    "name": "DISC PAD REAR SAFELINE L116 H59 T17"
                },
                {
                    "id": "05P1398",
                    "name": "DISC PAD REAR LPR L116 H59 T18"
                },
                {
                    "id": "05P1489",
                    "name": "DISC PAD REAR LPR L116 H59 T18"
                },
                {
                    "id": "ADB01709",
                    "name": "DISC PAD REAR NIPPON L116 H59 T17"
                },
                {
                    "id": "ADB22121",
                    "name": "DISC PAD REAR NIPPON L117 H59 T17"
                },
                {
                    "id": "DR7042",
                    "name": "BRAKE DISC FV ALFA D347 H59 S68 [5]"
                },
                {
                    "id": "125.0149",
                    "name": "BRAKE DISC FV ATE D314 H60 S68 O135 [5]"
                },
                {
                    "id": "125-0149",
                    "name": "BRAKE DISC FV D314 H60 S68 5 ATE"
                },
                {
                    "id": "130-0175",
                    "name": "BRAKE DISC FV D321 H60 S68 5 ATE"
                },
                {
                    "id": "130-0176",
                    "name": "BRAKE DISC FV D347 H60 S68 5 ATE"
                },
                {
                    "id": "DDF1238",
                    "name": "BRAKE DISC FV FERODO D347 H59 S68 [5]"
                },
                {
                    "id": "DDF1238C",
                    "name": "BRAKE DISC FV FERODO D347 H59 S68 [5]"
                },
                {
                    "id": "DDF1238C-1",
                    "name": "BRAKE DISC FV FERODO D347 H59 S68 [5]"
                },
                {
                    "id": "DR7293",
                    "name": "BRAKE DISC RV ALFA D330 H42 S68 [5]"
                },
                {
                    "id": "DR7044",
                    "name": "BRAKE DISC RV ALFA D330 H49 S68 [5]"
                },
                {
                    "id": "122-0223",
                    "name": "BRAKE DISC REAR ATE [V] 330MM"
                },
                {
                    "id": "112-0159",
                    "name": "BRAKE DISC RS D302 H49 S68 5 ATE"
                },
                {
                    "id": "DDF1240",
                    "name": "BRAKE DISC RV FERODO D330 H49 S68 [5]"
                },
                {
                    "id": "DDF1240C",
                    "name": "BRAKE DISC RV FERODO D330 H49 S68 [5]"
                },
                {
                    "id": "30.254.0084",
                    "name": "BRAKE M/CYL HYDRADRIVE 25.40MM"
                },
                {
                    "id": "30.270.0008",
                    "name": "BRAKE M/CYL HYDRADRIVE 26.99MM"
                },
                {
                    "id": "M2540084",
                    "name": "BRAKE M/CYL BETTABRAKE 25.40MM"
                },
                {
                    "id": "M2700008",
                    "name": "BRAKE M/CYL BETTABRAKE 26.99MM"
                },
                {
                    "id": "0986481006",
                    "name": "BRAKE M/CYL BOSCH"
                },
                {
                    "id": "BM270.9016",
                    "name": "BRAKE M/CYL PQ"
                },
                {
                    "id": "BMK270.8600",
                    "name": "BRAKE M/CYL KIT PQ"
                },
                {
                    "id": "HB4110",
                    "name": "WHEEL HUB REAR L/R OD131 ID50 TEKNOSA"
                },
                {
                    "id": "113-0008X",
                    "name": "BRAKE CALIPER GUIDE SLEEVE KIT QB"
                },
                {
                    "id": "113-1306X",
                    "name": "BRAKE CALIPER GUIDE SLEEVE KIT QB"
                },
                {
                    "id": "113-1339X",
                    "name": "BRAKE CALIPER GUIDE SLEEVE KIT QB"
                }
            ]
        },
        {
            "id": "3",
            "category": "SUSPENSION COMPONENTS [FRONT]",
            "category_parts": [
                {
                    "id": "",
                    "name": ""
                },
                {
                    "id": "E2070",
                    "name": "SHOCK FRNT MONROE [STD + 4WD]"
                },
                {
                    "id": "341822",
                    "name": "SHOCK FRNT KYB STD + 4WD"
                },
                {
                    "id": "AU2821",
                    "name": "MOUNTING SHOCK REAR L/R TEKNOSA"
                },
                {
                    "id": "FEB32636",
                    "name": "STRUT MOUNTING FRNT FEBI"
                },
                {
                    "id": "VKDP43136T",
                    "name": "DUST COVER KIT REAR SKF"
                },
                {
                    "id": "VKDP43138T",
                    "name": "DUST COVER KIT REAR SKF"
                },
                {
                    "id": "13814AP",
                    "name": "CONTROL ARM UPPER LHS A-PLUS"
                },
                {
                    "id": "13815AP",
                    "name": "CONTROL ARM UPPER LHS A-PLUS"
                },
                {
                    "id": "13819AP",
                    "name": "CONTROL ARM UPPER RHS A-PLUS"
                },
                {
                    "id": "13820AP",
                    "name": "CONTROL ARM UPPER RHS A-PLUS"
                },
                {
                    "id": "AU2055",
                    "name": "CONTROL ARM LOWER FRNT L/R TEKNOSA"
                },
                {
                    "id": "AU2056",
                    "name": "CONTROL ARM LOWER FRNT LHS TEKNOSA"
                },
                {
                    "id": "AU2057",
                    "name": "CONTROL ARM LOWER FRNT RHS TEKNOSA"
                },
                {
                    "id": "AU1719",
                    "name": "CONTROL ARM UPPER F/R LHS TEKNOSA"
                },
                {
                    "id": "AU1720",
                    "name": "CONTROL ARM UPPER F/R RHS TEKNOSA"
                },
                {
                    "id": "AU1721",
                    "name": "CONTROL ARM UPPER FRNT LHS TEKNOSA"
                },
                {
                    "id": "AU1722",
                    "name": "CONTROL ARM UPPER FRNT RHS TEKNOSA"
                },
                {
                    "id": "16389AP",
                    "name": "CONTROL ARM LOWER L/R A-PLUS"
                },
                {
                    "id": "16390AP",
                    "name": "CONTROL ARM LOWER LHS A-PLUS"
                },
                {
                    "id": "16391AP",
                    "name": "CONTROL ARM LOWER RHS A-PLUS"
                },
                {
                    "id": "VKDS441012",
                    "name": "STABILIZER LINK L100 H* ID* OD* SKF"
                },
                {
                    "id": "AU2612",
                    "name": "LATERAL LINK REAR L/R TEKNOSA"
                },
                {
                    "id": "AU2613",
                    "name": "LATERAL LINK REAR L/R TEKNOSA"
                },
                {
                    "id": "VKDS321080B",
                    "name": "CONTROL ARM L* SKF"
                },
                {
                    "id": "VKDS321081B",
                    "name": "CONTROL ARM L* SKF"
                },
                {
                    "id": "VKDS321082B",
                    "name": "CONTROL ARM L* SKF"
                },
                {
                    "id": "VKDS321083B",
                    "name": "CONTROL ARM L* SKF"
                },
                {
                    "id": "VKDS321084B",
                    "name": "CONTROL ARM L* SKF"
                },
                {
                    "id": "VKDS321502B",
                    "name": "CONTROL ARM L401.8 SKF"
                },
                {
                    "id": "VKDS321503B",
                    "name": "CONTROL ARM L401.8 SKF"
                },
                {
                    "id": "VKDS331028",
                    "name": "C/ARM BUSH L45 H43.8 ID12.1 OD43.8 SKF"
                },
                {
                    "id": "AU2123",
                    "name": "BUSH CONT ARM LOW FRNT L/R TEKNOSA"
                },
                {
                    "id": "AU2125",
                    "name": "BUSH CONT ARM LOW FRNT L/R TEKNOSA"
                },
                {
                    "id": "AU2130",
                    "name": "BUSH CONT ARM LOW FRNT L/R TEKNOSA"
                },
                {
                    "id": "AU1810",
                    "name": "BUSH CONT ARM UP FRNT L/R TEKNOSA"
                },
                {
                    "id": "AU1811",
                    "name": "BUSH CONT ARM UP FRNT L/R TEKNOSA"
                },
                {
                    "id": "VKDS351027",
                    "name": "STAB BAR BUSH L53.2 H50.4 ID29.2 OD* SKF"
                }
            ]
        },
        {
            "id": "4",
            "category": "SUSPENSION COMPONENTS [REAR]",
            "category_parts": [
                {
                    "id": "",
                    "name": ""
                },
                {
                    "id": "VKDP43136T",
                    "name": "DUST COVER KIT REAR SKF"
                },
                {
                    "id": "VKDP43138T",
                    "name": "DUST COVER KIT REAR SKF"
                },
                {
                    "id": "E7805",
                    "name": "SHOCK REAR MONROE [-AIR SUSP]"
                },
                {
                    "id": "344806",
                    "name": "SHOCK REAR KYB -AIR SUSP"
                },
                {
                    "id": "FEB32164",
                    "name": "STRUT MOUNTING REAR FEBI"
                },
                {
                    "id": "VKDS331028",
                    "name": "C/ARM BUSH L45 H43.8 ID12.1 OD43.8 SKF"
                },
                {
                    "id": "17384AP",
                    "name": "C/ARM BUSH LOWER L/R A-PLUS"
                },
                {
                    "id": "17416AP",
                    "name": "C/ARM BUSH LOWER L/R A-PLUS"
                },
                {
                    "id": "17417AP",
                    "name": "C/ARM BUSH LOWER L/R A-PLUS [ID:12|OD:65"
                },
                {
                    "id": "14262AP",
                    "name": "C/ARM BUSH UPPER L/R A-PLUS"
                },
                {
                    "id": "17418AP",
                    "name": "C/ARM BUSH UPPER L/R A-PLUS"
                },
                {
                    "id": "AU2123",
                    "name": "BUSH CONT ARM LOW FRNT L/R TEKNOSA"
                },
                {
                    "id": "AU2125",
                    "name": "BUSH CONT ARM LOW FRNT L/R TEKNOSA"
                },
                {
                    "id": "AU2130",
                    "name": "BUSH CONT ARM LOW FRNT L/R TEKNOSA"
                },
                {
                    "id": "AU1810",
                    "name": "BUSH CONT ARM UP FRNT L/R TEKNOSA"
                },
                {
                    "id": "AU1811",
                    "name": "BUSH CONT ARM UP FRNT L/R TEKNOSA"
                },
                {
                    "id": "VKDS351027",
                    "name": "STAB BAR BUSH L53.2 H50.4 ID29.2 OD* SKF"
                },
                {
                    "id": "AU2612",
                    "name": "LATERAL LINK REAR L/R TEKNOSA"
                },
                {
                    "id": "AU2613",
                    "name": "LATERAL LINK REAR L/R TEKNOSA"
                },
                {
                    "id": "VKDS441012",
                    "name": "STABILIZER LINK L100 H* ID* OD* SKF"
                },
                {
                    "id": "16649AP",
                    "name": "LATERAL LINK L/R A-PLUS L100"
                },
                {
                    "id": "20452AP",
                    "name": "LATERAL LINK L/R A-PLUS L375"
                },
                {
                    "id": "18253AP",
                    "name": "STABILIZER LINK L/R A-PLUS L100"
                },
                {
                    "id": "19713AP",
                    "name": "STABILIZER LINK L/R A-PLUS L110"
                },
                {
                    "id": "14112AP",
                    "name": "STABILIZER LINK L/R A-PLUS L57"
                },
                {
                    "id": "AU1532",
                    "name": "STABILIZER LINK FRNT L/R L110 TEKNOSA"
                },
                {
                    "id": "AU1533",
                    "name": "STABILIZER LINK REAR L/R L100 TEKNOSA"
                },
                {
                    "id": "AU1531",
                    "name": "STABILIZER LINK REAR L/R L57 TEKNOSA"
                },
                {
                    "id": "VKDS321080B",
                    "name": "CONTROL ARM L* SKF"
                },
                {
                    "id": "VKDS321081B",
                    "name": "CONTROL ARM L* SKF"
                },
                {
                    "id": "VKDS321082B",
                    "name": "CONTROL ARM L* SKF"
                },
                {
                    "id": "VKDS321083B",
                    "name": "CONTROL ARM L* SKF"
                },
                {
                    "id": "VKDS321084B",
                    "name": "CONTROL ARM L* SKF"
                },
                {
                    "id": "VKDS321502B",
                    "name": "CONTROL ARM L401.8 SKF"
                },
                {
                    "id": "VKDS321503B",
                    "name": "CONTROL ARM L401.8 SKF"
                }
            ]
        },
        {
            "id": "5",
            "category": "COOLING SYSTEM",
            "category_parts": [
                {
                    "id": "",
                    "name": ""
                },
                {
                    "id": "376732501",
                    "name": "RADIATOR MAHLE L675 W445 D32 [AUTO]"
                },
                {
                    "id": "01686",
                    "name": "RADIATOR CAP OSSCA/ATS"
                },
                {
                    "id": "01705",
                    "name": "RADIATOR CAP OSSCA/ATS"
                },
                {
                    "id": "TP3-23",
                    "name": "RADIATOR CAP [LIGHT BLUE 40KPA] ECHLIN"
                },
                {
                    "id": "TP3-23M",
                    "name": "RADIATOR CAP [LIGHT BLUE 40KPA] MP"
                },
                {
                    "id": "FEB40723",
                    "name": "RADIATOR CAP FEBI"
                },
                {
                    "id": "VKPC81310",
                    "name": "WATER PUMP SKF"
                },
                {
                    "id": "WP18715",
                    "name": "WATER PUMP AIRTEX"
                },
                {
                    "id": "W18005",
                    "name": "WATER PUMP AZ"
                },
                {
                    "id": "QCP1290",
                    "name": "WATER PUMP ECHLIN"
                },
                {
                    "id": "A-213",
                    "name": "WATER PUMP DOLZ"
                },
                {
                    "id": "VKM31311",
                    "name": "TENSIONER V-BELT PULLEY [OD:76 W:26] SKF"
                },
                {
                    "id": "VKM31312",
                    "name": "TENSIONER V-BELT PULLEY [OD:77 W:27] SKF"
                },
                {
                    "id": "DCP02036",
                    "name": "COMPRESSOR / AIR CONDITIONER DENSO"
                },
                {
                    "id": "351343444",
                    "name": "AIR CONDITIONING CONDENSER MAHLE L620 W405"
                }
            ]
        },
        {
            "id": "6",
            "category": "CLUTCH COMPONENTS",
            "category_parts": [
                {
                    "id": "",
                    "name": ""
                },
                {
                    "id": "CM190.9009",
                    "name": "CLUTCH M/CYL PQ"
                },
                {
                    "id": "31.222.0061",
                    "name": "CLUTCH S/CYL HYDRADRIVE 22.22MM"
                },
                {
                    "id": "S2220061",
                    "name": "CLUTCH S/CYL BETTABRAKE 22.22MM"
                },
                {
                    "id": "CS222.9006",
                    "name": "CLUTCH S/CYL PQ"
                },
                {
                    "id": "AR7067",
                    "name": "GEARBOX MOUNTING LHS \u0026 RHS AUTO PQ"
                },
                {
                    "id": "FEB31980",
                    "name": "GEARBOX MOUNTING [AUTO LHS/RHS FEBI"
                }
            ]
        },
        {
            "id": "7",
            "category": "IGNITION SYSTEM",
            "category_parts": [
                {
                    "id": "",
                    "name": ""
                },
                {
                    "id": "0221604800",
                    "name": "IGNITION COIL BOSCH"
                },
                {
                    "id": "IGC360",
                    "name": "IGNITION COIL MOBILETRON"
                }
            ]
        },
        {
            "id": "8",
            "category": "DRIVESHAFT COMPONENTS",
            "category_parts": [
                {
                    "id": "",
                    "name": ""
                },
                {
                    "id": "AD3001",
                    "name": "CV JOINT OUTER FRNT L/R 38X27X59.5XM TEKNOSA"
                },
                {
                    "id": "AD3001A",
                    "name": "CV JOINT OUTER FRNT L/R 38X27X59.5XMX45W TEKNOSA"
                },
                {
                    "id": "VKJP3152",
                    "name": "CV BOOT KIT OUTER SKF"
                },
                {
                    "id": "CV120K",
                    "name": "CV BOOT KIT OUTER"
                },
                {
                    "id": "CV191K",
                    "name": "CV BOOT KIT OUTER [REAR]"
                },
                {
                    "id": "CV54K",
                    "name": "CV BOOT INNER + OUTER 108MM"
                },
                {
                    "id": "CV308K",
                    "name": "CV BOOT KIT INNER [AUTO]"
                }
            ]
        },
        {
            "id": "9",
            "category": "FUEL SYSTEM",
            "category_parts": [
                {
                    "id": "",
                    "name": ""
                },
                {
                    "id": "E146",
                    "name": "FUEL FILTER GUD"
                },
                {
                    "id": "G10215",
                    "name": "FUEL FILTER FRAM"
                },
                {
                    "id": "CFF100479",
                    "name": "FUEL FILTER CHAMPION"
                },
                {
                    "id": "F026403012",
                    "name": "FUEL FILTER BOSCH"
                },
                {
                    "id": "WF8325",
                    "name": "FUEL FILTER WIX"
                }
            ]
        },
        {
            "id": "10",
            "category": "TIMING COMPONENTS",
            "category_parts": [
                {
                    "id": "",
                    "name": ""
                },
                {
                    "id": "1987946251",
                    "name": "T/BELT KIT BOSCH"
                },
                {
                    "id": "VKMV6PK2456",
                    "name": "MULTI-GROOVE BELT SKF"
                },
                {
                    "id": "VKMV6PK2460",
                    "name": "MULTI-GROOVE BELT SKF"
                },
                {
                    "id": "VKMV7PK1270",
                    "name": "MULTI-GROOVE BELT SKF"
                },
                {
                    "id": "VKM31311",
                    "name": "TENSIONER V-BELT PULLEY [OD:76 W:26] SKF"
                },
                {
                    "id": "VKM31312",
                    "name": "TENSIONER V-BELT PULLEY [OD:77 W:27] SKF"
                },
                {
                    "id": "T38423",
                    "name": "T/BELT TENSIONER GATES"
                }
            ]
        },
        {
            "id": "11",
            "category": "CYLINDER HEAD COMPONENTS",
            "category_parts": [
                {
                    "id": "",
                    "name": ""
                },
                {
                    "id": "BY2024",
                    "name": "CYL HEAD GASKET PAYEN"
                },
                {
                    "id": "BY2025",
                    "name": "CYL HEAD GASKET PAYEN"
                },
                {
                    "id": "JD6094",
                    "name": "EXHAUST MANIFOLD GASKET PAYEN"
                },
                {
                    "id": "177027",
                    "name": "CAMSHAFT SENSOR SEBRING 3 PIN"
                },
                {
                    "id": "14-32198-01",
                    "name": "CYL HEAD BOLT SET REINZ"
                }
            ]
        },
        {
            "id": "12",
            "category": "ENGINE SUB ASSEMBLY",
            "category_parts": [
                {
                    "id": "",
                    "name": ""
                },
                {
                    "id": "9242",
                    "name": "OIL SEAL REAR MAIN BRG PQ"
                },
                {
                    "id": "9241",
                    "name": "OIL SEAL T/COVER OR CAM PQ"
                }
            ]
        },
        {
            "id": "13",
            "category": "MOUNTINGS ",
            "category_parts": [
                {
                    "id": "",
                    "name": ""
                },
                {
                    "id": "AR7067",
                    "name": "GEARBOX MOUNTING LHS \u0026 RHS AUTO PQ"
                },
                {
                    "id": "FEB31980",
                    "name": "GEARBOX MOUNTING [AUTO LHS/RHS FEBI"
                },
                {
                    "id": "FEB32636",
                    "name": "STRUT MOUNTING FRNT FEBI"
                },
                {
                    "id": "AU2821",
                    "name": "MOUNTING SHOCK REAR L/R TEKNOSA"
                },
                {
                    "id": "FEB32164",
                    "name": "STRUT MOUNTING REAR FEBI"
                }
            ]
        },
        {
            "id": "15",
            "category": "ALTERNATOR COMPONENTS",
            "category_parts": [
                {
                    "id": "",
                    "name": ""
                },
                {
                    "id": "0121715150",
                    "name": "ALTERNATOR BOSCH"
                },
                {
                    "id": "0121715178",
                    "name": "ALTERNATOR BOSCH"
                },
                {
                    "id": "ALT0064A",
                    "name": "ALTERNATOR ELECTROPART 12V 180A"
                },
                {
                    "id": "VKM03123",
                    "name": "ALT PULLEY [G:6 W:38 ID:** OD:65] SKF"
                },
                {
                    "id": "VKM31311",
                    "name": "TENSIONER V-BELT PULLEY [OD:76 W:26] SKF"
                },
                {
                    "id": "VKM31312",
                    "name": "TENSIONER V-BELT PULLEY [OD:77 W:27] SKF"
                }
            ]
        },
        {
            "id": "16",
            "category": "BODY PARTS FRONT AND REAR",
            "category_parts": [
                {
                    "id": "",
                    "name": ""
                },
                {
                    "id": "G64210",
                    "name": "BULB HEADLIGHT LOW BEAM"
                },
                {
                    "id": "G66340",
                    "name": "BULB HEADLIGHT LOW BEAM XENON"
                },
                {
                    "id": "G64150",
                    "name": "BULB HEADLIGHT HIGH BEAM"
                },
                {
                    "id": "G2825",
                    "name": "BULB PARK LIGHT FRNT"
                },
                {
                    "id": "G7507",
                    "name": "BULB FLASHER FRNT"
                },
                {
                    "id": "G64210",
                    "name": "BULB FOG LIGHT FRNT"
                },
                {
                    "id": "LED",
                    "name": "BULB SIDE MARKER"
                },
                {
                    "id": "G7506",
                    "name": "BULB TAILIGHT"
                },
                {
                    "id": "G7506",
                    "name": "BULB STOPLIGHT"
                },
                {
                    "id": "G7506",
                    "name": "BULB REVERSE LIGHT"
                },
                {
                    "id": "G7507",
                    "name": "BULB FLASHER REAR"
                },
                {
                    "id": "G64136",
                    "name": "BULB FOG LIGHT REAR"
                },
                {
                    "id": "G6418",
                    "name": "BULB LICENSE PLATE"
                },
                {
                    "id": "LED",
                    "name": "BULB HI-MOUNT STOPLIGHT"
                },
                {
                    "id": "G2825",
                    "name": "BULB TRUNK LAMP"
                },
                {
                    "id": "24761",
                    "name": "STOP LIGHT SWITCH FAE"
                },
                {
                    "id": "FEB31636",
                    "name": "GASLIFT BONNET FEBI"
                }
            ]
        },
        {
            "id": "17",
            "category": "SWITCHES \u0026 ACCESSORIES",
            "category_parts": [
                {
                    "id": "",
                    "name": ""
                },
                {
                    "id": "S658",
                    "name": "BATTERY SABAT"
                },
                {
                    "id": "F658",
                    "name": "BATTERY EXIDE/MIDAS"
                },
                {
                    "id": "W658",
                    "name": "BATTERY WILLARD"
                },
                {
                    "id": "WB9017",
                    "name": "WIPER BLADE KIT FRNT"
                },
                {
                    "id": "3397009017",
                    "name": "WIPER BLADE KIT FRNT BOSCH"
                },
                {
                    "id": "3397004772",
                    "name": "WIPER BLADE REAR BOSCH"
                },
                {
                    "id": "3397011551",
                    "name": "WIPER BLADE REAR BOSCH"
                },
                {
                    "id": "TS6136",
                    "name": "TEMP SENDER UNIT [P/FIT 2-PIN] ECHLIN"
                },
                {
                    "id": "7.3278",
                    "name": "TEMP SENDER UNIT FACET"
                },
                {
                    "id": "33784",
                    "name": "TEMP SENDER UNIT MP"
                },
                {
                    "id": "FEB29318",
                    "name": "TEMP SENDER UNIT [P/FIT 2-PIN] FEBI"
                },
                {
                    "id": "24761",
                    "name": "STOP LIGHT SWITCH FAE"
                }
            ]
        },
        {
            "id": "18",
            "category": "GASKETS ",
            "category_parts": [
                {
                    "id": "",
                    "name": ""
                },
                {
                    "id": "JD6094",
                    "name": "EXHAUST MANIFOLD GASKET PAYEN"
                },
                {
                    "id": "BY2024",
                    "name": "CYL HEAD GASKET PAYEN"
                },
                {
                    "id": "BY2025",
                    "name": "CYL HEAD GASKET PAYEN"
                }
            ]
        },
        {
            "id": "20",
            "category": "SEALS ",
            "category_parts": [
                {
                    "id": "",
                    "name": ""
                },
                {
                    "id": "9242",
                    "name": "OIL SEAL REAR MAIN BRG PQ"
                },
                {
                    "id": "9241",
                    "name": "OIL SEAL T/COVER OR CAM PQ"
                }
            ]
        },
        {
            "id": "21",
            "category": "SENSORS \u0026 RELAYS",
            "category_parts": [
                {
                    "id": "",
                    "name": ""
                },
                {
                    "id": "177027",
                    "name": "CAMSHAFT SENSOR SEBRING 3 PIN"
                }
            ]
        },
        {
            "id": "23",
            "category": "LUBRICANTS",
            "category_parts": [
                {
                    "id": "",
                    "name": ""
                },
                {
                    "id": "3433499",
                    "name": "ENGINE OIL CASTROL MAGNATEC 10W40 5L"
                },
                {
                    "id": "550053709",
                    "name": "ENGINE OIL SHELL HELIX HX7 10W40 5L"
                }
            ]
        },
        {
            "id": "24",
            "category": "WHEEL BEARINGS",
            "category_parts": [
                {
                    "id": "",
                    "name": ""
                },
                {
                    "id": "VKBA6546",
                    "name": "WHEEL BRG KIT FRNT [09-10] SKF"
                },
                {
                    "id": "HUB262",
                    "name": "WHEEL BRG FRNT INNER PQ"
                },
                {
                    "id": "PQ849",
                    "name": "WHEEL BRG KIT FRNT PQ"
                },
                {
                    "id": "VKBA6548",
                    "name": "WHEEL BRG KIT REAR [09-10] SKF"
                },
                {
                    "id": "VKBA6546",
                    "name": "WHEEL BRG KIT RR QUATTRO 09-10 SKF"
                }
            ]
        },
        {
            "id": "26",
            "category": "STEERING",
            "category_parts": [
                {
                    "id": "",
                    "name": ""
                },
                {
                    "id": "SR113",
                    "name": "STEERING RACK BOOT"
                },
                {
                    "id": "SR80",
                    "name": "STEERING RACK BOOT"
                },
                {
                    "id": "16755AP",
                    "name": "STEERING RACK END L/R A-PLUS L141"
                },
                {
                    "id": "AU1418",
                    "name": "RACK END FRNT L/R L141 TEKNOSA"
                },
                {
                    "id": "VKDY321011",
                    "name": "STEERING RACK END L* SKF"
                },
                {
                    "id": "VKDY311026",
                    "name": "TIE ROD END L* SKF"
                },
                {
                    "id": "16044AP",
                    "name": "TIE ROD END OUTER L/R A-PLUS"
                },
                {
                    "id": "AU1027",
                    "name": "TIE ROD END OUTER FRNT L/R TEKNOSA"
                },
                {
                    "id": "AU1320",
                    "name": "TIE ROD END SET OUTER FRNT L/R TEKNOSA"
                }
            ]
        },
        {
            "id": "27",
            "category": "BEARINGS",
            "category_parts": [
                {
                    "id": "",
                    "name": ""
                },
                {
                    "id": "VKBA6546",
                    "name": "WHEEL BRG KIT FRNT [09-10] SKF"
                },
                {
                    "id": "HUB262",
                    "name": "WHEEL BRG FRNT INNER PQ"
                },
                {
                    "id": "PQ849",
                    "name": "WHEEL BRG KIT FRNT PQ"
                },
                {
                    "id": "VKBA6548",
                    "name": "WHEEL BRG KIT REAR [09-10] SKF"
                },
                {
                    "id": "VKBA6546",
                    "name": "WHEEL BRG KIT RR QUATTRO 09-10 SKF"
                },
                {
                    "id": "VKDS321080B",
                    "name": "CONTROL ARM L* SKF"
                },
                {
                    "id": "VKDS321081B",
                    "name": "CONTROL ARM L* SKF"
                },
                {
                    "id": "VKDS321082B",
                    "name": "CONTROL ARM L* SKF"
                },
                {
                    "id": "VKDS321083B",
                    "name": "CONTROL ARM L* SKF"
                },
                {
                    "id": "VKDS321084B",
                    "name": "CONTROL ARM L* SKF"
                },
                {
                    "id": "VKDS321502B",
                    "name": "CONTROL ARM L401.8 SKF"
                },
                {
                    "id": "VKDS321503B",
                    "name": "CONTROL ARM L401.8 SKF"
                }
            ]
        },
        {
            "id": "28",
            "category": "AIR CONDITIONING",
            "category_parts": [
                {
                    "id": "",
                    "name": ""
                },
                {
                    "id": "DCP02036",
                    "name": "COMPRESSOR / AIR CONDITIONER DENSO"
                },
                {
                    "id": "351343444",
                    "name": "AIR CONDITIONING CONDENSER MAHLE L620 W405"
                }
            ]
        },
        {
            "id": "28",
            "category": "AIR CONDITIONING",
            "category_parts": [
                {
                    "id": "",
                    "name": ""
                },
                {
                    "id": "DCP02036",
                    "name": "COMPRESSOR / AIR CONDITIONER DENSO"
                },
                {
                    "id": "351343444",
                    "name": "AIR CONDITIONING CONDENSER MAHLE L620 W405"
                }
            ]
        }
    ]
}
