{
    "id": "285",
    "parts": [
        {
            "id": "1",
            "category": "SERVICE PARTS",
            "category_parts": [
                {
                    "id": "",
                    "name": ""
                },
                {
                    "id": "M122",
                    "name": "OIL FILTER GUD CARTRIDGE METAL FREE H200 OD76 IDT29 IDB29"
                },
                {
                    "id": "CH1197ECO",
                    "name": "OIL FILTER FRAM"
                },
                {
                    "id": "109709",
                    "name": "OIL FIL H200MM ID28.5MM OD76MM SRD82.5MM"
                },
                {
                    "id": "ADV182106",
                    "name": "OIL FIL H200MM ID28.5MM OD76MM SRD82.5MM"
                },
                {
                    "id": "WL7486",
                    "name": "OIL FILTER WIX"
                },
                {
                    "id": "WL7486A",
                    "name": "OIL FILTER WIX"
                },
                {
                    "id": "AG1333",
                    "name": "AIR FILTER GUD PANEL L393 W187 H58"
                },
                {
                    "id": "CA10236",
                    "name": "AIR FILTER FRAM"
                },
                {
                    "id": "1987429190",
                    "name": "AIR FILTER BOSCH"
                },
                {
                    "id": "F026400182",
                    "name": "AIR FILTER BOSCH"
                },
                {
                    "id": "WA9515",
                    "name": "AIR FILTER WIX"
                },
                {
                    "id": "MAF117",
                    "name": "AIR FILTER KAIZEN"
                },
                {
                    "id": "M111",
                    "name": "DIESEL FILTER GUD CARTRIDGE METAL FREE H85 OD102 IDT44 IDB44"
                },
                {
                    "id": "E176",
                    "name": "FUEL FILTER GUD"
                },
                {
                    "id": "C11045",
                    "name": "FUEL FILTER FRAM [DIESEL]"
                },
                {
                    "id": "F026402068",
                    "name": "FUEL FILTER BOSCH H250"
                },
                {
                    "id": "WF8427",
                    "name": "FUEL FILTER WIX"
                },
                {
                    "id": "Y-609AS",
                    "name": "GLOW PLUG NGK"
                },
                {
                    "id": "DG-193",
                    "name": "GLOW PLUG DENSO INSTANT HEATING [PL24MM HEX10MM 10-12NM 4.4V M10X1.0]"
                },
                {
                    "id": "0250403007",
                    "name": "GLOW PLUG BOSCH"
                },
                {
                    "id": "0250403009",
                    "name": "GLOW PLUG BOSCH"
                },
                {
                    "id": "AC71GUD",
                    "name": "CABIN AIR FILTER GUD H34 L277 W220"
                },
                {
                    "id": "CF9881",
                    "name": "CABIN AIR FILTER FRAM"
                },
                {
                    "id": "WP9166",
                    "name": "CABIN AIR FILTER WIX"
                },
                {
                    "id": "WP9167",
                    "name": "CABIN AIR FILTER WIX"
                },
                {
                    "id": "ATE1006",
                    "name": "DISC PAD FRNT ATE L190 H106 T17"
                },
                {
                    "id": "ATE1008",
                    "name": "DISC PAD FRNT ATE L190 H99 T17"
                },
                {
                    "id": "FDB1626",
                    "name": "DISC PAD FRNT FERODO L190 H106 T16"
                },
                {
                    "id": "FDB1625",
                    "name": "DISC PAD FRNT FERODO L190 H99 T16"
                },
                {
                    "id": "0986424739",
                    "name": "DISC PAD FRNT BOSCH L190 H106 T16"
                },
                {
                    "id": "0986424740",
                    "name": "DISC PAD FRNT BOSCH L191 H99 T16"
                },
                {
                    "id": "D3512",
                    "name": "DISC PAD FRNT SAFELINE L190 H106 T16"
                },
                {
                    "id": "D3511",
                    "name": "DISC PAD FRNT SAFELINE L190 H99 T16"
                },
                {
                    "id": "OPT3512",
                    "name": "DISC PAD FRNT L/R OPTIMA"
                },
                {
                    "id": "OPT3513",
                    "name": "DISC PAD REAR L/R OPTIMA"
                },
                {
                    "id": "05P1257",
                    "name": "DISC PAD FRNT LPR L190 H106 T17"
                },
                {
                    "id": "ADB01315",
                    "name": "DISC PAD FRNT NIPPON L190 H107 T17"
                },
                {
                    "id": "ADB01314",
                    "name": "DISC PAD FRNT NIPPON L190 H99 T17"
                },
                {
                    "id": "ATE1007",
                    "name": "DISC PAD REAR ATE L112 H73 T17"
                },
                {
                    "id": "ATE1101",
                    "name": "DISC PAD REAR ATE L132 H77 T15"
                },
                {
                    "id": "FDB1627",
                    "name": "DISC PAD REAR FERODO L117 H73 T16"
                },
                {
                    "id": "FDB1835",
                    "name": "DISC PAD REAR FERODO L131 H74 T16"
                },
                {
                    "id": "0986494205",
                    "name": "DISC PAD REAR BOSCH"
                },
                {
                    "id": "0986424741",
                    "name": "DISC PAD REAR BOSCH L112 H73 T16"
                },
                {
                    "id": "D3826",
                    "name": "DISC PAD REAR SAFELINE L131 H74 T16"
                },
                {
                    "id": "D4064",
                    "name": "DISC PAD REAR SAFELINE L134 H68 T18"
                },
                {
                    "id": "05P1362",
                    "name": "DISC PAD REAR LPR L112 H73 T16"
                },
                {
                    "id": "05P1482",
                    "name": "DISC PAD REAR LPR L112 H73 T17"
                },
                {
                    "id": "ADB01316",
                    "name": "DISC PAD REAR NIPPON L112 H73 T16"
                },
                {
                    "id": "0986487705",
                    "name": "BRAKE SHOE SET BOSCH"
                },
                {
                    "id": "841-1",
                    "name": "HAND BRAKE SHOE SPRING KIT BHCS"
                },
                {
                    "id": "550048788",
                    "name": "ENGINE OIL SHELL HELIX ULTRA 5W30 5L"
                }
            ]
        },
        {
            "id": "2",
            "category": "BRAKES",
            "category_parts": [
                {
                    "id": "",
                    "name": ""
                },
                {
                    "id": "ATE1006",
                    "name": "DISC PAD FRNT ATE L190 H106 T17"
                },
                {
                    "id": "ATE1008",
                    "name": "DISC PAD FRNT ATE L190 H99 T17"
                },
                {
                    "id": "FDB1626",
                    "name": "DISC PAD FRNT FERODO L190 H106 T16"
                },
                {
                    "id": "FDB1625",
                    "name": "DISC PAD FRNT FERODO L190 H99 T16"
                },
                {
                    "id": "0986424739",
                    "name": "DISC PAD FRNT BOSCH L190 H106 T16"
                },
                {
                    "id": "0986424740",
                    "name": "DISC PAD FRNT BOSCH L191 H99 T16"
                },
                {
                    "id": "D3512",
                    "name": "DISC PAD FRNT SAFELINE L190 H106 T16"
                },
                {
                    "id": "D3511",
                    "name": "DISC PAD FRNT SAFELINE L190 H99 T16"
                },
                {
                    "id": "OPT3512",
                    "name": "DISC PAD FRNT L/R OPTIMA"
                },
                {
                    "id": "OPT3513",
                    "name": "DISC PAD REAR L/R OPTIMA"
                },
                {
                    "id": "05P1257",
                    "name": "DISC PAD FRNT LPR L190 H106 T17"
                },
                {
                    "id": "ADB01315",
                    "name": "DISC PAD FRNT NIPPON L190 H107 T17"
                },
                {
                    "id": "ADB01314",
                    "name": "DISC PAD FRNT NIPPON L190 H99 T17"
                },
                {
                    "id": "ATE1007",
                    "name": "DISC PAD REAR ATE L112 H73 T17"
                },
                {
                    "id": "ATE1101",
                    "name": "DISC PAD REAR ATE L132 H77 T15"
                },
                {
                    "id": "FDB1627",
                    "name": "DISC PAD REAR FERODO L117 H73 T16"
                },
                {
                    "id": "FDB1835",
                    "name": "DISC PAD REAR FERODO L131 H74 T16"
                },
                {
                    "id": "0986494205",
                    "name": "DISC PAD REAR BOSCH"
                },
                {
                    "id": "0986424741",
                    "name": "DISC PAD REAR BOSCH L112 H73 T16"
                },
                {
                    "id": "D3826",
                    "name": "DISC PAD REAR SAFELINE L131 H74 T16"
                },
                {
                    "id": "D4064",
                    "name": "DISC PAD REAR SAFELINE L134 H68 T18"
                },
                {
                    "id": "05P1362",
                    "name": "DISC PAD REAR LPR L112 H73 T16"
                },
                {
                    "id": "05P1482",
                    "name": "DISC PAD REAR LPR L112 H73 T17"
                },
                {
                    "id": "ADB01316",
                    "name": "DISC PAD REAR NIPPON L112 H73 T16"
                },
                {
                    "id": "0986487705",
                    "name": "BRAKE SHOE SET BOSCH"
                },
                {
                    "id": "841-1",
                    "name": "HAND BRAKE SHOE SPRING KIT BHCS"
                },
                {
                    "id": "DR6005",
                    "name": "BRAKE DISC FV ALFA D350 H69 S85 [5]"
                },
                {
                    "id": "DR6006",
                    "name": "BRAKE DISC FV ALFA D350 H69 S85 [5]"
                },
                {
                    "id": "DR7243L",
                    "name": "BRAKE DISC FVL ALFA D350 H68 S85 [5]"
                },
                {
                    "id": "DR6009",
                    "name": "BRAKE DISC FVR ALFA D349 H68 S85 [5]"
                },
                {
                    "id": "DR7243R",
                    "name": "BRAKE DISC FVR ALFA D350 H68 S85 [5]"
                },
                {
                    "id": "134-0123",
                    "name": "BRAKE DISC FV L ATE D350 H69 S85 5"
                },
                {
                    "id": "134-0124",
                    "name": "BRAKE DISC FV R ALFA D350 H69 S85 5"
                },
                {
                    "id": "DDF1408",
                    "name": "BRAKE DISC FV FERODO D350 H69 S85 [5]"
                },
                {
                    "id": "DDF1408C",
                    "name": "BRAKE DISC FV FERODO D350 H69 S85 [5]"
                },
                {
                    "id": "DDF1408LC-1",
                    "name": "BRAKE DISC FV FERODO D350 H69 S85 [5]"
                },
                {
                    "id": "DDF1408RC-1",
                    "name": "BRAKE DISC FV FERODO D350 H69 S85 [5]"
                },
                {
                    "id": "TBD7006-D",
                    "name": "BRAKE DISC FRNT L/R VENTED OPTIMA"
                },
                {
                    "id": "DR6008",
                    "name": "BRAKE DISC RV ALFA D350 H69 S85 [5]"
                },
                {
                    "id": "DR7057",
                    "name": "BRAKE DISC RV ALFA D358 H73 S85 [5]"
                },
                {
                    "id": "DR7241",
                    "name": "BRAKE DISC RV ALFA D358 H73 S85 [5]"
                },
                {
                    "id": "128-0149",
                    "name": "BRAKE DISC RV ATE D330 H74 S85 5"
                },
                {
                    "id": "128-0169",
                    "name": "BRAKE DISC RV ATE D358 H74 S85 5"
                },
                {
                    "id": "DDF1855",
                    "name": "BRAKE DISC RV FERODO D0 H74 S85 [0]"
                },
                {
                    "id": "DDF1855C",
                    "name": "BRAKE DISC RV FERODO D358 H74 S85 [5]"
                },
                {
                    "id": "DDF1855C-1",
                    "name": "BRAKE DISC RV FERODO D358 H74 S85 [5]"
                },
                {
                    "id": "FWI394",
                    "name": "DISC PAD SENSOR FRNT [L365MM] FERODO"
                },
                {
                    "id": "FWI339",
                    "name": "DISC PAD SENSOR FRNT [L405MM] FERODO"
                },
                {
                    "id": "FWI312",
                    "name": "DISC PAD SENSOR REAR [L240MM] FERODO"
                },
                {
                    "id": "FWI340",
                    "name": "DISC PAD SENSOR REAR [L240MM] FERODO"
                },
                {
                    "id": "WS0392B",
                    "name": "DISC PAD SENSOR FRONT [365MM] QB"
                },
                {
                    "id": "WS0225B",
                    "name": "DISC PAD SENSOR FRONT [420MM] QB"
                },
                {
                    "id": "WS0226B",
                    "name": "DISC PAD SENSOR REAR [255MM] QB"
                },
                {
                    "id": "WS0393B",
                    "name": "DISC PAD SENSOR REAR [275MM] QB"
                },
                {
                    "id": "CK30.40.4597",
                    "name": "W/CYL KIT REAR PQ"
                },
                {
                    "id": "708HUB",
                    "name": "WHEEL HUB FRONT PQ"
                },
                {
                    "id": "1658-1",
                    "name": "ANTI-RATTLE CLIP FRNT BHCS"
                },
                {
                    "id": "1660-1",
                    "name": "ANTI-RATTLE CLIP REAR BHCS"
                },
                {
                    "id": "105-0841-1",
                    "name": "BRAKE SHOES SPRING KIT QB"
                }
            ]
        },
        {
            "id": "3",
            "category": "SUSPENSION COMPONENTS [FRONT]",
            "category_parts": [
                {
                    "id": "",
                    "name": ""
                },
                {
                    "id": "D0301",
                    "name": "SHOCK FRNT MON [-SPORT SUSP]"
                },
                {
                    "id": "AU2827",
                    "name": "MOUNTING STRUT F/R L/R TEKNOSA"
                },
                {
                    "id": "FEB37604",
                    "name": "STRUT MOUNTING REAR FEBI"
                },
                {
                    "id": "CS831L",
                    "name": "CONTROL ARM UPPER LHS PQ"
                },
                {
                    "id": "CS831R",
                    "name": "CONTROL ARM UPPER RHS PQ"
                },
                {
                    "id": "14082AP",
                    "name": "CONTROL ARM UPPER L/R A-PLUS"
                },
                {
                    "id": "AU2070",
                    "name": "CONTROL ARM LOWER FRNT LHS TEKNOSA"
                },
                {
                    "id": "AU2072",
                    "name": "CONTROL ARM LOWER FRNT LHS TEKNOSA"
                },
                {
                    "id": "AU2071",
                    "name": "CONTROL ARM LOWER FRNT RHS TEKNOSA"
                },
                {
                    "id": "AU2073",
                    "name": "CONTROL ARM LOWER FRNT RHS TEKNOSA"
                },
                {
                    "id": "AU1731",
                    "name": "CONTROL ARM UPPER FRNT L/R TEKNOSA"
                },
                {
                    "id": "20500AP",
                    "name": "CONTROL ARM LOWER LHS A-PLUS"
                },
                {
                    "id": "20930AP",
                    "name": "CONTROL ARM LOWER LHS A-PLUS"
                },
                {
                    "id": "22237AP",
                    "name": "CONTROL ARM LOWER LHS A-PLUS"
                },
                {
                    "id": "20501AP",
                    "name": "CONTROL ARM LOWER RHS A-PLUS"
                },
                {
                    "id": "20931AP",
                    "name": "CONTROL ARM LOWER RHS A-PLUS"
                },
                {
                    "id": "22238AP",
                    "name": "CONTROL ARM LOWER RHS A-PLUS"
                },
                {
                    "id": "02426",
                    "name": "CONTROL ARM LOWER OSSCA/ATS"
                },
                {
                    "id": "VKDS341024",
                    "name": "STABILIZER LINK L* H* ID* OD* SKF"
                },
                {
                    "id": "VKDS441005",
                    "name": "STABILIZER LINK L201 H* ID* OD* SKF"
                },
                {
                    "id": "VKDS441006",
                    "name": "STABILIZER LINK L201 H* ID* OD* SKF"
                },
                {
                    "id": "AU2616",
                    "name": "LATERAL LINK REAR L/R TEKNOSA"
                },
                {
                    "id": "AU2617",
                    "name": "LATERAL LINK REAR LHS TEKNOSA"
                },
                {
                    "id": "AU2618",
                    "name": "LATERAL LINK REAR RHS TEKNOSA"
                },
                {
                    "id": "VKDS321077B",
                    "name": "CONTROL ARM L* SKF"
                },
                {
                    "id": "VKDS421023",
                    "name": "CONTROL ARM L* SKF"
                },
                {
                    "id": "VKDS421024",
                    "name": "CONTROL ARM L* SKF"
                },
                {
                    "id": "VKDS421022",
                    "name": "CONTROL ARM L300 SKF"
                },
                {
                    "id": "VKDS321512B",
                    "name": "CONTROL ARM L350 SKF"
                },
                {
                    "id": "VKDS321513B",
                    "name": "CONTROL ARM L350 SKF"
                },
                {
                    "id": "VKDS331051",
                    "name": "C/ARM BUSH L* H* ID* OD* SKF"
                },
                {
                    "id": "VKDS431011",
                    "name": "C/ARM BUSH L* H36.2 ID12 OD34.5 SKF"
                },
                {
                    "id": "VKDS431010",
                    "name": "C/ARM BUSH L* H40 ID14 OD44.4 SKF"
                },
                {
                    "id": "VKDS339002",
                    "name": "C/ARM BUSH L46.7 H74 ID14.1 OD46.7 SKF"
                },
                {
                    "id": "VKDS331036",
                    "name": "C/ARM BUSH L51.5 H42.8 ID10.1 OD40.1 SKF"
                },
                {
                    "id": "AU2135",
                    "name": "BUSH CONT ARM LOW FRNT L/R TEKNOSA"
                },
                {
                    "id": "AU2136",
                    "name": "BUSH CONT ARM LOW FRNT L/R TEKNOSA"
                },
                {
                    "id": "AU2137",
                    "name": "BUSH CONT ARM LOW FRNT L/R TEKNOSA"
                },
                {
                    "id": "AU2138",
                    "name": "BUSH CONT ARM LOW FRNT L/R TEKNOSA"
                },
                {
                    "id": "AU1813",
                    "name": "BUSH CONT ARM UP FRNT L/R TEKNOSA"
                },
                {
                    "id": "AU2813",
                    "name": "BUSH REAR L/R ID13 OD40 TEKNOSA"
                },
                {
                    "id": "AU2812",
                    "name": "BUSH REAR L/R ID16 OD44 TEKNOSA"
                },
                {
                    "id": "AU2811",
                    "name": "BUSH REAR L/R TEKNOSA"
                }
            ]
        },
        {
            "id": "4",
            "category": "SUSPENSION COMPONENTS [REAR]",
            "category_parts": [
                {
                    "id": "",
                    "name": ""
                },
                {
                    "id": "D8071",
                    "name": "SHOCK REAR MON [-SPORT SUSP]"
                },
                {
                    "id": "VKDA35134",
                    "name": "TOP MOUNT REAR SHOCK [SINGLE] SKF"
                },
                {
                    "id": "VKDA35134T",
                    "name": "TOP MOUNT REAR SHOCK [TWIN PACK] SKF"
                },
                {
                    "id": "VKDS331051",
                    "name": "C/ARM BUSH L* H* ID* OD* SKF"
                },
                {
                    "id": "VKDS431011",
                    "name": "C/ARM BUSH L* H36.2 ID12 OD34.5 SKF"
                },
                {
                    "id": "VKDS431010",
                    "name": "C/ARM BUSH L* H40 ID14 OD44.4 SKF"
                },
                {
                    "id": "VKDS339002",
                    "name": "C/ARM BUSH L46.7 H74 ID14.1 OD46.7 SKF"
                },
                {
                    "id": "VKDS331036",
                    "name": "C/ARM BUSH L51.5 H42.8 ID10.1 OD40.1 SKF"
                },
                {
                    "id": "14424AP",
                    "name": "C/ARM BUSH LOWER L/R A-PLUS"
                },
                {
                    "id": "18316AP",
                    "name": "C/ARM BUSH LOWER L/R A-PLUS"
                },
                {
                    "id": "18317AP",
                    "name": "C/ARM BUSH LOWER L/R A-PLUS"
                },
                {
                    "id": "23362AP",
                    "name": "C/ARM BUSH LOWER L/R A-PLUS"
                },
                {
                    "id": "23298AP",
                    "name": "C/ARM BUSH UPPER L/R A-PLUS"
                },
                {
                    "id": "23855AP",
                    "name": "C/ARM BUSH UPPER L/R A-PLUS"
                },
                {
                    "id": "AU2135",
                    "name": "BUSH CONT ARM LOW FRNT L/R TEKNOSA"
                },
                {
                    "id": "AU2136",
                    "name": "BUSH CONT ARM LOW FRNT L/R TEKNOSA"
                },
                {
                    "id": "AU2137",
                    "name": "BUSH CONT ARM LOW FRNT L/R TEKNOSA"
                },
                {
                    "id": "AU2138",
                    "name": "BUSH CONT ARM LOW FRNT L/R TEKNOSA"
                },
                {
                    "id": "AU1813",
                    "name": "BUSH CONT ARM UP FRNT L/R TEKNOSA"
                },
                {
                    "id": "AU2813",
                    "name": "BUSH REAR L/R ID13 OD40 TEKNOSA"
                },
                {
                    "id": "AU2812",
                    "name": "BUSH REAR L/R ID16 OD44 TEKNOSA"
                },
                {
                    "id": "AU2811",
                    "name": "BUSH REAR L/R TEKNOSA"
                },
                {
                    "id": "19950AP",
                    "name": "STAB BAR BUSH A-PLUS [ID:12|OD:40]"
                },
                {
                    "id": "23879AP",
                    "name": "STAB BAR BUSH A-PLUS [ID:13|OD:44]"
                },
                {
                    "id": "AU2616",
                    "name": "LATERAL LINK REAR L/R TEKNOSA"
                },
                {
                    "id": "AU2617",
                    "name": "LATERAL LINK REAR LHS TEKNOSA"
                },
                {
                    "id": "AU2618",
                    "name": "LATERAL LINK REAR RHS TEKNOSA"
                },
                {
                    "id": "VKDS341024",
                    "name": "STABILIZER LINK L* H* ID* OD* SKF"
                },
                {
                    "id": "VKDS441005",
                    "name": "STABILIZER LINK L201 H* ID* OD* SKF"
                },
                {
                    "id": "VKDS441006",
                    "name": "STABILIZER LINK L201 H* ID* OD* SKF"
                },
                {
                    "id": "20405AP",
                    "name": "LATERAL LINK L/R A-PLUS"
                },
                {
                    "id": "14208AP",
                    "name": "STABILIZER LINK L/R A-PLUS L197"
                },
                {
                    "id": "20350AP",
                    "name": "STABILIZER LINK LHS A-PLUS L200"
                },
                {
                    "id": "16157AP",
                    "name": "STABILIZER LINK LHS A-PLUS L201"
                },
                {
                    "id": "20351AP",
                    "name": "STABILIZER LINK RHS A-PLUS L200"
                },
                {
                    "id": "16158AP",
                    "name": "STABILIZER LINK RHS A-PLUS L201"
                },
                {
                    "id": "AU1540",
                    "name": "STABILIZER LINK F/R L/R L197 TEKNOSA"
                },
                {
                    "id": "AU1543",
                    "name": "STABILIZER LINK REAR LHS L200 TEKNOSA"
                },
                {
                    "id": "AU1541",
                    "name": "STABILIZER LINK REAR LHS L201 TEKNOSA"
                },
                {
                    "id": "AU1544",
                    "name": "STABILIZER LINK REAR RHS L200 TEKNOSA"
                },
                {
                    "id": "AU1542",
                    "name": "STABILIZER LINK REAR RHS L201 TEKNOSA"
                },
                {
                    "id": "VKDS321077B",
                    "name": "CONTROL ARM L* SKF"
                },
                {
                    "id": "VKDS421023",
                    "name": "CONTROL ARM L* SKF"
                },
                {
                    "id": "VKDS421024",
                    "name": "CONTROL ARM L* SKF"
                },
                {
                    "id": "VKDS421022",
                    "name": "CONTROL ARM L300 SKF"
                },
                {
                    "id": "VKDS321512B",
                    "name": "CONTROL ARM L350 SKF"
                },
                {
                    "id": "VKDS321513B",
                    "name": "CONTROL ARM L350 SKF"
                }
            ]
        },
        {
            "id": "5",
            "category": "COOLING SYSTEM",
            "category_parts": [
                {
                    "id": "",
                    "name": ""
                },
                {
                    "id": "376719001",
                    "name": "RADIATOR MAHLE L710 W551 D40"
                },
                {
                    "id": "376719004",
                    "name": "RADIATOR MAHLE L710 W548 D40"
                },
                {
                    "id": "QCP3723",
                    "name": "WATER PUMP ECHLIN"
                },
                {
                    "id": "437100-5670",
                    "name": "COMPRESSOR / AIR CONDITIONER DENSO"
                },
                {
                    "id": "351317461",
                    "name": "AIR CONDITIONING CONDENSER MAHLE L700 W390 D16"
                },
                {
                    "id": "351317464",
                    "name": "AIR CONDITIONING CONDENSER MAHLE L696 W387 D16"
                }
            ]
        },
        {
            "id": "8",
            "category": "DRIVESHAFT COMPONENTS",
            "category_parts": [
                {
                    "id": "",
                    "name": ""
                },
                {
                    "id": "PJ861050",
                    "name": "CV JOINT OUTER 30X27X64 M PQ"
                },
                {
                    "id": "VW6931",
                    "name": "CV JOINT INNER F/R L/R 28X32X108 TEKNOSA"
                },
                {
                    "id": "VW6931-X",
                    "name": "CV JOINT INNER F/R L/R 28X32X108 X-LINE"
                },
                {
                    "id": "VKJP01001",
                    "name": "CV BOOT KIT OUTER SKF"
                },
                {
                    "id": "VKJP01001S",
                    "name": "CV BOOT KIT OUTER SKF"
                }
            ]
        },
        {
            "id": "9",
            "category": "FUEL SYSTEM",
            "category_parts": [
                {
                    "id": "",
                    "name": ""
                },
                {
                    "id": "M111",
                    "name": "DIESEL FILTER GUD CARTRIDGE METAL FREE H85 OD102 IDT44 IDB44"
                },
                {
                    "id": "E176",
                    "name": "FUEL FILTER GUD"
                },
                {
                    "id": "C11045",
                    "name": "FUEL FILTER FRAM [DIESEL]"
                },
                {
                    "id": "F026402068",
                    "name": "FUEL FILTER BOSCH H250"
                },
                {
                    "id": "WF8427",
                    "name": "FUEL FILTER WIX"
                }
            ]
        },
        {
            "id": "10",
            "category": "TIMING COMPONENTS",
            "category_parts": [
                {
                    "id": "",
                    "name": ""
                },
                {
                    "id": "1987947983",
                    "name": "T/BELT KIT BOSCH"
                },
                {
                    "id": "VKMV6PK1613",
                    "name": "MULTI-GROOVE BELT SKF"
                },
                {
                    "id": "VKMV6PK1623",
                    "name": "MULTI-GROOVE BELT SKF"
                }
            ]
        },
        {
            "id": "11",
            "category": "CYLINDER HEAD COMPONENTS",
            "category_parts": [
                {
                    "id": "",
                    "name": ""
                },
                {
                    "id": "AG6235",
                    "name": "CYL HEAD GASKET PAYEN"
                },
                {
                    "id": "71-40482-00",
                    "name": "TAPPET / VALVE COVER GASKET VR"
                },
                {
                    "id": "71-40483-00",
                    "name": "TAPPET / VALVE COVER GASKET VR"
                },
                {
                    "id": "177027",
                    "name": "CAMSHAFT SENSOR SEBRING 3 PIN"
                },
                {
                    "id": "OFC-80",
                    "name": "OIL FILLER CAP ECHLIN"
                },
                {
                    "id": "04106",
                    "name": "OIL FILLER CAP OSSCA/ATS"
                },
                {
                    "id": "FEB32155",
                    "name": "OIL FILLER CAP FEBI"
                }
            ]
        },
        {
            "id": "12",
            "category": "ENGINE SUB ASSEMBLY",
            "category_parts": [
                {
                    "id": "",
                    "name": ""
                },
                {
                    "id": "RR83715",
                    "name": "RINGSET FED 81MM 1.75/2/3MM"
                },
                {
                    "id": "W4997",
                    "name": "THRUST WASHER SET KING"
                }
            ]
        },
        {
            "id": "13",
            "category": "MOUNTINGS ",
            "category_parts": [
                {
                    "id": "",
                    "name": ""
                },
                {
                    "id": "FEB37604",
                    "name": "STRUT MOUNTING REAR FEBI"
                },
                {
                    "id": "AU2827",
                    "name": "MOUNTING STRUT F/R L/R TEKNOSA"
                }
            ]
        },
        {
            "id": "15",
            "category": "ALTERNATOR COMPONENTS",
            "category_parts": [
                {
                    "id": "",
                    "name": ""
                },
                {
                    "id": "F042301133",
                    "name": "ALTERNATOR BOSCH 24V 110A"
                }
            ]
        },
        {
            "id": "16",
            "category": "BODY PARTS FRONT AND REAR",
            "category_parts": [
                {
                    "id": "",
                    "name": ""
                },
                {
                    "id": "G501",
                    "name": "BULB PARK LIGHT FRNT ATS"
                },
                {
                    "id": "G3893",
                    "name": "BULB LICENSE PLATE"
                },
                {
                    "id": "G606",
                    "name": "BULB LICENSE PLATE ATS"
                },
                {
                    "id": "ML2771",
                    "name": "GASLIFT HOOD/BONNET"
                },
                {
                    "id": "ML2467",
                    "name": "GASLIFT TRUNK/TAILGATE"
                },
                {
                    "id": "FEB31684",
                    "name": "GASLIFT BOOTLID FEBI"
                }
            ]
        },
        {
            "id": "17",
            "category": "SWITCHES \u0026 ACCESSORIES",
            "category_parts": [
                {
                    "id": "",
                    "name": ""
                },
                {
                    "id": "S660",
                    "name": "BATTERY SABAT"
                },
                {
                    "id": "F658",
                    "name": "BATTERY EXIDE/MIDAS"
                },
                {
                    "id": "F660",
                    "name": "BATTERY EXIDE/MIDAS"
                },
                {
                    "id": "W658",
                    "name": "BATTERY WILLARD"
                },
                {
                    "id": "W660",
                    "name": "BATTERY WILLARD"
                },
                {
                    "id": "DXR65C+",
                    "name": "WIPER BLADE FRNT [DR/PASS] CHAMPION"
                },
                {
                    "id": "EU65",
                    "name": "WIPER BLADE FRNT [DRIVER] CHAMPION"
                },
                {
                    "id": "EU65",
                    "name": "WIPER BLADE FRNT [DRIVER] CHAMPION"
                },
                {
                    "id": "3397007216",
                    "name": "WIPER BLADE KIT FRNT BOSCH"
                },
                {
                    "id": "3397004772",
                    "name": "WIPER BLADE REAR BOSCH"
                },
                {
                    "id": "7.3278",
                    "name": "TEMP SENDER UNIT FACET"
                },
                {
                    "id": "TS6136",
                    "name": "TEMP SENDER UNIT [P/FIT 2-PIN] ECHLIN"
                },
                {
                    "id": "33784",
                    "name": "TEMP SENDER UNIT MP"
                },
                {
                    "id": "FEB29318",
                    "name": "TEMP SENDER UNIT [P/FIT 2-PIN] FEBI"
                }
            ]
        },
        {
            "id": "18",
            "category": "GASKETS ",
            "category_parts": [
                {
                    "id": "",
                    "name": ""
                },
                {
                    "id": "AG6235",
                    "name": "CYL HEAD GASKET PAYEN"
                }
            ]
        },
        {
            "id": "21",
            "category": "SENSORS \u0026 RELAYS",
            "category_parts": [
                {
                    "id": "",
                    "name": ""
                },
                {
                    "id": "177027",
                    "name": "CAMSHAFT SENSOR SEBRING 3 PIN"
                }
            ]
        },
        {
            "id": "23",
            "category": "LUBRICANTS",
            "category_parts": [
                {
                    "id": "",
                    "name": ""
                },
                {
                    "id": "550048788",
                    "name": "ENGINE OIL SHELL HELIX ULTRA 5W30 5L"
                }
            ]
        },
        {
            "id": "24",
            "category": "WHEEL BEARINGS",
            "category_parts": [
                {
                    "id": "",
                    "name": ""
                },
                {
                    "id": "VKBA3645",
                    "name": "WHEEL BRG FRNT [+ABS 51X96X50] SKF"
                },
                {
                    "id": "ATC9020",
                    "name": "WHEEL BRG FRNT [+ABS 51X96X50] TC"
                },
                {
                    "id": "DAC51VWASB",
                    "name": "WHEEL BRG FRNT INNER PQ"
                },
                {
                    "id": "PQ708",
                    "name": "WHEEL BRG KIT FRONT PQ"
                },
                {
                    "id": "VKBA3645",
                    "name": "WHEEL BRG REAR [+ABS 51X96X50] SKF"
                }
            ]
        },
        {
            "id": "26",
            "category": "STEERING",
            "category_parts": [
                {
                    "id": "",
                    "name": ""
                },
                {
                    "id": "13685AP",
                    "name": "STEERING RACK END L/R A-PLUS L291"
                },
                {
                    "id": "TR5860",
                    "name": "STEERING RACK END [291/307MM] PQ"
                },
                {
                    "id": "AU1419",
                    "name": "RACK END FRNT L/R L291 TEKNOSA"
                },
                {
                    "id": "VKDY321029",
                    "name": "STEERING RACK END L306 SKF"
                },
                {
                    "id": "VKDY311048",
                    "name": "TIE ROD END L89 SKF"
                },
                {
                    "id": "VKDY311049",
                    "name": "TIE ROD END L89 SKF"
                },
                {
                    "id": "13497AP",
                    "name": "TIE ROD END ASSEMBLY LHS A-PLUS"
                },
                {
                    "id": "13498AP",
                    "name": "TIE ROD END ASSEMBLY RHS A-PLUS"
                },
                {
                    "id": "13596AP",
                    "name": "TIE ROD END OUTER LHS A-PLUS"
                },
                {
                    "id": "13597AP",
                    "name": "TIE ROD END OUTER RHS A-PLUS"
                },
                {
                    "id": "AU1035",
                    "name": "TIE ROD END OUTER FRNT LHS TEKNOSA"
                },
                {
                    "id": "AU1036",
                    "name": "TIE ROD END OUTER FRNT RHS TEKNOSA"
                },
                {
                    "id": "AU1323",
                    "name": "TIE ROD END SET OUTER FRNT L/R TEKNOSA"
                }
            ]
        },
        {
            "id": "27",
            "category": "BEARINGS",
            "category_parts": [
                {
                    "id": "",
                    "name": ""
                },
                {
                    "id": "VKBA3645",
                    "name": "WHEEL BRG FRNT [+ABS 51X96X50] SKF"
                },
                {
                    "id": "ATC9020",
                    "name": "WHEEL BRG FRNT [+ABS 51X96X50] TC"
                },
                {
                    "id": "DAC51VWASB",
                    "name": "WHEEL BRG FRNT INNER PQ"
                },
                {
                    "id": "PQ708",
                    "name": "WHEEL BRG KIT FRONT PQ"
                },
                {
                    "id": "VKBA3645",
                    "name": "WHEEL BRG REAR [+ABS 51X96X50] SKF"
                },
                {
                    "id": "VKDS321077B",
                    "name": "CONTROL ARM L* SKF"
                },
                {
                    "id": "VKDS421023",
                    "name": "CONTROL ARM L* SKF"
                },
                {
                    "id": "VKDS421024",
                    "name": "CONTROL ARM L* SKF"
                },
                {
                    "id": "VKDS421022",
                    "name": "CONTROL ARM L300 SKF"
                },
                {
                    "id": "VKDS321512B",
                    "name": "CONTROL ARM L350 SKF"
                },
                {
                    "id": "VKDS321513B",
                    "name": "CONTROL ARM L350 SKF"
                }
            ]
        },
        {
            "id": "28",
            "category": "AIR CONDITIONING",
            "category_parts": [
                {
                    "id": "",
                    "name": ""
                },
                {
                    "id": "437100-5670",
                    "name": "COMPRESSOR / AIR CONDITIONER DENSO"
                },
                {
                    "id": "351317461",
                    "name": "AIR CONDITIONING CONDENSER MAHLE L700 W390 D16"
                },
                {
                    "id": "351317464",
                    "name": "AIR CONDITIONING CONDENSER MAHLE L696 W387 D16"
                }
            ]
        },
        {
            "id": "28",
            "category": "AIR CONDITIONING",
            "category_parts": [
                {
                    "id": "",
                    "name": ""
                },
                {
                    "id": "437100-5670",
                    "name": "COMPRESSOR / AIR CONDITIONER DENSO"
                },
                {
                    "id": "351317461",
                    "name": "AIR CONDITIONING CONDENSER MAHLE L700 W390 D16"
                },
                {
                    "id": "351317464",
                    "name": "AIR CONDITIONING CONDENSER MAHLE L696 W387 D16"
                }
            ]
        }
    ]
}
