{
    "id": "288",
    "parts": [
        {
            "id": "1",
            "category": "SERVICE PARTS",
            "category_parts": [
                {
                    "id": "",
                    "name": ""
                },
                {
                    "id": "Z567",
                    "name": "OIL FILTER GUD OD78 H98 [3/4 - 16UNF]"
                },
                {
                    "id": "OF50",
                    "name": "OIL FILTER SPAREPRO OD78 H98"
                },
                {
                    "id": "PH10757",
                    "name": "OIL FILTER FRAM"
                },
                {
                    "id": "COF101286S",
                    "name": "OIL FILTER CHAMPION"
                },
                {
                    "id": "F026407183",
                    "name": "OIL FILTER BOSCH"
                },
                {
                    "id": "49666",
                    "name": "OIL FILTER H79MM IT3/4-16UNF OD76MM FEB"
                },
                {
                    "id": "ADV182122",
                    "name": "OIL FILTER H79MM IT3/4-16UNF OD76MM BLU"
                },
                {
                    "id": "WL7494",
                    "name": "OIL FILTER WIX"
                },
                {
                    "id": "AG1384",
                    "name": "AIR FILTER GUD METAL FREE OD157 H170"
                },
                {
                    "id": "CA10822",
                    "name": "AIR FILTER FRAM"
                },
                {
                    "id": "F026400391",
                    "name": "AIR FILTER BOSCH"
                },
                {
                    "id": "WA9645",
                    "name": "AIR FILTER WIX"
                },
                {
                    "id": "E144",
                    "name": "FUEL FILTER GUD [2=IN \u0026 1=OUT]"
                },
                {
                    "id": "G10243",
                    "name": "FUEL FILTER FRAM"
                },
                {
                    "id": "CFF100478",
                    "name": "FUEL FILTER CHAMPION"
                },
                {
                    "id": "0450905959",
                    "name": "FUEL FILTER BOSCH"
                },
                {
                    "id": "WF8386",
                    "name": "FUEL FILTER WIX"
                },
                {
                    "id": "IE79",
                    "name": "FUEL FILTER KAIZEN"
                },
                {
                    "id": "IZFR6P-7",
                    "name": "SPARK PLUG NGK"
                },
                {
                    "id": "0242240665",
                    "name": "SPARK PLUG BOSCH PLAT/IRIDIUM"
                },
                {
                    "id": "AC39GUD",
                    "name": "CABIN AIR FILTER GUD H30 L250 W216"
                },
                {
                    "id": "AC120GUD",
                    "name": "CABIN AIR FILTER GUD H35 L255 W224"
                },
                {
                    "id": "CB39",
                    "name": "CABIN FILTER SPAREPRO H35 L255 W224"
                },
                {
                    "id": "DI145520-5910",
                    "name": "CABIN AIR FILTER CG DENSO"
                },
                {
                    "id": "CF9323",
                    "name": "CABIN AIR FILTER FRAM"
                },
                {
                    "id": "CFA9404",
                    "name": "CABIN AIR FILTER FRAM [ANTI-ODOR]"
                },
                {
                    "id": "CCF0465",
                    "name": "CABIN AIR FILTER CHAMPION"
                },
                {
                    "id": "1987432057",
                    "name": "CABIN AIR FILTER BOSCH"
                },
                {
                    "id": "1987435002",
                    "name": "CABIN AIR FILTER BOSCH"
                },
                {
                    "id": "WP2087",
                    "name": "CABIN AIR FILTER WIX CARBON"
                },
                {
                    "id": "WP2086",
                    "name": "CABIN AIR FILTER WIX PAPER"
                },
                {
                    "id": "ATE817",
                    "name": "DISC PAD FRNT ATE L146 H55 T19"
                },
                {
                    "id": "FDB1094",
                    "name": "DISC PAD FRNT FERODO L146 H55 T20"
                },
                {
                    "id": "0986424364",
                    "name": "DISC PAD FRNT BOSCH L146 H55 T19"
                },
                {
                    "id": "0986494505",
                    "name": "DISC PAD FRNT BOSCH L146 H55 T19"
                },
                {
                    "id": "D3179",
                    "name": "DISC PAD FRNT SAFELINE L146 H55 T20"
                },
                {
                    "id": "D3199",
                    "name": "DISC PAD FRNT SAFELINE L146 H55 T20"
                },
                {
                    "id": "OPT3179",
                    "name": "DISC PAD FRNT OPTIMA L146 H55"
                },
                {
                    "id": "OPT3289",
                    "name": "DISC PAD REAR L/R OPTIMA"
                },
                {
                    "id": "OPT3200",
                    "name": "DISC PAD REAR L/R OPTIMA L87 H53"
                },
                {
                    "id": "05P668",
                    "name": "DISC PAD FRNT LPR L146 H55 T20"
                },
                {
                    "id": "05P730",
                    "name": "DISC PAD FRNT LPR L146 H55 T20"
                },
                {
                    "id": "ADB0737",
                    "name": "DISC PAD FRNT NIPPON L146 H55 T20"
                },
                {
                    "id": "ATE1241",
                    "name": "DISC PAD REAR ATE L109 H53 T17"
                },
                {
                    "id": "ATE561",
                    "name": "DISC PAD REAR ATE L87 H53 T15"
                },
                {
                    "id": "FDB4316",
                    "name": "DISC PAD REAR FERODO L109 H54 T16"
                },
                {
                    "id": "FDB1083",
                    "name": "DISC PAD REAR FERODO L87 H53 T17"
                },
                {
                    "id": "FDB1788",
                    "name": "DISC PAD REAR FERODO L87 H53 T17"
                },
                {
                    "id": "FDB4004",
                    "name": "DISC PAD REAR FERODO L87 H53 T17"
                },
                {
                    "id": "FDB4222",
                    "name": "DISC PAD REAR FERODO L87 H53 T17"
                },
                {
                    "id": "FDB4260",
                    "name": "DISC PAD REAR FERODO L87 H53 T17"
                },
                {
                    "id": "0986494416",
                    "name": "DISC PAD REAR BOSCH L109 H53 T17"
                },
                {
                    "id": "0986494516",
                    "name": "DISC PAD REAR BOSCH L87 H53 T16"
                },
                {
                    "id": "0986494923",
                    "name": "DISC PAD REAR BOSCH L87 H53 T17"
                },
                {
                    "id": "D4086",
                    "name": "DISC PAD REAR SAFELINE L109 H54 T16"
                },
                {
                    "id": "D3658",
                    "name": "DISC PAD REAR SAFELINE L87 H53 T16"
                },
                {
                    "id": "D3758",
                    "name": "DISC PAD REAR SAFELINE L87 H53 T16"
                },
                {
                    "id": "D3200",
                    "name": "DISC PAD REAR SAFELINE L87 H53 T17"
                },
                {
                    "id": "05P1608",
                    "name": "DISC PAD REAR LPR L109 H53 T18"
                },
                {
                    "id": "05P634",
                    "name": "DISC PAD REAR LPR L87 H53 T17"
                },
                {
                    "id": "ADB02022",
                    "name": "DISC PAD REAR NIPPON L110 H54 T16"
                },
                {
                    "id": "FEB15374",
                    "name": "DRAIN PLUG SUMP \u0026 WASHER FEBI"
                },
                {
                    "id": "3433389",
                    "name": "ENGINE OIL CASTROL MAGNATEC 5W30 5L"
                },
                {
                    "id": "550048788",
                    "name": "ENGINE OIL SHELL HELIX ULTRA 5W30 5L"
                }
            ]
        },
        {
            "id": "2",
            "category": "BRAKES",
            "category_parts": [
                {
                    "id": "",
                    "name": ""
                },
                {
                    "id": "ATE817",
                    "name": "DISC PAD FRNT ATE L146 H55 T19"
                },
                {
                    "id": "FDB1094",
                    "name": "DISC PAD FRNT FERODO L146 H55 T20"
                },
                {
                    "id": "0986424364",
                    "name": "DISC PAD FRNT BOSCH L146 H55 T19"
                },
                {
                    "id": "0986494505",
                    "name": "DISC PAD FRNT BOSCH L146 H55 T19"
                },
                {
                    "id": "D3179",
                    "name": "DISC PAD FRNT SAFELINE L146 H55 T20"
                },
                {
                    "id": "D3199",
                    "name": "DISC PAD FRNT SAFELINE L146 H55 T20"
                },
                {
                    "id": "OPT3179",
                    "name": "DISC PAD FRNT OPTIMA L146 H55"
                },
                {
                    "id": "OPT3289",
                    "name": "DISC PAD REAR L/R OPTIMA"
                },
                {
                    "id": "OPT3200",
                    "name": "DISC PAD REAR L/R OPTIMA L87 H53"
                },
                {
                    "id": "05P668",
                    "name": "DISC PAD FRNT LPR L146 H55 T20"
                },
                {
                    "id": "05P730",
                    "name": "DISC PAD FRNT LPR L146 H55 T20"
                },
                {
                    "id": "ADB0737",
                    "name": "DISC PAD FRNT NIPPON L146 H55 T20"
                },
                {
                    "id": "ATE1241",
                    "name": "DISC PAD REAR ATE L109 H53 T17"
                },
                {
                    "id": "ATE561",
                    "name": "DISC PAD REAR ATE L87 H53 T15"
                },
                {
                    "id": "FDB4316",
                    "name": "DISC PAD REAR FERODO L109 H54 T16"
                },
                {
                    "id": "FDB1083",
                    "name": "DISC PAD REAR FERODO L87 H53 T17"
                },
                {
                    "id": "FDB1788",
                    "name": "DISC PAD REAR FERODO L87 H53 T17"
                },
                {
                    "id": "FDB4004",
                    "name": "DISC PAD REAR FERODO L87 H53 T17"
                },
                {
                    "id": "FDB4222",
                    "name": "DISC PAD REAR FERODO L87 H53 T17"
                },
                {
                    "id": "FDB4260",
                    "name": "DISC PAD REAR FERODO L87 H53 T17"
                },
                {
                    "id": "0986494416",
                    "name": "DISC PAD REAR BOSCH L109 H53 T17"
                },
                {
                    "id": "0986494516",
                    "name": "DISC PAD REAR BOSCH L87 H53 T16"
                },
                {
                    "id": "0986494923",
                    "name": "DISC PAD REAR BOSCH L87 H53 T17"
                },
                {
                    "id": "D4086",
                    "name": "DISC PAD REAR SAFELINE L109 H54 T16"
                },
                {
                    "id": "D3658",
                    "name": "DISC PAD REAR SAFELINE L87 H53 T16"
                },
                {
                    "id": "D3758",
                    "name": "DISC PAD REAR SAFELINE L87 H53 T16"
                },
                {
                    "id": "D3200",
                    "name": "DISC PAD REAR SAFELINE L87 H53 T17"
                },
                {
                    "id": "05P1608",
                    "name": "DISC PAD REAR LPR L109 H53 T18"
                },
                {
                    "id": "05P634",
                    "name": "DISC PAD REAR LPR L87 H53 T17"
                },
                {
                    "id": "ADB02022",
                    "name": "DISC PAD REAR NIPPON L110 H54 T16"
                },
                {
                    "id": "DR6398",
                    "name": "BRAKE DISC FV ALFA D256 H36 S65 [5]"
                },
                {
                    "id": "122.0151",
                    "name": "BRAKE DISC FV ATE D256 H37 S65 ID134 [5]"
                },
                {
                    "id": "125.0113",
                    "name": "BRAKE DISC FV ATE D288 H35 S65 O136 [5]"
                },
                {
                    "id": "125-0158",
                    "name": "BRAKE DISC FV ATE D312 H50 S65 5"
                },
                {
                    "id": "DDF927",
                    "name": "BRAKE DISC FV FERODO D256 H37 S65 [5]"
                },
                {
                    "id": "DDF927C",
                    "name": "BRAKE DISC FV FERODO D256 H37 S65 [5]"
                },
                {
                    "id": "TBD7398-D",
                    "name": "BRAKE DISC FRNT L/R VENTED OPTIMA"
                },
                {
                    "id": "TBD7534-D",
                    "name": "BRAKE DISC FRNT L/R VENTED OPTIMA"
                },
                {
                    "id": "TBD7399-D",
                    "name": "BRAKE DISC REAR L/R SOLID OPTIMA"
                },
                {
                    "id": "TBD8259-D",
                    "name": "BRAKE DISC REAR L/R SOLID OPTIMA"
                },
                {
                    "id": "DR6399",
                    "name": "BRAKE DISC RS ALFA D231 H39 S65 [5]"
                },
                {
                    "id": "109.0123",
                    "name": "BRAKE DISC RS ATE D232 H40 S65 ID125 [5]"
                },
                {
                    "id": "DDF929",
                    "name": "BRAKE DISC RS FERODO D232 H39 S65 [5]"
                },
                {
                    "id": "DDF929C",
                    "name": "BRAKE DISC RS FERODO D232 H39 S65 [5]"
                },
                {
                    "id": "VW1206",
                    "name": "BRAKE M/CYL CPD 22.22MM"
                },
                {
                    "id": "00961",
                    "name": "WHEEL HUB REAR \u0026 BRG OSSCA/ATS"
                },
                {
                    "id": "HUB89",
                    "name": "WHEEL HUB REAR [+BRG] ATS"
                },
                {
                    "id": "HB4610",
                    "name": "WHEEL HUB FRNT L/R ID29 OD126 TEKNOSA"
                },
                {
                    "id": "HUB80",
                    "name": "WHEEL BRG FRNT [256MM DISC]"
                },
                {
                    "id": "113-1306X",
                    "name": "BRAKE CALIPER GUIDE SLEEVE KIT QB"
                },
                {
                    "id": "113-1355X",
                    "name": "BRAKE CALIPER GUIDE SLEEVE KIT QB"
                },
                {
                    "id": "113-1482X",
                    "name": "BRAKE CALIPER GUIDE SLEEVE KIT QB"
                }
            ]
        },
        {
            "id": "3",
            "category": "SUSPENSION COMPONENTS [FRONT]",
            "category_parts": [
                {
                    "id": "",
                    "name": ""
                },
                {
                    "id": "E7097",
                    "name": "SHOCK FRNT MONROE [DISCONTINUED]"
                },
                {
                    "id": "AR7025",
                    "name": "STRUT MOUNTING FRNT [+BEARING] PQ"
                },
                {
                    "id": "AU2814",
                    "name": "MOUNTING SHOCK FRNT L/R TEKNOSA"
                },
                {
                    "id": "AU2815",
                    "name": "MOUNTING SHOCK REAR L/R TEKNOSA"
                },
                {
                    "id": "SB-8136",
                    "name": "MOUNTING STRUT FRNT L/R TEKNOSA"
                },
                {
                    "id": "SB-8137",
                    "name": "MOUNTING STRUT REAR L/R TEKNOSA"
                },
                {
                    "id": "FEB09228",
                    "name": "STRUT MOUNTING FRNT [+BEARING] FEBI"
                },
                {
                    "id": "FEB09227",
                    "name": "STRUT MOUNTING FRNT [-BEARING] FEBI"
                },
                {
                    "id": "S2152",
                    "name": "STRUT MOUNTING FRNT [+BEARING] RUBREX"
                },
                {
                    "id": "VKDP33346T",
                    "name": "DUST COVER KIT FRNT SKF"
                },
                {
                    "id": "VKDP43107T",
                    "name": "DUST COVER KIT REAR SKF"
                },
                {
                    "id": "VKDP43121T",
                    "name": "DUST COVER KIT REAR SKF"
                },
                {
                    "id": "AU1913",
                    "name": "BALL JOINT LOWER FRNT LHS TEKNOSA"
                },
                {
                    "id": "AU1914",
                    "name": "BALL JOINT LOWER FRNT RHS TEKNOSA"
                },
                {
                    "id": "20179AP",
                    "name": "BALL JOINT LOWER LHS A-PLUS"
                },
                {
                    "id": "20180AP",
                    "name": "BALL JOINT LOWER RHS A-PLUS"
                },
                {
                    "id": "VKDS311003",
                    "name": "BALL JOINT LOWER L* H* ID* OD* SKF"
                },
                {
                    "id": "VKDS311004",
                    "name": "BALL JOINT LOWER L* H* ID* OD* SKF"
                },
                {
                    "id": "AU2016",
                    "name": "CONTROL ARM LOWER FRNT LHS TEKNOSA"
                },
                {
                    "id": "AU2017",
                    "name": "CONTROL ARM LOWER FRNT RHS TEKNOSA"
                },
                {
                    "id": "CS378L",
                    "name": "CONTROL ARM LOWER LHS PQ"
                },
                {
                    "id": "CS379L",
                    "name": "CONTROL ARM LOWER LHS PQ"
                },
                {
                    "id": "CS378R",
                    "name": "CONTROL ARM LOWER RHS PQ"
                },
                {
                    "id": "CS379R",
                    "name": "CONTROL ARM LOWER RHS PQ"
                },
                {
                    "id": "21888AP",
                    "name": "CONTROL ARM LOWER LHS A-PLUS"
                },
                {
                    "id": "21889AP",
                    "name": "CONTROL ARM LOWER RHS A-PLUS"
                },
                {
                    "id": "TR5605",
                    "name": "STABILISER LINK FRONT L/R [271MM] PQ"
                },
                {
                    "id": "VKDS341000",
                    "name": "STABILIZER LINK L* H* ID* OD* SKF"
                },
                {
                    "id": "09146",
                    "name": "STABILIZER LINK FRNT 271MM OSSCA/ATS"
                },
                {
                    "id": "BJ1278L",
                    "name": "TRACK CONTROL ARM LOWER LHS PQ"
                },
                {
                    "id": "BJ1278R",
                    "name": "TRACK CONTROL ARM LOWER RHS PQ"
                },
                {
                    "id": "VKDS321002",
                    "name": "CONTROL ARM L* SKF"
                },
                {
                    "id": "VKDS321002B",
                    "name": "CONTROL ARM L* SKF"
                },
                {
                    "id": "VKDS321003",
                    "name": "CONTROL ARM L* SKF"
                },
                {
                    "id": "VKDS321003B",
                    "name": "CONTROL ARM L* SKF"
                },
                {
                    "id": "VKDS331001",
                    "name": "C/ARM BUSH L* H* ID* OD* SKF"
                },
                {
                    "id": "VKDS331002",
                    "name": "C/ARM BUSH L* H* ID* OD* SKF"
                },
                {
                    "id": "VKDS331020",
                    "name": "C/ARM BUSH L* H* ID* OD* SKF"
                },
                {
                    "id": "AR5413",
                    "name": "C/ARM BUSH F/SUSP LOWER INNER PQ"
                },
                {
                    "id": "FEB10814",
                    "name": "C/ARM BUSH LOWER REAR FEBI"
                },
                {
                    "id": "FEB07856",
                    "name": "CONT ARM BUSH LOWER FRNT FEBI"
                },
                {
                    "id": "MT5413",
                    "name": "C/ARM BUSH LOWER FRNT"
                },
                {
                    "id": "00324",
                    "name": "CONTROL ARM BUSH OSSCA/ATS"
                },
                {
                    "id": "03191",
                    "name": "CONTROL ARM BUSH OSSCA/ATS"
                },
                {
                    "id": "S1962",
                    "name": "C/ARM BUSH LOWER FRNT RUBREX"
                },
                {
                    "id": "S811",
                    "name": "C/ARM BUSH LOWER REAR RUBREX"
                },
                {
                    "id": "AU2113",
                    "name": "BUSH CONT ARM LOW FRNT L/R TEKNOSA"
                },
                {
                    "id": "AU2114",
                    "name": "BUSH CONT ARM LOW FRNT L/R TEKNOSA"
                },
                {
                    "id": "SB-6524",
                    "name": "BUSH CONT ARM LOW FRNT L/R TEKNOSA"
                },
                {
                    "id": "SB-7022",
                    "name": "BUSH CONT ARM LOW FRNT L/R TEKNOSA"
                },
                {
                    "id": "SB-7528A",
                    "name": "BUSH CONT ARM LOW FRNT L/R TEKNOSA"
                },
                {
                    "id": "VKDS351000",
                    "name": "STAB BAR BUSH L34.5 H39.5 ID17 OD* SKF"
                },
                {
                    "id": "AR7009",
                    "name": "STAB BAR BUSH F/SUSP"
                },
                {
                    "id": "FEB27640",
                    "name": "STAB BAR BUSH F/SUSP FEBI"
                },
                {
                    "id": "S2368",
                    "name": "STAB BAR BUSH F/SUSP RUBREX"
                }
            ]
        },
        {
            "id": "4",
            "category": "SUSPENSION COMPONENTS [REAR]",
            "category_parts": [
                {
                    "id": "",
                    "name": ""
                },
                {
                    "id": "VKDP33346T",
                    "name": "DUST COVER KIT FRNT SKF"
                },
                {
                    "id": "VKDP43107T",
                    "name": "DUST COVER KIT REAR SKF"
                },
                {
                    "id": "VKDP43121T",
                    "name": "DUST COVER KIT REAR SKF"
                },
                {
                    "id": "E1309",
                    "name": "SHOCK REAR MONROE [DISCONTINUED]"
                },
                {
                    "id": "VKDA40127",
                    "name": "TOP MOUNT REAR SHOCK [SINGLE] SKF"
                },
                {
                    "id": "VKDA40104T",
                    "name": "TOP MOUNT SHOCK REAR [TWIN PACK] SKF"
                },
                {
                    "id": "VKDA40127T",
                    "name": "TOP MOUNT SHOCK REAR [TWIN PACK] SKF"
                },
                {
                    "id": "AR7026",
                    "name": "STRUT MOUNTING REAR PQ"
                },
                {
                    "id": "FEB19274",
                    "name": "STRUT MOUNTING REAR FEBI"
                },
                {
                    "id": "VKDS331001",
                    "name": "C/ARM BUSH L* H* ID* OD* SKF"
                },
                {
                    "id": "VKDS331002",
                    "name": "C/ARM BUSH L* H* ID* OD* SKF"
                },
                {
                    "id": "VKDS331020",
                    "name": "C/ARM BUSH L* H* ID* OD* SKF"
                },
                {
                    "id": "14275AP",
                    "name": "C/ARM BUSH LOWER L/R A-PLUS"
                },
                {
                    "id": "14276AP",
                    "name": "C/ARM BUSH LOWER L/R A-PLUS"
                },
                {
                    "id": "AR6417",
                    "name": "C/ARM BUSH R/SUSP LOWER OUTER PQ"
                },
                {
                    "id": "AU2113",
                    "name": "BUSH CONT ARM LOW FRNT L/R TEKNOSA"
                },
                {
                    "id": "AU2114",
                    "name": "BUSH CONT ARM LOW FRNT L/R TEKNOSA"
                },
                {
                    "id": "SB-6524",
                    "name": "BUSH CONT ARM LOW FRNT L/R TEKNOSA"
                },
                {
                    "id": "SB-7022",
                    "name": "BUSH CONT ARM LOW FRNT L/R TEKNOSA"
                },
                {
                    "id": "SB-7528A",
                    "name": "BUSH CONT ARM LOW FRNT L/R TEKNOSA"
                },
                {
                    "id": "VKDS351000",
                    "name": "STAB BAR BUSH L34.5 H39.5 ID17 OD* SKF"
                },
                {
                    "id": "AR6958",
                    "name": "AXLE BEAM BUSH R/SUSP INNER PQ"
                },
                {
                    "id": "AR6957",
                    "name": "AXLE BEAM BUSH R/SUSP OUTER PQ"
                },
                {
                    "id": "AR6930",
                    "name": "AXLE BUSH REAR AXLE UPPER INNER PQ"
                },
                {
                    "id": "AR6931",
                    "name": "AXLE BUSH REAR AXLE UPPER OUTER PQ"
                },
                {
                    "id": "AR6962",
                    "name": "AXLE LINK BUSH RHS/LHS R/SUSP PQ"
                },
                {
                    "id": "S2349",
                    "name": "AXLE BUSH REAR AXLE UPP INN RUBREX"
                },
                {
                    "id": "VKDS341000",
                    "name": "STABILIZER LINK L* H* ID* OD* SKF"
                },
                {
                    "id": "TR5953",
                    "name": "STABILISER LINK REAR L/R PQ 95MM"
                },
                {
                    "id": "TR6337",
                    "name": "STABILISER LINK REAR L/R [70MM] PQ"
                },
                {
                    "id": "12125AP",
                    "name": "STABILIZER LINK L/R A-PLUS L271"
                },
                {
                    "id": "AU1511",
                    "name": "STABILIZER LINK FRNT L/R L271 TEKNOSA"
                },
                {
                    "id": "AU1512",
                    "name": "STABILIZER LINK REAR L/R L70 TEKNOSA"
                },
                {
                    "id": "VKDS321002",
                    "name": "CONTROL ARM L* SKF"
                },
                {
                    "id": "VKDS321002B",
                    "name": "CONTROL ARM L* SKF"
                },
                {
                    "id": "VKDS321003",
                    "name": "CONTROL ARM L* SKF"
                },
                {
                    "id": "VKDS321003B",
                    "name": "CONTROL ARM L* SKF"
                }
            ]
        },
        {
            "id": "5",
            "category": "COOLING SYSTEM",
            "category_parts": [
                {
                    "id": "",
                    "name": ""
                },
                {
                    "id": "VW233",
                    "name": "RADIATOR BOTTLE [CAP = TP3-22]"
                },
                {
                    "id": "376702474",
                    "name": "RADIATOR OVERFLOW BOTTLE HELLA"
                },
                {
                    "id": "01343",
                    "name": "RADIATOR OVERFLOW BOTTLE OSSCA/ATS"
                },
                {
                    "id": "VWE2183",
                    "name": "RADIATOR OVERFLOW BOTTLE PI"
                },
                {
                    "id": "01686",
                    "name": "RADIATOR CAP OSSCA/ATS"
                },
                {
                    "id": "TP3-23",
                    "name": "RADIATOR CAP [LIGHT BLUE 40KPA] ECHLIN"
                },
                {
                    "id": "TP3-23M",
                    "name": "RADIATOR CAP [LIGHT BLUE 40KPA] MP"
                },
                {
                    "id": "VKPC81213",
                    "name": "WATER PUMP SKF"
                },
                {
                    "id": "WP83070",
                    "name": "WATER PUMP NEPTUNE"
                },
                {
                    "id": "QCP3721",
                    "name": "WATER PUMP ECHLIN"
                },
                {
                    "id": "A-215",
                    "name": "WATER PUMP DOLZ"
                },
                {
                    "id": "FEB34370",
                    "name": "FAN INTERIOR RESISTOR FEBI"
                },
                {
                    "id": "VKM31047",
                    "name": "TENSIONER V-BELT PULLEY [OD:65 5:24] SKF"
                },
                {
                    "id": "VKM31153",
                    "name": "TENSIONER V-BELT PULLEY [OD:76 W:26] SKF"
                },
                {
                    "id": "437100-8210",
                    "name": "COMPRESSOR / AIR CONDITIONER DENSO"
                }
            ]
        },
        {
            "id": "6",
            "category": "CLUTCH COMPONENTS",
            "category_parts": [
                {
                    "id": "",
                    "name": ""
                },
                {
                    "id": "M1590107",
                    "name": "CLUTCH M/CYL BETTABRAKE 15.87MM"
                },
                {
                    "id": "M1590175",
                    "name": "CLUTCH M/CYL BETTABRAKE 15.87MM"
                },
                {
                    "id": "05737",
                    "name": "CLUTCH M/CYL OSSCA/ATS 15.87MM W/SENSOR"
                },
                {
                    "id": "22481",
                    "name": "CLUTCH M/CYL OSSCA/ATS 19.05MM PLASTIC"
                },
                {
                    "id": "33936",
                    "name": "CLUTCH M/CYL FEBI"
                },
                {
                    "id": "FEB33936",
                    "name": "CLUTCH M/CYL FEBI"
                },
                {
                    "id": "CM159.9505",
                    "name": "CLUTCH M/CYL PQ"
                },
                {
                    "id": "500118510",
                    "name": "CONCENTRIC S/CYL LUK"
                },
                {
                    "id": "0986486553",
                    "name": "CLUTCH S/CYL BOSCH"
                },
                {
                    "id": "0986486554",
                    "name": "CLUTCH S/CYL BOSCH"
                },
                {
                    "id": "S1900072",
                    "name": "CLUTCH S/CYL BETTABRAKE 19.05MM"
                },
                {
                    "id": "S1900081",
                    "name": "CLUTCH S/CYL BETTABRAKE 19.05MM"
                },
                {
                    "id": "32168",
                    "name": "CLUTCH S/CYL FEBI"
                },
                {
                    "id": "39438",
                    "name": "CLUTCH S/CYL FEBI"
                },
                {
                    "id": "09341",
                    "name": "CLUTCH S/CYL OSSCA/ATS 19.05 PLASTIC"
                },
                {
                    "id": "122031710",
                    "name": "PRESSURE PLATE LUK"
                },
                {
                    "id": "622333600",
                    "name": "CLUTCH KIT LUK D220 S22.0 ST28"
                },
                {
                    "id": "R563MK",
                    "name": "CLUTCH KIT LUK D220 S22.0 ST28"
                },
                {
                    "id": "3000950019",
                    "name": "CLUTCH KIT SACHS [220X22.1-28]"
                },
                {
                    "id": "VW32",
                    "name": "CLUTCH KIT PI"
                },
                {
                    "id": "VW73",
                    "name": "CLUTCH KIT VALEO 220 X 22 - 28"
                },
                {
                    "id": "RB9680",
                    "name": "RELEASE BEARING PQ"
                },
                {
                    "id": "AR6916",
                    "name": "GEARBOX MOUNTING PQ"
                }
            ]
        },
        {
            "id": "7",
            "category": "IGNITION SYSTEM",
            "category_parts": [
                {
                    "id": "",
                    "name": ""
                },
                {
                    "id": "IC200",
                    "name": "IGNITION COIL [+MODULE 4-PIN] ECHLIN"
                },
                {
                    "id": "IC23",
                    "name": "IGNITION COIL [COIL ONLY] ECHLIN"
                },
                {
                    "id": "111430",
                    "name": "IGNITION COIL [+MODULE 4-PIN] HUCO"
                },
                {
                    "id": "0986221048",
                    "name": "IGNITION COIL BOSCH"
                },
                {
                    "id": "IC8030M",
                    "name": "IGNITION COIL [+MODULE 4-PIN]"
                },
                {
                    "id": "IC334290",
                    "name": "IGNITION COIL KAIZEN"
                }
            ]
        },
        {
            "id": "8",
            "category": "DRIVESHAFT COMPONENTS",
            "category_parts": [
                {
                    "id": "",
                    "name": ""
                },
                {
                    "id": "VW6916",
                    "name": "CV JOINT INNER FRNT L/R 33X34X100 TEKNOSA"
                },
                {
                    "id": "VW6916-X",
                    "name": "CV JOINT INNER FRNT L/R 33X34X100 X-LINE"
                },
                {
                    "id": "VW5720",
                    "name": "CV JOINT OUTER FRNT L/R 36X30X52XI [SHORT THREAD] TEKNOSA"
                },
                {
                    "id": "VW5720-X",
                    "name": "CV JOINT OUTER FRNT L/R 36X30X52XI [SHORT] X-LINE"
                },
                {
                    "id": "VKJP01001",
                    "name": "CV BOOT KIT OUTER SKF"
                },
                {
                    "id": "VKJP01001S",
                    "name": "CV BOOT KIT OUTER SKF"
                },
                {
                    "id": "VKJP01018",
                    "name": "CV BOOT KIT OUTER SKF"
                },
                {
                    "id": "VKJP3159",
                    "name": "CV BOOT KIT OUTER SKF"
                },
                {
                    "id": "VKJP3159R",
                    "name": "CV BOOT KIT OUTER SKF"
                },
                {
                    "id": "VKJP6001",
                    "name": "CV BOOT KIT OUTER SKF"
                },
                {
                    "id": "VKJP6004",
                    "name": "CV BOOT KIT OUTER SKF"
                }
            ]
        },
        {
            "id": "9",
            "category": "FUEL SYSTEM",
            "category_parts": [
                {
                    "id": "",
                    "name": ""
                },
                {
                    "id": "E144",
                    "name": "FUEL FILTER GUD [2=IN \u0026 1=OUT]"
                },
                {
                    "id": "G10243",
                    "name": "FUEL FILTER FRAM"
                },
                {
                    "id": "CFF100478",
                    "name": "FUEL FILTER CHAMPION"
                },
                {
                    "id": "0450905959",
                    "name": "FUEL FILTER BOSCH"
                },
                {
                    "id": "WF8386",
                    "name": "FUEL FILTER WIX"
                },
                {
                    "id": "IE79",
                    "name": "FUEL FILTER KAIZEN"
                }
            ]
        },
        {
            "id": "10",
            "category": "TIMING COMPONENTS",
            "category_parts": [
                {
                    "id": "",
                    "name": ""
                },
                {
                    "id": "1987947951",
                    "name": "T/BELT KIT BOSCH"
                },
                {
                    "id": "1987948336",
                    "name": "T/BELT KIT BOSCH"
                },
                {
                    "id": "VKMV6PK1429",
                    "name": "MULTI-GROOVE BELT SKF"
                },
                {
                    "id": "VKMV6PK1690",
                    "name": "MULTI-GROOVE BELT SKF"
                },
                {
                    "id": "VKMV6PK1693",
                    "name": "MULTI-GROOVE BELT [ALT] SKF"
                },
                {
                    "id": "6PK1693",
                    "name": "MULTI-GROOVE BELT [ALT +AC] RAM"
                },
                {
                    "id": "6PK1425",
                    "name": "MULTI-GROOVE BELT [ALT -AC] RAM"
                },
                {
                    "id": "VKM31047",
                    "name": "TENSIONER V-BELT PULLEY [OD:65 5:24] SKF"
                },
                {
                    "id": "VKM31153",
                    "name": "TENSIONER V-BELT PULLEY [OD:76 W:26] SKF"
                },
                {
                    "id": "T39023",
                    "name": "T/BELT TENSIONER GATES"
                }
            ]
        },
        {
            "id": "11",
            "category": "CYLINDER HEAD COMPONENTS",
            "category_parts": [
                {
                    "id": "",
                    "name": ""
                },
                {
                    "id": "BX453",
                    "name": "CYL HEAD GASKET PAYEN"
                },
                {
                    "id": "71-40101-00",
                    "name": "CYL HEAD COVER GASKET VR"
                },
                {
                    "id": "81-34367-00",
                    "name": "CAMSHAFT OIL SEAL"
                }
            ]
        },
        {
            "id": "12",
            "category": "ENGINE SUB ASSEMBLY",
            "category_parts": [
                {
                    "id": "",
                    "name": ""
                },
                {
                    "id": "RP83055",
                    "name": "PISTON SET AE 71MM"
                },
                {
                    "id": "RR83055",
                    "name": "RINGSET FED 71MM 1.2/1.2/2MM"
                },
                {
                    "id": "B4114",
                    "name": "CONROD BEARING SET AE"
                },
                {
                    "id": "M5495",
                    "name": "MAIN BEARING SET AE"
                },
                {
                    "id": "ROP83070",
                    "name": "OIL PUMP AUTOZONE"
                },
                {
                    "id": "FEB15374",
                    "name": "DRAIN PLUG SUMP \u0026 WASHER FEBI"
                },
                {
                    "id": "W1105",
                    "name": "THRUST WASHER SET"
                },
                {
                    "id": "81-34367-00",
                    "name": "CAMSHAFT OIL SEAL"
                },
                {
                    "id": "9573FS",
                    "name": "OIL SEAL REAR MAIN BRG PQ"
                },
                {
                    "id": "9548",
                    "name": "OIL SEAL T/COVER OR CAM PQ"
                }
            ]
        },
        {
            "id": "13",
            "category": "MOUNTINGS ",
            "category_parts": [
                {
                    "id": "",
                    "name": ""
                },
                {
                    "id": "09020",
                    "name": "ENGINE MOUNTING LHS OSSCA/ATS"
                },
                {
                    "id": "02511",
                    "name": "ENGINE MOUNTING RHS OSSCA/ATS"
                },
                {
                    "id": "13920",
                    "name": "STRUT MOUNTING OSSCA/ATS"
                },
                {
                    "id": "AR7113",
                    "name": "ENGINE MOUNTING LHS PQ"
                },
                {
                    "id": "AR6917",
                    "name": "ENGINE MOUNTING LHS REAR PQ"
                },
                {
                    "id": "AR7050",
                    "name": "ENGINE MOUNTING REAR PQ"
                },
                {
                    "id": "AR9969",
                    "name": "ENGINE MOUNTING REAR PQ"
                },
                {
                    "id": "AR7014",
                    "name": "ENGINE MOUNTING RHS PQ"
                },
                {
                    "id": "FEB19904",
                    "name": "ENGINE MOUNTING LHS FEBI"
                },
                {
                    "id": "FEB19908",
                    "name": "ENGINE MOUNTING LHS REAR"
                },
                {
                    "id": "FEB19906",
                    "name": "ENGINE MOUNTING LHS REAR FEBI"
                },
                {
                    "id": "FEB23880",
                    "name": "ENGINE MOUNTING RHS FEBI"
                },
                {
                    "id": "S2268",
                    "name": "ENGINE MOUNTING LHS REAR RUBREX"
                },
                {
                    "id": "S2151",
                    "name": "ENGINE MOUNTING RHS RUBREX"
                },
                {
                    "id": "S2205",
                    "name": "ENGINE MOUNTING SUPPORT RUBREX"
                },
                {
                    "id": "SB-8125",
                    "name": "MOUNTING ENGINE FRNT RHS TEKNOSA"
                },
                {
                    "id": "SB-8161",
                    "name": "MOUNTING ENGINE REAR L/R TEKNOSA"
                },
                {
                    "id": "SB-9366",
                    "name": "MOUNTING ENGINE REAR L/R TEKNOSA"
                },
                {
                    "id": "AR6916",
                    "name": "GEARBOX MOUNTING PQ"
                },
                {
                    "id": "SB-8224",
                    "name": "MOUNTING GEARBOX REAR LHS TEKNOSA"
                },
                {
                    "id": "AR7025",
                    "name": "STRUT MOUNTING FRNT [+BEARING] PQ"
                },
                {
                    "id": "FEB09228",
                    "name": "STRUT MOUNTING FRNT [+BEARING] FEBI"
                },
                {
                    "id": "FEB09227",
                    "name": "STRUT MOUNTING FRNT [-BEARING] FEBI"
                },
                {
                    "id": "S2152",
                    "name": "STRUT MOUNTING FRNT [+BEARING] RUBREX"
                },
                {
                    "id": "AU2814",
                    "name": "MOUNTING SHOCK FRNT L/R TEKNOSA"
                },
                {
                    "id": "AU2815",
                    "name": "MOUNTING SHOCK REAR L/R TEKNOSA"
                },
                {
                    "id": "SB-8136",
                    "name": "MOUNTING STRUT FRNT L/R TEKNOSA"
                },
                {
                    "id": "SB-8137",
                    "name": "MOUNTING STRUT REAR L/R TEKNOSA"
                },
                {
                    "id": "AR7026",
                    "name": "STRUT MOUNTING REAR PQ"
                },
                {
                    "id": "FEB19274",
                    "name": "STRUT MOUNTING REAR FEBI"
                }
            ]
        },
        {
            "id": "14",
            "category": "STARTER COMPONENTS",
            "category_parts": [
                {
                    "id": "",
                    "name": ""
                },
                {
                    "id": "STR1233A",
                    "name": "STARTER MOTOR 12V ELECTROPART"
                }
            ]
        },
        {
            "id": "15",
            "category": "ALTERNATOR COMPONENTS",
            "category_parts": [
                {
                    "id": "",
                    "name": ""
                },
                {
                    "id": "0124525544",
                    "name": "ALTERNATOR BOSCH"
                },
                {
                    "id": "ALT1242A",
                    "name": "ALTERNATOR ELECTROPART 12V 140A"
                },
                {
                    "id": "VKM03118",
                    "name": "ALT PULLEY [G:6 W:34.4 ID:17 OD:55] SKF"
                },
                {
                    "id": "535015510",
                    "name": "ALTERNATOR FREEWHEEL PULLEY INA"
                },
                {
                    "id": "6PK1693",
                    "name": "MULTI-GROOVE BELT [ALT +AC] RAM"
                },
                {
                    "id": "6PK1425",
                    "name": "MULTI-GROOVE BELT [ALT -AC] RAM"
                },
                {
                    "id": "VKM31047",
                    "name": "TENSIONER V-BELT PULLEY [OD:65 5:24] SKF"
                },
                {
                    "id": "VKM31153",
                    "name": "TENSIONER V-BELT PULLEY [OD:76 W:26] SKF"
                }
            ]
        },
        {
            "id": "16",
            "category": "BODY PARTS FRONT AND REAR",
            "category_parts": [
                {
                    "id": "",
                    "name": ""
                },
                {
                    "id": "G64210",
                    "name": "BULB HEADLIGHT LOW BEAM"
                },
                {
                    "id": "HB467",
                    "name": "BULB HEADLIGHT LOW BEAM ATS"
                },
                {
                    "id": "G7505",
                    "name": "BULB DAYTIME RUNNING LIGHT"
                },
                {
                    "id": "LED",
                    "name": "BULB DAYTIME RUNNING LIGHT"
                },
                {
                    "id": "G64150",
                    "name": "BULB HEADLIGHT HIGH BEAM"
                },
                {
                    "id": "G7505",
                    "name": "BULB PARK LIGHT FRNT"
                },
                {
                    "id": "G7504",
                    "name": "BULB FLASHER FRNT"
                },
                {
                    "id": "G64136",
                    "name": "BULB FLASHER FRNT [XENON]"
                },
                {
                    "id": "G64211",
                    "name": "BULB FOG LIGHT FRNT"
                },
                {
                    "id": "HB448",
                    "name": "BULB FOG LIGHT FRNT ATS"
                },
                {
                    "id": "LED",
                    "name": "BULB SIDE MARKER"
                },
                {
                    "id": "LED",
                    "name": "BULB TAILIGHT"
                },
                {
                    "id": "G7506",
                    "name": "BULB TAILIGHT"
                },
                {
                    "id": "LED",
                    "name": "BULB STOPLIGHT"
                },
                {
                    "id": "G7506",
                    "name": "BULB STOPLIGHT"
                },
                {
                    "id": "921",
                    "name": "BULB REVERSE LIGHT"
                },
                {
                    "id": "921",
                    "name": "BULB FLASHER REAR"
                },
                {
                    "id": "G7506",
                    "name": "BULB FOG LIGHT REAR"
                },
                {
                    "id": "G1073",
                    "name": "BULB FOG LIGHT REAR ATS"
                },
                {
                    "id": "G582",
                    "name": "BULB FOG LIGHT REAR ATS"
                },
                {
                    "id": "G6418",
                    "name": "BULB LICENSE PLATE"
                },
                {
                    "id": "G254",
                    "name": "BULB LICENSE PLATE ATS"
                },
                {
                    "id": "G6148",
                    "name": "BULB LICENSE PLATE PI"
                },
                {
                    "id": "LED",
                    "name": "BULB HI-MOUNT STOPLIGHT"
                },
                {
                    "id": "7.1232",
                    "name": "STOP LIGHT SWITCH FACET"
                }
            ]
        },
        {
            "id": "17",
            "category": "SWITCHES \u0026 ACCESSORIES",
            "category_parts": [
                {
                    "id": "",
                    "name": ""
                },
                {
                    "id": "F646",
                    "name": "BATTERY EXIDE/MIDAS"
                },
                {
                    "id": "F652",
                    "name": "BATTERY EXIDE/MIDAS"
                },
                {
                    "id": "F652AGM",
                    "name": "BATTERY EXIDE/MIDAS START/STOP L278MM"
                },
                {
                    "id": "W646",
                    "name": "BATTERY WILLARD"
                },
                {
                    "id": "W652AGM-00",
                    "name": "BATTERY WILLARD STOP/START L278MM"
                },
                {
                    "id": "W652",
                    "name": "BATTERY WILLARD"
                },
                {
                    "id": "3397007556",
                    "name": "WIPER BLADE FRNT KIT BOSCH"
                },
                {
                    "id": "3397008634",
                    "name": "WIPER BLADE REAR BOSCH"
                },
                {
                    "id": "V652-64AGM",
                    "name": "BATTERY VARTA START/STOP L278MM"
                },
                {
                    "id": "TS6136",
                    "name": "TEMP SENDER UNIT [P/FIT 2-PIN] ECHLIN"
                },
                {
                    "id": "FEB29318",
                    "name": "TEMP SENDER UNIT [P/FIT 2-PIN] FEBI"
                },
                {
                    "id": "7.1232",
                    "name": "STOP LIGHT SWITCH FACET"
                },
                {
                    "id": "VW263",
                    "name": "BLOWER MOTOR RESISTOR OSSCA/ATS"
                }
            ]
        },
        {
            "id": "18",
            "category": "GASKETS ",
            "category_parts": [
                {
                    "id": "",
                    "name": ""
                },
                {
                    "id": "BX453",
                    "name": "CYL HEAD GASKET PAYEN"
                }
            ]
        },
        {
            "id": "20",
            "category": "SEALS ",
            "category_parts": [
                {
                    "id": "",
                    "name": ""
                },
                {
                    "id": "81-34367-00",
                    "name": "CAMSHAFT OIL SEAL"
                },
                {
                    "id": "9573FS",
                    "name": "OIL SEAL REAR MAIN BRG PQ"
                },
                {
                    "id": "9548",
                    "name": "OIL SEAL T/COVER OR CAM PQ"
                }
            ]
        },
        {
            "id": "21",
            "category": "SENSORS \u0026 RELAYS",
            "category_parts": [
                {
                    "id": "",
                    "name": ""
                },
                {
                    "id": "05573",
                    "name": "WHEEL SPEED SENSOR FRNT LHS OSSCA/ATS"
                },
                {
                    "id": "05574",
                    "name": "WHEEL SPEED SENSOR FRNT RHS OSSCA/ATS"
                }
            ]
        },
        {
            "id": "23",
            "category": "LUBRICANTS",
            "category_parts": [
                {
                    "id": "",
                    "name": ""
                },
                {
                    "id": "3433389",
                    "name": "ENGINE OIL CASTROL MAGNATEC 5W30 5L"
                },
                {
                    "id": "550048788",
                    "name": "ENGINE OIL SHELL HELIX ULTRA 5W30 5L"
                }
            ]
        },
        {
            "id": "24",
            "category": "WHEEL BEARINGS",
            "category_parts": [
                {
                    "id": "",
                    "name": ""
                },
                {
                    "id": "VKBA3569",
                    "name": "WHEEL BRG FRNT [+HUB +ABS] SKF"
                },
                {
                    "id": "VKBA3643",
                    "name": "WHEEL BRG KIT FRNT [5+4 HOLE] SKF"
                },
                {
                    "id": "ATC9021",
                    "name": "WHEEL BRG FRNT TC"
                },
                {
                    "id": "HUB108",
                    "name": "WHEEL BRG FRNT INNER ID29 PQ"
                },
                {
                    "id": "HUB103",
                    "name": "WHEEL BRG FRNT INNER ID30 PQ"
                },
                {
                    "id": "PQ701",
                    "name": "WHEEL BRG KIT FRNT PQ"
                },
                {
                    "id": "PQ701P",
                    "name": "WHEEL BRG KIT FRNT PQ"
                },
                {
                    "id": "PQ688",
                    "name": "WHEEL BRG KIT FRONT ID29 PQ"
                },
                {
                    "id": "FAG9021",
                    "name": "WHEEL BRG FRNT FAG"
                },
                {
                    "id": "713610470",
                    "name": "WHEEL BRG KIT FRNT FAG"
                },
                {
                    "id": "FAG1061",
                    "name": "WHEEL BRG KIT FRNT [5+4 HOLE] FAG"
                },
                {
                    "id": "WBFW18042",
                    "name": "WHEEL BRG FRNT GM"
                },
                {
                    "id": "VKBA3567",
                    "name": "WHEEL BRG KIT REAR SKF"
                },
                {
                    "id": "ATC9022",
                    "name": "WHEEL BRG KIT REAR TC"
                },
                {
                    "id": "PQ702",
                    "name": "WHEEL BRG KIT REAR PQ"
                },
                {
                    "id": "HUB106",
                    "name": "WHEEL BRG REAR INNER PQ"
                },
                {
                    "id": "713610490",
                    "name": "WHEEL BRG KIT REAR FAG"
                },
                {
                    "id": "FAG9022",
                    "name": "WHEEL BRG KIT REAR FAG"
                },
                {
                    "id": "9022M",
                    "name": "WHEEL BRG KIT REAR MP"
                },
                {
                    "id": "FEB24224",
                    "name": "WHEEL BRG KIT REAR FEBI"
                },
                {
                    "id": "WBRW1404",
                    "name": "WHEEL BRG KIT REAR GM"
                }
            ]
        },
        {
            "id": "26",
            "category": "STEERING",
            "category_parts": [
                {
                    "id": "",
                    "name": ""
                },
                {
                    "id": "16788AP",
                    "name": "STEERING RACK END L/R A-PLUS L310"
                },
                {
                    "id": "TR6197",
                    "name": "STEERING RACK END [293/309MM] PQ"
                },
                {
                    "id": "TR5712",
                    "name": "STEERING RACK END [295/309MM] PQ"
                },
                {
                    "id": "VW1420",
                    "name": "RACK END FRNT L/R L293 TEKNOSA"
                },
                {
                    "id": "AU1410",
                    "name": "RACK END FRNT L/R L310 TEKNOSA"
                },
                {
                    "id": "VKDY331004",
                    "name": "ROD ASSEMBLY L367 SKF"
                },
                {
                    "id": "VKDY311000",
                    "name": "TIE ROD END L* SKF"
                },
                {
                    "id": "VKDY311001",
                    "name": "TIE ROD END L* SKF"
                },
                {
                    "id": "11355AP",
                    "name": "TIE ROD END OUTER LHS A-PLUS"
                },
                {
                    "id": "11354AP",
                    "name": "TIE ROD END OUTER RHS A-PLUS"
                },
                {
                    "id": "TR5706",
                    "name": "TIE ROD END OUTER L/R PQ"
                },
                {
                    "id": "TR6198",
                    "name": "TIE ROD END OUTER L/R PQ"
                },
                {
                    "id": "AU1016",
                    "name": "TIE ROD END OUTER FRNT LHS TEKNOSA"
                },
                {
                    "id": "VW1019",
                    "name": "TIE ROD END OUTER FRNT LHS TEKNOSA"
                },
                {
                    "id": "AU1017",
                    "name": "TIE ROD END OUTER FRNT RHS TEKNOSA"
                },
                {
                    "id": "VW1020",
                    "name": "TIE ROD END OUTER FRNT RHS TEKNOSA"
                },
                {
                    "id": "AU1313",
                    "name": "TIE ROD END SET OUTER FRNT L/R TEKNOSA"
                },
                {
                    "id": "VW1314",
                    "name": "TIE ROD END SET OUTER FRNT L/R TEKNOSA"
                }
            ]
        },
        {
            "id": "27",
            "category": "BEARINGS",
            "category_parts": [
                {
                    "id": "",
                    "name": ""
                },
                {
                    "id": "VKBA3569",
                    "name": "WHEEL BRG FRNT [+HUB +ABS] SKF"
                },
                {
                    "id": "VKBA3643",
                    "name": "WHEEL BRG KIT FRNT [5+4 HOLE] SKF"
                },
                {
                    "id": "ATC9021",
                    "name": "WHEEL BRG FRNT TC"
                },
                {
                    "id": "HUB108",
                    "name": "WHEEL BRG FRNT INNER ID29 PQ"
                },
                {
                    "id": "HUB103",
                    "name": "WHEEL BRG FRNT INNER ID30 PQ"
                },
                {
                    "id": "PQ701",
                    "name": "WHEEL BRG KIT FRNT PQ"
                },
                {
                    "id": "PQ701P",
                    "name": "WHEEL BRG KIT FRNT PQ"
                },
                {
                    "id": "PQ688",
                    "name": "WHEEL BRG KIT FRONT ID29 PQ"
                },
                {
                    "id": "FAG9021",
                    "name": "WHEEL BRG FRNT FAG"
                },
                {
                    "id": "713610470",
                    "name": "WHEEL BRG KIT FRNT FAG"
                },
                {
                    "id": "FAG1061",
                    "name": "WHEEL BRG KIT FRNT [5+4 HOLE] FAG"
                },
                {
                    "id": "WBFW18042",
                    "name": "WHEEL BRG FRNT GM"
                },
                {
                    "id": "VKBA3567",
                    "name": "WHEEL BRG KIT REAR SKF"
                },
                {
                    "id": "ATC9022",
                    "name": "WHEEL BRG KIT REAR TC"
                },
                {
                    "id": "PQ702",
                    "name": "WHEEL BRG KIT REAR PQ"
                },
                {
                    "id": "HUB106",
                    "name": "WHEEL BRG REAR INNER PQ"
                },
                {
                    "id": "713610490",
                    "name": "WHEEL BRG KIT REAR FAG"
                },
                {
                    "id": "FAG9022",
                    "name": "WHEEL BRG KIT REAR FAG"
                },
                {
                    "id": "9022M",
                    "name": "WHEEL BRG KIT REAR MP"
                },
                {
                    "id": "FEB24224",
                    "name": "WHEEL BRG KIT REAR FEBI"
                },
                {
                    "id": "WBRW1404",
                    "name": "WHEEL BRG KIT REAR GM"
                },
                {
                    "id": "VKDS321002",
                    "name": "CONTROL ARM L* SKF"
                },
                {
                    "id": "VKDS321002B",
                    "name": "CONTROL ARM L* SKF"
                },
                {
                    "id": "VKDS321003",
                    "name": "CONTROL ARM L* SKF"
                },
                {
                    "id": "VKDS321003B",
                    "name": "CONTROL ARM L* SKF"
                }
            ]
        },
        {
            "id": "28",
            "category": "AIR CONDITIONING",
            "category_parts": [
                {
                    "id": "",
                    "name": ""
                },
                {
                    "id": "437100-8210",
                    "name": "COMPRESSOR / AIR CONDITIONER DENSO"
                }
            ]
        },
        {
            "id": "28",
            "category": "AIR CONDITIONING",
            "category_parts": [
                {
                    "id": "",
                    "name": ""
                },
                {
                    "id": "437100-8210",
                    "name": "COMPRESSOR / AIR CONDITIONER DENSO"
                }
            ]
        }
    ]
}
