{
    "id": "291",
    "parts": [
        {
            "id": "1",
            "category": "SERVICE PARTS",
            "category_parts": [
                {
                    "id": "",
                    "name": ""
                },
                {
                    "id": "M103",
                    "name": "OIL FILTER GUD CARTRIDGE METAL FREE H129 OD68 IDT25"
                },
                {
                    "id": "COF100604E",
                    "name": "OIL FILTER CHAMPION"
                },
                {
                    "id": "F026407011",
                    "name": "OIL FILTER BOSCH H129 OD69"
                },
                {
                    "id": "WL7468",
                    "name": "OIL FILTER WIX"
                },
                {
                    "id": "108314",
                    "name": "AIR FILTER FEBI L152 H160 OD152 ID93"
                },
                {
                    "id": "ADV182214",
                    "name": "AIR FILTER BLUEPRINT L152 OD152"
                },
                {
                    "id": "INTANK",
                    "name": "FUEL FILTER IN TANK LIFETIME"
                },
                {
                    "id": "PFR6W-TG",
                    "name": "SPARK PLUG NGK"
                },
                {
                    "id": "VKB20",
                    "name": "SPARK PLUG DENSO IRIDIUM TOUGH [D14MM HEX16MM 22NM TL19]"
                },
                {
                    "id": "CET11P",
                    "name": "SPARK PLUG CHAMPION"
                },
                {
                    "id": "OE214",
                    "name": "SPARK PLUG CHAMPION"
                },
                {
                    "id": "AC121GUD",
                    "name": "CABIN AIR FILTER GUD H35 L255 W252"
                },
                {
                    "id": "DI145520-3870",
                    "name": "CABIN AIR FILTER CG DENSO"
                },
                {
                    "id": "1987432548",
                    "name": "CABIN AIR FILTER BOSCH L254 W258 H35"
                },
                {
                    "id": "WP2075",
                    "name": "CABIN AIR FILTER WIX"
                },
                {
                    "id": "FDB4468",
                    "name": "DISC PAD FRNT FERODO L190 H101 T17"
                },
                {
                    "id": "FDB4397",
                    "name": "DISC PAD FRNT FERODO L193 H71 T20"
                },
                {
                    "id": "FDB4969",
                    "name": "DISC PAD FRNT FERODO L193 H76 T20"
                },
                {
                    "id": "P85136",
                    "name": "DISC PAD FRNT BREMBO L188 H101 T17"
                },
                {
                    "id": "P85127",
                    "name": "DISC PAD FRNT BREMBO L193 H71 T20"
                },
                {
                    "id": "P85128",
                    "name": "DISC PAD FRNT BREMBO L193 H76 T20"
                },
                {
                    "id": "0986494986",
                    "name": "DISC PAD FRNT BOSCH L0 H0 T0"
                },
                {
                    "id": "D3956",
                    "name": "DISC PAD FRNT SAFELINE L193 H74 T20"
                },
                {
                    "id": "05P1806",
                    "name": "DISC PAD FRNT LPR L189 H93 T17"
                },
                {
                    "id": "05P1743",
                    "name": "DISC PAD FRNT LPR L193 H74 T20"
                },
                {
                    "id": "05P1743A",
                    "name": "DISC PAD FRNT LPR L193 H74 T20"
                },
                {
                    "id": "ADB22120",
                    "name": "DISC PAD FRNT NIPPON L193 H71 T20"
                },
                {
                    "id": "FDB4393",
                    "name": "DISC PAD REAR FERODO L116 H59 T17"
                },
                {
                    "id": "P85151",
                    "name": "DISC PAD REAR BREMBO L131 H62 T18"
                },
                {
                    "id": "0986494446",
                    "name": "DISC PAD REAR BOSCH L117 H59 T17"
                },
                {
                    "id": "D3957",
                    "name": "DISC PAD REAR SAFELINE"
                },
                {
                    "id": "05P1826A",
                    "name": "DISC PAD REAR LPR L116 H59 T17"
                },
                {
                    "id": "ADB22121",
                    "name": "DISC PAD REAR NIPPON L117 H59 T17"
                },
                {
                    "id": "3433389",
                    "name": "ENGINE OIL CASTROL MAGNATEC 5W30 5L"
                },
                {
                    "id": "550048788",
                    "name": "ENGINE OIL SHELL HELIX ULTRA 5W30 5L"
                }
            ]
        },
        {
            "id": "2",
            "category": "BRAKES",
            "category_parts": [
                {
                    "id": "",
                    "name": ""
                },
                {
                    "id": "FDB4468",
                    "name": "DISC PAD FRNT FERODO L190 H101 T17"
                },
                {
                    "id": "FDB4397",
                    "name": "DISC PAD FRNT FERODO L193 H71 T20"
                },
                {
                    "id": "FDB4969",
                    "name": "DISC PAD FRNT FERODO L193 H76 T20"
                },
                {
                    "id": "P85136",
                    "name": "DISC PAD FRNT BREMBO L188 H101 T17"
                },
                {
                    "id": "P85127",
                    "name": "DISC PAD FRNT BREMBO L193 H71 T20"
                },
                {
                    "id": "P85128",
                    "name": "DISC PAD FRNT BREMBO L193 H76 T20"
                },
                {
                    "id": "0986494986",
                    "name": "DISC PAD FRNT BOSCH L0 H0 T0"
                },
                {
                    "id": "D3956",
                    "name": "DISC PAD FRNT SAFELINE L193 H74 T20"
                },
                {
                    "id": "05P1806",
                    "name": "DISC PAD FRNT LPR L189 H93 T17"
                },
                {
                    "id": "05P1743",
                    "name": "DISC PAD FRNT LPR L193 H74 T20"
                },
                {
                    "id": "05P1743A",
                    "name": "DISC PAD FRNT LPR L193 H74 T20"
                },
                {
                    "id": "ADB22120",
                    "name": "DISC PAD FRNT NIPPON L193 H71 T20"
                },
                {
                    "id": "FDB4393",
                    "name": "DISC PAD REAR FERODO L116 H59 T17"
                },
                {
                    "id": "P85151",
                    "name": "DISC PAD REAR BREMBO L131 H62 T18"
                },
                {
                    "id": "0986494446",
                    "name": "DISC PAD REAR BOSCH L117 H59 T17"
                },
                {
                    "id": "D3957",
                    "name": "DISC PAD REAR SAFELINE"
                },
                {
                    "id": "05P1826A",
                    "name": "DISC PAD REAR LPR L116 H59 T17"
                },
                {
                    "id": "ADB22121",
                    "name": "DISC PAD REAR NIPPON L117 H59 T17"
                },
                {
                    "id": "TBD8473-D",
                    "name": "BRAKE DISC FRNT L/R VENTED OPTIMA"
                },
                {
                    "id": "DR7473",
                    "name": "BRAKE DISC RV ALFA D330 H36 S68 [5]"
                },
                {
                    "id": "DR7501",
                    "name": "BRAKE DISC RV ALFA D356 H36 S68 [5]"
                },
                {
                    "id": "0986479749",
                    "name": "BRAKE DISC REAR BOSCH"
                },
                {
                    "id": "0986479750",
                    "name": "BRAKE DISC REAR BOSCH"
                },
                {
                    "id": "DDF2383C",
                    "name": "BRAKE DISC RV FERODO D330 H37 S68 [5]"
                },
                {
                    "id": "DDF1990C",
                    "name": "BRAKE DISC RV FERODO D356 H36 S68 [5]"
                },
                {
                    "id": "WS0377B",
                    "name": "DISC PAD SENSOR FRONT [278MM] QB"
                },
                {
                    "id": "WS0375B",
                    "name": "DISC PAD SENSOR FRONT [325MM] QB"
                },
                {
                    "id": "WS0379B",
                    "name": "DISC PAD SENSOR FRONT [448MM] QB"
                },
                {
                    "id": "WS0391B",
                    "name": "DISC PAD SENSOR REAR [250MM] QB"
                },
                {
                    "id": "WS0394B",
                    "name": "DISC PAD SENSOR REAR [345MM] QB"
                },
                {
                    "id": "113-1448X",
                    "name": "BRAKE CALIPER GUIDE SLEEVE KIT QB"
                }
            ]
        },
        {
            "id": "3",
            "category": "SUSPENSION COMPONENTS [FRONT]",
            "category_parts": [
                {
                    "id": "",
                    "name": ""
                },
                {
                    "id": "AU1922",
                    "name": "BALL JOINT LOWER FRNT L/R TEKNOSA"
                },
                {
                    "id": "23824AP",
                    "name": "BALL JOINT LOWER L/R A-PLUS [18MM]"
                },
                {
                    "id": "VKDS311035",
                    "name": "BALL JOINT LOWER L* H* ID* OD44 SKF"
                },
                {
                    "id": "23812AP",
                    "name": "CONTROL ARM UPPER LHS A-PLUS"
                },
                {
                    "id": "23818AP",
                    "name": "CONTROL ARM UPPER LHS A-PLUS"
                },
                {
                    "id": "23813AP",
                    "name": "CONTROL ARM UPPER RHS A-PLUS"
                },
                {
                    "id": "23819AP",
                    "name": "CONTROL ARM UPPER RHS A-PLUS"
                },
                {
                    "id": "AU2063",
                    "name": "CONTROL ARM LOWER FRNT LHS TEKNOSA"
                },
                {
                    "id": "AU2065",
                    "name": "CONTROL ARM LOWER FRNT LHS TEKNOSA"
                },
                {
                    "id": "AU2064",
                    "name": "CONTROL ARM LOWER FRNT RHS TEKNOSA"
                },
                {
                    "id": "AU2066",
                    "name": "CONTROL ARM LOWER FRNT RHS TEKNOSA"
                },
                {
                    "id": "AU1723",
                    "name": "CONTROL ARM UPPER FRNT LHS TEKNOSA"
                },
                {
                    "id": "AU1725",
                    "name": "CONTROL ARM UPPER FRNT LHS TEKNOSA"
                },
                {
                    "id": "AU1724",
                    "name": "CONTROL ARM UPPER FRNT RHS TEKNOSA"
                },
                {
                    "id": "AU1726",
                    "name": "CONTROL ARM UPPER FRNT RHS TEKNOSA"
                },
                {
                    "id": "19426AP",
                    "name": "CONTROL ARM LOWER LHS A-PLUS"
                },
                {
                    "id": "19438AP",
                    "name": "CONTROL ARM LOWER LHS A-PLUS"
                },
                {
                    "id": "21735AP",
                    "name": "CONTROL ARM LOWER LHS A-PLUS"
                },
                {
                    "id": "23809AP",
                    "name": "CONTROL ARM LOWER LHS A-PLUS"
                },
                {
                    "id": "23853AP",
                    "name": "CONTROL ARM LOWER LHS A-PLUS [19MM]"
                },
                {
                    "id": "19439AP",
                    "name": "CONTROL ARM LOWER RHS A-PLUS"
                },
                {
                    "id": "21736AP",
                    "name": "CONTROL ARM LOWER RHS A-PLUS"
                },
                {
                    "id": "23810AP",
                    "name": "CONTROL ARM LOWER RHS A-PLUS"
                },
                {
                    "id": "23854AP",
                    "name": "CONTROL ARM LOWER RHS A-PLUS [19MM]"
                },
                {
                    "id": "23874AP",
                    "name": "LATERAL LINK RHS A-PLUS"
                },
                {
                    "id": "AR8926",
                    "name": "STABILIZER LINK FRNT L+R PQ"
                },
                {
                    "id": "VKDS341020",
                    "name": "STABILIZER LINK L* H* ID* OD* SKF"
                },
                {
                    "id": "VKDS341026",
                    "name": "STABILIZER LINK L* H* ID* OD* SKF"
                },
                {
                    "id": "AU2614",
                    "name": "LATERAL LINK REAR LHS TEKNOSA"
                },
                {
                    "id": "AU2615",
                    "name": "LATERAL LINK REAR RHS TEKNOSA"
                },
                {
                    "id": "VKDS331028",
                    "name": "C/ARM BUSH L45 H43.8 ID12.1 OD43.8 SKF"
                },
                {
                    "id": "AU2128",
                    "name": "BUSH CONT ARM LOW FRNT L/R TEKNOSA"
                },
                {
                    "id": "AU2132",
                    "name": "BUSH CONT ARM LOW FRNT L/R TEKNOSA"
                },
                {
                    "id": "AU1812",
                    "name": "BUSH CONT ARM UP FRNT L/R TEKNOSA"
                }
            ]
        },
        {
            "id": "4",
            "category": "SUSPENSION COMPONENTS [REAR]",
            "category_parts": [
                {
                    "id": "",
                    "name": ""
                },
                {
                    "id": "VKDS331028",
                    "name": "C/ARM BUSH L45 H43.8 ID12.1 OD43.8 SKF"
                },
                {
                    "id": "17384AP",
                    "name": "C/ARM BUSH LOWER L/R A-PLUS"
                },
                {
                    "id": "23952AP",
                    "name": "C/ARM BUSH LOWER L/R A-PLUS"
                },
                {
                    "id": "17417AP",
                    "name": "C/ARM BUSH LOWER L/R A-PLUS [ID:12|OD:65"
                },
                {
                    "id": "22611AP",
                    "name": "C/ARM BUSH LOWER L/R A-PLUS [OD:75]"
                },
                {
                    "id": "21731AP",
                    "name": "C/ARM BUSH UPPER L/R A-PLUS"
                },
                {
                    "id": "AU2128",
                    "name": "BUSH CONT ARM LOW FRNT L/R TEKNOSA"
                },
                {
                    "id": "AU2132",
                    "name": "BUSH CONT ARM LOW FRNT L/R TEKNOSA"
                },
                {
                    "id": "AU1812",
                    "name": "BUSH CONT ARM UP FRNT L/R TEKNOSA"
                },
                {
                    "id": "AU2614",
                    "name": "LATERAL LINK REAR LHS TEKNOSA"
                },
                {
                    "id": "AU2615",
                    "name": "LATERAL LINK REAR RHS TEKNOSA"
                },
                {
                    "id": "VKDS341020",
                    "name": "STABILIZER LINK L* H* ID* OD* SKF"
                },
                {
                    "id": "VKDS341026",
                    "name": "STABILIZER LINK L* H* ID* OD* SKF"
                },
                {
                    "id": "23873AP",
                    "name": "LATERAL LINK LHS A-PLUS"
                },
                {
                    "id": "19440AP",
                    "name": "LATERAL LINK LHS A-PLUS L283"
                },
                {
                    "id": "19441AP",
                    "name": "LATERAL LINK RHS A-PLUS L283"
                },
                {
                    "id": "21738AP",
                    "name": "STABILIZER LINK L/R A-PLUS"
                },
                {
                    "id": "21734AP",
                    "name": "STABILIZER LINK L/R A-PLUS L170"
                },
                {
                    "id": "23836AP",
                    "name": "STABILIZER LINK L/R A-PLUS L170"
                },
                {
                    "id": "19427AP",
                    "name": "STABILIZER LINK L/R A-PLUS L60"
                },
                {
                    "id": "AU1539",
                    "name": "STABILIZER LINK FRNT L/R L170 TEKNOSA"
                }
            ]
        },
        {
            "id": "5",
            "category": "COOLING SYSTEM",
            "category_parts": [
                {
                    "id": "",
                    "name": ""
                },
                {
                    "id": "376756684",
                    "name": "RADIATOR MAHLE L720 W470 D32"
                },
                {
                    "id": "376737211",
                    "name": "RADIATOR MAHLE L614 W428 D16"
                },
                {
                    "id": "TM4495",
                    "name": "THERMOSTAT MAHLE 95C"
                },
                {
                    "id": "PA1153",
                    "name": "WATER PUMP GRAF"
                },
                {
                    "id": "WP18027",
                    "name": "WATER PUMP PI"
                },
                {
                    "id": "WP36.6S",
                    "name": "WELCH PLUG 36.6MM"
                },
                {
                    "id": "437100-7360",
                    "name": "COMPRESSOR / AIR CONDITIONER DENSO"
                }
            ]
        },
        {
            "id": "7",
            "category": "IGNITION SYSTEM",
            "category_parts": [
                {
                    "id": "",
                    "name": ""
                },
                {
                    "id": "IC327",
                    "name": "IGN COIL ELEC [4 PIN] ECHLIN"
                },
                {
                    "id": "0221604800",
                    "name": "IGNITION COIL BOSCH"
                },
                {
                    "id": "IGC360",
                    "name": "IGNITION COIL MOBILETRON"
                }
            ]
        },
        {
            "id": "8",
            "category": "DRIVESHAFT COMPONENTS",
            "category_parts": [
                {
                    "id": "",
                    "name": ""
                },
                {
                    "id": "AD3008",
                    "name": "CV JOINT OUTER FRNT L/R 42X28X76.5XI TEKNOSA"
                },
                {
                    "id": "VKJP8356R",
                    "name": "CV BOOT KIT OUTER SKF"
                },
                {
                    "id": "VKJP8356",
                    "name": "CV BOOT KIT INNER SKF"
                }
            ]
        },
        {
            "id": "9",
            "category": "FUEL SYSTEM",
            "category_parts": [
                {
                    "id": "",
                    "name": ""
                },
                {
                    "id": "INTANK",
                    "name": "FUEL FILTER IN TANK LIFETIME"
                },
                {
                    "id": "71-10573-00",
                    "name": "CARB BASE PLATE"
                }
            ]
        },
        {
            "id": "10",
            "category": "TIMING COMPONENTS",
            "category_parts": [
                {
                    "id": "",
                    "name": ""
                },
                {
                    "id": "1987946291",
                    "name": "T/BELT KIT BOSCH"
                },
                {
                    "id": "VKMV5PK1110",
                    "name": "MULTI-GROOVE BELT [ALT] SKF"
                },
                {
                    "id": "VKMV5PK1113",
                    "name": "MULTI-GROOVE BELT [ALT] SKF"
                },
                {
                    "id": "5PK1113",
                    "name": "MULTI-GROOVE BELT RAM"
                },
                {
                    "id": "5PK1120",
                    "name": "MULTI-GROOVE BELT RAM"
                }
            ]
        },
        {
            "id": "11",
            "category": "CYLINDER HEAD COMPONENTS",
            "category_parts": [
                {
                    "id": "",
                    "name": ""
                },
                {
                    "id": "AG8350",
                    "name": "CYL HEAD GASKET PAYEN"
                },
                {
                    "id": "71-42761-00",
                    "name": "CYL HEAD COVER GASKET VR"
                },
                {
                    "id": "71-42762-00",
                    "name": "CYL HEAD COVER GASKET VR"
                },
                {
                    "id": "V94692",
                    "name": "VALVE EXHAUST AE [28X6X101.8]"
                },
                {
                    "id": "V94691",
                    "name": "VALVE INLET AE [33.85X6X103.9]"
                },
                {
                    "id": "RVG83051",
                    "name": "VALVE GUIDE KOLBERN [11.03X6.03X36.60]"
                },
                {
                    "id": "RVG83061",
                    "name": "VALVE GUIDE KOLBERN [11.04X6X39]"
                },
                {
                    "id": "RVG83060",
                    "name": "VALVE GUIDE KOLBERN [11.04X6X39]"
                },
                {
                    "id": "PB854",
                    "name": "VALVE STEM SEAL PAYEN INT"
                },
                {
                    "id": "HT83060",
                    "name": "VALVE LIFTER KOLBERN [12X35MM]"
                },
                {
                    "id": "420022410",
                    "name": "ROCKER ARM"
                },
                {
                    "id": "RA83060",
                    "name": "ROCKER ARM FEBI"
                },
                {
                    "id": "177027",
                    "name": "CAMSHAFT SENSOR SEBRING 3 PIN"
                }
            ]
        },
        {
            "id": "12",
            "category": "ENGINE SUB ASSEMBLY",
            "category_parts": [
                {
                    "id": "",
                    "name": ""
                },
                {
                    "id": "B3250",
                    "name": "CONROD BEARING SET AE"
                },
                {
                    "id": "W4997",
                    "name": "THRUST WASHER SET KING"
                }
            ]
        },
        {
            "id": "13",
            "category": "MOUNTINGS ",
            "category_parts": [
                {
                    "id": "",
                    "name": ""
                },
                {
                    "id": "71-10573-00",
                    "name": "CARB BASE PLATE"
                }
            ]
        },
        {
            "id": "15",
            "category": "ALTERNATOR COMPONENTS",
            "category_parts": [
                {
                    "id": "",
                    "name": ""
                },
                {
                    "id": "5PK1113",
                    "name": "MULTI-GROOVE BELT RAM"
                },
                {
                    "id": "5PK1120",
                    "name": "MULTI-GROOVE BELT RAM"
                }
            ]
        },
        {
            "id": "16",
            "category": "BODY PARTS FRONT AND REAR",
            "category_parts": [
                {
                    "id": "",
                    "name": ""
                },
                {
                    "id": "G66240",
                    "name": "BULB H/LIGHT LOW BEAM [XENON]"
                },
                {
                    "id": "G66340",
                    "name": "BULB HEADLIGHT LOW BEAM XENON"
                }
            ]
        },
        {
            "id": "17",
            "category": "SWITCHES \u0026 ACCESSORIES",
            "category_parts": [
                {
                    "id": "",
                    "name": ""
                },
                {
                    "id": "F652",
                    "name": "BATTERY EXIDE/MIDAS"
                },
                {
                    "id": "F658",
                    "name": "BATTERY EXIDE/MIDAS"
                },
                {
                    "id": "W652",
                    "name": "BATTERY WILLARD"
                },
                {
                    "id": "W658",
                    "name": "BATTERY WILLARD"
                },
                {
                    "id": "WB21BM",
                    "name": "WIPER BLADE BEAM 21 INCH"
                },
                {
                    "id": "DXR53",
                    "name": "WIPER BLADE FRNT [DRIVER] CHAMPION"
                },
                {
                    "id": "3397006839",
                    "name": "WIPER BLADE FRNT DRIV BOSCH"
                },
                {
                    "id": "3397006833",
                    "name": "WIPER BLADE FRNT PASS BOSCH"
                },
                {
                    "id": "3397007587",
                    "name": "WIPER BLADE KIT FRNT BOSCH"
                },
                {
                    "id": "5648-025",
                    "name": "TEMP SENDER UNIT ECHLIN"
                },
                {
                    "id": "7.3278",
                    "name": "TEMP SENDER UNIT FACET"
                },
                {
                    "id": "TS6136",
                    "name": "TEMP SENDER UNIT [P/FIT 2-PIN] ECHLIN"
                },
                {
                    "id": "33784",
                    "name": "TEMP SENDER UNIT MP"
                },
                {
                    "id": "FEB29318",
                    "name": "TEMP SENDER UNIT [P/FIT 2-PIN] FEBI"
                }
            ]
        },
        {
            "id": "18",
            "category": "GASKETS ",
            "category_parts": [
                {
                    "id": "",
                    "name": ""
                },
                {
                    "id": "AG8350",
                    "name": "CYL HEAD GASKET PAYEN"
                }
            ]
        },
        {
            "id": "20",
            "category": "SEALS ",
            "category_parts": [
                {
                    "id": "",
                    "name": ""
                },
                {
                    "id": "PB854",
                    "name": "VALVE STEM SEAL PAYEN INT"
                }
            ]
        },
        {
            "id": "21",
            "category": "SENSORS \u0026 RELAYS",
            "category_parts": [
                {
                    "id": "",
                    "name": ""
                },
                {
                    "id": "177027",
                    "name": "CAMSHAFT SENSOR SEBRING 3 PIN"
                },
                {
                    "id": "0258986602",
                    "name": "LAMBDA SENSOR BOSCH"
                }
            ]
        },
        {
            "id": "23",
            "category": "LUBRICANTS",
            "category_parts": [
                {
                    "id": "",
                    "name": ""
                },
                {
                    "id": "3433389",
                    "name": "ENGINE OIL CASTROL MAGNATEC 5W30 5L"
                },
                {
                    "id": "550048788",
                    "name": "ENGINE OIL SHELL HELIX ULTRA 5W30 5L"
                }
            ]
        },
        {
            "id": "24",
            "category": "WHEEL BEARINGS",
            "category_parts": [
                {
                    "id": "",
                    "name": ""
                },
                {
                    "id": "VKBA6649",
                    "name": "WHEEL BRG KIT FRNT SKF"
                },
                {
                    "id": "713610900",
                    "name": "WHEEL BRG KIT FRNT FAG"
                },
                {
                    "id": "VKBA6649",
                    "name": "WHEEL BRG KIT REAR SKF"
                }
            ]
        },
        {
            "id": "26",
            "category": "STEERING",
            "category_parts": [
                {
                    "id": "",
                    "name": ""
                },
                {
                    "id": "18180AP",
                    "name": "STEERING RACK END L/R A-PLUS L227"
                },
                {
                    "id": "21739AP",
                    "name": "STEERING RACK END L/R A-PLUS L235"
                },
                {
                    "id": "AU1416",
                    "name": "RACK END FRNT L/R L235 TEKNOSA"
                },
                {
                    "id": "VKDY321006",
                    "name": "STEERING RACK END L243 SKF"
                },
                {
                    "id": "23814AP",
                    "name": "TIE ROD END OUTER LHS A-PLUS"
                },
                {
                    "id": "23815AP",
                    "name": "TIE ROD END OUTER RHS A-PLUS"
                },
                {
                    "id": "AU1033",
                    "name": "TIE ROD END OUTER FRNT LHS TEKNOSA"
                },
                {
                    "id": "AU1034",
                    "name": "TIE ROD END OUTER FRNT RHS TEKNOSA"
                },
                {
                    "id": "AU1322",
                    "name": "TIE ROD END SET OUTER FRNT L/R TEKNOSA"
                }
            ]
        },
        {
            "id": "27",
            "category": "BEARINGS",
            "category_parts": [
                {
                    "id": "",
                    "name": ""
                },
                {
                    "id": "VKBA6649",
                    "name": "WHEEL BRG KIT FRNT SKF"
                },
                {
                    "id": "713610900",
                    "name": "WHEEL BRG KIT FRNT FAG"
                },
                {
                    "id": "VKBA6649",
                    "name": "WHEEL BRG KIT REAR SKF"
                }
            ]
        },
        {
            "id": "28",
            "category": "AIR CONDITIONING",
            "category_parts": [
                {
                    "id": "",
                    "name": ""
                },
                {
                    "id": "437100-7360",
                    "name": "COMPRESSOR / AIR CONDITIONER DENSO"
                }
            ]
        },
        {
            "id": "28",
            "category": "AIR CONDITIONING",
            "category_parts": [
                {
                    "id": "",
                    "name": ""
                },
                {
                    "id": "437100-7360",
                    "name": "COMPRESSOR / AIR CONDITIONER DENSO"
                }
            ]
        }
    ]
}
