{
    "id": "298",
    "parts": [
        {
            "id": "1",
            "category": "SERVICE PARTS",
            "category_parts": [
                {
                    "id": "",
                    "name": ""
                },
                {
                    "id": "M118",
                    "name": "OIL FILTER GUD CARTRIDGE METAL FREE H102 OD65 IDT31 IDB31"
                },
                {
                    "id": "CH10759ECO",
                    "name": "OIL FILTER FRAM"
                },
                {
                    "id": "COF100580E",
                    "name": "OIL FILTER CHAMPION"
                },
                {
                    "id": "F026407023",
                    "name": "OIL FILTER BOSCH H103 OD65 ID28"
                },
                {
                    "id": "36634",
                    "name": "OIL FILTER H101MM ID21MM OD65MM FEBI"
                },
                {
                    "id": "ADV182110",
                    "name": "OIL FILTER H101MM ID21MM OD65MM BLUEPRIN"
                },
                {
                    "id": "WL7476",
                    "name": "OIL FILTER WIX"
                },
                {
                    "id": "06-112",
                    "name": "OIL FILTER GENERIC"
                },
                {
                    "id": "AG1557",
                    "name": "AIR FILTER GUD METAL FREE OD169 H122"
                },
                {
                    "id": "WA9732",
                    "name": "AIR FILTER WIX"
                },
                {
                    "id": "02-555",
                    "name": "AIR FILTER GENERIC"
                },
                {
                    "id": "E177",
                    "name": "FUEL FILTER GUD"
                },
                {
                    "id": "P11237",
                    "name": "FUEL FILTER FRAM [DIESEL]"
                },
                {
                    "id": "WF8412",
                    "name": "FUEL FILTER WIX"
                },
                {
                    "id": "WF8463",
                    "name": "FUEL FILTER WIX"
                },
                {
                    "id": "04-102",
                    "name": "FUEL FILTER [E177]"
                },
                {
                    "id": "Y-1002AS",
                    "name": "GLOW PLUG NGK"
                },
                {
                    "id": "DG-193",
                    "name": "GLOW PLUG DENSO INSTANT HEATING [PL24MM HEX10MM 10-12NM 4.4V M10X1.0]"
                },
                {
                    "id": "CH705",
                    "name": "GLOW PLUG CHAMPION"
                },
                {
                    "id": "0250403009",
                    "name": "GLOW PLUG BOSCH"
                },
                {
                    "id": "AC121GUD",
                    "name": "CABIN AIR FILTER GUD H35 L255 W252"
                },
                {
                    "id": "DI145520-3870",
                    "name": "CABIN AIR FILTER CG DENSO"
                },
                {
                    "id": "CFA11436",
                    "name": "CABIN AIR FILTER FRAM [ANTI-ODOR]"
                },
                {
                    "id": "1987432548",
                    "name": "CABIN AIR FILTER BOSCH L254 W258 H35"
                },
                {
                    "id": "WP2075",
                    "name": "CABIN AIR FILTER WIX"
                },
                {
                    "id": "ATE1305",
                    "name": "DISC PAD FRNT ATE L132 H77 T16"
                },
                {
                    "id": "ATE1100",
                    "name": "DISC PAD FRNT ATE L188 H74 T19"
                },
                {
                    "id": "FDB4044",
                    "name": "DISC PAD FRNT FERODO L188 H73 T19"
                },
                {
                    "id": "FDB4397",
                    "name": "DISC PAD FRNT FERODO L193 H71 T20"
                },
                {
                    "id": "0986494986",
                    "name": "DISC PAD FRNT BOSCH L0 H0 T0"
                },
                {
                    "id": "0986494259",
                    "name": "DISC PAD FRNT BOSCH L188 H73 T18"
                },
                {
                    "id": "D3849",
                    "name": "DISC PAD FRNT SAFELINE L188 H73 T19"
                },
                {
                    "id": "D3956",
                    "name": "DISC PAD FRNT SAFELINE L193 H74 T20"
                },
                {
                    "id": "OPT3849",
                    "name": "DISC PAD FRNT L/R OPTIMA"
                },
                {
                    "id": "05P1420A",
                    "name": "DISC PAD FRNT LPR L188 H74 T19"
                },
                {
                    "id": "05P1743A",
                    "name": "DISC PAD FRNT LPR L193 H74 T20"
                },
                {
                    "id": "ADB21789",
                    "name": "DISC PAD FRNT NIPPON L188 H74 T18"
                },
                {
                    "id": "ADB22120",
                    "name": "DISC PAD FRNT NIPPON L193 H71 T20"
                },
                {
                    "id": "ATE1102",
                    "name": "DISC PAD REAR ATE L116 H59 T18"
                },
                {
                    "id": "FDB4050",
                    "name": "DISC PAD REAR FERODO L116 H59 T18"
                },
                {
                    "id": "FDB4410",
                    "name": "DISC PAD REAR FERODO L116 H59 T18"
                },
                {
                    "id": "0986494254",
                    "name": "DISC PAD REAR BOSCH L116 H59 T17"
                },
                {
                    "id": "0986494446",
                    "name": "DISC PAD REAR BOSCH L117 H59 T17"
                },
                {
                    "id": "D3850",
                    "name": "DISC PAD REAR SAFELINE L116 H59 T17"
                },
                {
                    "id": "D3955",
                    "name": "DISC PAD REAR SAFELINE L116 H59 T17"
                },
                {
                    "id": "05P1489",
                    "name": "DISC PAD REAR LPR L116 H59 T18"
                },
                {
                    "id": "ADB01709",
                    "name": "DISC PAD REAR NIPPON L116 H59 T17"
                },
                {
                    "id": "ADB22121",
                    "name": "DISC PAD REAR NIPPON L117 H59 T17"
                },
                {
                    "id": "550048788",
                    "name": "ENGINE OIL SHELL HELIX ULTRA 5W30 5L"
                }
            ]
        },
        {
            "id": "2",
            "category": "BRAKES",
            "category_parts": [
                {
                    "id": "",
                    "name": ""
                },
                {
                    "id": "ATE1305",
                    "name": "DISC PAD FRNT ATE L132 H77 T16"
                },
                {
                    "id": "ATE1100",
                    "name": "DISC PAD FRNT ATE L188 H74 T19"
                },
                {
                    "id": "FDB4044",
                    "name": "DISC PAD FRNT FERODO L188 H73 T19"
                },
                {
                    "id": "FDB4397",
                    "name": "DISC PAD FRNT FERODO L193 H71 T20"
                },
                {
                    "id": "0986494986",
                    "name": "DISC PAD FRNT BOSCH L0 H0 T0"
                },
                {
                    "id": "0986494259",
                    "name": "DISC PAD FRNT BOSCH L188 H73 T18"
                },
                {
                    "id": "D3849",
                    "name": "DISC PAD FRNT SAFELINE L188 H73 T19"
                },
                {
                    "id": "D3956",
                    "name": "DISC PAD FRNT SAFELINE L193 H74 T20"
                },
                {
                    "id": "OPT3849",
                    "name": "DISC PAD FRNT L/R OPTIMA"
                },
                {
                    "id": "05P1420A",
                    "name": "DISC PAD FRNT LPR L188 H74 T19"
                },
                {
                    "id": "05P1743A",
                    "name": "DISC PAD FRNT LPR L193 H74 T20"
                },
                {
                    "id": "ADB21789",
                    "name": "DISC PAD FRNT NIPPON L188 H74 T18"
                },
                {
                    "id": "ADB22120",
                    "name": "DISC PAD FRNT NIPPON L193 H71 T20"
                },
                {
                    "id": "ATE1102",
                    "name": "DISC PAD REAR ATE L116 H59 T18"
                },
                {
                    "id": "FDB4050",
                    "name": "DISC PAD REAR FERODO L116 H59 T18"
                },
                {
                    "id": "FDB4410",
                    "name": "DISC PAD REAR FERODO L116 H59 T18"
                },
                {
                    "id": "0986494254",
                    "name": "DISC PAD REAR BOSCH L116 H59 T17"
                },
                {
                    "id": "0986494446",
                    "name": "DISC PAD REAR BOSCH L117 H59 T17"
                },
                {
                    "id": "D3850",
                    "name": "DISC PAD REAR SAFELINE L116 H59 T17"
                },
                {
                    "id": "D3955",
                    "name": "DISC PAD REAR SAFELINE L116 H59 T17"
                },
                {
                    "id": "05P1489",
                    "name": "DISC PAD REAR LPR L116 H59 T18"
                },
                {
                    "id": "ADB01709",
                    "name": "DISC PAD REAR NIPPON L116 H59 T17"
                },
                {
                    "id": "ADB22121",
                    "name": "DISC PAD REAR NIPPON L117 H59 T17"
                },
                {
                    "id": "125-0184",
                    "name": "BRAKE DISC FV ATE D314 H52 S68 5"
                },
                {
                    "id": "130.0193",
                    "name": "BRAKE DISC FV ATE D320 H52 S68 ID153 [5]"
                },
                {
                    "id": "129-0102",
                    "name": "BRAKE DISC FV ATE D345 H52 S68 5"
                },
                {
                    "id": "DDF1996C",
                    "name": "BRAKE DISC FV FERODO D320 H52 S68 [5]"
                },
                {
                    "id": "DDF1996C-1",
                    "name": "BRAKE DISC FV FERODO D320 H52 S68 [5]"
                },
                {
                    "id": "TBD8473-D",
                    "name": "BRAKE DISC FRNT L/R VENTED OPTIMA"
                },
                {
                    "id": "TBD7071-D",
                    "name": "BRAKE DISC REAR L/R SOLID OPTIMA"
                },
                {
                    "id": "TBD7220-D",
                    "name": "BRAKE DISC REAR L/R SOLID OPTIMA"
                },
                {
                    "id": "DR6071",
                    "name": "BRAKE DISC RS ALFA D299 H36 S68 [5]"
                },
                {
                    "id": "DR6220",
                    "name": "BRAKE DISC RS ALFA D300 H36 S68 [5]"
                },
                {
                    "id": "112.0178",
                    "name": "BRAKE DISC RS ATE D300 H36 S68 ID169 [5]"
                },
                {
                    "id": "DDF1666",
                    "name": "BRAKE DISC RS FERODO D300 H36 S68 [5]"
                },
                {
                    "id": "DDF1666C",
                    "name": "BRAKE DISC RS FERODO D300 H36 S68 [5]"
                },
                {
                    "id": "WS0377B",
                    "name": "DISC PAD SENSOR FRONT [278MM] QB"
                },
                {
                    "id": "WS0118B",
                    "name": "DISC PAD SENSOR FRONT [300MM] QB"
                },
                {
                    "id": "WS0302B",
                    "name": "DISC PAD SENSOR FRONT [310MM] QB"
                },
                {
                    "id": "WS0375B",
                    "name": "DISC PAD SENSOR FRONT [325MM] QB"
                },
                {
                    "id": "WS0384B",
                    "name": "DISC PAD SENSOR FRONT [360MM] QB"
                },
                {
                    "id": "WS0379B",
                    "name": "DISC PAD SENSOR FRONT [448MM] QB"
                },
                {
                    "id": "WS0311B",
                    "name": "DISC PAD SENSOR REAR [215MM] QB"
                },
                {
                    "id": "WS0373B",
                    "name": "DISC PAD SENSOR REAR [317MM] QB"
                },
                {
                    "id": "FEB43485",
                    "name": "DISC PAD SENSOR FRNT FEBI 405MM"
                },
                {
                    "id": "14955",
                    "name": "WHEEL HUB REAR OSSCA/ATS"
                },
                {
                    "id": "694HUB",
                    "name": "WHEEL HUB FRONT PQ"
                },
                {
                    "id": "113-1339X",
                    "name": "BRAKE CALIPER GUIDE SLEEVE KIT QB"
                },
                {
                    "id": "113-1346X",
                    "name": "BRAKE CALIPER GUIDE SLEEVE KIT QB"
                },
                {
                    "id": "113-1448X",
                    "name": "BRAKE CALIPER GUIDE SLEEVE KIT QB"
                },
                {
                    "id": "113-1450X",
                    "name": "BRAKE CALIPER GUIDE SLEEVE KIT QB"
                }
            ]
        },
        {
            "id": "3",
            "category": "SUSPENSION COMPONENTS [FRONT]",
            "category_parts": [
                {
                    "id": "",
                    "name": ""
                },
                {
                    "id": "742113SP",
                    "name": "SHOCK FRNT MONROE"
                },
                {
                    "id": "E8504",
                    "name": "SHOCK FRNT MONROE"
                },
                {
                    "id": "341717",
                    "name": "SHOCK FRNT KYB"
                },
                {
                    "id": "341719",
                    "name": "SHOCK FRNT KYB"
                },
                {
                    "id": "VKDA35123",
                    "name": "TOP MOUNT FRNT SHOCK [SINGLE] FRNT SKF"
                },
                {
                    "id": "VKDA35123T",
                    "name": "TOP MOUNT FRNT SHOCK [TWIN PACK] FRNT SKF"
                },
                {
                    "id": "AR7996",
                    "name": "STRUT MOUNTING FRNT SUSP"
                },
                {
                    "id": "MK207",
                    "name": "STRUT MOUNTING FRNT MONROE"
                },
                {
                    "id": "MK299",
                    "name": "STRUT MOUNTING FRNT MONROE"
                },
                {
                    "id": "AU2820",
                    "name": "MOUNTING SHOCK FRNT L/R TEKNOSA"
                },
                {
                    "id": "FEB26360",
                    "name": "STRUT MOUNTING FRNT FEBI"
                },
                {
                    "id": "VKDP33128T",
                    "name": "DUST COVER KIT FRNT SKF"
                },
                {
                    "id": "VKDP33140T",
                    "name": "DUST COVER KIT FRNT SKF"
                },
                {
                    "id": "VKDP33144T",
                    "name": "DUST COVER KIT FRNT SKF"
                },
                {
                    "id": "VKDP43139T",
                    "name": "DUST COVER KIT REAR SKF"
                },
                {
                    "id": "AU1920",
                    "name": "BALL JOINT LOWER F/R L/R TEKNOSA"
                },
                {
                    "id": "AU1919",
                    "name": "BALL JOINT LOWER FRNT L/R TEKNOSA"
                },
                {
                    "id": "BJ1283",
                    "name": "BALL JOINT LOWER L/R PQ"
                },
                {
                    "id": "BJ1319",
                    "name": "BALL JOINT LOWER L/R PQ"
                },
                {
                    "id": "21737AP",
                    "name": "BALL JOINT LOWER L/R A-PLUS [17.3MM]"
                },
                {
                    "id": "16232",
                    "name": "BALL JOINT LOWER L+R ATS"
                },
                {
                    "id": "VKDS311026",
                    "name": "BALL JOINT LOWER L* H* ID* OD* SKF"
                },
                {
                    "id": "VKDS311027",
                    "name": "BALL JOINT LOWER L* H* ID* OD42 SKF"
                },
                {
                    "id": "FEB40930",
                    "name": "BALL JOINT LOWER FEBI"
                },
                {
                    "id": "19428AP",
                    "name": "CONTROL ARM UPPER LHS A-PLUS"
                },
                {
                    "id": "19430AP",
                    "name": "CONTROL ARM UPPER LHS A-PLUS"
                },
                {
                    "id": "19429AP",
                    "name": "CONTROL ARM UPPER RHS A-PLUS"
                },
                {
                    "id": "19431AP",
                    "name": "CONTROL ARM UPPER RHS A-PLUS"
                },
                {
                    "id": "FEB36597",
                    "name": "CONTROL ARM UPPER FEBI"
                },
                {
                    "id": "FEB36598",
                    "name": "CONTROL ARM UPPER FEBI"
                },
                {
                    "id": "FEB36602",
                    "name": "CONTROL ARM UPPER FEBI"
                },
                {
                    "id": "FEB36603",
                    "name": "CONTROL ARM UPPER FEBI"
                },
                {
                    "id": "AU2039",
                    "name": "CONTROL ARM LOWER FRNT L/R TEKNOSA"
                },
                {
                    "id": "AU2040",
                    "name": "CONTROL ARM LOWER FRNT L/R TEKNOSA"
                },
                {
                    "id": "AU2043",
                    "name": "CONTROL ARM LOWER FRNT L/R TEKNOSA"
                },
                {
                    "id": "AU2044",
                    "name": "CONTROL ARM LOWER FRNT L/R TEKNOSA"
                },
                {
                    "id": "AU2037",
                    "name": "CONTROL ARM LOWER FRNT LHS TEKNOSA"
                },
                {
                    "id": "AU2041",
                    "name": "CONTROL ARM LOWER FRNT LHS TEKNOSA"
                },
                {
                    "id": "AU2045",
                    "name": "CONTROL ARM LOWER FRNT LHS TEKNOSA"
                },
                {
                    "id": "AU2038",
                    "name": "CONTROL ARM LOWER FRNT RHS TEKNOSA"
                },
                {
                    "id": "AU2042",
                    "name": "CONTROL ARM LOWER FRNT RHS TEKNOSA"
                },
                {
                    "id": "AU2046",
                    "name": "CONTROL ARM LOWER FRNT RHS TEKNOSA"
                },
                {
                    "id": "AU2047",
                    "name": "CONTROL ARM LOWER REAR LHS TEKNOSA"
                },
                {
                    "id": "AU2048",
                    "name": "CONTROL ARM LOWER REAR RHS TEKNOSA"
                },
                {
                    "id": "AU1715",
                    "name": "CONTROL ARM UPPER FRNT LHS TEKNOSA"
                },
                {
                    "id": "AU1717",
                    "name": "CONTROL ARM UPPER FRNT LHS TEKNOSA"
                },
                {
                    "id": "AU1716",
                    "name": "CONTROL ARM UPPER FRNT RHS TEKNOSA"
                },
                {
                    "id": "AU1718",
                    "name": "CONTROL ARM UPPER FRNT RHS TEKNOSA"
                },
                {
                    "id": "19432AP",
                    "name": "CONTROL ARM LOWER LHS A-PLUS"
                },
                {
                    "id": "21735AP",
                    "name": "CONTROL ARM LOWER LHS A-PLUS"
                },
                {
                    "id": "22411AP",
                    "name": "CONTROL ARM LOWER LHS A-PLUS"
                },
                {
                    "id": "19435AP",
                    "name": "CONTROL ARM LOWER LHS A-PLUS [15MM]"
                },
                {
                    "id": "21732AP",
                    "name": "CONTROL ARM LOWER LHS A-PLUS [17MM]"
                },
                {
                    "id": "24758AP",
                    "name": "CONTROL ARM LOWER LHS A-PLUS [17MM]"
                },
                {
                    "id": "19433AP",
                    "name": "CONTROL ARM LOWER RHS A-PLUS"
                },
                {
                    "id": "21736AP",
                    "name": "CONTROL ARM LOWER RHS A-PLUS"
                },
                {
                    "id": "22412AP",
                    "name": "CONTROL ARM LOWER RHS A-PLUS"
                },
                {
                    "id": "19436AP",
                    "name": "CONTROL ARM LOWER RHS A-PLUS [15MM]"
                },
                {
                    "id": "21733AP",
                    "name": "CONTROL ARM LOWER RHS A-PLUS [17MM]"
                },
                {
                    "id": "24759AP",
                    "name": "CONTROL ARM LOWER RHS A-PLUS [17MM]"
                },
                {
                    "id": "FEB34821",
                    "name": "CONTROL ARM LOWER FEBI"
                },
                {
                    "id": "FEB34822",
                    "name": "CONTROL ARM LOWER FEBI"
                },
                {
                    "id": "FEB36049",
                    "name": "CONTROL ARM LOWER FEBI"
                },
                {
                    "id": "FEB36054",
                    "name": "CONTROL ARM LOWER FEBI"
                },
                {
                    "id": "VKDS341020",
                    "name": "STABILIZER LINK L* H* ID* OD* SKF"
                },
                {
                    "id": "VKDS341026",
                    "name": "STABILIZER LINK L* H* ID* OD* SKF"
                },
                {
                    "id": "AU2623",
                    "name": "LATERAL LINK REAR LHS TEKNOSA"
                },
                {
                    "id": "AU2624",
                    "name": "LATERAL LINK REAR RHS TEKNOSA"
                },
                {
                    "id": "BJ1273L",
                    "name": "TRACK CONTROL ARM LOWER LHS PQ"
                },
                {
                    "id": "BJ1274L",
                    "name": "TRACK CONTROL ARM LOWER LHS PQ"
                },
                {
                    "id": "BJ1320L",
                    "name": "TRACK CONTROL ARM LOWER LHS PQ"
                },
                {
                    "id": "BJ1321L",
                    "name": "TRACK CONTROL ARM LOWER LHS PQ"
                },
                {
                    "id": "BJ1273R",
                    "name": "TRACK CONTROL ARM LOWER RHS PQ"
                },
                {
                    "id": "BJ1274R",
                    "name": "TRACK CONTROL ARM LOWER RHS PQ"
                },
                {
                    "id": "BJ1320R",
                    "name": "TRACK CONTROL ARM LOWER RHS PQ"
                },
                {
                    "id": "BJ1321R",
                    "name": "TRACK CONTROL ARM LOWER RHS PQ"
                },
                {
                    "id": "BJ1275L",
                    "name": "TRACK CONTROL ARM UPPER LHS PQ"
                },
                {
                    "id": "BJ1276L",
                    "name": "TRACK CONTROL ARM UPPER LHS PQ"
                },
                {
                    "id": "BJ1275R",
                    "name": "TRACK CONTROL ARM UPPER RHS PQ"
                },
                {
                    "id": "BJ1276R",
                    "name": "TRACK CONTROL ARM UPPER RHS PQ"
                },
                {
                    "id": "VKDS321063B",
                    "name": "CONTROL ARM L238 SKF"
                },
                {
                    "id": "VKDS321064B",
                    "name": "CONTROL ARM L238 SKF"
                },
                {
                    "id": "VKDS321065B",
                    "name": "CONTROL ARM L267.5 SKF"
                },
                {
                    "id": "VKDS321066B",
                    "name": "CONTROL ARM L267.5 SKF"
                },
                {
                    "id": "VKDS331027",
                    "name": "C/ARM BUSH L* H54.9 ID12.2 OD50.2 SKF"
                },
                {
                    "id": "VKDS331028",
                    "name": "C/ARM BUSH L45 H43.8 ID12.1 OD43.8 SKF"
                },
                {
                    "id": "AR9741",
                    "name": "C/ARM BUSH F-R /SUSP UPPER INNER PQ"
                },
                {
                    "id": "FEB29944",
                    "name": "C/ARM BUSH F/SUSP LOWER INNER FEBI"
                },
                {
                    "id": "FEB27484",
                    "name": "C/ARM BUSH S/SUSP LOWER OUTER FEBI"
                },
                {
                    "id": "AU2124",
                    "name": "BUSH CONT ARM LOW FRNT L/R TEKNOSA"
                },
                {
                    "id": "AU2125",
                    "name": "BUSH CONT ARM LOW FRNT L/R TEKNOSA"
                },
                {
                    "id": "AU2126",
                    "name": "BUSH CONT ARM LOW FRNT L/R TEKNOSA"
                },
                {
                    "id": "AU2127",
                    "name": "BUSH CONT ARM LOW FRNT L/R TEKNOSA"
                },
                {
                    "id": "AU2128",
                    "name": "BUSH CONT ARM LOW FRNT L/R TEKNOSA"
                },
                {
                    "id": "AU1810",
                    "name": "BUSH CONT ARM UP FRNT L/R TEKNOSA"
                },
                {
                    "id": "AU1811",
                    "name": "BUSH CONT ARM UP FRNT L/R TEKNOSA"
                },
                {
                    "id": "VKDS351007",
                    "name": "STAB BAR BUSH L* H* ID* OD* SKF"
                }
            ]
        },
        {
            "id": "4",
            "category": "SUSPENSION COMPONENTS [REAR]",
            "category_parts": [
                {
                    "id": "",
                    "name": ""
                },
                {
                    "id": "VKDP33128T",
                    "name": "DUST COVER KIT FRNT SKF"
                },
                {
                    "id": "VKDP33140T",
                    "name": "DUST COVER KIT FRNT SKF"
                },
                {
                    "id": "VKDP33144T",
                    "name": "DUST COVER KIT FRNT SKF"
                },
                {
                    "id": "VKDP43139T",
                    "name": "DUST COVER KIT REAR SKF"
                },
                {
                    "id": "376025SP",
                    "name": "SHOCK REAR MONROE"
                },
                {
                    "id": "E7815",
                    "name": "SHOCK REAR MONROE"
                },
                {
                    "id": "349133",
                    "name": "SHOCK REAR KYB"
                },
                {
                    "id": "349134",
                    "name": "SHOCK REAR KYB"
                },
                {
                    "id": "MK297",
                    "name": "STRUT MOUNTING REAR MONROE"
                },
                {
                    "id": "VKDS331027",
                    "name": "C/ARM BUSH L* H54.9 ID12.2 OD50.2 SKF"
                },
                {
                    "id": "VKDS331028",
                    "name": "C/ARM BUSH L45 H43.8 ID12.1 OD43.8 SKF"
                },
                {
                    "id": "19434AP",
                    "name": "C/ARM BUSH LOWER L/R A-PLUS"
                },
                {
                    "id": "19437AP",
                    "name": "C/ARM BUSH LOWER L/R A-PLUS [OD:65]"
                },
                {
                    "id": "22611AP",
                    "name": "C/ARM BUSH LOWER L/R A-PLUS [OD:75]"
                },
                {
                    "id": "14262AP",
                    "name": "C/ARM BUSH UPPER L/R A-PLUS"
                },
                {
                    "id": "AU2124",
                    "name": "BUSH CONT ARM LOW FRNT L/R TEKNOSA"
                },
                {
                    "id": "AU2125",
                    "name": "BUSH CONT ARM LOW FRNT L/R TEKNOSA"
                },
                {
                    "id": "AU2126",
                    "name": "BUSH CONT ARM LOW FRNT L/R TEKNOSA"
                },
                {
                    "id": "AU2127",
                    "name": "BUSH CONT ARM LOW FRNT L/R TEKNOSA"
                },
                {
                    "id": "AU2128",
                    "name": "BUSH CONT ARM LOW FRNT L/R TEKNOSA"
                },
                {
                    "id": "AU1810",
                    "name": "BUSH CONT ARM UP FRNT L/R TEKNOSA"
                },
                {
                    "id": "AU1811",
                    "name": "BUSH CONT ARM UP FRNT L/R TEKNOSA"
                },
                {
                    "id": "VKDS351007",
                    "name": "STAB BAR BUSH L* H* ID* OD* SKF"
                },
                {
                    "id": "AU2623",
                    "name": "LATERAL LINK REAR LHS TEKNOSA"
                },
                {
                    "id": "AU2624",
                    "name": "LATERAL LINK REAR RHS TEKNOSA"
                },
                {
                    "id": "VKDS341020",
                    "name": "STABILIZER LINK L* H* ID* OD* SKF"
                },
                {
                    "id": "VKDS341026",
                    "name": "STABILIZER LINK L* H* ID* OD* SKF"
                },
                {
                    "id": "21738AP",
                    "name": "STABILIZER LINK L/R A-PLUS"
                },
                {
                    "id": "19426AP",
                    "name": "STABILIZER LINK L/R A-PLUS L170"
                },
                {
                    "id": "21734AP",
                    "name": "STABILIZER LINK L/R A-PLUS L170"
                },
                {
                    "id": "19427AP",
                    "name": "STABILIZER LINK L/R A-PLUS L60"
                },
                {
                    "id": "AU1530",
                    "name": "STABILIZER LINK FRNT L/R L110 TEKNOSA"
                },
                {
                    "id": "AU1527",
                    "name": "STABILIZER LINK FRNT L/R L170 TEKNOSA"
                },
                {
                    "id": "AU1528",
                    "name": "STABILIZER LINK FRNT L/R L170 TEKNOSA"
                },
                {
                    "id": "AU1529",
                    "name": "STABILIZER LINK REAR L/R L90 TEKNOSA"
                },
                {
                    "id": "VKDS321063B",
                    "name": "CONTROL ARM L238 SKF"
                },
                {
                    "id": "VKDS321064B",
                    "name": "CONTROL ARM L238 SKF"
                },
                {
                    "id": "VKDS321065B",
                    "name": "CONTROL ARM L267.5 SKF"
                },
                {
                    "id": "VKDS321066B",
                    "name": "CONTROL ARM L267.5 SKF"
                }
            ]
        },
        {
            "id": "5",
            "category": "COOLING SYSTEM",
            "category_parts": [
                {
                    "id": "",
                    "name": ""
                },
                {
                    "id": "01686",
                    "name": "RADIATOR CAP OSSCA/ATS"
                },
                {
                    "id": "TP3-23",
                    "name": "RADIATOR CAP [LIGHT BLUE 40KPA] ECHLIN"
                },
                {
                    "id": "TP3-23M",
                    "name": "RADIATOR CAP [LIGHT BLUE 40KPA] MP"
                },
                {
                    "id": "FEB40722",
                    "name": "RADIATOR CAP FEBI"
                },
                {
                    "id": "VKMC01148-2",
                    "name": "WATER PUMP SKF"
                },
                {
                    "id": "VKPC81269",
                    "name": "WATER PUMP SKF"
                },
                {
                    "id": "PA1137",
                    "name": "WATER PUMP GRAF"
                },
                {
                    "id": "WP83722",
                    "name": "WATER PUMP PI"
                },
                {
                    "id": "QCP3720",
                    "name": "WATER PUMP ECHLIN"
                },
                {
                    "id": "QCP3741",
                    "name": "WATER PUMP ECHLIN"
                },
                {
                    "id": "A-222",
                    "name": "WATER PUMP DOLZ"
                },
                {
                    "id": "A-224",
                    "name": "WATER PUMP DOLZ"
                },
                {
                    "id": "534016410",
                    "name": "FAN BELT TENSIONER LEVER LUK"
                },
                {
                    "id": "VKM31301",
                    "name": "TENSIONER V-BELT PULLEY [OD:65 W:26] SKF"
                },
                {
                    "id": "VKM31058",
                    "name": "TENSIONER V-BELT PULLEY [OD:70 W:24] SKF"
                },
                {
                    "id": "FEB27618",
                    "name": "FAN BELT TENSIONER FEBI"
                },
                {
                    "id": "5630-113",
                    "name": "FAN BELT TENSIONER PI"
                },
                {
                    "id": "437100-7370",
                    "name": "COMPRESSOR / AIR CONDITIONER DENSO"
                }
            ]
        },
        {
            "id": "6",
            "category": "CLUTCH COMPONENTS",
            "category_parts": [
                {
                    "id": "",
                    "name": ""
                },
                {
                    "id": "624375900",
                    "name": "CLUTCH KIT LUK D240 S30.5 ST28"
                },
                {
                    "id": "3000950751",
                    "name": "CLUTCH KIT SACHS"
                }
            ]
        },
        {
            "id": "8",
            "category": "DRIVESHAFT COMPONENTS",
            "category_parts": [
                {
                    "id": "",
                    "name": ""
                },
                {
                    "id": "AD3005",
                    "name": "CV JOINT OUTER FRNT L/R 42X29X76.5XM TEKNOSA"
                },
                {
                    "id": "VKJP01001",
                    "name": "CV BOOT KIT OUTER SKF"
                },
                {
                    "id": "VKJP01001S",
                    "name": "CV BOOT KIT OUTER SKF"
                },
                {
                    "id": "VKJP8203",
                    "name": "CV BOOT KIT INNER SKF"
                },
                {
                    "id": "9594",
                    "name": "OIL SEAL DRIVE SHAFT L/R PQ"
                }
            ]
        },
        {
            "id": "9",
            "category": "FUEL SYSTEM",
            "category_parts": [
                {
                    "id": "",
                    "name": ""
                },
                {
                    "id": "E177",
                    "name": "FUEL FILTER GUD"
                },
                {
                    "id": "P11237",
                    "name": "FUEL FILTER FRAM [DIESEL]"
                },
                {
                    "id": "WF8412",
                    "name": "FUEL FILTER WIX"
                },
                {
                    "id": "WF8463",
                    "name": "FUEL FILTER WIX"
                },
                {
                    "id": "04-102",
                    "name": "FUEL FILTER [E177]"
                }
            ]
        },
        {
            "id": "10",
            "category": "TIMING COMPONENTS",
            "category_parts": [
                {
                    "id": "",
                    "name": ""
                },
                {
                    "id": "VKMA01148",
                    "name": "T/BELT KIT SKF"
                },
                {
                    "id": "VKMC01269",
                    "name": "T/BELT KIT SKF"
                },
                {
                    "id": "VKMA01269",
                    "name": "TIM BELT KIT [AUD160-25] SKF"
                },
                {
                    "id": "K025649XS",
                    "name": "T/BELT KIT GATES"
                },
                {
                    "id": "K015649XS",
                    "name": "TIM BELT KIT [AUD160-25] GATES"
                },
                {
                    "id": "18664",
                    "name": "T/BELT KIT OSSCA/ATS"
                },
                {
                    "id": "AUD160-25-FSD",
                    "name": "T/BELT [160X25MM] 5649XS AUTOBAX"
                },
                {
                    "id": "6PK1263",
                    "name": "MULTI-GROOVE BELT SKF"
                },
                {
                    "id": "VKMV6PK1261",
                    "name": "MULTI-GROOVE BELT SKF"
                },
                {
                    "id": "VKMV6PK1263",
                    "name": "MULTI-GROOVE BELT [ALT] SKF"
                },
                {
                    "id": "VKM31301",
                    "name": "TENSIONER V-BELT PULLEY [OD:65 W:26] SKF"
                },
                {
                    "id": "VKM31058",
                    "name": "TENSIONER V-BELT PULLEY [OD:70 W:24] SKF"
                },
                {
                    "id": "T38427",
                    "name": "T/BELT TENSIONER GATES"
                },
                {
                    "id": "VKM93108",
                    "name": "CRANKSHAFT PULLEY [G:6 OD:138] SKF"
                },
                {
                    "id": "532016110",
                    "name": "TIMING BELT GUIDE PULLEY INA 28X29"
                },
                {
                    "id": "532058210",
                    "name": "TIMING BELT GUIDE PULLEY INA 80X30"
                },
                {
                    "id": "532062310",
                    "name": "TIMING BELT TENSIONER INA 40X29"
                },
                {
                    "id": "531082510",
                    "name": "TIMING BELT TENSIONER INA 68X25"
                },
                {
                    "id": "VKM21004",
                    "name": "T/BELT GUIDE [29X29] SKF"
                },
                {
                    "id": "VKM21269",
                    "name": "T/BELT IDLER RHS 80X30 SKF"
                },
                {
                    "id": "VKM21148",
                    "name": "T/BELT TENSIONER SKF"
                },
                {
                    "id": "VKM11269",
                    "name": "T/BELT TENSIONER [D:67.8 W:26] SKF"
                }
            ]
        },
        {
            "id": "11",
            "category": "CYLINDER HEAD COMPONENTS",
            "category_parts": [
                {
                    "id": "",
                    "name": ""
                },
                {
                    "id": "AH7700",
                    "name": "CYL HEAD GASKET PAYEN"
                },
                {
                    "id": "JM7176",
                    "name": "VALVE COVER GASKET PAYEN"
                },
                {
                    "id": "15-40486-01",
                    "name": "TAPPET / VALVE COVER GASKET VR"
                },
                {
                    "id": "71-40486-00",
                    "name": "TAPPET / VALVE COVER GASKET VR"
                },
                {
                    "id": "9.0605",
                    "name": "CAMSHAFT SENSOR FACET"
                }
            ]
        },
        {
            "id": "12",
            "category": "ENGINE SUB ASSEMBLY",
            "category_parts": [
                {
                    "id": "",
                    "name": ""
                },
                {
                    "id": "RP83731",
                    "name": "PISTON SET AE 81MM"
                },
                {
                    "id": "RR83710",
                    "name": "RINGSET FED 81MM 1.75/2/3MM"
                },
                {
                    "id": "RR83715",
                    "name": "RINGSET FED 81MM 1.75/2/3MM"
                },
                {
                    "id": "B1624",
                    "name": "CONROD BEARING SET AE"
                },
                {
                    "id": "B4624",
                    "name": "CONROD BEARING SET AE"
                },
                {
                    "id": "M510232",
                    "name": "MAIN BEARING SET AE"
                },
                {
                    "id": "M5625",
                    "name": "MAIN BEARING SET AE"
                },
                {
                    "id": "ROP59743",
                    "name": "OIL PUMP AUTOZONE"
                },
                {
                    "id": "ROP83734",
                    "name": "OIL PUMP AUTOZONE"
                },
                {
                    "id": "ROP83735",
                    "name": "OIL PUMP AUTOZONE"
                },
                {
                    "id": "W4022",
                    "name": "THRUST WASHER SET"
                },
                {
                    "id": "LK5019",
                    "name": "CRANKSHAFT SEAL PAYEN [REAR +FLANGE]"
                },
                {
                    "id": "17655",
                    "name": "MAIN FLANGE REAR OSSCA/ATS"
                },
                {
                    "id": "FEB36383",
                    "name": "OIL SEAL MAIN BRG FEBI"
                },
                {
                    "id": "VW049",
                    "name": "OIL SEAL MAIN BRG OSSCA/ATS"
                },
                {
                    "id": "9594",
                    "name": "OIL SEAL DRIVE SHAFT L/R PQ"
                },
                {
                    "id": "9549",
                    "name": "CRANKSHAFT SEAL FRNT PQ"
                },
                {
                    "id": "9580FS",
                    "name": "OIL SEAL REAR MAIN BRG PQ"
                },
                {
                    "id": "9582FS",
                    "name": "OIL SEAL REAR MAIN BRG PQ"
                },
                {
                    "id": "9548",
                    "name": "OIL SEAL T/COVER OR CAM PQ"
                },
                {
                    "id": "9581",
                    "name": "OIL SEAL T/COVER OR CAM PQ"
                }
            ]
        },
        {
            "id": "13",
            "category": "MOUNTINGS ",
            "category_parts": [
                {
                    "id": "",
                    "name": ""
                },
                {
                    "id": "MK207",
                    "name": "STRUT MOUNTING FRNT MONROE"
                },
                {
                    "id": "MK299",
                    "name": "STRUT MOUNTING FRNT MONROE"
                },
                {
                    "id": "AR7996",
                    "name": "STRUT MOUNTING FRNT SUSP"
                },
                {
                    "id": "FEB26360",
                    "name": "STRUT MOUNTING FRNT FEBI"
                },
                {
                    "id": "AU2820",
                    "name": "MOUNTING SHOCK FRNT L/R TEKNOSA"
                },
                {
                    "id": "MK297",
                    "name": "STRUT MOUNTING REAR MONROE"
                }
            ]
        },
        {
            "id": "14",
            "category": "STARTER COMPONENTS",
            "category_parts": [
                {
                    "id": "",
                    "name": ""
                },
                {
                    "id": "STR1541A",
                    "name": "STARTER MOTOR 12V 10T ELECTROPART"
                }
            ]
        },
        {
            "id": "15",
            "category": "ALTERNATOR COMPONENTS",
            "category_parts": [
                {
                    "id": "",
                    "name": ""
                },
                {
                    "id": "ALT1735A",
                    "name": "ALTERNATOR ELECTROPART 12V 150A"
                },
                {
                    "id": "535012410",
                    "name": "ALTERNATOR FREEWHEEL PULLEY INA"
                },
                {
                    "id": "534016410",
                    "name": "FAN BELT TENSIONER LEVER LUK"
                },
                {
                    "id": "VKM31301",
                    "name": "TENSIONER V-BELT PULLEY [OD:65 W:26] SKF"
                },
                {
                    "id": "VKM31058",
                    "name": "TENSIONER V-BELT PULLEY [OD:70 W:24] SKF"
                },
                {
                    "id": "FEB27618",
                    "name": "FAN BELT TENSIONER FEBI"
                }
            ]
        },
        {
            "id": "16",
            "category": "BODY PARTS FRONT AND REAR",
            "category_parts": [
                {
                    "id": "",
                    "name": ""
                },
                {
                    "id": "G2825",
                    "name": "BULB PARK LIGHT FRNT"
                },
                {
                    "id": "G501",
                    "name": "BULB PARK LIGHT FRNT ATS"
                }
            ]
        },
        {
            "id": "17",
            "category": "SWITCHES \u0026 ACCESSORIES",
            "category_parts": [
                {
                    "id": "",
                    "name": ""
                },
                {
                    "id": "S654",
                    "name": "BATTERY - SABAT"
                },
                {
                    "id": "S658",
                    "name": "BATTERY - SABAT"
                },
                {
                    "id": "F658",
                    "name": "BATTERY EXIDE/MIDAS"
                },
                {
                    "id": "W658",
                    "name": "BATTERY WILLARD"
                },
                {
                    "id": "3397006834",
                    "name": "WIPER BLADE FRNT DRIV BOSCH"
                },
                {
                    "id": "3397006838",
                    "name": "WIPER BLADE FRNT DRIV BOSCH"
                },
                {
                    "id": "3397007639",
                    "name": "WIPER BLADE KIT FRNT BOSCH"
                },
                {
                    "id": "3397008057",
                    "name": "WIPER BLADE REAR BOSCH"
                },
                {
                    "id": "TS6136",
                    "name": "TEMP SENDER UNIT [P/FIT 2-PIN] ECHLIN"
                },
                {
                    "id": "33784",
                    "name": "TEMP SENDER UNIT MP"
                },
                {
                    "id": "TS6136M",
                    "name": "TEMP SENDER UNIT MP"
                },
                {
                    "id": "FEB29318",
                    "name": "TEMP SENDER UNIT [P/FIT 2-PIN] FEBI"
                }
            ]
        },
        {
            "id": "18",
            "category": "GASKETS ",
            "category_parts": [
                {
                    "id": "",
                    "name": ""
                },
                {
                    "id": "AH7700",
                    "name": "CYL HEAD GASKET PAYEN"
                },
                {
                    "id": "JM7176",
                    "name": "VALVE COVER GASKET PAYEN"
                }
            ]
        },
        {
            "id": "20",
            "category": "SEALS ",
            "category_parts": [
                {
                    "id": "",
                    "name": ""
                },
                {
                    "id": "9594",
                    "name": "OIL SEAL DRIVE SHAFT L/R PQ"
                },
                {
                    "id": "LK5019",
                    "name": "CRANKSHAFT SEAL PAYEN [REAR +FLANGE]"
                },
                {
                    "id": "17655",
                    "name": "MAIN FLANGE REAR OSSCA/ATS"
                },
                {
                    "id": "FEB36383",
                    "name": "OIL SEAL MAIN BRG FEBI"
                },
                {
                    "id": "VW049",
                    "name": "OIL SEAL MAIN BRG OSSCA/ATS"
                },
                {
                    "id": "9549",
                    "name": "CRANKSHAFT SEAL FRNT PQ"
                },
                {
                    "id": "9580FS",
                    "name": "OIL SEAL REAR MAIN BRG PQ"
                },
                {
                    "id": "9582FS",
                    "name": "OIL SEAL REAR MAIN BRG PQ"
                },
                {
                    "id": "9548",
                    "name": "OIL SEAL T/COVER OR CAM PQ"
                },
                {
                    "id": "9581",
                    "name": "OIL SEAL T/COVER OR CAM PQ"
                }
            ]
        },
        {
            "id": "21",
            "category": "SENSORS \u0026 RELAYS",
            "category_parts": [
                {
                    "id": "",
                    "name": ""
                },
                {
                    "id": "9.0605",
                    "name": "CAMSHAFT SENSOR FACET"
                },
                {
                    "id": "21653",
                    "name": "CRANKSHAFT POSITION SENSOR 3PIN OSSCA/ATS"
                },
                {
                    "id": "9.0598",
                    "name": "CRANKSHAFT SENSOR FACET"
                },
                {
                    "id": "FEB37317",
                    "name": "CRANKSHAFT SENSOR FEBI"
                }
            ]
        },
        {
            "id": "23",
            "category": "LUBRICANTS",
            "category_parts": [
                {
                    "id": "",
                    "name": ""
                },
                {
                    "id": "550048788",
                    "name": "ENGINE OIL SHELL HELIX ULTRA 5W30 5L"
                }
            ]
        },
        {
            "id": "24",
            "category": "WHEEL BEARINGS",
            "category_parts": [
                {
                    "id": "",
                    "name": ""
                },
                {
                    "id": "VKBA6649",
                    "name": "WHEEL BRG KIT FRNT SKF"
                },
                {
                    "id": "PQ694",
                    "name": "WHEEL BRG KIT FRONT ID61 PQ"
                },
                {
                    "id": "713610900",
                    "name": "WHEEL BRG KIT FRNT FAG"
                },
                {
                    "id": "VKBA6762",
                    "name": "WHEEL BRG KIT REAR SKF"
                },
                {
                    "id": "VKBA6649",
                    "name": "WHEEL BRG KIT REAR [+QUATTRO] SKF"
                },
                {
                    "id": "VKBA6650",
                    "name": "WHEEL BRG KIT REAR [-QUATTRO] SKF"
                },
                {
                    "id": "PQ695",
                    "name": "WHEEL BRG KIT REAR PQ"
                },
                {
                    "id": "HUB223",
                    "name": "WHEEL BRG REAR INNER ID61 PQ"
                },
                {
                    "id": "HUB224",
                    "name": "WHEEL BRG REAR INNER PQ"
                },
                {
                    "id": "713610890",
                    "name": "WHEEL BRG KIT REAR FAG"
                },
                {
                    "id": "713610920",
                    "name": "WHEEL BRG KIT REAR FAG"
                },
                {
                    "id": "FEB36650",
                    "name": "WHEEL BRG KIT REAR FEBI"
                }
            ]
        },
        {
            "id": "26",
            "category": "STEERING",
            "category_parts": [
                {
                    "id": "",
                    "name": ""
                },
                {
                    "id": "18180AP",
                    "name": "STEERING RACK END L/R A-PLUS L227"
                },
                {
                    "id": "TR6193",
                    "name": "STEERING RACK END [227/243MM] PQ"
                },
                {
                    "id": "TR6194",
                    "name": "STEERING RACK END [237/252MM] PQ"
                },
                {
                    "id": "AU1415",
                    "name": "RACK END FRNT L/R L227 TEKNOSA"
                },
                {
                    "id": "AU1416",
                    "name": "RACK END FRNT L/R L235 TEKNOSA"
                },
                {
                    "id": "VKDY311040",
                    "name": "TIE ROD END L207 SKF"
                },
                {
                    "id": "21740AP",
                    "name": "TIE ROD END OUTER LHS A-PLUS"
                },
                {
                    "id": "21741AP",
                    "name": "TIE ROD END OUTER RHS A-PLUS"
                },
                {
                    "id": "TR6192",
                    "name": "TIE ROD END OUTER L/R PQ"
                },
                {
                    "id": "AU1023",
                    "name": "TIE ROD END OUTER FRNT LHS TEKNOSA"
                },
                {
                    "id": "AU1024",
                    "name": "TIE ROD END OUTER FRNT RHS TEKNOSA"
                },
                {
                    "id": "AU1318",
                    "name": "TIE ROD END SET OUTER FRNT L/R TEKNOSA"
                }
            ]
        },
        {
            "id": "27",
            "category": "BEARINGS",
            "category_parts": [
                {
                    "id": "",
                    "name": ""
                },
                {
                    "id": "VKBA6649",
                    "name": "WHEEL BRG KIT FRNT SKF"
                },
                {
                    "id": "PQ694",
                    "name": "WHEEL BRG KIT FRONT ID61 PQ"
                },
                {
                    "id": "713610900",
                    "name": "WHEEL BRG KIT FRNT FAG"
                },
                {
                    "id": "VKBA6762",
                    "name": "WHEEL BRG KIT REAR SKF"
                },
                {
                    "id": "VKBA6649",
                    "name": "WHEEL BRG KIT REAR [+QUATTRO] SKF"
                },
                {
                    "id": "VKBA6650",
                    "name": "WHEEL BRG KIT REAR [-QUATTRO] SKF"
                },
                {
                    "id": "PQ695",
                    "name": "WHEEL BRG KIT REAR PQ"
                },
                {
                    "id": "HUB223",
                    "name": "WHEEL BRG REAR INNER ID61 PQ"
                },
                {
                    "id": "HUB224",
                    "name": "WHEEL BRG REAR INNER PQ"
                },
                {
                    "id": "713610890",
                    "name": "WHEEL BRG KIT REAR FAG"
                },
                {
                    "id": "713610920",
                    "name": "WHEEL BRG KIT REAR FAG"
                },
                {
                    "id": "FEB36650",
                    "name": "WHEEL BRG KIT REAR FEBI"
                },
                {
                    "id": "VKDS321063B",
                    "name": "CONTROL ARM L238 SKF"
                },
                {
                    "id": "VKDS321064B",
                    "name": "CONTROL ARM L238 SKF"
                },
                {
                    "id": "VKDS321065B",
                    "name": "CONTROL ARM L267.5 SKF"
                },
                {
                    "id": "VKDS321066B",
                    "name": "CONTROL ARM L267.5 SKF"
                }
            ]
        },
        {
            "id": "28",
            "category": "AIR CONDITIONING",
            "category_parts": [
                {
                    "id": "",
                    "name": ""
                },
                {
                    "id": "437100-7370",
                    "name": "COMPRESSOR / AIR CONDITIONER DENSO"
                }
            ]
        },
        {
            "id": "28",
            "category": "AIR CONDITIONING",
            "category_parts": [
                {
                    "id": "",
                    "name": ""
                },
                {
                    "id": "437100-7370",
                    "name": "COMPRESSOR / AIR CONDITIONER DENSO"
                }
            ]
        }
    ]
}
