{
    "id": "310",
    "parts": [
        {
            "id": "1",
            "category": "SERVICE PARTS",
            "category_parts": [
                {
                    "id": "",
                    "name": ""
                },
                {
                    "id": "M34",
                    "name": "OIL FILTER GUD CARTRIDGE METAL FREE H125 OD65 IDT31 IDB31"
                },
                {
                    "id": "CH9911ECO",
                    "name": "OIL FILTER FRAM"
                },
                {
                    "id": "COF100534E",
                    "name": "OIL FILTER CHAMPION"
                },
                {
                    "id": "WL7504",
                    "name": "OIL FILTER WIX"
                },
                {
                    "id": "MAF827",
                    "name": "OIL FILTER KAIZEN"
                },
                {
                    "id": "AG1558",
                    "name": "AIR FILTER GUD PANEL L405 W172 H32"
                },
                {
                    "id": "CA11075",
                    "name": "AIR FILTER FRAM"
                },
                {
                    "id": "F026400178",
                    "name": "AIR FILTER BOSCH"
                },
                {
                    "id": "E144",
                    "name": "FUEL FILTER GUD [2=IN \u0026 1=OUT]"
                },
                {
                    "id": "G10243",
                    "name": "FUEL FILTER FRAM"
                },
                {
                    "id": "CFF100478",
                    "name": "FUEL FILTER CHAMPION"
                },
                {
                    "id": "0450905273",
                    "name": "FUEL FILTER BOSCH"
                },
                {
                    "id": "0450905959",
                    "name": "FUEL FILTER BOSCH"
                },
                {
                    "id": "WF8386",
                    "name": "FUEL FILTER WIX"
                },
                {
                    "id": "IE79",
                    "name": "FUEL FILTER KAIZEN"
                },
                {
                    "id": "PFR6S-8E",
                    "name": "SPARK PLUG NGK"
                },
                {
                    "id": "IK22FTT",
                    "name": "DENSO IRIDIUM TT SPARK PLUG"
                },
                {
                    "id": "PK22PR8",
                    "name": "SPARK PLUG DENSO PLATINUM [D14MM HEX16MM 22NM TL19]"
                },
                {
                    "id": "0242245576",
                    "name": "SPARK PLUG BOSCH"
                },
                {
                    "id": "0242240627",
                    "name": "SPARK PLUG BOSCH PLAT/IRIDIUM"
                },
                {
                    "id": "FR5KPP332S",
                    "name": "SPARK PLUG BOSCH PLAT/IRIDIUM"
                },
                {
                    "id": "FR6KPP332S",
                    "name": "SPARK PLUG BOSCH PLAT/IRIDIUM"
                },
                {
                    "id": "AC35GUD",
                    "name": "CABIN AIR FILTER GUD H34 L269 W207"
                },
                {
                    "id": "145520-3570",
                    "name": "CABIN AIR FILTER CG DENSO"
                },
                {
                    "id": "CF11486",
                    "name": "CABIN AIR FILTER FRAM"
                },
                {
                    "id": "CCF0303",
                    "name": "CABIN AIR FILTER CHAMPION"
                },
                {
                    "id": "1987432097",
                    "name": "CABIN AIR FILTER BOSCH"
                },
                {
                    "id": "WP9147",
                    "name": "CABIN AIR FILTER WIX CARBON"
                },
                {
                    "id": "WP9359",
                    "name": "CABIN AIR FILTER WIX CARBON"
                },
                {
                    "id": "WP9146",
                    "name": "CABIN AIR FILTER WIX PAPER"
                },
                {
                    "id": "ATE1099",
                    "name": "DISC PAD FRNT ATE L156 H73 T20"
                },
                {
                    "id": "FDB4223",
                    "name": "DISC PAD FRNT FERODO L155 H73 T20"
                },
                {
                    "id": "0986494550",
                    "name": "DISC PAD FRNT BOSCH L155 H73 T20"
                },
                {
                    "id": "D3594",
                    "name": "DISC PAD FRNT SAFELINE L155 H73 T20"
                },
                {
                    "id": "D3961",
                    "name": "DISC PAD FRNT SAFELINE L155 H73 T20"
                },
                {
                    "id": "OPT3594",
                    "name": "DISC PAD FRNT L/R OPTIMA"
                },
                {
                    "id": "OPT3483",
                    "name": "DISC PAD REAR L/R OPTIMA"
                },
                {
                    "id": "05P1384",
                    "name": "DISC PAD FRNT LPR L155 H73 T20"
                },
                {
                    "id": "ADB11752",
                    "name": "DISC PAD FRNT NIPPON L155 H73 T19"
                },
                {
                    "id": "ATE170",
                    "name": "DISC PAD REAR ATE L106 H56 T16"
                },
                {
                    "id": "ATE170",
                    "name": "DISC PAD REAR ATE L106 H56 T16"
                },
                {
                    "id": "ATE561",
                    "name": "DISC PAD REAR ATE L87 H53 T15"
                },
                {
                    "id": "FDB1636",
                    "name": "DISC PAD REAR FERODO L105 H56 T17"
                },
                {
                    "id": "FDB4058",
                    "name": "DISC PAD REAR FERODO L105 H56 T17"
                },
                {
                    "id": "0986494344",
                    "name": "DISC PAD REAR BOSCH L105 H56 T16"
                },
                {
                    "id": "0986495453",
                    "name": "DISC PAD REAR BOSCH L106 H56 T17"
                },
                {
                    "id": "D3483",
                    "name": "DISC PAD REAR SAFELINE L105 H56 T17"
                },
                {
                    "id": "D3846",
                    "name": "DISC PAD REAR SAFELINE L105 H56 T17"
                },
                {
                    "id": "05P1219K",
                    "name": "DISC PAD REAR LPR L105 H56 T17"
                },
                {
                    "id": "ADB01284",
                    "name": "DISC PAD REAR NIPPON L105 H56 T17"
                },
                {
                    "id": "ADB01712",
                    "name": "DISC PAD REAR NIPPON L106 H56 T17"
                },
                {
                    "id": "3433389",
                    "name": "ENGINE OIL CASTROL MAGNATEC 5W30 5L"
                },
                {
                    "id": "550048788",
                    "name": "ENGINE OIL SHELL HELIX ULTRA 5W30 5L"
                }
            ]
        },
        {
            "id": "2",
            "category": "BRAKES",
            "category_parts": [
                {
                    "id": "",
                    "name": ""
                },
                {
                    "id": "ATE1099",
                    "name": "DISC PAD FRNT ATE L156 H73 T20"
                },
                {
                    "id": "FDB4223",
                    "name": "DISC PAD FRNT FERODO L155 H73 T20"
                },
                {
                    "id": "0986494550",
                    "name": "DISC PAD FRNT BOSCH L155 H73 T20"
                },
                {
                    "id": "D3594",
                    "name": "DISC PAD FRNT SAFELINE L155 H73 T20"
                },
                {
                    "id": "D3961",
                    "name": "DISC PAD FRNT SAFELINE L155 H73 T20"
                },
                {
                    "id": "OPT3594",
                    "name": "DISC PAD FRNT L/R OPTIMA"
                },
                {
                    "id": "OPT3483",
                    "name": "DISC PAD REAR L/R OPTIMA"
                },
                {
                    "id": "05P1384",
                    "name": "DISC PAD FRNT LPR L155 H73 T20"
                },
                {
                    "id": "ADB11752",
                    "name": "DISC PAD FRNT NIPPON L155 H73 T19"
                },
                {
                    "id": "ATE170",
                    "name": "DISC PAD REAR ATE L106 H56 T16"
                },
                {
                    "id": "ATE170",
                    "name": "DISC PAD REAR ATE L106 H56 T16"
                },
                {
                    "id": "ATE561",
                    "name": "DISC PAD REAR ATE L87 H53 T15"
                },
                {
                    "id": "FDB1636",
                    "name": "DISC PAD REAR FERODO L105 H56 T17"
                },
                {
                    "id": "FDB4058",
                    "name": "DISC PAD REAR FERODO L105 H56 T17"
                },
                {
                    "id": "0986494344",
                    "name": "DISC PAD REAR BOSCH L105 H56 T16"
                },
                {
                    "id": "0986495453",
                    "name": "DISC PAD REAR BOSCH L106 H56 T17"
                },
                {
                    "id": "D3483",
                    "name": "DISC PAD REAR SAFELINE L105 H56 T17"
                },
                {
                    "id": "D3846",
                    "name": "DISC PAD REAR SAFELINE L105 H56 T17"
                },
                {
                    "id": "05P1219K",
                    "name": "DISC PAD REAR LPR L105 H56 T17"
                },
                {
                    "id": "ADB01284",
                    "name": "DISC PAD REAR NIPPON L105 H56 T17"
                },
                {
                    "id": "ADB01712",
                    "name": "DISC PAD REAR NIPPON L106 H56 T17"
                },
                {
                    "id": "DR7046",
                    "name": "BRAKE DISC FV ALFA D345 H49 S65 [9]"
                },
                {
                    "id": "130.0115",
                    "name": "BRAKE DISC FV ATE D345 H50 S65 ID140 [5]"
                },
                {
                    "id": "DDF1504",
                    "name": "BRAKE DISC FV FERODO D345 H50 S65 9"
                },
                {
                    "id": "DDF1504C-1",
                    "name": "BRAKE DISC FV FERODO D345 H50 S65 [9]"
                },
                {
                    "id": "TBD7643-D",
                    "name": "BRAKE DISC FRNT L/R VENTED OPTIMA"
                },
                {
                    "id": "TBD7038-D",
                    "name": "BRAKE DISC REAR L/R SOLID OPTIMA"
                },
                {
                    "id": "TBD7611-D",
                    "name": "BRAKE DISC REAR L/R SOLID OPTIMA"
                },
                {
                    "id": "TBD7023-D",
                    "name": "BRAKE DISC REAR L/R VENTED OPTIMA"
                },
                {
                    "id": "DR6023",
                    "name": "BRAKE DISC RV ALFA D310 H48 S65 [5]"
                },
                {
                    "id": "122.0219",
                    "name": "BRAKE DISC RV ATE D310 H49 S65 ID169 [5]"
                },
                {
                    "id": "DDF1503",
                    "name": "BRAKE DISC RV FERODO D310 H48 S65 [5]"
                },
                {
                    "id": "DDF1503C",
                    "name": "BRAKE DISC RV FERODO D310 H48 S65 [5]"
                },
                {
                    "id": "BM222.9533",
                    "name": "BRAKE M/CYL PQ"
                },
                {
                    "id": "BM238.9521",
                    "name": "BRAKE M/CYL PQ"
                },
                {
                    "id": "BMK222.8652",
                    "name": "BRAKE M/CYL KIT PQ"
                },
                {
                    "id": "BMK238.8588",
                    "name": "BRAKE M/CYL KIT PQ"
                },
                {
                    "id": "CK57.2489",
                    "name": "CALIPER KIT FRNT 57MM PQ"
                },
                {
                    "id": "CK41.2553",
                    "name": "CALIPER KIT REAR 41MM PQ"
                },
                {
                    "id": "CK41.2563",
                    "name": "CALIPER KIT REAR 41MM PQ"
                },
                {
                    "id": "HB4102",
                    "name": "WHEEL HUB F/R L/R TEKNOSA"
                },
                {
                    "id": "HB4101",
                    "name": "WHEEL HUB REAR L/R TEKNOSA"
                },
                {
                    "id": "113-1306X",
                    "name": "BRAKE CALIPER GUIDE SLEEVE KIT QB"
                },
                {
                    "id": "113-1346X",
                    "name": "BRAKE CALIPER GUIDE SLEEVE KIT QB"
                }
            ]
        },
        {
            "id": "3",
            "category": "SUSPENSION COMPONENTS [FRONT]",
            "category_parts": [
                {
                    "id": "",
                    "name": ""
                },
                {
                    "id": "VKDA35122",
                    "name": "TOP MOUNT FRNT SHOCK [SINGLE] FRNT SKF"
                },
                {
                    "id": "VKDA35122T",
                    "name": "TOP MOUNT SHOCK FRNT [TWIN PACK] FRNT SKF"
                },
                {
                    "id": "AU2817",
                    "name": "MOUNTING SHOCK FRNT L/R TEKNOSA"
                },
                {
                    "id": "AU2818",
                    "name": "MOUNTING SHOCK REAR L/R TEKNOSA"
                },
                {
                    "id": "FEB22500",
                    "name": "STRUT MOUNTING FRNT FEBI"
                },
                {
                    "id": "VKDP33156T",
                    "name": "DUST COVER KIT FRNT SKF"
                },
                {
                    "id": "VKDP33173T",
                    "name": "DUST COVER KIT FRNT SKF"
                },
                {
                    "id": "VKDS361004",
                    "name": "REPAIR KIT LINK SKF"
                },
                {
                    "id": "AU1917",
                    "name": "BALL JOINT LOWER FRNT LHS TEKNOSA"
                },
                {
                    "id": "AU1918",
                    "name": "BALL JOINT LOWER FRNT RHS TEKNOSA"
                },
                {
                    "id": "BJ1139L",
                    "name": "BALL JOINT LOWER LHS PQ"
                },
                {
                    "id": "BJ1139R",
                    "name": "BALL JOINT LOWER RHS PQ"
                },
                {
                    "id": "14462AP",
                    "name": "BALL JOINT LOWER LHS A-PLUS"
                },
                {
                    "id": "14461AP",
                    "name": "BALL JOINT LOWER RHS A-PLUS"
                },
                {
                    "id": "AU2021",
                    "name": "CONTROL ARM LOWER FRNT LHS TEKNOSA"
                },
                {
                    "id": "AU2023",
                    "name": "CONTROL ARM LOWER FRNT LHS TEKNOSA"
                },
                {
                    "id": "AU2022",
                    "name": "CONTROL ARM LOWER FRNT RHS TEKNOSA"
                },
                {
                    "id": "AU2024",
                    "name": "CONTROL ARM LOWER FRNT RHS TEKNOSA"
                },
                {
                    "id": "AU2080",
                    "name": "CONTROL ARM LOWER REAR LHS TEKNOSA"
                },
                {
                    "id": "AU2081",
                    "name": "CONTROL ARM LOWER REAR RHS TEKNOSA"
                },
                {
                    "id": "AU1710",
                    "name": "CONTROL ARM UPPER REAR L/R TEKNOSA"
                },
                {
                    "id": "CS247L",
                    "name": "CONTROL ARM LOWER LHS PQ"
                },
                {
                    "id": "CS274L",
                    "name": "CONTROL ARM LOWER LHS PQ"
                },
                {
                    "id": "CS247R",
                    "name": "CONTROL ARM LOWER RHS PQ"
                },
                {
                    "id": "CS274R",
                    "name": "CONTROL ARM LOWER RHS PQ"
                },
                {
                    "id": "18549AP",
                    "name": "CONTROL ARM LOWER LHS A-PLUS + BJ"
                },
                {
                    "id": "15723AP",
                    "name": "CONTROL ARM LOWER LHS A-PLUS [DIESEL]"
                },
                {
                    "id": "18550AP",
                    "name": "CONTROL ARM LOWER RHS A-PLUS + BJ"
                },
                {
                    "id": "15724AP",
                    "name": "CONTROL ARM LOWER RHS A-PLUS [DIESEL]"
                },
                {
                    "id": "TR5849",
                    "name": "STABILISER LINK FRONT L/R [335MM] PQ"
                },
                {
                    "id": "VKDS341002",
                    "name": "STABILIZER LINK L* H* ID* OD* SKF"
                },
                {
                    "id": "VKDS441000",
                    "name": "STABILIZER LINK L* H* ID* OD* SKF"
                },
                {
                    "id": "AU2610",
                    "name": "LATERAL LINK REAR L/R TEKNOSA"
                },
                {
                    "id": "VKD35025",
                    "name": "ANTI-F BRG \u0026 SUS/MOUNT [SINGLE] FRNT SKF"
                },
                {
                    "id": "VKD35025T",
                    "name": "ANTI-F BRG \u0026 SUS/MOUNT [TWIN PACK] FRNT SKF"
                },
                {
                    "id": "VKDS321006",
                    "name": "CONTROL ARM L* SKF"
                },
                {
                    "id": "VKDS421017",
                    "name": "CONTROL ARM L297.8 SKF"
                },
                {
                    "id": "VKDS421019",
                    "name": "CONTROL ARM L305.5 SKF"
                },
                {
                    "id": "VKDS421011",
                    "name": "CONTROL ARM L306 SKF"
                },
                {
                    "id": "VKDS421004",
                    "name": "CONTROL ARM L463.5 SKF"
                },
                {
                    "id": "VKDS421005",
                    "name": "CONTROL ARM L463.5 SKF"
                },
                {
                    "id": "VKDS421001",
                    "name": "LATERAL LINK [R] [R] SKF"
                },
                {
                    "id": "VKDS431014",
                    "name": "C/ARM BUSH L* H45 ID12.2 OD38.3 SKF"
                },
                {
                    "id": "VKDS431013",
                    "name": "C/ARM BUSH L42.5 H60 ID12.2 OD56.5 SKF"
                },
                {
                    "id": "VKDS431015",
                    "name": "C/ARM BUSH L45 H38.7 ID14 OD38.7 SKF"
                },
                {
                    "id": "VKDS431012",
                    "name": "C/ARM BUSH L60 H40 ID12.1 OD40 SKF"
                },
                {
                    "id": "FEB27068",
                    "name": "C/ARM BUSH LOWER REAR LEFT FEBI"
                },
                {
                    "id": "FEB27069",
                    "name": "C/ARM BUSH LOWER REAR LEFT FEBI"
                },
                {
                    "id": "FEB27071",
                    "name": "C/ARM BUSH LOWER REAR RIGHT FEBI"
                },
                {
                    "id": "04575",
                    "name": "C/ARM BUSH LEFT F/SUSP OSSCA/ATS"
                },
                {
                    "id": "04576",
                    "name": "C/ARM BUSH RIGHT F/SUSP OSSCA/ATS"
                },
                {
                    "id": "S2181",
                    "name": "C/ARM BUSH LOWER REAR LEFT RUBREX"
                },
                {
                    "id": "S2182",
                    "name": "C/ARM BUSH LOWER REAR RIGHT RUBREX"
                },
                {
                    "id": "SB-7900",
                    "name": "BUSH CONT ARM LOW FRNT L/R ID12 OD40 L54 TEKNOSA"
                },
                {
                    "id": "AU2115",
                    "name": "BUSH CONT ARM LOW FRNT L/R TEKNOSA"
                },
                {
                    "id": "SB-7994A",
                    "name": "BUSH CONT ARM LOW FRNT L/R TEKNOSA"
                },
                {
                    "id": "AU2116",
                    "name": "BUSH CONT ARM LOW FRNT LHS TEKNOSA"
                },
                {
                    "id": "AU2117",
                    "name": "BUSH CONT ARM LOW FRNT RHS TEKNOSA"
                },
                {
                    "id": "AU2915",
                    "name": "BUSH REAR L/R ID14 OD24 TEKNOSA"
                },
                {
                    "id": "VW2911",
                    "name": "BUSH REAR L/R TEKNOSA"
                }
            ]
        },
        {
            "id": "4",
            "category": "SUSPENSION COMPONENTS [REAR]",
            "category_parts": [
                {
                    "id": "",
                    "name": ""
                },
                {
                    "id": "VKDP33156T",
                    "name": "DUST COVER KIT FRNT SKF"
                },
                {
                    "id": "VKDP33173T",
                    "name": "DUST COVER KIT FRNT SKF"
                },
                {
                    "id": "FEB23024",
                    "name": "STRUT MOUNTING REAR FEBI"
                },
                {
                    "id": "FEB36871",
                    "name": "STRUT MOUNTING REAR FEBI"
                },
                {
                    "id": "VKDS361004",
                    "name": "REPAIR KIT LINK SKF"
                },
                {
                    "id": "VKDS431014",
                    "name": "C/ARM BUSH L* H45 ID12.2 OD38.3 SKF"
                },
                {
                    "id": "VKDS431013",
                    "name": "C/ARM BUSH L42.5 H60 ID12.2 OD56.5 SKF"
                },
                {
                    "id": "VKDS431015",
                    "name": "C/ARM BUSH L45 H38.7 ID14 OD38.7 SKF"
                },
                {
                    "id": "VKDS431012",
                    "name": "C/ARM BUSH L60 H40 ID12.1 OD40 SKF"
                },
                {
                    "id": "AR6883",
                    "name": "C/ARM BUSH R/SUSP LOWER OUTER LHS PQ"
                },
                {
                    "id": "AR6884",
                    "name": "C/ARM BUSH R/SUSP LOWER OUTER RHS PQ"
                },
                {
                    "id": "SB-7900",
                    "name": "BUSH CONT ARM LOW FRNT L/R ID12 OD40 L54 TEKNOSA"
                },
                {
                    "id": "AU2115",
                    "name": "BUSH CONT ARM LOW FRNT L/R TEKNOSA"
                },
                {
                    "id": "SB-7994A",
                    "name": "BUSH CONT ARM LOW FRNT L/R TEKNOSA"
                },
                {
                    "id": "AU2116",
                    "name": "BUSH CONT ARM LOW FRNT LHS TEKNOSA"
                },
                {
                    "id": "AU2117",
                    "name": "BUSH CONT ARM LOW FRNT RHS TEKNOSA"
                },
                {
                    "id": "AU2915",
                    "name": "BUSH REAR L/R ID14 OD24 TEKNOSA"
                },
                {
                    "id": "VW2911",
                    "name": "BUSH REAR L/R TEKNOSA"
                },
                {
                    "id": "AR9320",
                    "name": "AXLE CARRIER BUSH FRNT SUSP PQ"
                },
                {
                    "id": "AR9321",
                    "name": "AXLE CARRIER BUSH REAR SUSP PQ"
                },
                {
                    "id": "AU2610",
                    "name": "LATERAL LINK REAR L/R TEKNOSA"
                },
                {
                    "id": "VKDS341002",
                    "name": "STABILIZER LINK L* H* ID* OD* SKF"
                },
                {
                    "id": "VKDS441000",
                    "name": "STABILIZER LINK L* H* ID* OD* SKF"
                },
                {
                    "id": "TR5953",
                    "name": "STABILISER LINK REAR L/R PQ 95MM"
                },
                {
                    "id": "14509AP",
                    "name": "STABILIZER LINK L/R A-PLUS L335"
                },
                {
                    "id": "AU2810",
                    "name": "BUSH FRNT L/R ID19 OD37 TEKNOSA"
                },
                {
                    "id": "AU2914",
                    "name": "BUSH FRNT L/R ID19 OD37 TEKNOSA"
                },
                {
                    "id": "AU1518",
                    "name": "STABILIZER LINK FRNT L/R L335 TEKNOSA"
                },
                {
                    "id": "AU1519",
                    "name": "STABILIZER LINK REAR L/R L96 TEKNOSA"
                },
                {
                    "id": "VKD35025",
                    "name": "ANTI-F BRG \u0026 SUS/MOUNT [SINGLE] FRNT SKF"
                },
                {
                    "id": "VKD35025T",
                    "name": "ANTI-F BRG \u0026 SUS/MOUNT [TWIN PACK] FRNT SKF"
                },
                {
                    "id": "VKDS321006",
                    "name": "CONTROL ARM L* SKF"
                },
                {
                    "id": "VKDS421017",
                    "name": "CONTROL ARM L297.8 SKF"
                },
                {
                    "id": "VKDS421019",
                    "name": "CONTROL ARM L305.5 SKF"
                },
                {
                    "id": "VKDS421011",
                    "name": "CONTROL ARM L306 SKF"
                },
                {
                    "id": "VKDS421004",
                    "name": "CONTROL ARM L463.5 SKF"
                },
                {
                    "id": "VKDS421005",
                    "name": "CONTROL ARM L463.5 SKF"
                },
                {
                    "id": "VKDS421001",
                    "name": "LATERAL LINK [R] [R] SKF"
                }
            ]
        },
        {
            "id": "5",
            "category": "COOLING SYSTEM",
            "category_parts": [
                {
                    "id": "",
                    "name": ""
                },
                {
                    "id": "05821",
                    "name": "OIL COOLER OSSCA/ATS"
                },
                {
                    "id": "01686",
                    "name": "RADIATOR CAP OSSCA/ATS"
                },
                {
                    "id": "TP3-23",
                    "name": "RADIATOR CAP [LIGHT BLUE 40KPA] ECHLIN"
                },
                {
                    "id": "TP3-23M",
                    "name": "RADIATOR CAP [LIGHT BLUE 40KPA] MP"
                },
                {
                    "id": "VKPC81205",
                    "name": "WATER PUMP SKF"
                },
                {
                    "id": "WP83059",
                    "name": "WATER PUMP AIRTEX"
                },
                {
                    "id": "W22252",
                    "name": "WATER PUMP AUTOZONE"
                },
                {
                    "id": "QCP3627",
                    "name": "WATER PUMP ECHLIN"
                },
                {
                    "id": "A-212",
                    "name": "WATER PUMP DOLZ"
                },
                {
                    "id": "VKM31223",
                    "name": "TENSIONER V-BELT PULLEY [OD:70 W:25] SKF"
                },
                {
                    "id": "437100-8210",
                    "name": "COMPRESSOR / AIR CONDITIONER DENSO"
                }
            ]
        },
        {
            "id": "6",
            "category": "CLUTCH COMPONENTS",
            "category_parts": [
                {
                    "id": "",
                    "name": ""
                },
                {
                    "id": "CPD.VW307",
                    "name": "CLUTCH M/CYL 15.87MM CPD"
                },
                {
                    "id": "VW307",
                    "name": "CLUTCH M/CYL CPD 15.87"
                },
                {
                    "id": "05737",
                    "name": "CLUTCH M/CYL OSSCA/ATS 15.87MM W/SENSOR"
                },
                {
                    "id": "22481",
                    "name": "CLUTCH M/CYL OSSCA/ATS 19.05MM PLASTIC"
                },
                {
                    "id": "CM159.9510",
                    "name": "CLUTCH M/CYL PQ"
                },
                {
                    "id": "CM159.9512",
                    "name": "CLUTCH M/CYL PQ"
                },
                {
                    "id": "CMK159.8589",
                    "name": "CLUTCH M/CYL KIT PQ"
                },
                {
                    "id": "0986486595",
                    "name": "CONCENTRIC S/CYL BOSCH"
                },
                {
                    "id": "510017710",
                    "name": "CONCENTRIC S/CYL LUK"
                },
                {
                    "id": "FEB34963",
                    "name": "CONCENTRIC S/CYL FEBI"
                },
                {
                    "id": "05534",
                    "name": "CONCENTRIC S/CYL OSSCA/ATS"
                },
                {
                    "id": "3182600206",
                    "name": "CONCENTRIC S/CYL SACHS"
                },
                {
                    "id": "CSVW02",
                    "name": "CONCENTRIC S/CYL VALEO"
                },
                {
                    "id": "0986486554",
                    "name": "CLUTCH S/CYL BOSCH"
                },
                {
                    "id": "124043410",
                    "name": "PRESSURE PLATE LUK"
                },
                {
                    "id": "324041410",
                    "name": "PRESSURE PLATE LUK"
                },
                {
                    "id": "624327909",
                    "name": "CLUTCH KIT LUK D200 S20.7 ST18"
                },
                {
                    "id": "R435MK",
                    "name": "CLUTCH KIT LUK D240 S24.3 ST23"
                },
                {
                    "id": "3000951830",
                    "name": "CLUTCH KIT SACHS"
                },
                {
                    "id": "3000990199",
                    "name": "CLUTCH KIT SACHS"
                },
                {
                    "id": "VW68DMF",
                    "name": "CLUTCH KIT VALEO 240X24.3-23"
                }
            ]
        },
        {
            "id": "7",
            "category": "IGNITION SYSTEM",
            "category_parts": [
                {
                    "id": "",
                    "name": ""
                },
                {
                    "id": "BC7900",
                    "name": "IGNITION COIL BOUGICORD"
                },
                {
                    "id": "0221604115",
                    "name": "IGNITION COIL BOSCH"
                }
            ]
        },
        {
            "id": "8",
            "category": "DRIVESHAFT COMPONENTS",
            "category_parts": [
                {
                    "id": "",
                    "name": ""
                },
                {
                    "id": "PJ861045",
                    "name": "CV JOINT OUTER 36X27X60X100 M PQ"
                },
                {
                    "id": "PJ803002",
                    "name": "CV JOINT OUTER 36X27X60X98 I PQ"
                },
                {
                    "id": "VW6916",
                    "name": "CV JOINT INNER FRNT L/R 33X34X100 TEKNOSA"
                },
                {
                    "id": "VW6916-X",
                    "name": "CV JOINT INNER FRNT L/R 33X34X100 X-LINE"
                },
                {
                    "id": "VW5217",
                    "name": "CV JOINT OUTER FRNT L/R 36X27X59.5XI TEKNOSA"
                },
                {
                    "id": "VW5217-X",
                    "name": "CV JOINT OUTER FRNT L/R 36X27X59.5XI X-LINE"
                },
                {
                    "id": "PJ603001",
                    "name": "CV JOINT INNER 0X28X0X108 PQ"
                },
                {
                    "id": "PJ661002",
                    "name": "CV JOINT INNER 0X28X0X108 PQ"
                },
                {
                    "id": "VKJP01001",
                    "name": "CV BOOT KIT OUTER SKF"
                },
                {
                    "id": "VKJP01001S",
                    "name": "CV BOOT KIT OUTER SKF"
                },
                {
                    "id": "VKJP01011",
                    "name": "CV BOOT KIT OUTER SKF"
                },
                {
                    "id": "VKJP1466",
                    "name": "CV BOOT KIT OUTER SKF"
                },
                {
                    "id": "VKJP1466R",
                    "name": "CV BOOT KIT OUTER SKF"
                },
                {
                    "id": "VKJP3107",
                    "name": "CV BOOT KIT OUTER SKF"
                },
                {
                    "id": "VKJP3151",
                    "name": "CV BOOT KIT OUTER SKF"
                },
                {
                    "id": "VKJP3151R",
                    "name": "CV BOOT KIT OUTER SKF"
                },
                {
                    "id": "VKJP8356R",
                    "name": "CV BOOT KIT OUTER SKF"
                },
                {
                    "id": "CV162K",
                    "name": "CV BOOT KIT OUTER"
                },
                {
                    "id": "CV190K",
                    "name": "CV BOOT KIT OUTER [REAR]"
                },
                {
                    "id": "VKJP8356",
                    "name": "CV BOOT KIT INNER SKF"
                },
                {
                    "id": "CV54K",
                    "name": "CV BOOT INNER + OUTER 108MM"
                },
                {
                    "id": "CV95K",
                    "name": "CV BOOT KIT INNER"
                },
                {
                    "id": "DVW302",
                    "name": "DRIVESHAFT COMPLETE FRNT LHS TEKNOSA"
                },
                {
                    "id": "DVW304",
                    "name": "DRIVESHAFT COMPLETE FRNT LHS TEKNOSA"
                },
                {
                    "id": "DVW303",
                    "name": "DRIVESHAFT COMPLETE FRNT RHS TEKNOSA"
                },
                {
                    "id": "546808",
                    "name": "OIL SEAL DRIVE SHAFT LHS PQ"
                },
                {
                    "id": "9239",
                    "name": "OIL SEAL DRIVE SHAFT LHS PQ"
                },
                {
                    "id": "503310/49",
                    "name": "DIFF CARRIER BRG L/R PQ"
                },
                {
                    "id": "VWDC487618",
                    "name": "DIFF CARRIER BRG RHS PQ"
                }
            ]
        },
        {
            "id": "9",
            "category": "FUEL SYSTEM",
            "category_parts": [
                {
                    "id": "",
                    "name": ""
                },
                {
                    "id": "FEB39740",
                    "name": "FUEL PUMP RELAY FEBI"
                },
                {
                    "id": "E144",
                    "name": "FUEL FILTER GUD [2=IN \u0026 1=OUT]"
                },
                {
                    "id": "G10243",
                    "name": "FUEL FILTER FRAM"
                },
                {
                    "id": "CFF100478",
                    "name": "FUEL FILTER CHAMPION"
                },
                {
                    "id": "0450905273",
                    "name": "FUEL FILTER BOSCH"
                },
                {
                    "id": "0450905959",
                    "name": "FUEL FILTER BOSCH"
                },
                {
                    "id": "WF8386",
                    "name": "FUEL FILTER WIX"
                },
                {
                    "id": "IE79",
                    "name": "FUEL FILTER KAIZEN"
                }
            ]
        },
        {
            "id": "10",
            "category": "TIMING COMPONENTS",
            "category_parts": [
                {
                    "id": "",
                    "name": ""
                },
                {
                    "id": "1987948452",
                    "name": "T/BELT KIT BOSCH"
                },
                {
                    "id": "VKMV6PK1054",
                    "name": "MULTI-GROOVE BELT SKF"
                },
                {
                    "id": "VKMV6PK1053",
                    "name": "MULTI-GROOVE BELT [ALT] SKF"
                },
                {
                    "id": "VKMA31223",
                    "name": "V-BELT KIT [6PK1054] SKF"
                },
                {
                    "id": "FEB25227",
                    "name": "CAMSHAFT CHAIN [42 LINKS]"
                },
                {
                    "id": "FEB32518",
                    "name": "CAMSHAFT CHAIN TENSIONER"
                },
                {
                    "id": "FEB25417",
                    "name": "OIL PUMP CHAIN TENSIONER"
                },
                {
                    "id": "VKM31223",
                    "name": "TENSIONER V-BELT PULLEY [OD:70 W:25] SKF"
                },
                {
                    "id": "T39084",
                    "name": "T/BELT TENSIONER GATES"
                },
                {
                    "id": "VKM21220",
                    "name": "TIM BELT GUIDE [29X27] SKF"
                },
                {
                    "id": "VKM21223",
                    "name": "TIM BELT TENSIONER SKF"
                },
                {
                    "id": "GT50630",
                    "name": "IDLER GMB"
                },
                {
                    "id": "GTB0600",
                    "name": "TIMING BELT TENSIONER GMB"
                }
            ]
        },
        {
            "id": "11",
            "category": "CYLINDER HEAD COMPONENTS",
            "category_parts": [
                {
                    "id": "",
                    "name": ""
                },
                {
                    "id": "BX212",
                    "name": "CYL HEAD GASKET PAYEN"
                },
                {
                    "id": "71-36774-00",
                    "name": "CYL HEAD COVER GASKET VR"
                },
                {
                    "id": "81-34367-00",
                    "name": "CAMSHAFT OIL SEAL"
                },
                {
                    "id": "FEB26433",
                    "name": "CYLINDER HEAD BOLT SET FEBI"
                },
                {
                    "id": "14-32276-01",
                    "name": "CYLINDER HEAD BOLT SET REINZ"
                }
            ]
        },
        {
            "id": "12",
            "category": "ENGINE SUB ASSEMBLY",
            "category_parts": [
                {
                    "id": "",
                    "name": ""
                },
                {
                    "id": "RR83071",
                    "name": "RINGSET FED 82.50MM 1.2/1.2/2MM"
                },
                {
                    "id": "RR83028",
                    "name": "RINGSET FED 82.50MM 1.2/1.5/2MM"
                },
                {
                    "id": "B410270",
                    "name": "CONROD BEARING SET AE"
                },
                {
                    "id": "M5524",
                    "name": "MAIN BEARING SET AE"
                },
                {
                    "id": "FEB33835",
                    "name": "OIL PUMP KIT [64 LINKS]"
                },
                {
                    "id": "FEB25417",
                    "name": "OIL PUMP CHAIN TENSIONER"
                },
                {
                    "id": "W2070",
                    "name": "THRUST WASHER SET AE"
                },
                {
                    "id": "284207",
                    "name": "OIL SEAL GEARBOX FRNT PQ"
                },
                {
                    "id": "546808",
                    "name": "OIL SEAL DRIVE SHAFT LHS PQ"
                },
                {
                    "id": "9239",
                    "name": "OIL SEAL DRIVE SHAFT LHS PQ"
                },
                {
                    "id": "9549",
                    "name": "CRANKSHAFT SEAL FRNT PQ"
                },
                {
                    "id": "81-34367-00",
                    "name": "CAMSHAFT OIL SEAL"
                },
                {
                    "id": "9945FS",
                    "name": "OIL SEAL REAR MAIN BRG PQ"
                }
            ]
        },
        {
            "id": "13",
            "category": "MOUNTINGS ",
            "category_parts": [
                {
                    "id": "",
                    "name": ""
                },
                {
                    "id": "09449",
                    "name": "MOUNTING ENGINE REAR OSSCA/ATS"
                },
                {
                    "id": "AR6898",
                    "name": "ENGINE MOUNTING REAR PQ"
                },
                {
                    "id": "S2365",
                    "name": "ENGINE MOUNTING REAR [AUTO] RUBREX"
                },
                {
                    "id": "FEB22500",
                    "name": "STRUT MOUNTING FRNT FEBI"
                },
                {
                    "id": "AU2817",
                    "name": "MOUNTING SHOCK FRNT L/R TEKNOSA"
                },
                {
                    "id": "AU2818",
                    "name": "MOUNTING SHOCK REAR L/R TEKNOSA"
                },
                {
                    "id": "FEB23024",
                    "name": "STRUT MOUNTING REAR FEBI"
                },
                {
                    "id": "FEB36871",
                    "name": "STRUT MOUNTING REAR FEBI"
                }
            ]
        },
        {
            "id": "14",
            "category": "STARTER COMPONENTS",
            "category_parts": [
                {
                    "id": "",
                    "name": ""
                },
                {
                    "id": "STR1245A",
                    "name": "STARTER MOTOR 12V ELECTROPART"
                },
                {
                    "id": "STR1554A",
                    "name": "STARTER MOTOR 12V ELECTROPART"
                }
            ]
        },
        {
            "id": "15",
            "category": "ALTERNATOR COMPONENTS",
            "category_parts": [
                {
                    "id": "",
                    "name": ""
                },
                {
                    "id": "0124525525",
                    "name": "ALTERNATOR BOSCH"
                },
                {
                    "id": "VKM03100",
                    "name": "ALT PULLEY [G:6 W:41 ID:17 OD:61] SKF"
                },
                {
                    "id": "VKM31223",
                    "name": "TENSIONER V-BELT PULLEY [OD:70 W:25] SKF"
                }
            ]
        },
        {
            "id": "16",
            "category": "BODY PARTS FRONT AND REAR",
            "category_parts": [
                {
                    "id": "",
                    "name": ""
                },
                {
                    "id": "7.1232",
                    "name": "STOP LIGHT SWITCH FACET"
                }
            ]
        },
        {
            "id": "17",
            "category": "SWITCHES \u0026 ACCESSORIES",
            "category_parts": [
                {
                    "id": "",
                    "name": ""
                },
                {
                    "id": "F652",
                    "name": "BATTERY EXIDE/MIDAS"
                },
                {
                    "id": "F652AGM",
                    "name": "BATTERY EXIDE/MIDAS START/STOP L278MM"
                },
                {
                    "id": "W652AGM-00",
                    "name": "BATTERY WILLARD STOP/START L278MM"
                },
                {
                    "id": "W652",
                    "name": "BATTERY WILLARD"
                },
                {
                    "id": "3397118930",
                    "name": "WIPER BLADE FRNT KIT BOSCH [SLIDE]"
                },
                {
                    "id": "V652-64AGM",
                    "name": "BATTERY VARTA START/STOP L278MM"
                },
                {
                    "id": "TS6136",
                    "name": "TEMP SENDER UNIT [P/FIT 2-PIN] ECHLIN"
                },
                {
                    "id": "FEB29318",
                    "name": "TEMP SENDER UNIT [P/FIT 2-PIN] FEBI"
                },
                {
                    "id": "7.1232",
                    "name": "STOP LIGHT SWITCH FACET"
                }
            ]
        },
        {
            "id": "18",
            "category": "GASKETS ",
            "category_parts": [
                {
                    "id": "",
                    "name": ""
                },
                {
                    "id": "BX212",
                    "name": "CYL HEAD GASKET PAYEN"
                }
            ]
        },
        {
            "id": "20",
            "category": "SEALS ",
            "category_parts": [
                {
                    "id": "",
                    "name": ""
                },
                {
                    "id": "546808",
                    "name": "OIL SEAL DRIVE SHAFT LHS PQ"
                },
                {
                    "id": "9239",
                    "name": "OIL SEAL DRIVE SHAFT LHS PQ"
                },
                {
                    "id": "284207",
                    "name": "OIL SEAL GEARBOX FRNT PQ"
                },
                {
                    "id": "81-34367-00",
                    "name": "CAMSHAFT OIL SEAL"
                },
                {
                    "id": "9549",
                    "name": "CRANKSHAFT SEAL FRNT PQ"
                },
                {
                    "id": "9945FS",
                    "name": "OIL SEAL REAR MAIN BRG PQ"
                }
            ]
        },
        {
            "id": "21",
            "category": "SENSORS \u0026 RELAYS",
            "category_parts": [
                {
                    "id": "",
                    "name": ""
                },
                {
                    "id": "08720",
                    "name": "OIL LEVEL SENSOR OSSCA"
                },
                {
                    "id": "RY256",
                    "name": "FUEL PUMP RELAY 4 PIN OSSCA/ATS"
                },
                {
                    "id": "FEB39740",
                    "name": "FUEL PUMP RELAY FEBI"
                }
            ]
        },
        {
            "id": "23",
            "category": "LUBRICANTS",
            "category_parts": [
                {
                    "id": "",
                    "name": ""
                },
                {
                    "id": "3433389",
                    "name": "ENGINE OIL CASTROL MAGNATEC 5W30 5L"
                },
                {
                    "id": "550048788",
                    "name": "ENGINE OIL SHELL HELIX ULTRA 5W30 5L"
                }
            ]
        },
        {
            "id": "24",
            "category": "WHEEL BEARINGS",
            "category_parts": [
                {
                    "id": "",
                    "name": ""
                },
                {
                    "id": "VKBA6623",
                    "name": "WHEEL BRG KIT FRNT SKF"
                },
                {
                    "id": "VKBA3643",
                    "name": "WHEEL BRG KIT FRNT [5+4 HOLE] SKF"
                },
                {
                    "id": "HUB108",
                    "name": "WHEEL BRG FRNT INNER ID29 PQ"
                },
                {
                    "id": "PQ688",
                    "name": "WHEEL BRG KIT FRONT ID29 PQ"
                },
                {
                    "id": "FAG1061",
                    "name": "WHEEL BRG KIT FRNT [5+4 HOLE] FAG"
                },
                {
                    "id": "VKBA6623",
                    "name": "WHEEL BRG KIT REAR SKF"
                }
            ]
        },
        {
            "id": "26",
            "category": "STEERING",
            "category_parts": [
                {
                    "id": "",
                    "name": ""
                },
                {
                    "id": "SR147",
                    "name": "STEERING RACK BOOT"
                },
                {
                    "id": "14498AP",
                    "name": "STEERING RACK END LHS A-PLUS L309"
                },
                {
                    "id": "TR5841",
                    "name": "STEERING RACK END PQ 306MM"
                },
                {
                    "id": "AU1413",
                    "name": "RACK END FRNT L/R L309 TEKNOSA"
                },
                {
                    "id": "VKDY321002",
                    "name": "STEERING RACK END L* SKF"
                },
                {
                    "id": "VKDY311016",
                    "name": "TIE ROD END L* SKF"
                },
                {
                    "id": "VKDY311017",
                    "name": "TIE ROD END L* SKF"
                },
                {
                    "id": "13359AP",
                    "name": "TIE ROD END OUTER LHS A-PLUS"
                },
                {
                    "id": "13358AP",
                    "name": "TIE ROD END OUTER RHS A-PLUS"
                },
                {
                    "id": "TR5842",
                    "name": "TIE ROD END OUTER L/R PQ"
                },
                {
                    "id": "AU1030",
                    "name": "TIE ROD END OUTER FRNT LHS TEKNOSA"
                },
                {
                    "id": "AU1031",
                    "name": "TIE ROD END OUTER FRNT RHS TEKNOSA"
                },
                {
                    "id": "AU1316",
                    "name": "TIE ROD END SET OUTER FRNT L/R TEKNOSA"
                }
            ]
        },
        {
            "id": "27",
            "category": "BEARINGS",
            "category_parts": [
                {
                    "id": "",
                    "name": ""
                },
                {
                    "id": "503310/49",
                    "name": "DIFF CARRIER BRG L/R PQ"
                },
                {
                    "id": "VWDC487618",
                    "name": "DIFF CARRIER BRG RHS PQ"
                },
                {
                    "id": "VKBA6623",
                    "name": "WHEEL BRG KIT FRNT SKF"
                },
                {
                    "id": "VKBA3643",
                    "name": "WHEEL BRG KIT FRNT [5+4 HOLE] SKF"
                },
                {
                    "id": "HUB108",
                    "name": "WHEEL BRG FRNT INNER ID29 PQ"
                },
                {
                    "id": "PQ688",
                    "name": "WHEEL BRG KIT FRONT ID29 PQ"
                },
                {
                    "id": "FAG1061",
                    "name": "WHEEL BRG KIT FRNT [5+4 HOLE] FAG"
                },
                {
                    "id": "VKBA6623",
                    "name": "WHEEL BRG KIT REAR SKF"
                },
                {
                    "id": "VKD35025",
                    "name": "ANTI-F BRG \u0026 SUS/MOUNT [SINGLE] FRNT SKF"
                },
                {
                    "id": "VKD35025T",
                    "name": "ANTI-F BRG \u0026 SUS/MOUNT [TWIN PACK] FRNT SKF"
                },
                {
                    "id": "VKDS361004",
                    "name": "REPAIR KIT LINK SKF"
                },
                {
                    "id": "VKDS321006",
                    "name": "CONTROL ARM L* SKF"
                },
                {
                    "id": "VKDS421017",
                    "name": "CONTROL ARM L297.8 SKF"
                },
                {
                    "id": "VKDS421019",
                    "name": "CONTROL ARM L305.5 SKF"
                },
                {
                    "id": "VKDS421011",
                    "name": "CONTROL ARM L306 SKF"
                },
                {
                    "id": "VKDS421004",
                    "name": "CONTROL ARM L463.5 SKF"
                },
                {
                    "id": "VKDS421005",
                    "name": "CONTROL ARM L463.5 SKF"
                },
                {
                    "id": "VKDS421001",
                    "name": "LATERAL LINK [R] [R] SKF"
                }
            ]
        },
        {
            "id": "28",
            "category": "AIR CONDITIONING",
            "category_parts": [
                {
                    "id": "",
                    "name": ""
                },
                {
                    "id": "437100-8210",
                    "name": "COMPRESSOR / AIR CONDITIONER DENSO"
                }
            ]
        },
        {
            "id": "28",
            "category": "AIR CONDITIONING",
            "category_parts": [
                {
                    "id": "",
                    "name": ""
                },
                {
                    "id": "437100-8210",
                    "name": "COMPRESSOR / AIR CONDITIONER DENSO"
                }
            ]
        }
    ]
}
