{
    "id": "321",
    "parts": [
        {
            "id": "1",
            "category": "SERVICE PARTS",
            "category_parts": [
                {
                    "id": "",
                    "name": ""
                },
                {
                    "id": "CH11791ECO",
                    "name": "OIL FILTER FRAM H118 OD68 ID24"
                },
                {
                    "id": "XE596",
                    "name": "OIL FILTER CHAMPION"
                },
                {
                    "id": "F026407313",
                    "name": "OIL FILTER BOSCH H119 OD68 ID17"
                },
                {
                    "id": "172086",
                    "name": "OIL FILTER FEBI H118 OD68"
                },
                {
                    "id": "ADV182115",
                    "name": "OIL FILTER BLUEPRINT H118 OD68"
                },
                {
                    "id": "AG1540",
                    "name": "AIR FILTER GUD METAL FREE OD160 H187"
                },
                {
                    "id": "CAF101079R",
                    "name": "AIR FILTER CHAMPION H187 OD153 ID90"
                },
                {
                    "id": "F026400261",
                    "name": "AIR FILTER BOSCH"
                },
                {
                    "id": "WA9737",
                    "name": "AIR FILTER WIX"
                },
                {
                    "id": "02-556",
                    "name": "AIR FILTER GENERIC"
                },
                {
                    "id": "INTANK",
                    "name": "FUEL FILTER IN TANK LIFETIME"
                },
                {
                    "id": "SILFER8C7ES",
                    "name": "SPARK PLUG NGK"
                },
                {
                    "id": "IKH24",
                    "name": "SPARK PLUG DENSO IRIDIUM POWER [D14MM HEX16MM 22NM TL26.5]"
                },
                {
                    "id": "OE220",
                    "name": "SPARK PLUG CHAMPION PLATIMUM"
                },
                {
                    "id": "AC121GUD",
                    "name": "CABIN AIR FILTER GUD H35 L255 W252"
                },
                {
                    "id": "DI145520-3870",
                    "name": "CABIN AIR FILTER CG DENSO"
                },
                {
                    "id": "1987432548",
                    "name": "CABIN AIR FILTER BOSCH L254 W258 H35"
                },
                {
                    "id": "WP2075",
                    "name": "CABIN AIR FILTER WIX"
                },
                {
                    "id": "ATE1100",
                    "name": "DISC PAD FRNT ATE L188 H74 T19"
                },
                {
                    "id": "FDB4044",
                    "name": "DISC PAD FRNT FERODO L188 H73 T19"
                },
                {
                    "id": "FDB4468",
                    "name": "DISC PAD FRNT FERODO L190 H101 T17"
                },
                {
                    "id": "P85098",
                    "name": "DISC PAD FRNT BREMBO L188 H73 T19"
                },
                {
                    "id": "P85145",
                    "name": "DISC PAD FRNT BREMBO L188 H73 T19"
                },
                {
                    "id": "0986494259",
                    "name": "DISC PAD FRNT BOSCH L188 H73 T18"
                },
                {
                    "id": "D3849",
                    "name": "DISC PAD FRNT SAFELINE L188 H73 T19"
                },
                {
                    "id": "OPT3849",
                    "name": "DISC PAD FRNT L/R OPTIMA"
                },
                {
                    "id": "05P1420A",
                    "name": "DISC PAD FRNT LPR L188 H74 T19"
                },
                {
                    "id": "05P1806",
                    "name": "DISC PAD FRNT LPR L189 H93 T17"
                },
                {
                    "id": "ADB21789",
                    "name": "DISC PAD FRNT NIPPON L188 H74 T18"
                },
                {
                    "id": "ADB22120",
                    "name": "DISC PAD FRNT NIPPON L193 H71 T20"
                },
                {
                    "id": "FDB4410",
                    "name": "DISC PAD REAR FERODO L116 H59 T18"
                },
                {
                    "id": "0986494446",
                    "name": "DISC PAD REAR BOSCH L117 H59 T17"
                },
                {
                    "id": "D3955",
                    "name": "DISC PAD REAR SAFELINE L116 H59 T17"
                },
                {
                    "id": "05P1826C",
                    "name": "DISC PAD REAR LPR L116 H17 T17"
                },
                {
                    "id": "05P1826A",
                    "name": "DISC PAD REAR LPR L116 H59 T17"
                },
                {
                    "id": "ADB22121",
                    "name": "DISC PAD REAR NIPPON L117 H59 T17"
                },
                {
                    "id": "3433389",
                    "name": "ENGINE OIL CASTROL MAGNATEC 5W30 5L"
                },
                {
                    "id": "550048788",
                    "name": "ENGINE OIL SHELL HELIX ULTRA 5W30 5L"
                }
            ]
        },
        {
            "id": "2",
            "category": "BRAKES",
            "category_parts": [
                {
                    "id": "",
                    "name": ""
                },
                {
                    "id": "ATE1100",
                    "name": "DISC PAD FRNT ATE L188 H74 T19"
                },
                {
                    "id": "FDB4044",
                    "name": "DISC PAD FRNT FERODO L188 H73 T19"
                },
                {
                    "id": "FDB4468",
                    "name": "DISC PAD FRNT FERODO L190 H101 T17"
                },
                {
                    "id": "P85098",
                    "name": "DISC PAD FRNT BREMBO L188 H73 T19"
                },
                {
                    "id": "P85145",
                    "name": "DISC PAD FRNT BREMBO L188 H73 T19"
                },
                {
                    "id": "0986494259",
                    "name": "DISC PAD FRNT BOSCH L188 H73 T18"
                },
                {
                    "id": "D3849",
                    "name": "DISC PAD FRNT SAFELINE L188 H73 T19"
                },
                {
                    "id": "OPT3849",
                    "name": "DISC PAD FRNT L/R OPTIMA"
                },
                {
                    "id": "05P1420A",
                    "name": "DISC PAD FRNT LPR L188 H74 T19"
                },
                {
                    "id": "05P1806",
                    "name": "DISC PAD FRNT LPR L189 H93 T17"
                },
                {
                    "id": "ADB21789",
                    "name": "DISC PAD FRNT NIPPON L188 H74 T18"
                },
                {
                    "id": "ADB22120",
                    "name": "DISC PAD FRNT NIPPON L193 H71 T20"
                },
                {
                    "id": "FDB4410",
                    "name": "DISC PAD REAR FERODO L116 H59 T18"
                },
                {
                    "id": "0986494446",
                    "name": "DISC PAD REAR BOSCH L117 H59 T17"
                },
                {
                    "id": "D3955",
                    "name": "DISC PAD REAR SAFELINE L116 H59 T17"
                },
                {
                    "id": "05P1826C",
                    "name": "DISC PAD REAR LPR L116 H17 T17"
                },
                {
                    "id": "05P1826A",
                    "name": "DISC PAD REAR LPR L116 H59 T17"
                },
                {
                    "id": "ADB22121",
                    "name": "DISC PAD REAR NIPPON L117 H59 T17"
                },
                {
                    "id": "130.0221",
                    "name": "BRAKE DISC FV ATE D320 H52 S68 5"
                },
                {
                    "id": "130.0222",
                    "name": "BRAKE DISC FV ATE D345 H52 S67 5"
                },
                {
                    "id": "134-0103",
                    "name": "BRAKE DISC FV ATE D356 H52 S68 5"
                },
                {
                    "id": "TBD8473-D",
                    "name": "BRAKE DISC FRNT L/R VENTED OPTIMA"
                },
                {
                    "id": "TBD8474-D",
                    "name": "BRAKE DISC FRNT L/R VENTED OPTIMA"
                },
                {
                    "id": "DR7501",
                    "name": "BRAKE DISC RV ALFA D356 H36 S68 [5]"
                },
                {
                    "id": "112-0178",
                    "name": "BRAKE DISC RS ATE D300 H36 S68 5"
                },
                {
                    "id": "122-0272",
                    "name": "BRAKE DISC RV ATE D330 H36 S68 5"
                },
                {
                    "id": "122-0273",
                    "name": "BRAKE DISC RV ATE D356 H36 S68 5"
                },
                {
                    "id": "DDF1990C",
                    "name": "BRAKE DISC RV FERODO D356 H36 S68 [5]"
                },
                {
                    "id": "WS0377B",
                    "name": "DISC PAD SENSOR FRONT [278MM] QB"
                },
                {
                    "id": "WS0302B",
                    "name": "DISC PAD SENSOR FRONT [310MM] QB"
                },
                {
                    "id": "WS0375B",
                    "name": "DISC PAD SENSOR FRONT [325MM] QB"
                },
                {
                    "id": "WS0189B",
                    "name": "DISC PAD SENSOR FRONT [355MM] QB"
                },
                {
                    "id": "WS0237B",
                    "name": "DISC PAD SENSOR FRONT [355MM] QB"
                },
                {
                    "id": "WS0384B",
                    "name": "DISC PAD SENSOR FRONT [360MM] QB"
                },
                {
                    "id": "WS0379B",
                    "name": "DISC PAD SENSOR FRONT [448MM] QB"
                },
                {
                    "id": "WS0311B",
                    "name": "DISC PAD SENSOR REAR [215MM] QB"
                },
                {
                    "id": "WS0373B",
                    "name": "DISC PAD SENSOR REAR [317MM] QB"
                },
                {
                    "id": "FEB43485",
                    "name": "DISC PAD SENSOR FRNT FEBI 405MM"
                },
                {
                    "id": "113-1339X",
                    "name": "BRAKE CALIPER GUIDE SLEEVE KIT QB"
                },
                {
                    "id": "113-1346X",
                    "name": "BRAKE CALIPER GUIDE SLEEVE KIT QB"
                },
                {
                    "id": "113-1448X",
                    "name": "BRAKE CALIPER GUIDE SLEEVE KIT QB"
                },
                {
                    "id": "113-1450X",
                    "name": "BRAKE CALIPER GUIDE SLEEVE KIT QB"
                }
            ]
        },
        {
            "id": "3",
            "category": "SUSPENSION COMPONENTS [FRONT]",
            "category_parts": [
                {
                    "id": "",
                    "name": ""
                },
                {
                    "id": "742113SP",
                    "name": "SHOCK FRNT MONROE"
                },
                {
                    "id": "E8504",
                    "name": "SHOCK FRNT MONROE"
                },
                {
                    "id": "VKDA35123",
                    "name": "TOP MOUNT FRNT SHOCK [SINGLE] FRNT SKF"
                },
                {
                    "id": "VKDA35123T",
                    "name": "TOP MOUNT FRNT SHOCK [TWIN PACK] FRNT SKF"
                },
                {
                    "id": "AR7996",
                    "name": "STRUT MOUNTING FRNT SUSP"
                },
                {
                    "id": "MK207",
                    "name": "STRUT MOUNTING FRNT MONROE"
                },
                {
                    "id": "AU2820",
                    "name": "MOUNTING SHOCK FRNT L/R TEKNOSA"
                },
                {
                    "id": "FEB26360",
                    "name": "STRUT MOUNTING FRNT [-BEARING]"
                },
                {
                    "id": "VKDP33128T",
                    "name": "DUST COVER KIT FRNT SKF"
                },
                {
                    "id": "VKDP33140T",
                    "name": "DUST COVER KIT FRNT SKF"
                },
                {
                    "id": "VKDP33144T",
                    "name": "DUST COVER KIT FRNT SKF"
                },
                {
                    "id": "VKDP43139T",
                    "name": "DUST COVER KIT REAR SKF"
                },
                {
                    "id": "AU1920",
                    "name": "BALL JOINT LOWER F/R L/R TEKNOSA"
                },
                {
                    "id": "AU1919",
                    "name": "BALL JOINT LOWER FRNT L/R TEKNOSA"
                },
                {
                    "id": "BJ1283",
                    "name": "BALL JOINT LOWER L/R PQ"
                },
                {
                    "id": "21737AP",
                    "name": "BALL JOINT LOWER L/R A-PLUS [17.3MM]"
                },
                {
                    "id": "16232",
                    "name": "BALL JOINT LOWER L+R ATS"
                },
                {
                    "id": "VKDS311027",
                    "name": "BALL JOINT LOWER L* H* ID* OD42 SKF"
                },
                {
                    "id": "FEB40930",
                    "name": "BALL JOINT LOWER FEBI"
                },
                {
                    "id": "19428AP",
                    "name": "CONTROL ARM UPPER LHS A-PLUS"
                },
                {
                    "id": "19430AP",
                    "name": "CONTROL ARM UPPER LHS A-PLUS"
                },
                {
                    "id": "19429AP",
                    "name": "CONTROL ARM UPPER RHS A-PLUS"
                },
                {
                    "id": "19431AP",
                    "name": "CONTROL ARM UPPER RHS A-PLUS"
                },
                {
                    "id": "FEB36597",
                    "name": "CONTROL ARM UPPER FEBI"
                },
                {
                    "id": "FEB36598",
                    "name": "CONTROL ARM UPPER FEBI"
                },
                {
                    "id": "FEB36602",
                    "name": "CONTROL ARM UPPER FEBI"
                },
                {
                    "id": "FEB36603",
                    "name": "CONTROL ARM UPPER FEBI"
                },
                {
                    "id": "AU2039",
                    "name": "CONTROL ARM LOWER FRNT L/R TEKNOSA"
                },
                {
                    "id": "AU2040",
                    "name": "CONTROL ARM LOWER FRNT L/R TEKNOSA"
                },
                {
                    "id": "AU2043",
                    "name": "CONTROL ARM LOWER FRNT L/R TEKNOSA"
                },
                {
                    "id": "AU2044",
                    "name": "CONTROL ARM LOWER FRNT L/R TEKNOSA"
                },
                {
                    "id": "AU2037",
                    "name": "CONTROL ARM LOWER FRNT LHS TEKNOSA"
                },
                {
                    "id": "AU2041",
                    "name": "CONTROL ARM LOWER FRNT LHS TEKNOSA"
                },
                {
                    "id": "AU2045",
                    "name": "CONTROL ARM LOWER FRNT LHS TEKNOSA"
                },
                {
                    "id": "AU2038",
                    "name": "CONTROL ARM LOWER FRNT RHS TEKNOSA"
                },
                {
                    "id": "AU2042",
                    "name": "CONTROL ARM LOWER FRNT RHS TEKNOSA"
                },
                {
                    "id": "AU2046",
                    "name": "CONTROL ARM LOWER FRNT RHS TEKNOSA"
                },
                {
                    "id": "AU2047",
                    "name": "CONTROL ARM LOWER REAR LHS TEKNOSA"
                },
                {
                    "id": "AU2048",
                    "name": "CONTROL ARM LOWER REAR RHS TEKNOSA"
                },
                {
                    "id": "AU1715",
                    "name": "CONTROL ARM UPPER FRNT LHS TEKNOSA"
                },
                {
                    "id": "AU1717",
                    "name": "CONTROL ARM UPPER FRNT LHS TEKNOSA"
                },
                {
                    "id": "AU1716",
                    "name": "CONTROL ARM UPPER FRNT RHS TEKNOSA"
                },
                {
                    "id": "AU1718",
                    "name": "CONTROL ARM UPPER FRNT RHS TEKNOSA"
                },
                {
                    "id": "19432AP",
                    "name": "CONTROL ARM LOWER LHS A-PLUS"
                },
                {
                    "id": "21735AP",
                    "name": "CONTROL ARM LOWER LHS A-PLUS"
                },
                {
                    "id": "22411AP",
                    "name": "CONTROL ARM LOWER LHS A-PLUS"
                },
                {
                    "id": "19435AP",
                    "name": "CONTROL ARM LOWER LHS A-PLUS [15MM]"
                },
                {
                    "id": "21732AP",
                    "name": "CONTROL ARM LOWER LHS A-PLUS [17MM]"
                },
                {
                    "id": "24758AP",
                    "name": "CONTROL ARM LOWER LHS A-PLUS [17MM]"
                },
                {
                    "id": "19433AP",
                    "name": "CONTROL ARM LOWER RHS A-PLUS"
                },
                {
                    "id": "21736AP",
                    "name": "CONTROL ARM LOWER RHS A-PLUS"
                },
                {
                    "id": "22412AP",
                    "name": "CONTROL ARM LOWER RHS A-PLUS"
                },
                {
                    "id": "19436AP",
                    "name": "CONTROL ARM LOWER RHS A-PLUS [15MM]"
                },
                {
                    "id": "21733AP",
                    "name": "CONTROL ARM LOWER RHS A-PLUS [17MM]"
                },
                {
                    "id": "24759AP",
                    "name": "CONTROL ARM LOWER RHS A-PLUS [17MM]"
                },
                {
                    "id": "FEB34821",
                    "name": "CONTROL ARM LOWER FEBI"
                },
                {
                    "id": "FEB34822",
                    "name": "CONTROL ARM LOWER FEBI"
                },
                {
                    "id": "FEB36049",
                    "name": "CONTROL ARM LOWER FEBI"
                },
                {
                    "id": "FEB36054",
                    "name": "CONTROL ARM LOWER FEBI"
                },
                {
                    "id": "VKDS341020",
                    "name": "STABILIZER LINK L* H* ID* OD* SKF"
                },
                {
                    "id": "VKDS341026",
                    "name": "STABILIZER LINK L* H* ID* OD* SKF"
                },
                {
                    "id": "AU2623",
                    "name": "LATERAL LINK REAR LHS TEKNOSA"
                },
                {
                    "id": "AU2624",
                    "name": "LATERAL LINK REAR RHS TEKNOSA"
                },
                {
                    "id": "BJ1273L",
                    "name": "TRACK CONTROL ARM LOWER LHS PQ"
                },
                {
                    "id": "BJ1274L",
                    "name": "TRACK CONTROL ARM LOWER LHS PQ"
                },
                {
                    "id": "BJ1273R",
                    "name": "TRACK CONTROL ARM LOWER RHS PQ"
                },
                {
                    "id": "BJ1274R",
                    "name": "TRACK CONTROL ARM LOWER RHS PQ"
                },
                {
                    "id": "BJ1275L",
                    "name": "TRACK CONTROL ARM UPPER LHS PQ"
                },
                {
                    "id": "BJ1276L",
                    "name": "TRACK CONTROL ARM UPPER LHS PQ"
                },
                {
                    "id": "BJ1275R",
                    "name": "TRACK CONTROL ARM UPPER RHS PQ"
                },
                {
                    "id": "BJ1276R",
                    "name": "TRACK CONTROL ARM UPPER RHS PQ"
                },
                {
                    "id": "VKDS321063B",
                    "name": "CONTROL ARM L238 SKF"
                },
                {
                    "id": "VKDS321064B",
                    "name": "CONTROL ARM L238 SKF"
                },
                {
                    "id": "VKDS321065B",
                    "name": "CONTROL ARM L267.5 SKF"
                },
                {
                    "id": "VKDS321066B",
                    "name": "CONTROL ARM L267.5 SKF"
                },
                {
                    "id": "VKDS331028",
                    "name": "C/ARM BUSH L45 H43.8 ID12.1 OD43.8 SKF"
                },
                {
                    "id": "FEB29944",
                    "name": "C/ARM BUSH F/SUSP LOWER INNER FEBI"
                },
                {
                    "id": "FEB27484",
                    "name": "C/ARM BUSH S/SUSP LOWER OUTER FEBI"
                },
                {
                    "id": "AU2124",
                    "name": "BUSH CONT ARM LOW FRNT L/R TEKNOSA"
                },
                {
                    "id": "AU2125",
                    "name": "BUSH CONT ARM LOW FRNT L/R TEKNOSA"
                },
                {
                    "id": "AU2126",
                    "name": "BUSH CONT ARM LOW FRNT L/R TEKNOSA"
                },
                {
                    "id": "AU2127",
                    "name": "BUSH CONT ARM LOW FRNT L/R TEKNOSA"
                },
                {
                    "id": "AU2128",
                    "name": "BUSH CONT ARM LOW FRNT L/R TEKNOSA"
                },
                {
                    "id": "AU1810",
                    "name": "BUSH CONT ARM UP FRNT L/R TEKNOSA"
                },
                {
                    "id": "AU1811",
                    "name": "BUSH CONT ARM UP FRNT L/R TEKNOSA"
                },
                {
                    "id": "VKDS351007",
                    "name": "STAB BAR BUSH L* H* ID* OD* SKF"
                }
            ]
        },
        {
            "id": "4",
            "category": "SUSPENSION COMPONENTS [REAR]",
            "category_parts": [
                {
                    "id": "",
                    "name": ""
                },
                {
                    "id": "VKDP33128T",
                    "name": "DUST COVER KIT FRNT SKF"
                },
                {
                    "id": "VKDP33140T",
                    "name": "DUST COVER KIT FRNT SKF"
                },
                {
                    "id": "VKDP33144T",
                    "name": "DUST COVER KIT FRNT SKF"
                },
                {
                    "id": "VKDP43139T",
                    "name": "DUST COVER KIT REAR SKF"
                },
                {
                    "id": "376025SP",
                    "name": "SHOCK REAR MONROE"
                },
                {
                    "id": "E7815",
                    "name": "SHOCK REAR MONROE"
                },
                {
                    "id": "VKDS331028",
                    "name": "C/ARM BUSH L45 H43.8 ID12.1 OD43.8 SKF"
                },
                {
                    "id": "19434AP",
                    "name": "C/ARM BUSH LOWER L/R A-PLUS"
                },
                {
                    "id": "19437AP",
                    "name": "C/ARM BUSH LOWER L/R A-PLUS [OD:65]"
                },
                {
                    "id": "22611AP",
                    "name": "C/ARM BUSH LOWER L/R A-PLUS [OD:75]"
                },
                {
                    "id": "14262AP",
                    "name": "C/ARM BUSH UPPER L/R A-PLUS"
                },
                {
                    "id": "AU2124",
                    "name": "BUSH CONT ARM LOW FRNT L/R TEKNOSA"
                },
                {
                    "id": "AU2125",
                    "name": "BUSH CONT ARM LOW FRNT L/R TEKNOSA"
                },
                {
                    "id": "AU2126",
                    "name": "BUSH CONT ARM LOW FRNT L/R TEKNOSA"
                },
                {
                    "id": "AU2127",
                    "name": "BUSH CONT ARM LOW FRNT L/R TEKNOSA"
                },
                {
                    "id": "AU2128",
                    "name": "BUSH CONT ARM LOW FRNT L/R TEKNOSA"
                },
                {
                    "id": "AU1810",
                    "name": "BUSH CONT ARM UP FRNT L/R TEKNOSA"
                },
                {
                    "id": "AU1811",
                    "name": "BUSH CONT ARM UP FRNT L/R TEKNOSA"
                },
                {
                    "id": "VKDS351007",
                    "name": "STAB BAR BUSH L* H* ID* OD* SKF"
                },
                {
                    "id": "AU2623",
                    "name": "LATERAL LINK REAR LHS TEKNOSA"
                },
                {
                    "id": "AU2624",
                    "name": "LATERAL LINK REAR RHS TEKNOSA"
                },
                {
                    "id": "VKDS341020",
                    "name": "STABILIZER LINK L* H* ID* OD* SKF"
                },
                {
                    "id": "VKDS341026",
                    "name": "STABILIZER LINK L* H* ID* OD* SKF"
                },
                {
                    "id": "21738AP",
                    "name": "STABILIZER LINK L/R A-PLUS"
                },
                {
                    "id": "19426AP",
                    "name": "STABILIZER LINK L/R A-PLUS L170"
                },
                {
                    "id": "21734AP",
                    "name": "STABILIZER LINK L/R A-PLUS L170"
                },
                {
                    "id": "19427AP",
                    "name": "STABILIZER LINK L/R A-PLUS L60"
                },
                {
                    "id": "AU1530",
                    "name": "STABILIZER LINK FRNT L/R L110 TEKNOSA"
                },
                {
                    "id": "AU1527",
                    "name": "STABILIZER LINK FRNT L/R L170 TEKNOSA"
                },
                {
                    "id": "AU1528",
                    "name": "STABILIZER LINK FRNT L/R L170 TEKNOSA"
                },
                {
                    "id": "AU1529",
                    "name": "STABILIZER LINK REAR L/R L90 TEKNOSA"
                },
                {
                    "id": "VKDS321063B",
                    "name": "CONTROL ARM L238 SKF"
                },
                {
                    "id": "VKDS321064B",
                    "name": "CONTROL ARM L238 SKF"
                },
                {
                    "id": "VKDS321065B",
                    "name": "CONTROL ARM L267.5 SKF"
                },
                {
                    "id": "VKDS321066B",
                    "name": "CONTROL ARM L267.5 SKF"
                }
            ]
        },
        {
            "id": "5",
            "category": "COOLING SYSTEM",
            "category_parts": [
                {
                    "id": "",
                    "name": ""
                },
                {
                    "id": "WP18027",
                    "name": "WATER PUMP PI"
                },
                {
                    "id": "437100-9900",
                    "name": "COMPRESSOR / AIR CONDITIONER DENSO"
                },
                {
                    "id": "351319411",
                    "name": "AIR CONDITIONING CONDENSER MAHLE L678 W341 D16"
                }
            ]
        },
        {
            "id": "8",
            "category": "DRIVESHAFT COMPONENTS",
            "category_parts": [
                {
                    "id": "",
                    "name": ""
                },
                {
                    "id": "AD3008",
                    "name": "CV JOINT OUTER FRNT L/R 42X28X76.5XI TEKNOSA"
                },
                {
                    "id": "VKJP8356R",
                    "name": "CV BOOT KIT OUTER SKF"
                },
                {
                    "id": "VKJP8356",
                    "name": "CV BOOT KIT INNER SKF"
                }
            ]
        },
        {
            "id": "9",
            "category": "FUEL SYSTEM",
            "category_parts": [
                {
                    "id": "",
                    "name": ""
                },
                {
                    "id": "INTANK",
                    "name": "FUEL FILTER IN TANK LIFETIME"
                }
            ]
        },
        {
            "id": "10",
            "category": "TIMING COMPONENTS",
            "category_parts": [
                {
                    "id": "",
                    "name": ""
                },
                {
                    "id": "VKMV5PK985",
                    "name": "MULTI-GROOVE BELT [ALT] SKF"
                },
                {
                    "id": "5PK985",
                    "name": "MULTI-GROOVE BELT RAM"
                },
                {
                    "id": "FEB39968",
                    "name": "TIMING CHAIN"
                },
                {
                    "id": "FEB39969",
                    "name": "TIMING CHAIN"
                },
                {
                    "id": "FEB39970",
                    "name": "TIMING CHAIN"
                },
                {
                    "id": "FEB40291",
                    "name": "TIMING CHAIN"
                },
                {
                    "id": "FEB40278",
                    "name": "OIL PUMP DRIVE TENSIONER"
                },
                {
                    "id": "FEB48766",
                    "name": "TIMING CHAIN TENSIONER CAMSHAFT FEBI"
                }
            ]
        },
        {
            "id": "11",
            "category": "CYLINDER HEAD COMPONENTS",
            "category_parts": [
                {
                    "id": "",
                    "name": ""
                },
                {
                    "id": "02-42170-01",
                    "name": "TAPPET / VALVE COVER GASKET VR"
                },
                {
                    "id": "V94691",
                    "name": "VALVE INLET AE [33.85X6X103.9]"
                },
                {
                    "id": "94691",
                    "name": "VALVE INLET AE [33X6X104]"
                },
                {
                    "id": "RVG83061",
                    "name": "VALVE GUIDE KOLBERN [11.04X6X39]"
                },
                {
                    "id": "RVG83060",
                    "name": "VALVE GUIDE KOLBERN [11.04X6X39]"
                },
                {
                    "id": "RA83060",
                    "name": "ROCKER ARM FEBI"
                },
                {
                    "id": "177031",
                    "name": "CAMSHAFT SENSOR SEBRING 3 PIN"
                }
            ]
        },
        {
            "id": "12",
            "category": "ENGINE SUB ASSEMBLY",
            "category_parts": [
                {
                    "id": "",
                    "name": ""
                },
                {
                    "id": "W4997",
                    "name": "THRUST WASHER SET KING"
                }
            ]
        },
        {
            "id": "13",
            "category": "MOUNTINGS ",
            "category_parts": [
                {
                    "id": "",
                    "name": ""
                },
                {
                    "id": "MK207",
                    "name": "STRUT MOUNTING FRNT MONROE"
                },
                {
                    "id": "AR7996",
                    "name": "STRUT MOUNTING FRNT SUSP"
                },
                {
                    "id": "FEB26360",
                    "name": "STRUT MOUNTING FRNT [-BEARING]"
                },
                {
                    "id": "AU2820",
                    "name": "MOUNTING SHOCK FRNT L/R TEKNOSA"
                }
            ]
        },
        {
            "id": "15",
            "category": "ALTERNATOR COMPONENTS",
            "category_parts": [
                {
                    "id": "",
                    "name": ""
                },
                {
                    "id": "5PK985",
                    "name": "MULTI-GROOVE BELT RAM"
                }
            ]
        },
        {
            "id": "16",
            "category": "BODY PARTS FRONT AND REAR",
            "category_parts": [
                {
                    "id": "",
                    "name": ""
                },
                {
                    "id": "G2825",
                    "name": "BULB PARK LIGHT FRNT"
                },
                {
                    "id": "G501",
                    "name": "BULB PARK LIGHT FRNT ATS"
                }
            ]
        },
        {
            "id": "17",
            "category": "SWITCHES \u0026 ACCESSORIES",
            "category_parts": [
                {
                    "id": "",
                    "name": ""
                },
                {
                    "id": "S654",
                    "name": "BATTERY - SABAT"
                },
                {
                    "id": "S658",
                    "name": "BATTERY - SABAT"
                },
                {
                    "id": "F652",
                    "name": "BATTERY EXIDE/MIDAS"
                },
                {
                    "id": "F658",
                    "name": "BATTERY EXIDE/MIDAS"
                },
                {
                    "id": "W652",
                    "name": "BATTERY WILLARD"
                },
                {
                    "id": "W658",
                    "name": "BATTERY WILLARD"
                },
                {
                    "id": "575006",
                    "name": "WIPER BLADE VALEO 21 INCH"
                },
                {
                    "id": "575008",
                    "name": "WIPER BLADE VALEO 24 INCH"
                },
                {
                    "id": "3397006834",
                    "name": "WIPER BLADE FRNT DRIV BOSCH"
                },
                {
                    "id": "3397006838",
                    "name": "WIPER BLADE FRNT DRIV BOSCH"
                },
                {
                    "id": "3397007639",
                    "name": "WIPER BLADE KIT FRNT BOSCH"
                },
                {
                    "id": "3397008057",
                    "name": "WIPER BLADE REAR BOSCH"
                },
                {
                    "id": "TS6136",
                    "name": "TEMP SENDER UNIT [P/FIT 2-PIN] ECHLIN"
                },
                {
                    "id": "7.3278",
                    "name": "TEMP SENDER UNIT FACET"
                },
                {
                    "id": "33784",
                    "name": "TEMP SENDER UNIT MP"
                },
                {
                    "id": "TS6136M",
                    "name": "TEMP SENDER UNIT MP"
                },
                {
                    "id": "FEB29318",
                    "name": "TEMP SENDER UNIT [P/FIT 2-PIN] FEBI"
                }
            ]
        },
        {
            "id": "21",
            "category": "SENSORS \u0026 RELAYS",
            "category_parts": [
                {
                    "id": "",
                    "name": ""
                },
                {
                    "id": "177031",
                    "name": "CAMSHAFT SENSOR SEBRING 3 PIN"
                }
            ]
        },
        {
            "id": "23",
            "category": "LUBRICANTS",
            "category_parts": [
                {
                    "id": "",
                    "name": ""
                },
                {
                    "id": "3433389",
                    "name": "ENGINE OIL CASTROL MAGNATEC 5W30 5L"
                },
                {
                    "id": "550048788",
                    "name": "ENGINE OIL SHELL HELIX ULTRA 5W30 5L"
                }
            ]
        },
        {
            "id": "24",
            "category": "WHEEL BEARINGS",
            "category_parts": [
                {
                    "id": "",
                    "name": ""
                },
                {
                    "id": "VKBA6649",
                    "name": "WHEEL BRG KIT FRNT SKF"
                },
                {
                    "id": "PQ694",
                    "name": "WHEEL BRG KIT FRONT ID61 PQ"
                },
                {
                    "id": "713610900",
                    "name": "WHEEL BRG KIT FRNT FAG"
                },
                {
                    "id": "VKBA6649",
                    "name": "WHEEL BRG KIT REAR SKF"
                }
            ]
        },
        {
            "id": "26",
            "category": "STEERING",
            "category_parts": [
                {
                    "id": "",
                    "name": ""
                },
                {
                    "id": "18180AP",
                    "name": "STEERING RACK END L/R A-PLUS L227"
                },
                {
                    "id": "TR6193",
                    "name": "STEERING RACK END [227/243MM] PQ"
                },
                {
                    "id": "TR6194",
                    "name": "STEERING RACK END [237/252MM] PQ"
                },
                {
                    "id": "AU1415",
                    "name": "RACK END FRNT L/R L227 TEKNOSA"
                },
                {
                    "id": "AU1416",
                    "name": "RACK END FRNT L/R L235 TEKNOSA"
                },
                {
                    "id": "VKDY311040",
                    "name": "TIE ROD END L207 SKF"
                },
                {
                    "id": "21740AP",
                    "name": "TIE ROD END OUTER LHS A-PLUS"
                },
                {
                    "id": "21741AP",
                    "name": "TIE ROD END OUTER RHS A-PLUS"
                },
                {
                    "id": "TR6192",
                    "name": "TIE ROD END OUTER L/R PQ"
                },
                {
                    "id": "AU1023",
                    "name": "TIE ROD END OUTER FRNT LHS TEKNOSA"
                },
                {
                    "id": "AU1024",
                    "name": "TIE ROD END OUTER FRNT RHS TEKNOSA"
                },
                {
                    "id": "AU1318",
                    "name": "TIE ROD END SET OUTER FRNT L/R TEKNOSA"
                }
            ]
        },
        {
            "id": "27",
            "category": "BEARINGS",
            "category_parts": [
                {
                    "id": "",
                    "name": ""
                },
                {
                    "id": "VKBA6649",
                    "name": "WHEEL BRG KIT FRNT SKF"
                },
                {
                    "id": "PQ694",
                    "name": "WHEEL BRG KIT FRONT ID61 PQ"
                },
                {
                    "id": "713610900",
                    "name": "WHEEL BRG KIT FRNT FAG"
                },
                {
                    "id": "VKBA6649",
                    "name": "WHEEL BRG KIT REAR SKF"
                },
                {
                    "id": "VKDS321063B",
                    "name": "CONTROL ARM L238 SKF"
                },
                {
                    "id": "VKDS321064B",
                    "name": "CONTROL ARM L238 SKF"
                },
                {
                    "id": "VKDS321065B",
                    "name": "CONTROL ARM L267.5 SKF"
                },
                {
                    "id": "VKDS321066B",
                    "name": "CONTROL ARM L267.5 SKF"
                }
            ]
        },
        {
            "id": "28",
            "category": "AIR CONDITIONING",
            "category_parts": [
                {
                    "id": "",
                    "name": ""
                },
                {
                    "id": "437100-9900",
                    "name": "COMPRESSOR / AIR CONDITIONER DENSO"
                },
                {
                    "id": "351319411",
                    "name": "AIR CONDITIONING CONDENSER MAHLE L678 W341 D16"
                }
            ]
        },
        {
            "id": "28",
            "category": "AIR CONDITIONING",
            "category_parts": [
                {
                    "id": "",
                    "name": ""
                },
                {
                    "id": "437100-9900",
                    "name": "COMPRESSOR / AIR CONDITIONER DENSO"
                },
                {
                    "id": "351319411",
                    "name": "AIR CONDITIONING CONDENSER MAHLE L678 W341 D16"
                }
            ]
        }
    ]
}
