{
    "id": "327",
    "parts": [
        {
            "id": "1",
            "category": "SERVICE PARTS",
            "category_parts": [
                {
                    "id": "",
                    "name": ""
                },
                {
                    "id": "Z552",
                    "name": "OIL FILTER GUD OD78 H145 [M27 X 1.5MM]"
                },
                {
                    "id": "PH10600",
                    "name": "OIL FILTER FRAM"
                },
                {
                    "id": "38477",
                    "name": "OIL FILTER H142MM OD79MM FEBI"
                },
                {
                    "id": "ADV182105",
                    "name": "OIL FIL H142MM OD79MM BLUEPRINT"
                },
                {
                    "id": "WL7466",
                    "name": "OIL FILTER WIX"
                },
                {
                    "id": "AG1127",
                    "name": "AIR FILTER GUD PANEL L345 W135 H70"
                },
                {
                    "id": "CA9711",
                    "name": "AIR FILTER FRAM"
                },
                {
                    "id": "CA10057",
                    "name": "AIR FILTER FRAM [WITH PREFILTER]"
                },
                {
                    "id": "CAF100806P",
                    "name": "AIR FILTER CHAMPION"
                },
                {
                    "id": "F026400172",
                    "name": "AIR FILTER BOSCH L344 W135 H70"
                },
                {
                    "id": "FEB22552",
                    "name": "AIR FILTER FEBI"
                },
                {
                    "id": "WA6781",
                    "name": "AIR FILTER WIX"
                },
                {
                    "id": "WA6787",
                    "name": "AIR FILTER WIX"
                },
                {
                    "id": "MAF5",
                    "name": "AIR FILTER KAIZEN"
                },
                {
                    "id": "E144",
                    "name": "FUEL FILTER GUD [2=IN \u0026 1=OUT]"
                },
                {
                    "id": "G10243",
                    "name": "FUEL FILTER FRAM"
                },
                {
                    "id": "CFF100478",
                    "name": "FUEL FILTER CHAMPION"
                },
                {
                    "id": "WF8386",
                    "name": "FUEL FILTER WIX"
                },
                {
                    "id": "IE79",
                    "name": "FUEL FILTER KAIZEN"
                },
                {
                    "id": "PFR7S8EG",
                    "name": "SPARK PLUG NGK"
                },
                {
                    "id": "IK22FTT",
                    "name": "DENSO IRIDIUM TT SPARK PLUG"
                },
                {
                    "id": "PK22PR8",
                    "name": "SPARK PLUG DENSO PLATINUM [D14MM HEX16MM 22NM TL19]"
                },
                {
                    "id": "AC35GUD",
                    "name": "CABIN AIR FILTER GUD H34 L269 W207"
                },
                {
                    "id": "145520-3570",
                    "name": "CABIN AIR FILTER CG DENSO"
                },
                {
                    "id": "CF11486",
                    "name": "CABIN AIR FILTER FRAM"
                },
                {
                    "id": "CF9922",
                    "name": "CABIN AIR FILTER FRAM"
                },
                {
                    "id": "CFA9921",
                    "name": "CABIN AIR FILTER FRAM [ANTI-ODOR]"
                },
                {
                    "id": "CCF0303",
                    "name": "CABIN AIR FILTER CHAMPION"
                },
                {
                    "id": "WP9147",
                    "name": "CABIN AIR FILTER WIX CARBON"
                },
                {
                    "id": "WP9359",
                    "name": "CABIN AIR FILTER WIX CARBON"
                },
                {
                    "id": "ATE940",
                    "name": "DISC PAD FRNT ATE L155 H66 T20"
                },
                {
                    "id": "ATE1099",
                    "name": "DISC PAD FRNT ATE L156 H73 T20"
                },
                {
                    "id": "FDB1728",
                    "name": "DISC PAD FRNT FERODO L155 H71 T19"
                },
                {
                    "id": "FDB1641",
                    "name": "DISC PAD FRNT FERODO L155 H71 T20"
                },
                {
                    "id": "FDB4223",
                    "name": "DISC PAD FRNT FERODO L155 H73 T20"
                },
                {
                    "id": "FDB1001",
                    "name": "DISC PAD FRNT FERODO L195 H74 T20"
                },
                {
                    "id": "0986494877",
                    "name": "DISC PAD FRNT BOSCH L155 H66 T19"
                },
                {
                    "id": "0986424797",
                    "name": "DISC PAD FRNT BOSCH L155 H66 T20"
                },
                {
                    "id": "0986494550",
                    "name": "DISC PAD FRNT BOSCH L155 H73 T20"
                },
                {
                    "id": "0986495261",
                    "name": "DISC PAD FRNT BOSCH L155 H73 T20"
                },
                {
                    "id": "D3594",
                    "name": "DISC PAD FRNT SAFELINE L155 H73 T20"
                },
                {
                    "id": "D3961",
                    "name": "DISC PAD FRNT SAFELINE L155 H73 T20"
                },
                {
                    "id": "D3492",
                    "name": "DISC PAD FRNT SAFELINE L156 H67 T20"
                },
                {
                    "id": "D3553",
                    "name": "DISC PAD FRNT SAFELINE L156 H67 T20"
                },
                {
                    "id": "OPT3553",
                    "name": "DISC PAD FRNT OPTIMA L155 H71"
                },
                {
                    "id": "OPT3289",
                    "name": "DISC PAD REAR L/R OPTIMA"
                },
                {
                    "id": "OPT3483",
                    "name": "DISC PAD REAR L/R OPTIMA"
                },
                {
                    "id": "05P866",
                    "name": "DISC PAD FRNT LPR L156 H72 T20"
                },
                {
                    "id": "05P881",
                    "name": "DISC PAD FRNT LPR L195 H74 T20"
                },
                {
                    "id": "ADB01308",
                    "name": "DISC PAD FRNT NIPPON L155 H66 T19"
                },
                {
                    "id": "ADB11224",
                    "name": "DISC PAD FRNT NIPPON L155 H66 T20"
                },
                {
                    "id": "ATE705",
                    "name": "DISC PAD FRNT ATE L126 H59 T15"
                },
                {
                    "id": "ATE170",
                    "name": "DISC PAD REAR ATE L106 H56 T16"
                },
                {
                    "id": "ATE561",
                    "name": "DISC PAD REAR ATE L87 H53 T15"
                },
                {
                    "id": "ATE706",
                    "name": "DISC PAD SET REAR ATE"
                },
                {
                    "id": "FDB1636",
                    "name": "DISC PAD REAR FERODO L105 H56 T17"
                },
                {
                    "id": "FDB1788",
                    "name": "DISC PAD REAR FERODO L87 H53 T17"
                },
                {
                    "id": "098650A178",
                    "name": "DISC PAD REAR BOSCH L87 H53"
                },
                {
                    "id": "098650A182",
                    "name": "DISC PAD REAR BOSCH L87 H53"
                },
                {
                    "id": "D3289",
                    "name": "DISC PAD REAR SAFELINE"
                },
                {
                    "id": "D3483",
                    "name": "DISC PAD REAR SAFELINE L105 H56 T17"
                },
                {
                    "id": "D3109",
                    "name": "DISC PAD REAR SAFELINE L126 H59 T15"
                },
                {
                    "id": "D3177",
                    "name": "DISC PAD REAR SAFELINE L87 H53 T15"
                },
                {
                    "id": "D3200",
                    "name": "DISC PAD REAR SAFELINE L87 H53 T17"
                },
                {
                    "id": "05P1219",
                    "name": "DISC PAD REAR LPR L105 H56 T17"
                },
                {
                    "id": "05P427",
                    "name": "DISC PAD REAR LPR L126 H59 T15"
                },
                {
                    "id": "05P634",
                    "name": "DISC PAD REAR LPR L87 H53 T17"
                },
                {
                    "id": "ADB01716",
                    "name": "DISC PAD REAR NIPPON L0 H0 T0"
                },
                {
                    "id": "ADB01284",
                    "name": "DISC PAD REAR NIPPON L105 H56 T17"
                },
                {
                    "id": "ADB01081",
                    "name": "DISC PAD REAR NIPPON L125 H58 T15"
                },
                {
                    "id": "ADB1797",
                    "name": "DISC PAD REAR NIPPON L87 H53 T17"
                },
                {
                    "id": "00921",
                    "name": "DRAIN PLUG SUMP \u0026 WASHER OSSCA/ATS"
                },
                {
                    "id": "FEB15374",
                    "name": "DRAIN PLUG SUMP \u0026 WASHER FEBI"
                },
                {
                    "id": "3433389",
                    "name": "ENGINE OIL CASTROL MAGNATEC 5W30 5L"
                },
                {
                    "id": "550048788",
                    "name": "ENGINE OIL SHELL HELIX ULTRA 5W30 5L"
                }
            ]
        },
        {
            "id": "2",
            "category": "BRAKES",
            "category_parts": [
                {
                    "id": "",
                    "name": ""
                },
                {
                    "id": "ATE940",
                    "name": "DISC PAD FRNT ATE L155 H66 T20"
                },
                {
                    "id": "ATE1099",
                    "name": "DISC PAD FRNT ATE L156 H73 T20"
                },
                {
                    "id": "FDB1728",
                    "name": "DISC PAD FRNT FERODO L155 H71 T19"
                },
                {
                    "id": "FDB1641",
                    "name": "DISC PAD FRNT FERODO L155 H71 T20"
                },
                {
                    "id": "FDB4223",
                    "name": "DISC PAD FRNT FERODO L155 H73 T20"
                },
                {
                    "id": "FDB1001",
                    "name": "DISC PAD FRNT FERODO L195 H74 T20"
                },
                {
                    "id": "0986494877",
                    "name": "DISC PAD FRNT BOSCH L155 H66 T19"
                },
                {
                    "id": "0986424797",
                    "name": "DISC PAD FRNT BOSCH L155 H66 T20"
                },
                {
                    "id": "0986494550",
                    "name": "DISC PAD FRNT BOSCH L155 H73 T20"
                },
                {
                    "id": "0986495261",
                    "name": "DISC PAD FRNT BOSCH L155 H73 T20"
                },
                {
                    "id": "D3594",
                    "name": "DISC PAD FRNT SAFELINE L155 H73 T20"
                },
                {
                    "id": "D3961",
                    "name": "DISC PAD FRNT SAFELINE L155 H73 T20"
                },
                {
                    "id": "D3492",
                    "name": "DISC PAD FRNT SAFELINE L156 H67 T20"
                },
                {
                    "id": "D3553",
                    "name": "DISC PAD FRNT SAFELINE L156 H67 T20"
                },
                {
                    "id": "OPT3553",
                    "name": "DISC PAD FRNT OPTIMA L155 H71"
                },
                {
                    "id": "OPT3289",
                    "name": "DISC PAD REAR L/R OPTIMA"
                },
                {
                    "id": "OPT3483",
                    "name": "DISC PAD REAR L/R OPTIMA"
                },
                {
                    "id": "05P866",
                    "name": "DISC PAD FRNT LPR L156 H72 T20"
                },
                {
                    "id": "05P881",
                    "name": "DISC PAD FRNT LPR L195 H74 T20"
                },
                {
                    "id": "ADB01308",
                    "name": "DISC PAD FRNT NIPPON L155 H66 T19"
                },
                {
                    "id": "ADB11224",
                    "name": "DISC PAD FRNT NIPPON L155 H66 T20"
                },
                {
                    "id": "ATE705",
                    "name": "DISC PAD FRNT ATE L126 H59 T15"
                },
                {
                    "id": "ATE170",
                    "name": "DISC PAD REAR ATE L106 H56 T16"
                },
                {
                    "id": "ATE561",
                    "name": "DISC PAD REAR ATE L87 H53 T15"
                },
                {
                    "id": "ATE706",
                    "name": "DISC PAD SET REAR ATE"
                },
                {
                    "id": "FDB1636",
                    "name": "DISC PAD REAR FERODO L105 H56 T17"
                },
                {
                    "id": "FDB1788",
                    "name": "DISC PAD REAR FERODO L87 H53 T17"
                },
                {
                    "id": "098650A178",
                    "name": "DISC PAD REAR BOSCH L87 H53"
                },
                {
                    "id": "098650A182",
                    "name": "DISC PAD REAR BOSCH L87 H53"
                },
                {
                    "id": "D3289",
                    "name": "DISC PAD REAR SAFELINE"
                },
                {
                    "id": "D3483",
                    "name": "DISC PAD REAR SAFELINE L105 H56 T17"
                },
                {
                    "id": "D3109",
                    "name": "DISC PAD REAR SAFELINE L126 H59 T15"
                },
                {
                    "id": "D3177",
                    "name": "DISC PAD REAR SAFELINE L87 H53 T15"
                },
                {
                    "id": "D3200",
                    "name": "DISC PAD REAR SAFELINE L87 H53 T17"
                },
                {
                    "id": "05P1219",
                    "name": "DISC PAD REAR LPR L105 H56 T17"
                },
                {
                    "id": "05P427",
                    "name": "DISC PAD REAR LPR L126 H59 T15"
                },
                {
                    "id": "05P634",
                    "name": "DISC PAD REAR LPR L87 H53 T17"
                },
                {
                    "id": "ADB01716",
                    "name": "DISC PAD REAR NIPPON L0 H0 T0"
                },
                {
                    "id": "ADB01284",
                    "name": "DISC PAD REAR NIPPON L105 H56 T17"
                },
                {
                    "id": "ADB01081",
                    "name": "DISC PAD REAR NIPPON L125 H58 T15"
                },
                {
                    "id": "ADB1797",
                    "name": "DISC PAD REAR NIPPON L87 H53 T17"
                },
                {
                    "id": "122.0151",
                    "name": "BRAKE DISC FV ATE D256 H37 S65 ID134 [5]"
                },
                {
                    "id": "TBD7214-D",
                    "name": "BRAKE DISC FRNT L/R VENTED OPTIMA"
                },
                {
                    "id": "TBD8134-D",
                    "name": "BRAKE DISC FRNT L/R VENTED OPTIMA"
                },
                {
                    "id": "DR6694",
                    "name": "BRAKE DISC RV ALFA D255 H36 S65 [5]"
                },
                {
                    "id": "112-0175",
                    "name": "BRAKE DISC RS D286 H59 S65 5 ATE"
                },
                {
                    "id": "DDF1154",
                    "name": "BRAKE DISC RV FERODO D256 H36 S65 [5]"
                },
                {
                    "id": "DDF1154C",
                    "name": "BRAKE DISC RV FERODO D256 H36 S65 [5]"
                },
                {
                    "id": "HB4102",
                    "name": "WHEEL HUB F/R L/R TEKNOSA"
                },
                {
                    "id": "HB4101",
                    "name": "WHEEL HUB REAR L/R TEKNOSA"
                },
                {
                    "id": "113-1306X",
                    "name": "BRAKE CALIPER GUIDE SLEEVE KIT QB"
                },
                {
                    "id": "113-1346X",
                    "name": "BRAKE CALIPER GUIDE SLEEVE KIT QB"
                }
            ]
        },
        {
            "id": "3",
            "category": "SUSPENSION COMPONENTS [FRONT]",
            "category_parts": [
                {
                    "id": "",
                    "name": ""
                },
                {
                    "id": "E7094",
                    "name": "SHOCK FRNT MONROE"
                },
                {
                    "id": "VKDA35122",
                    "name": "TOP MOUNT FRNT SHOCK [SINGLE] FRNT SKF"
                },
                {
                    "id": "VKDA35122T",
                    "name": "TOP MOUNT SHOCK FRNT [TWIN PACK] FRNT SKF"
                },
                {
                    "id": "AU1910",
                    "name": "BALL JOINT LOWER FRNT LHS TEKNOSA"
                },
                {
                    "id": "AU1911",
                    "name": "BALL JOINT LOWER FRNT RHS TEKNOSA"
                },
                {
                    "id": "BJ1081",
                    "name": "BALL JOINT LOWER L/R PQ"
                },
                {
                    "id": "18182AP",
                    "name": "BALL JOINT LOWER LHS A-PLUS"
                },
                {
                    "id": "18183AP",
                    "name": "BALL JOINT LOWER RHS A-PLUS"
                },
                {
                    "id": "16180AP",
                    "name": "CONTROL ARM UPPER L/R A-PLUS"
                },
                {
                    "id": "AU2078",
                    "name": "CONTROL ARM LOWER FRNT LHS TEKNOSA"
                },
                {
                    "id": "AU2079",
                    "name": "CONTROL ARM LOWER FRNT RHS TEKNOSA"
                },
                {
                    "id": "AU2080",
                    "name": "CONTROL ARM LOWER REAR LHS TEKNOSA"
                },
                {
                    "id": "AU2081",
                    "name": "CONTROL ARM LOWER REAR RHS TEKNOSA"
                },
                {
                    "id": "AU1710",
                    "name": "CONTROL ARM UPPER REAR L/R TEKNOSA"
                },
                {
                    "id": "CS141",
                    "name": "CONTROL ARM LOWER LHS"
                },
                {
                    "id": "CS140",
                    "name": "CONTROL ARM LOWER RHS"
                },
                {
                    "id": "23914AP",
                    "name": "CONTROL ARM LOWER LHS A-PLUS"
                },
                {
                    "id": "23915AP",
                    "name": "CONTROL ARM LOWER RHS A-PLUS"
                },
                {
                    "id": "15732",
                    "name": "CONTROL ARM LOWER OSSCA/ATS"
                },
                {
                    "id": "TR5600",
                    "name": "STABILISER LINK FRONT LHS [336MM] PQ"
                },
                {
                    "id": "TR5599",
                    "name": "STABILISER LINK FRONT RHS [336MM] PQ"
                },
                {
                    "id": "VKDS341002",
                    "name": "STABILIZER LINK L* H* ID* OD* SKF"
                },
                {
                    "id": "VKDS441000",
                    "name": "STABILIZER LINK L* H* ID* OD* SKF"
                },
                {
                    "id": "AU2610",
                    "name": "LATERAL LINK REAR L/R TEKNOSA"
                },
                {
                    "id": "BJ1273L",
                    "name": "TRACK CONTROL ARM LOWER LHS PQ"
                },
                {
                    "id": "VKD35025",
                    "name": "ANTI-F BRG \u0026 SUS/MOUNT [SINGLE] FRNT SKF"
                },
                {
                    "id": "VKD35025T",
                    "name": "ANTI-F BRG \u0026 SUS/MOUNT [TWIN PACK] FRNT SKF"
                },
                {
                    "id": "VKDS421017",
                    "name": "CONTROL ARM L297.8 SKF"
                },
                {
                    "id": "VKDS421019",
                    "name": "CONTROL ARM L305.5 SKF"
                },
                {
                    "id": "VKDS421011",
                    "name": "CONTROL ARM L306 SKF"
                },
                {
                    "id": "VKDS421004",
                    "name": "CONTROL ARM L463.5 SKF"
                },
                {
                    "id": "VKDS421005",
                    "name": "CONTROL ARM L463.5 SKF"
                },
                {
                    "id": "VKDS421001",
                    "name": "LATERAL LINK [R] [R] SKF"
                },
                {
                    "id": "VKDS331003",
                    "name": "C/ARM BUSH L* H* ID* OD* SKF"
                },
                {
                    "id": "VKDS431001",
                    "name": "C/ARM BUSH L* H* ID* OD* SKF"
                },
                {
                    "id": "VKDS431014",
                    "name": "C/ARM BUSH L* H45 ID12.2 OD38.3 SKF"
                },
                {
                    "id": "VKDS431013",
                    "name": "C/ARM BUSH L42.5 H60 ID12.2 OD56.5 SKF"
                },
                {
                    "id": "VKDS431015",
                    "name": "C/ARM BUSH L45 H38.7 ID14 OD38.7 SKF"
                },
                {
                    "id": "VKDS431012",
                    "name": "C/ARM BUSH L60 H40 ID12.1 OD40 SKF"
                },
                {
                    "id": "AU2140",
                    "name": "BUSH CONT ARM LOW FRNT L/R TEKNOSA"
                },
                {
                    "id": "VW2911",
                    "name": "BUSH REAR L/R TEKNOSA"
                }
            ]
        },
        {
            "id": "4",
            "category": "SUSPENSION COMPONENTS [REAR]",
            "category_parts": [
                {
                    "id": "",
                    "name": ""
                },
                {
                    "id": "E7812",
                    "name": "SHOCK REAR MONROE"
                },
                {
                    "id": "VKDA40127",
                    "name": "TOP MOUNT REAR SHOCK [SINGLE] SKF"
                },
                {
                    "id": "VKDA40127T",
                    "name": "TOP MOUNT SHOCK REAR [TWIN PACK] SKF"
                },
                {
                    "id": "VKDS331003",
                    "name": "C/ARM BUSH L* H* ID* OD* SKF"
                },
                {
                    "id": "VKDS431001",
                    "name": "C/ARM BUSH L* H* ID* OD* SKF"
                },
                {
                    "id": "VKDS431014",
                    "name": "C/ARM BUSH L* H45 ID12.2 OD38.3 SKF"
                },
                {
                    "id": "VKDS431013",
                    "name": "C/ARM BUSH L42.5 H60 ID12.2 OD56.5 SKF"
                },
                {
                    "id": "VKDS431015",
                    "name": "C/ARM BUSH L45 H38.7 ID14 OD38.7 SKF"
                },
                {
                    "id": "VKDS431012",
                    "name": "C/ARM BUSH L60 H40 ID12.1 OD40 SKF"
                },
                {
                    "id": "23692AP",
                    "name": "C/ARM BUSH LOWER L/R A-PLUS"
                },
                {
                    "id": "AU2140",
                    "name": "BUSH CONT ARM LOW FRNT L/R TEKNOSA"
                },
                {
                    "id": "VW2911",
                    "name": "BUSH REAR L/R TEKNOSA"
                },
                {
                    "id": "AU2610",
                    "name": "LATERAL LINK REAR L/R TEKNOSA"
                },
                {
                    "id": "VKDS341002",
                    "name": "STABILIZER LINK L* H* ID* OD* SKF"
                },
                {
                    "id": "VKDS441000",
                    "name": "STABILIZER LINK L* H* ID* OD* SKF"
                },
                {
                    "id": "TR5601",
                    "name": "STABILISER LINK REAR L/R [175MM] PQ"
                },
                {
                    "id": "TR5953",
                    "name": "STABILISER LINK REAR L/R PQ 95MM"
                },
                {
                    "id": "16178AP",
                    "name": "LATERAL LINK LHS A-PLUS L298"
                },
                {
                    "id": "16179AP",
                    "name": "LATERAL LINK RHS A-PLUS L298"
                },
                {
                    "id": "14207AP",
                    "name": "STABILIZER LINK L/R A-PLUS L96"
                },
                {
                    "id": "AU1518",
                    "name": "STABILIZER LINK FRNT L/R L335 TEKNOSA"
                },
                {
                    "id": "AU1519",
                    "name": "STABILIZER LINK REAR L/R L96 TEKNOSA"
                },
                {
                    "id": "VKD35025",
                    "name": "ANTI-F BRG \u0026 SUS/MOUNT [SINGLE] FRNT SKF"
                },
                {
                    "id": "VKD35025T",
                    "name": "ANTI-F BRG \u0026 SUS/MOUNT [TWIN PACK] FRNT SKF"
                },
                {
                    "id": "VKDS421017",
                    "name": "CONTROL ARM L297.8 SKF"
                },
                {
                    "id": "VKDS421019",
                    "name": "CONTROL ARM L305.5 SKF"
                },
                {
                    "id": "VKDS421011",
                    "name": "CONTROL ARM L306 SKF"
                },
                {
                    "id": "VKDS421004",
                    "name": "CONTROL ARM L463.5 SKF"
                },
                {
                    "id": "VKDS421005",
                    "name": "CONTROL ARM L463.5 SKF"
                },
                {
                    "id": "VKDS421001",
                    "name": "LATERAL LINK [R] [R] SKF"
                }
            ]
        },
        {
            "id": "5",
            "category": "COOLING SYSTEM",
            "category_parts": [
                {
                    "id": "",
                    "name": ""
                },
                {
                    "id": "01686",
                    "name": "RADIATOR CAP OSSCA/ATS"
                },
                {
                    "id": "TP3-23",
                    "name": "RADIATOR CAP [LIGHT BLUE 40KPA] ECHLIN"
                },
                {
                    "id": "TP3-23M",
                    "name": "RADIATOR CAP [LIGHT BLUE 40KPA] MP"
                },
                {
                    "id": "12424",
                    "name": "HOSE BREATHER PIPE OSSCA/ATS"
                },
                {
                    "id": "VKPC81240",
                    "name": "WATER PUMP SKF"
                },
                {
                    "id": "PA1041",
                    "name": "WATER PUMP GRAF"
                },
                {
                    "id": "WP83072",
                    "name": "WATER PUMP PI"
                }
            ]
        },
        {
            "id": "6",
            "category": "CLUTCH COMPONENTS",
            "category_parts": [
                {
                    "id": "",
                    "name": ""
                },
                {
                    "id": "VW307",
                    "name": "CLUTCH M/CYL CPD 15.87"
                },
                {
                    "id": "05737",
                    "name": "CLUTCH M/CYL OSSCA/ATS 15.87MM W/SENSOR"
                },
                {
                    "id": "22481",
                    "name": "CLUTCH M/CYL OSSCA/ATS 19.05MM PLASTIC"
                },
                {
                    "id": "33936",
                    "name": "CLUTCH M/CYL FEBI"
                },
                {
                    "id": "FEB33936",
                    "name": "CLUTCH M/CYL FEBI"
                },
                {
                    "id": "CM159.9505",
                    "name": "CLUTCH M/CYL PQ"
                },
                {
                    "id": "510017710",
                    "name": "CONCENTRIC S/CYL LUK"
                },
                {
                    "id": "FEB34963",
                    "name": "CONCENTRIC S/CYL FEBI"
                },
                {
                    "id": "05534",
                    "name": "CONCENTRIC S/CYL OSSCA/ATS"
                },
                {
                    "id": "3182600206",
                    "name": "CONCENTRIC S/CYL SACHS"
                },
                {
                    "id": "CSVW02",
                    "name": "CONCENTRIC S/CYL VALEO"
                },
                {
                    "id": "39438",
                    "name": "CLUTCH S/CYL FEBI"
                },
                {
                    "id": "123046310",
                    "name": "PRESSURE PLATE LUK"
                },
                {
                    "id": "623322700",
                    "name": "CLUTCH KIT LUK D228 S22.0 ST28"
                },
                {
                    "id": "R524MK",
                    "name": "CLUTCH KIT LUK D228 S22.0 ST28"
                },
                {
                    "id": "602000600",
                    "name": "DRY DOUBLE CLUTCH KIT LUK"
                },
                {
                    "id": "3000943003",
                    "name": "CLUTCH KIT SACHS"
                },
                {
                    "id": "3000951847",
                    "name": "CLUTCH KIT SACHS [230X22.1-28]"
                },
                {
                    "id": "RB9855",
                    "name": "RELEASE BEARING PQ"
                },
                {
                    "id": "M202",
                    "name": "GEARBOX HYDRAULIC FILTER GUD"
                }
            ]
        },
        {
            "id": "7",
            "category": "IGNITION SYSTEM",
            "category_parts": [
                {
                    "id": "",
                    "name": ""
                },
                {
                    "id": "BC7900",
                    "name": "IGNITION COIL BOUGICORD"
                },
                {
                    "id": "CP007",
                    "name": "IGNITION COIL KAIZEN"
                }
            ]
        },
        {
            "id": "8",
            "category": "DRIVESHAFT COMPONENTS",
            "category_parts": [
                {
                    "id": "",
                    "name": ""
                },
                {
                    "id": "VW6916",
                    "name": "CV JOINT INNER FRNT L/R 33X34X100 TEKNOSA"
                },
                {
                    "id": "VW6916-X",
                    "name": "CV JOINT INNER FRNT L/R 33X34X100 X-LINE"
                },
                {
                    "id": "VW5217",
                    "name": "CV JOINT OUTER FRNT L/R 36X27X59.5XI TEKNOSA"
                },
                {
                    "id": "VW5217-X",
                    "name": "CV JOINT OUTER FRNT L/R 36X27X59.5XI X-LINE"
                },
                {
                    "id": "VKJP01001",
                    "name": "CV BOOT KIT OUTER SKF"
                },
                {
                    "id": "VKJP01001S",
                    "name": "CV BOOT KIT OUTER SKF"
                },
                {
                    "id": "VKJP01011",
                    "name": "CV BOOT KIT OUTER SKF"
                },
                {
                    "id": "VKJP01019",
                    "name": "CV BOOT KIT OUTER SKF"
                },
                {
                    "id": "VKJP1466",
                    "name": "CV BOOT KIT OUTER SKF"
                },
                {
                    "id": "VKJP1466R",
                    "name": "CV BOOT KIT OUTER SKF"
                },
                {
                    "id": "VKJP3107",
                    "name": "CV BOOT KIT OUTER SKF"
                },
                {
                    "id": "VKJP8356R",
                    "name": "CV BOOT KIT OUTER SKF"
                },
                {
                    "id": "VKJP8356",
                    "name": "CV BOOT KIT INNER SKF"
                },
                {
                    "id": "486208",
                    "name": "OIL SEAL DRIVE SHAFT L/R PQ"
                },
                {
                    "id": "607408",
                    "name": "OIL SEAL DRIVE SHAFT L/R PQ"
                },
                {
                    "id": "300811/49",
                    "name": "DIFF CARRIER BRG L/R PQ"
                },
                {
                    "id": "503310/49",
                    "name": "DIFF CARRIER BRG L/R PQ"
                },
                {
                    "id": "VWDC487618",
                    "name": "DIFF CARRIER BRG RHS PQ"
                }
            ]
        },
        {
            "id": "9",
            "category": "FUEL SYSTEM",
            "category_parts": [
                {
                    "id": "",
                    "name": ""
                },
                {
                    "id": "E144",
                    "name": "FUEL FILTER GUD [2=IN \u0026 1=OUT]"
                },
                {
                    "id": "G10243",
                    "name": "FUEL FILTER FRAM"
                },
                {
                    "id": "CFF100478",
                    "name": "FUEL FILTER CHAMPION"
                },
                {
                    "id": "WF8386",
                    "name": "FUEL FILTER WIX"
                },
                {
                    "id": "IE79",
                    "name": "FUEL FILTER KAIZEN"
                }
            ]
        },
        {
            "id": "10",
            "category": "TIMING COMPONENTS",
            "category_parts": [
                {
                    "id": "",
                    "name": ""
                },
                {
                    "id": "VKMV6PK1117",
                    "name": "MULTI-GROOVE BELT [ALT] SKF"
                },
                {
                    "id": "T39087",
                    "name": "T/BELT TENSIONER GATES"
                }
            ]
        },
        {
            "id": "11",
            "category": "CYLINDER HEAD COMPONENTS",
            "category_parts": [
                {
                    "id": "",
                    "name": ""
                },
                {
                    "id": "AH5380",
                    "name": "CYLINDER HEAD GASKET"
                },
                {
                    "id": "14-32276-01",
                    "name": "CYLINDER HEAD BOLT SET REINZ"
                }
            ]
        },
        {
            "id": "12",
            "category": "ENGINE SUB ASSEMBLY",
            "category_parts": [
                {
                    "id": "",
                    "name": ""
                },
                {
                    "id": "RP83081",
                    "name": "PISTON SET AE 84.01MM"
                },
                {
                    "id": "RP83072",
                    "name": "PISTON SET AE 84MM"
                },
                {
                    "id": "RR83072",
                    "name": "RINGSET FED 84MM 1.2/1.5/2MM"
                },
                {
                    "id": "B6990",
                    "name": "CONROD BEARING SET AE"
                },
                {
                    "id": "M7990",
                    "name": "MAIN BEARING SET AE"
                },
                {
                    "id": "ROP83047",
                    "name": "OIL PUMP AUTOZONE"
                },
                {
                    "id": "FEB15374",
                    "name": "DRAIN PLUG SUMP \u0026 WASHER FEBI"
                },
                {
                    "id": "00921",
                    "name": "DRAIN PLUG SUMP \u0026 WASHER OSSCA/ATS"
                },
                {
                    "id": "W2990",
                    "name": "THRUST WASHER SET AE"
                },
                {
                    "id": "223507",
                    "name": "OIL SEAL GEARBOX FRNT PQ"
                },
                {
                    "id": "243806",
                    "name": "OIL SEAL GEARBOX FRNT PQ"
                },
                {
                    "id": "284207",
                    "name": "OIL SEAL GEARBOX FRNT PQ"
                },
                {
                    "id": "17606",
                    "name": "MAIN FLANGE REAR OSSCA/ATS"
                },
                {
                    "id": "486208",
                    "name": "OIL SEAL DRIVE SHAFT L/R PQ"
                },
                {
                    "id": "607408",
                    "name": "OIL SEAL DRIVE SHAFT L/R PQ"
                },
                {
                    "id": "9582FS",
                    "name": "OIL SEAL REAR MAIN BRG PQ"
                },
                {
                    "id": "9584",
                    "name": "OIL SEAL REAR MAIN BRG PQ"
                },
                {
                    "id": "9548",
                    "name": "OIL SEAL T/COVER OR CAM PQ"
                },
                {
                    "id": "9581",
                    "name": "OIL SEAL T/COVER OR CAM PQ"
                }
            ]
        },
        {
            "id": "14",
            "category": "STARTER COMPONENTS",
            "category_parts": [
                {
                    "id": "",
                    "name": ""
                },
                {
                    "id": "STR1366",
                    "name": "STARTER MOTOR 1.1KW 10T 3-HOLE"
                },
                {
                    "id": "STR00142A",
                    "name": "STARTER MOTOR 12V ELECTROPART"
                }
            ]
        },
        {
            "id": "15",
            "category": "ALTERNATOR COMPONENTS",
            "category_parts": [
                {
                    "id": "",
                    "name": ""
                },
                {
                    "id": "VKM03116",
                    "name": "ALT PULLEY [G:6 W:35.4 ID:17 OD:61] SKF"
                }
            ]
        },
        {
            "id": "16",
            "category": "BODY PARTS FRONT AND REAR",
            "category_parts": [
                {
                    "id": "",
                    "name": ""
                },
                {
                    "id": "12741",
                    "name": "HEADLIGHT SWITCH 10-PIN OSSCA/ATS"
                }
            ]
        },
        {
            "id": "17",
            "category": "SWITCHES \u0026 ACCESSORIES",
            "category_parts": [
                {
                    "id": "",
                    "name": ""
                },
                {
                    "id": "S668",
                    "name": "BATTERY SABAT"
                },
                {
                    "id": "F668",
                    "name": "BATTERY EXIDE/MIDAS"
                },
                {
                    "id": "W668",
                    "name": "BATTERY WILLARD"
                },
                {
                    "id": "12741",
                    "name": "HEADLIGHT SWITCH 10-PIN OSSCA/ATS"
                }
            ]
        },
        {
            "id": "18",
            "category": "GASKETS ",
            "category_parts": [
                {
                    "id": "",
                    "name": ""
                },
                {
                    "id": "AH5380",
                    "name": "CYLINDER HEAD GASKET"
                }
            ]
        },
        {
            "id": "20",
            "category": "SEALS ",
            "category_parts": [
                {
                    "id": "",
                    "name": ""
                },
                {
                    "id": "486208",
                    "name": "OIL SEAL DRIVE SHAFT L/R PQ"
                },
                {
                    "id": "607408",
                    "name": "OIL SEAL DRIVE SHAFT L/R PQ"
                },
                {
                    "id": "223507",
                    "name": "OIL SEAL GEARBOX FRNT PQ"
                },
                {
                    "id": "243806",
                    "name": "OIL SEAL GEARBOX FRNT PQ"
                },
                {
                    "id": "284207",
                    "name": "OIL SEAL GEARBOX FRNT PQ"
                },
                {
                    "id": "17606",
                    "name": "MAIN FLANGE REAR OSSCA/ATS"
                },
                {
                    "id": "9582FS",
                    "name": "OIL SEAL REAR MAIN BRG PQ"
                },
                {
                    "id": "9584",
                    "name": "OIL SEAL REAR MAIN BRG PQ"
                },
                {
                    "id": "9548",
                    "name": "OIL SEAL T/COVER OR CAM PQ"
                },
                {
                    "id": "9581",
                    "name": "OIL SEAL T/COVER OR CAM PQ"
                }
            ]
        },
        {
            "id": "21",
            "category": "SENSORS \u0026 RELAYS",
            "category_parts": [
                {
                    "id": "",
                    "name": ""
                },
                {
                    "id": "08720",
                    "name": "OIL LEVEL SENSOR OSSCA"
                }
            ]
        },
        {
            "id": "23",
            "category": "LUBRICANTS",
            "category_parts": [
                {
                    "id": "",
                    "name": ""
                },
                {
                    "id": "3433389",
                    "name": "ENGINE OIL CASTROL MAGNATEC 5W30 5L"
                },
                {
                    "id": "550048788",
                    "name": "ENGINE OIL SHELL HELIX ULTRA 5W30 5L"
                }
            ]
        },
        {
            "id": "24",
            "category": "WHEEL BEARINGS",
            "category_parts": [
                {
                    "id": "",
                    "name": ""
                },
                {
                    "id": "VKBA3643",
                    "name": "WHEEL BRG KIT FRNT [5+4 HOLE] SKF"
                },
                {
                    "id": "HUB108",
                    "name": "WHEEL BRG FRNT INNER ID29 PQ"
                },
                {
                    "id": "PQ688",
                    "name": "WHEEL BRG KIT FRONT ID29 PQ"
                },
                {
                    "id": "FAG1061",
                    "name": "WHEEL BRG KIT FRNT [5+4 HOLE] FAG"
                },
                {
                    "id": "VKBA3644",
                    "name": "WHEEL BRG KIT REAR [32MM ID] SKF"
                },
                {
                    "id": "PQ689",
                    "name": "WHEEL BRG KIT REAR ID32 PQ"
                },
                {
                    "id": "HUB109",
                    "name": "WHEEL BRG REAR INNER ID32 PQ"
                },
                {
                    "id": "FAG1062",
                    "name": "WHEEL BRG KIT REAR [32MM ID] FAG"
                },
                {
                    "id": "WBHU218",
                    "name": "WHEEL BRG KIT REAR [32MM ID] G/MARK"
                }
            ]
        },
        {
            "id": "26",
            "category": "STEERING",
            "category_parts": [
                {
                    "id": "",
                    "name": ""
                },
                {
                    "id": "18180AP",
                    "name": "STEERING RACK END L/R A-PLUS L227"
                },
                {
                    "id": "TR5598",
                    "name": "STEERING RACK END [333/353MM] PQ"
                },
                {
                    "id": "AU1415",
                    "name": "RACK END FRNT L/R L227 TEKNOSA"
                },
                {
                    "id": "VKDY321006",
                    "name": "STEERING RACK END L243 SKF"
                },
                {
                    "id": "18178AP",
                    "name": "TIE ROD END OUTER LHS A-PLUS"
                },
                {
                    "id": "18179AP",
                    "name": "TIE ROD END OUTER RHS A-PLUS"
                },
                {
                    "id": "TR5596",
                    "name": "TIE ROD END OUTER L/R PQ"
                },
                {
                    "id": "AU1028",
                    "name": "TIE ROD END OUTER FRNT LHS TEKNOSA"
                },
                {
                    "id": "AU1029",
                    "name": "TIE ROD END OUTER FRNT RHS TEKNOSA"
                },
                {
                    "id": "AU1325",
                    "name": "TIE ROD END SET OUTER FRNT L/R TEKNOSA"
                }
            ]
        },
        {
            "id": "27",
            "category": "BEARINGS",
            "category_parts": [
                {
                    "id": "",
                    "name": ""
                },
                {
                    "id": "300811/49",
                    "name": "DIFF CARRIER BRG L/R PQ"
                },
                {
                    "id": "503310/49",
                    "name": "DIFF CARRIER BRG L/R PQ"
                },
                {
                    "id": "VWDC487618",
                    "name": "DIFF CARRIER BRG RHS PQ"
                },
                {
                    "id": "VKBA3643",
                    "name": "WHEEL BRG KIT FRNT [5+4 HOLE] SKF"
                },
                {
                    "id": "HUB108",
                    "name": "WHEEL BRG FRNT INNER ID29 PQ"
                },
                {
                    "id": "PQ688",
                    "name": "WHEEL BRG KIT FRONT ID29 PQ"
                },
                {
                    "id": "FAG1061",
                    "name": "WHEEL BRG KIT FRNT [5+4 HOLE] FAG"
                },
                {
                    "id": "VKBA3644",
                    "name": "WHEEL BRG KIT REAR [32MM ID] SKF"
                },
                {
                    "id": "PQ689",
                    "name": "WHEEL BRG KIT REAR ID32 PQ"
                },
                {
                    "id": "HUB109",
                    "name": "WHEEL BRG REAR INNER ID32 PQ"
                },
                {
                    "id": "FAG1062",
                    "name": "WHEEL BRG KIT REAR [32MM ID] FAG"
                },
                {
                    "id": "WBHU218",
                    "name": "WHEEL BRG KIT REAR [32MM ID] G/MARK"
                },
                {
                    "id": "VKD35025",
                    "name": "ANTI-F BRG \u0026 SUS/MOUNT [SINGLE] FRNT SKF"
                },
                {
                    "id": "VKD35025T",
                    "name": "ANTI-F BRG \u0026 SUS/MOUNT [TWIN PACK] FRNT SKF"
                },
                {
                    "id": "VKDS421017",
                    "name": "CONTROL ARM L297.8 SKF"
                },
                {
                    "id": "VKDS421019",
                    "name": "CONTROL ARM L305.5 SKF"
                },
                {
                    "id": "VKDS421011",
                    "name": "CONTROL ARM L306 SKF"
                },
                {
                    "id": "VKDS421004",
                    "name": "CONTROL ARM L463.5 SKF"
                },
                {
                    "id": "VKDS421005",
                    "name": "CONTROL ARM L463.5 SKF"
                },
                {
                    "id": "VKDS421001",
                    "name": "LATERAL LINK [R] [R] SKF"
                }
            ]
        },
        {
            "id": "27",
            "category": "BEARINGS",
            "category_parts": [
                {
                    "id": "",
                    "name": ""
                },
                {
                    "id": "300811/49",
                    "name": "DIFF CARRIER BRG L/R PQ"
                },
                {
                    "id": "503310/49",
                    "name": "DIFF CARRIER BRG L/R PQ"
                },
                {
                    "id": "VWDC487618",
                    "name": "DIFF CARRIER BRG RHS PQ"
                },
                {
                    "id": "VKBA3643",
                    "name": "WHEEL BRG KIT FRNT [5+4 HOLE] SKF"
                },
                {
                    "id": "HUB108",
                    "name": "WHEEL BRG FRNT INNER ID29 PQ"
                },
                {
                    "id": "PQ688",
                    "name": "WHEEL BRG KIT FRONT ID29 PQ"
                },
                {
                    "id": "FAG1061",
                    "name": "WHEEL BRG KIT FRNT [5+4 HOLE] FAG"
                },
                {
                    "id": "VKBA3644",
                    "name": "WHEEL BRG KIT REAR [32MM ID] SKF"
                },
                {
                    "id": "PQ689",
                    "name": "WHEEL BRG KIT REAR ID32 PQ"
                },
                {
                    "id": "HUB109",
                    "name": "WHEEL BRG REAR INNER ID32 PQ"
                },
                {
                    "id": "FAG1062",
                    "name": "WHEEL BRG KIT REAR [32MM ID] FAG"
                },
                {
                    "id": "WBHU218",
                    "name": "WHEEL BRG KIT REAR [32MM ID] G/MARK"
                },
                {
                    "id": "VKD35025",
                    "name": "ANTI-F BRG \u0026 SUS/MOUNT [SINGLE] FRNT SKF"
                },
                {
                    "id": "VKD35025T",
                    "name": "ANTI-F BRG \u0026 SUS/MOUNT [TWIN PACK] FRNT SKF"
                },
                {
                    "id": "VKDS421017",
                    "name": "CONTROL ARM L297.8 SKF"
                },
                {
                    "id": "VKDS421019",
                    "name": "CONTROL ARM L305.5 SKF"
                },
                {
                    "id": "VKDS421011",
                    "name": "CONTROL ARM L306 SKF"
                },
                {
                    "id": "VKDS421004",
                    "name": "CONTROL ARM L463.5 SKF"
                },
                {
                    "id": "VKDS421005",
                    "name": "CONTROL ARM L463.5 SKF"
                },
                {
                    "id": "VKDS421001",
                    "name": "LATERAL LINK [R] [R] SKF"
                }
            ]
        }
    ]
}
