{
    "id": "328",
    "parts": [
        {
            "id": "1",
            "category": "SERVICE PARTS",
            "category_parts": [
                {
                    "id": "",
                    "name": ""
                },
                {
                    "id": "M143",
                    "name": "OIL FILTER GUD CARTRIDGE METAL FREE H112 OD53 IDT25 IDB25"
                },
                {
                    "id": "CH11498ECO",
                    "name": "OIL FILTER FRAM"
                },
                {
                    "id": "COF100658E",
                    "name": "OIL FILTER CHAMPION"
                },
                {
                    "id": "COF100697E",
                    "name": "OIL FILTER CHAMPION H112 OD53 ID24"
                },
                {
                    "id": "F026407278",
                    "name": "OIL FILTER BOSCH"
                },
                {
                    "id": "100489",
                    "name": "OIL FIL H112MM ID24MM OD53MM SRD59MM FEB"
                },
                {
                    "id": "ADV182119",
                    "name": "OIL FIL H112MM ID24MM OD53MM SRD59MM BLU"
                },
                {
                    "id": "WL7507",
                    "name": "OIL FILTER WIX"
                },
                {
                    "id": "AG1573",
                    "name": "AIR FILTER GUD PANEL L292 W176 H71"
                },
                {
                    "id": "CA11499",
                    "name": "AIR FILTER FRAM"
                },
                {
                    "id": "CA11876",
                    "name": "AIR FILTER FRAM"
                },
                {
                    "id": "CAF101064P",
                    "name": "AIR FILTER CHAMPION"
                },
                {
                    "id": "CAF101162P",
                    "name": "AIR FILTER CHAMPION"
                },
                {
                    "id": "F026400287",
                    "name": "AIR FILTER BOSCH"
                },
                {
                    "id": "100468",
                    "name": "AIR FILTER FEBI L292 W176 H71"
                },
                {
                    "id": "WA9759",
                    "name": "AIR FILTER WIX"
                },
                {
                    "id": "WA9779",
                    "name": "AIR FILTER WIX"
                },
                {
                    "id": "INTANK",
                    "name": "FUEL FILTER IN TANK LIFETIME"
                },
                {
                    "id": "PLFER7A8EG",
                    "name": "SPARK PLUG NGK"
                },
                {
                    "id": "0242240627",
                    "name": "SPARK PLUG BOSCH PLAT/IRIDIUM"
                },
                {
                    "id": "AC129GUD",
                    "name": "CABIN AIR FILTER GUD H30 L254 W235"
                },
                {
                    "id": "CF11643",
                    "name": "CABIN AIR FILTER FRAM"
                },
                {
                    "id": "CCF0480",
                    "name": "CABIN AIR FILTER CHAMPION"
                },
                {
                    "id": "1987432543",
                    "name": "CABIN AIR FILTER BOSCH H32 L252 W235"
                },
                {
                    "id": "WP2089",
                    "name": "CABIN AIR FILTER WIX CARBON"
                },
                {
                    "id": "WP2088",
                    "name": "CABIN AIR FILTER WIX PAPER"
                },
                {
                    "id": "ATE1244",
                    "name": "DISC PAD FRNT ATE L160 H65 T20"
                },
                {
                    "id": "FDB4433",
                    "name": "DISC PAD FRNT FERODO L160 H65 T20"
                },
                {
                    "id": "FDB5096",
                    "name": "DISC PAD FRNT FERODO L175 H70 T20"
                },
                {
                    "id": "0986494660",
                    "name": "DISC PAD FRNT BOSCH L160 H65 T20"
                },
                {
                    "id": "D4088",
                    "name": "DISC PAD FRNT SAFELINE L160 H65 T19"
                },
                {
                    "id": "D4196",
                    "name": "DISC PAD FRNT SAFELINE L175 H70 T20"
                },
                {
                    "id": "05P1834",
                    "name": "DISC PAD FRNT LPR L160 H65 T20"
                },
                {
                    "id": "ADB12158",
                    "name": "DISC PAD FRNT NIPPON L160 H65 T20"
                },
                {
                    "id": "ATE1263",
                    "name": "DISC PAD REAR ATE L123 H56 T15"
                },
                {
                    "id": "FDB4434",
                    "name": "DISC PAD REAR FERODO L123 H56 T16"
                },
                {
                    "id": "FDB4697",
                    "name": "DISC PAD REAR FERODO L123 H57 T17"
                },
                {
                    "id": "0986494659",
                    "name": "DISC PAD REAR BOSCH L123 H61 T16"
                },
                {
                    "id": "D4089",
                    "name": "DISC PAD REAR SAFELINE L123 H61 T18"
                },
                {
                    "id": "05P1835",
                    "name": "DISC PAD REAR LPR L123 H56 T16"
                },
                {
                    "id": "ADB02157",
                    "name": "DISC PAD REAR NIPPON L123 H56 T16"
                },
                {
                    "id": "3433389",
                    "name": "ENGINE OIL CASTROL MAGNATEC 5W30 5L"
                },
                {
                    "id": "550048788",
                    "name": "ENGINE OIL SHELL HELIX ULTRA 5W30 5L"
                }
            ]
        },
        {
            "id": "2",
            "category": "BRAKES",
            "category_parts": [
                {
                    "id": "",
                    "name": ""
                },
                {
                    "id": "ATE1244",
                    "name": "DISC PAD FRNT ATE L160 H65 T20"
                },
                {
                    "id": "FDB4433",
                    "name": "DISC PAD FRNT FERODO L160 H65 T20"
                },
                {
                    "id": "FDB5096",
                    "name": "DISC PAD FRNT FERODO L175 H70 T20"
                },
                {
                    "id": "0986494660",
                    "name": "DISC PAD FRNT BOSCH L160 H65 T20"
                },
                {
                    "id": "D4088",
                    "name": "DISC PAD FRNT SAFELINE L160 H65 T19"
                },
                {
                    "id": "D4196",
                    "name": "DISC PAD FRNT SAFELINE L175 H70 T20"
                },
                {
                    "id": "05P1834",
                    "name": "DISC PAD FRNT LPR L160 H65 T20"
                },
                {
                    "id": "ADB12158",
                    "name": "DISC PAD FRNT NIPPON L160 H65 T20"
                },
                {
                    "id": "ATE1263",
                    "name": "DISC PAD REAR ATE L123 H56 T15"
                },
                {
                    "id": "FDB4434",
                    "name": "DISC PAD REAR FERODO L123 H56 T16"
                },
                {
                    "id": "FDB4697",
                    "name": "DISC PAD REAR FERODO L123 H57 T17"
                },
                {
                    "id": "0986494659",
                    "name": "DISC PAD REAR BOSCH L123 H61 T16"
                },
                {
                    "id": "D4089",
                    "name": "DISC PAD REAR SAFELINE L123 H61 T18"
                },
                {
                    "id": "05P1835",
                    "name": "DISC PAD REAR LPR L123 H56 T16"
                },
                {
                    "id": "ADB02157",
                    "name": "DISC PAD REAR NIPPON L123 H56 T16"
                },
                {
                    "id": "DR7433",
                    "name": "BRAKE DISC FV ALFA D340 H49 S65 [9]"
                },
                {
                    "id": "130.0115",
                    "name": "BRAKE DISC FV ATE D345 H50 S65 O140 [5]"
                },
                {
                    "id": "DDF2000C",
                    "name": "BRAKE DISC FV FERODO D340 H50 S65 [5]"
                },
                {
                    "id": "TBD8433-D",
                    "name": "BRAKE DISC FRNT L/R VENTED OPTIMA"
                },
                {
                    "id": "TBD7023-D",
                    "name": "BRAKE DISC REAR L/R VENTED OPTIMA"
                },
                {
                    "id": "DR6023",
                    "name": "BRAKE DISC RV ALFA D310 H48 S65 [5]"
                },
                {
                    "id": "112.0210",
                    "name": "BRAKE DISC REAR ATE D300 H48 S65 ID173"
                },
                {
                    "id": "122.0219",
                    "name": "BRAKE DISC RV ATE D310 H49 S65 ID169 [5]"
                },
                {
                    "id": "DDF1503",
                    "name": "BRAKE DISC RV FERODO D310 H48 S65 [5]"
                },
                {
                    "id": "DDF1503C",
                    "name": "BRAKE DISC RV FERODO D310 H48 S65 [5]"
                }
            ]
        },
        {
            "id": "3",
            "category": "SUSPENSION COMPONENTS [FRONT]",
            "category_parts": [
                {
                    "id": "",
                    "name": ""
                },
                {
                    "id": "3348039",
                    "name": "SHOCK FRNT KYB"
                },
                {
                    "id": "AU2817",
                    "name": "MOUNTING SHOCK FRNT L/R TEKNOSA"
                },
                {
                    "id": "AU2818",
                    "name": "MOUNTING SHOCK REAR L/R TEKNOSA"
                },
                {
                    "id": "VKDP33130T",
                    "name": "DUST COVER KIT FRNT SKF"
                },
                {
                    "id": "VKDP33169T",
                    "name": "DUST COVER KIT FRNT SKF"
                },
                {
                    "id": "VW1924",
                    "name": "BALL JOINT LOWER FRNT LHS TEKNOSA"
                },
                {
                    "id": "VW1925",
                    "name": "BALL JOINT LOWER FRNT RHS TEKNOSA"
                },
                {
                    "id": "BJ1139L",
                    "name": "BALL JOINT LOWER LHS PQ"
                },
                {
                    "id": "BJ1182L",
                    "name": "BALL JOINT LOWER LHS PQ"
                },
                {
                    "id": "BJ1139R",
                    "name": "BALL JOINT LOWER RHS PQ"
                },
                {
                    "id": "BJ1182R",
                    "name": "BALL JOINT LOWER RHS PQ"
                },
                {
                    "id": "22226AP",
                    "name": "BALL JOINT LOWER LHS A-PLUS"
                },
                {
                    "id": "22227AP",
                    "name": "BALL JOINT LOWER RHS A-PLUS"
                },
                {
                    "id": "VKDS311021",
                    "name": "BALL JOINT LOWER L* H* ID* OD* SKF"
                },
                {
                    "id": "VKDS311022",
                    "name": "BALL JOINT LOWER L* H* ID* OD* SKF"
                },
                {
                    "id": "AU2027",
                    "name": "CONTROL ARM LOWER FRNT LHS TEKNOSA"
                },
                {
                    "id": "AU2028",
                    "name": "CONTROL ARM LOWER FRNT RHS TEKNOSA"
                },
                {
                    "id": "CS247L",
                    "name": "CONTROL ARM LOWER LHS PQ"
                },
                {
                    "id": "CS414L",
                    "name": "CONTROL ARM LOWER LHS PQ"
                },
                {
                    "id": "CS247R",
                    "name": "CONTROL ARM LOWER RHS PQ"
                },
                {
                    "id": "CS414R",
                    "name": "CONTROL ARM LOWER RHS PQ"
                },
                {
                    "id": "22223AP",
                    "name": "CONTROL ARM LOWER LHS A-PLUS"
                },
                {
                    "id": "22224AP",
                    "name": "CONTROL ARM LOWER RHS A-PLUS"
                },
                {
                    "id": "TR5849",
                    "name": "STABILISER LINK FRONT L/R [335MM] PQ"
                },
                {
                    "id": "VKDS341002",
                    "name": "STABILIZER LINK L* H* ID* OD* SKF"
                },
                {
                    "id": "AU2611",
                    "name": "LATERAL LINK REAR L/R TEKNOSA"
                },
                {
                    "id": "VKD35052",
                    "name": "ANTI-F BRG \u0026 SUS/MOUNT [SINGLE] FRNT SKF"
                },
                {
                    "id": "VKD35052T",
                    "name": "ANTI-F BRG \u0026 SUS/MOUNT [TWIN PACK] FRNT SKF"
                },
                {
                    "id": "VKDS321090",
                    "name": "CONTROL ARM L* SKF"
                },
                {
                    "id": "VKDS321091",
                    "name": "CONTROL ARM L* SKF"
                },
                {
                    "id": "VKDS421019",
                    "name": "CONTROL ARM L305.5 SKF"
                },
                {
                    "id": "VKDS331041",
                    "name": "C/ARM BUSH L* H50 ID13 OD65 SKF"
                },
                {
                    "id": "AR6899",
                    "name": "C/ARM BUSH F/SUSP LOWER INNER PQ"
                },
                {
                    "id": "SB-7900",
                    "name": "BUSH CONT ARM LOW FRNT L/R ID12 OD40 L54 TEKNOSA"
                },
                {
                    "id": "AU2115",
                    "name": "BUSH CONT ARM LOW FRNT L/R TEKNOSA"
                },
                {
                    "id": "AU2118",
                    "name": "BUSH CONT ARM LOW FRNT L/R TEKNOSA"
                }
            ]
        },
        {
            "id": "4",
            "category": "SUSPENSION COMPONENTS [REAR]",
            "category_parts": [
                {
                    "id": "",
                    "name": ""
                },
                {
                    "id": "VKDP33130T",
                    "name": "DUST COVER KIT FRNT SKF"
                },
                {
                    "id": "VKDP33169T",
                    "name": "DUST COVER KIT FRNT SKF"
                },
                {
                    "id": "3448024",
                    "name": "SHOCK REAR KYB"
                },
                {
                    "id": "VKDS331041",
                    "name": "C/ARM BUSH L* H50 ID13 OD65 SKF"
                },
                {
                    "id": "14525AP",
                    "name": "C/ARM BUSH LOWER L/R A-PLUS"
                },
                {
                    "id": "22228AP",
                    "name": "C/ARM BUSH LOWER L/R A-PLUS"
                },
                {
                    "id": "SB-7900",
                    "name": "BUSH CONT ARM LOW FRNT L/R ID12 OD40 L54 TEKNOSA"
                },
                {
                    "id": "AU2115",
                    "name": "BUSH CONT ARM LOW FRNT L/R TEKNOSA"
                },
                {
                    "id": "AU2118",
                    "name": "BUSH CONT ARM LOW FRNT L/R TEKNOSA"
                },
                {
                    "id": "AU2611",
                    "name": "LATERAL LINK REAR L/R TEKNOSA"
                },
                {
                    "id": "VKDS341002",
                    "name": "STABILIZER LINK L* H* ID* OD* SKF"
                },
                {
                    "id": "TR6337",
                    "name": "STABILISER LINK REAR L/R [70MM] PQ"
                },
                {
                    "id": "23869AP",
                    "name": "LATERAL LINK L/R A-PLUS"
                },
                {
                    "id": "22225AP",
                    "name": "STABILIZER LINK L/R A-PLUS L335"
                },
                {
                    "id": "23351AP",
                    "name": "STABILIZER LINK L/R A-PLUS L70"
                },
                {
                    "id": "AU1520",
                    "name": "STABILIZER LINK FRNT L/R L335 TEKNOSA"
                },
                {
                    "id": "AU1512",
                    "name": "STABILIZER LINK REAR L/R L70 TEKNOSA"
                },
                {
                    "id": "VKD35052",
                    "name": "ANTI-F BRG \u0026 SUS/MOUNT [SINGLE] FRNT SKF"
                },
                {
                    "id": "VKD35052T",
                    "name": "ANTI-F BRG \u0026 SUS/MOUNT [TWIN PACK] FRNT SKF"
                },
                {
                    "id": "VKDS321090",
                    "name": "CONTROL ARM L* SKF"
                },
                {
                    "id": "VKDS321091",
                    "name": "CONTROL ARM L* SKF"
                },
                {
                    "id": "VKDS421019",
                    "name": "CONTROL ARM L305.5 SKF"
                }
            ]
        },
        {
            "id": "5",
            "category": "COOLING SYSTEM",
            "category_parts": [
                {
                    "id": "",
                    "name": ""
                },
                {
                    "id": "376733614",
                    "name": "RADIATOR MAHLE L650 W433 D32"
                },
                {
                    "id": "01686",
                    "name": "RADIATOR CAP OSSCA/ATS"
                },
                {
                    "id": "TP3-23",
                    "name": "RADIATOR CAP [LIGHT BLUE 40KPA] ECHLIN"
                },
                {
                    "id": "TP3-23M",
                    "name": "RADIATOR CAP [LIGHT BLUE 40KPA] MP"
                },
                {
                    "id": "TI787",
                    "name": "THERMOSTAT MAHLE 87C"
                },
                {
                    "id": "VKPC81231",
                    "name": "WATER PUMP SKF"
                },
                {
                    "id": "DCP32060",
                    "name": "COMPRESSOR / AIR CONDITIONER DENSO"
                },
                {
                    "id": "351343111",
                    "name": "AIR CONDITIONING CONDENSER MAHLE"
                },
                {
                    "id": "351343114",
                    "name": "AIR CONDITIONING CONDENSER MAHLE"
                }
            ]
        },
        {
            "id": "6",
            "category": "CLUTCH COMPONENTS",
            "category_parts": [
                {
                    "id": "",
                    "name": ""
                },
                {
                    "id": "CPD.VW3016",
                    "name": "CLUTCH M/CYL 15.87MM CPD"
                },
                {
                    "id": "05737",
                    "name": "CLUTCH M/CYL OSSCA/ATS 15.87MM W/SENSOR"
                },
                {
                    "id": "22481",
                    "name": "CLUTCH M/CYL OSSCA/ATS 19.05MM PLASTIC"
                },
                {
                    "id": "FEB33936",
                    "name": "CLUTCH M/CYL FEBI"
                }
            ]
        },
        {
            "id": "7",
            "category": "IGNITION SYSTEM",
            "category_parts": [
                {
                    "id": "",
                    "name": ""
                },
                {
                    "id": "U5154",
                    "name": "IGNITION COIL NGK PIN"
                },
                {
                    "id": "111545",
                    "name": "IGNITION COIL HUCO 12V 4PIN"
                },
                {
                    "id": "BC5468",
                    "name": "IGNITION COIL BOUGICORD"
                },
                {
                    "id": "0986221072",
                    "name": "IGNITION COIL BOSCH"
                },
                {
                    "id": "IGC151",
                    "name": "IGNITION COIL MOBILETRON 4 PIN"
                }
            ]
        },
        {
            "id": "8",
            "category": "DRIVESHAFT COMPONENTS",
            "category_parts": [
                {
                    "id": "",
                    "name": ""
                },
                {
                    "id": "607408",
                    "name": "OIL SEAL DRIVE SHAFT L/R PQ"
                },
                {
                    "id": "547308",
                    "name": "OIL SEAL DRIVE SHAFT LHS PQ"
                }
            ]
        },
        {
            "id": "9",
            "category": "FUEL SYSTEM",
            "category_parts": [
                {
                    "id": "",
                    "name": ""
                },
                {
                    "id": "INTANK",
                    "name": "FUEL FILTER IN TANK LIFETIME"
                }
            ]
        },
        {
            "id": "10",
            "category": "TIMING COMPONENTS",
            "category_parts": [
                {
                    "id": "",
                    "name": ""
                },
                {
                    "id": "VKMV6PK1132",
                    "name": "MULTI-GROOVE BELT SKF"
                }
            ]
        },
        {
            "id": "11",
            "category": "CYLINDER HEAD COMPONENTS",
            "category_parts": [
                {
                    "id": "",
                    "name": ""
                },
                {
                    "id": "BY2017",
                    "name": "CYL HEAD GASKET PAYEN"
                },
                {
                    "id": "V94692",
                    "name": "VALVE EXHAUST AE [28X6X101.8]"
                },
                {
                    "id": "RVG83061",
                    "name": "VALVE GUIDE KOLBERN [11.04X6X39]"
                },
                {
                    "id": "HT66728",
                    "name": "VALVE LIFTER"
                },
                {
                    "id": "HT83060",
                    "name": "VALVE LIFTER KOLBERN [12X35MM]"
                },
                {
                    "id": "87940",
                    "name": "CAMSHAFT SENSOR PI 3 PIN"
                }
            ]
        },
        {
            "id": "12",
            "category": "ENGINE SUB ASSEMBLY",
            "category_parts": [
                {
                    "id": "",
                    "name": ""
                },
                {
                    "id": "RP83061",
                    "name": "PISTON SET AE 82.50MM"
                },
                {
                    "id": "RR83056",
                    "name": "RINGSET FED 82.50MM 1.2/1.2/2MM"
                },
                {
                    "id": "RR83071",
                    "name": "RINGSET FED 82.50MM 1.2/1.2/2MM"
                },
                {
                    "id": "B4118",
                    "name": "CONROD BEARING SET AE"
                },
                {
                    "id": "M5119",
                    "name": "MAIN BEARING SET AE"
                },
                {
                    "id": "607408",
                    "name": "OIL SEAL DRIVE SHAFT L/R PQ"
                },
                {
                    "id": "547308",
                    "name": "OIL SEAL DRIVE SHAFT LHS PQ"
                },
                {
                    "id": "9592FS",
                    "name": "OIL SEAL REAR MAIN BRG PQ"
                },
                {
                    "id": "9581",
                    "name": "OIL SEAL T/COVER OR CAM PQ"
                }
            ]
        },
        {
            "id": "13",
            "category": "MOUNTINGS ",
            "category_parts": [
                {
                    "id": "",
                    "name": ""
                },
                {
                    "id": "AU2817",
                    "name": "MOUNTING SHOCK FRNT L/R TEKNOSA"
                },
                {
                    "id": "AU2818",
                    "name": "MOUNTING SHOCK REAR L/R TEKNOSA"
                }
            ]
        },
        {
            "id": "17",
            "category": "SWITCHES \u0026 ACCESSORIES",
            "category_parts": [
                {
                    "id": "",
                    "name": ""
                },
                {
                    "id": "S668",
                    "name": "BATTERY SABAT"
                },
                {
                    "id": "F668AGM",
                    "name": "BATTERY EXIDE STOP/START L315MM"
                },
                {
                    "id": "F668",
                    "name": "BATTERY EXIDE/MIDAS"
                },
                {
                    "id": "W668",
                    "name": "BATTERY WILLARD"
                },
                {
                    "id": "W668AGM-00",
                    "name": "BATTERY WILLARD STOP/START L315MM"
                },
                {
                    "id": "V668-64AGM",
                    "name": "BATTERY VARTA START/STOP L315MM"
                },
                {
                    "id": "7.3278",
                    "name": "TEMP SENDER UNIT FACET"
                }
            ]
        },
        {
            "id": "18",
            "category": "GASKETS ",
            "category_parts": [
                {
                    "id": "",
                    "name": ""
                },
                {
                    "id": "BY2017",
                    "name": "CYL HEAD GASKET PAYEN"
                }
            ]
        },
        {
            "id": "20",
            "category": "SEALS ",
            "category_parts": [
                {
                    "id": "",
                    "name": ""
                },
                {
                    "id": "607408",
                    "name": "OIL SEAL DRIVE SHAFT L/R PQ"
                },
                {
                    "id": "547308",
                    "name": "OIL SEAL DRIVE SHAFT LHS PQ"
                },
                {
                    "id": "9592FS",
                    "name": "OIL SEAL REAR MAIN BRG PQ"
                },
                {
                    "id": "9581",
                    "name": "OIL SEAL T/COVER OR CAM PQ"
                }
            ]
        },
        {
            "id": "21",
            "category": "SENSORS \u0026 RELAYS",
            "category_parts": [
                {
                    "id": "",
                    "name": ""
                },
                {
                    "id": "87940",
                    "name": "CAMSHAFT SENSOR PI 3 PIN"
                },
                {
                    "id": "177020",
                    "name": "CRANKSHAFT SENSOR SEBRING 3 PIN"
                },
                {
                    "id": "05573",
                    "name": "WHEEL SPEED SENSOR FRNT LHS OSSCA/ATS"
                },
                {
                    "id": "05574",
                    "name": "WHEEL SPEED SENSOR FRNT RHS OSSCA/ATS"
                },
                {
                    "id": "23814",
                    "name": "WHEEL SPEED SENSOR FEBI FRNT LHS"
                },
                {
                    "id": "23816",
                    "name": "WHEEL SPEED SENSOR FEBI FRNT RHS"
                }
            ]
        },
        {
            "id": "23",
            "category": "LUBRICANTS",
            "category_parts": [
                {
                    "id": "",
                    "name": ""
                },
                {
                    "id": "3433389",
                    "name": "ENGINE OIL CASTROL MAGNATEC 5W30 5L"
                },
                {
                    "id": "550048788",
                    "name": "ENGINE OIL SHELL HELIX ULTRA 5W30 5L"
                }
            ]
        },
        {
            "id": "24",
            "category": "WHEEL BEARINGS",
            "category_parts": [
                {
                    "id": "",
                    "name": ""
                },
                {
                    "id": "VKBA7011",
                    "name": "WHEEL BRG KIT FRNT 312MM DISC SKF"
                },
                {
                    "id": "VKBA6556",
                    "name": "WHEEL BRG KIT FRNT [5+3 HOLE] SKF"
                },
                {
                    "id": "HUB177",
                    "name": "WHEEL BRG FRNT INNER PQ"
                },
                {
                    "id": "HUB258",
                    "name": "WHEEL BRG FRNT INNER PQ"
                },
                {
                    "id": "HUB259",
                    "name": "WHEEL BRG FRNT INNER PQ"
                },
                {
                    "id": "PQ664",
                    "name": "WHEEL BRG KIT FRONT PQ"
                },
                {
                    "id": "PQ845",
                    "name": "WHEEL BRG KIT FRONT PQ"
                },
                {
                    "id": "PQ846",
                    "name": "WHEEL BRG KIT FRONT PQ"
                }
            ]
        },
        {
            "id": "26",
            "category": "STEERING",
            "category_parts": [
                {
                    "id": "",
                    "name": ""
                },
                {
                    "id": "14498AP",
                    "name": "STEERING RACK END LHS A-PLUS L309"
                },
                {
                    "id": "TR5841",
                    "name": "STEERING RACK END PQ 306MM"
                },
                {
                    "id": "AU1413",
                    "name": "RACK END FRNT L/R L309 TEKNOSA"
                },
                {
                    "id": "VKDY321002",
                    "name": "STEERING RACK END L* SKF"
                },
                {
                    "id": "VKDY311016",
                    "name": "TIE ROD END L* SKF"
                },
                {
                    "id": "VKDY311017",
                    "name": "TIE ROD END L* SKF"
                },
                {
                    "id": "13359AP",
                    "name": "TIE ROD END OUTER LHS A-PLUS"
                },
                {
                    "id": "13358AP",
                    "name": "TIE ROD END OUTER RHS A-PLUS"
                },
                {
                    "id": "TR5842",
                    "name": "TIE ROD END OUTER L/R PQ"
                },
                {
                    "id": "AU1030",
                    "name": "TIE ROD END OUTER FRNT LHS TEKNOSA"
                },
                {
                    "id": "AU1031",
                    "name": "TIE ROD END OUTER FRNT RHS TEKNOSA"
                },
                {
                    "id": "AU1316",
                    "name": "TIE ROD END SET OUTER FRNT L/R TEKNOSA"
                }
            ]
        },
        {
            "id": "27",
            "category": "BEARINGS",
            "category_parts": [
                {
                    "id": "",
                    "name": ""
                },
                {
                    "id": "VKBA7011",
                    "name": "WHEEL BRG KIT FRNT 312MM DISC SKF"
                },
                {
                    "id": "VKBA6556",
                    "name": "WHEEL BRG KIT FRNT [5+3 HOLE] SKF"
                },
                {
                    "id": "HUB177",
                    "name": "WHEEL BRG FRNT INNER PQ"
                },
                {
                    "id": "HUB258",
                    "name": "WHEEL BRG FRNT INNER PQ"
                },
                {
                    "id": "HUB259",
                    "name": "WHEEL BRG FRNT INNER PQ"
                },
                {
                    "id": "PQ664",
                    "name": "WHEEL BRG KIT FRONT PQ"
                },
                {
                    "id": "PQ845",
                    "name": "WHEEL BRG KIT FRONT PQ"
                },
                {
                    "id": "PQ846",
                    "name": "WHEEL BRG KIT FRONT PQ"
                },
                {
                    "id": "VKD35052",
                    "name": "ANTI-F BRG \u0026 SUS/MOUNT [SINGLE] FRNT SKF"
                },
                {
                    "id": "VKD35052T",
                    "name": "ANTI-F BRG \u0026 SUS/MOUNT [TWIN PACK] FRNT SKF"
                },
                {
                    "id": "VKDS321090",
                    "name": "CONTROL ARM L* SKF"
                },
                {
                    "id": "VKDS321091",
                    "name": "CONTROL ARM L* SKF"
                },
                {
                    "id": "VKDS421019",
                    "name": "CONTROL ARM L305.5 SKF"
                }
            ]
        },
        {
            "id": "28",
            "category": "AIR CONDITIONING",
            "category_parts": [
                {
                    "id": "",
                    "name": ""
                },
                {
                    "id": "DCP32060",
                    "name": "COMPRESSOR / AIR CONDITIONER DENSO"
                },
                {
                    "id": "351343111",
                    "name": "AIR CONDITIONING CONDENSER MAHLE"
                },
                {
                    "id": "351343114",
                    "name": "AIR CONDITIONING CONDENSER MAHLE"
                }
            ]
        },
        {
            "id": "28",
            "category": "AIR CONDITIONING",
            "category_parts": [
                {
                    "id": "",
                    "name": ""
                },
                {
                    "id": "DCP32060",
                    "name": "COMPRESSOR / AIR CONDITIONER DENSO"
                },
                {
                    "id": "351343111",
                    "name": "AIR CONDITIONING CONDENSER MAHLE"
                },
                {
                    "id": "351343114",
                    "name": "AIR CONDITIONING CONDENSER MAHLE"
                }
            ]
        }
    ]
}
