{
    "id": "343",
    "parts": [
        {
            "id": "1",
            "category": "SERVICE PARTS",
            "category_parts": [
                {
                    "id": "",
                    "name": ""
                },
                {
                    "id": "M143",
                    "name": "OIL FILTER GUD CARTRIDGE METAL FREE H112 OD53 IDT25 IDB25"
                },
                {
                    "id": "CH11498ECO",
                    "name": "OIL FILTER FRAM"
                },
                {
                    "id": "COF100658E",
                    "name": "OIL FILTER CHAMPION"
                },
                {
                    "id": "F026407174",
                    "name": "OIL FILTER BOSCH"
                },
                {
                    "id": "F026407278",
                    "name": "OIL FILTER BOSCH"
                },
                {
                    "id": "109411",
                    "name": "OIL FIL H112MM ID21MM OD53MM SRD59MM FEB"
                },
                {
                    "id": "ADV182181",
                    "name": "OIL FIL H112MM ID21MM OD53MM SRD59MM BLU"
                },
                {
                    "id": "WL7507",
                    "name": "OIL FILTER WIX"
                },
                {
                    "id": "06-131",
                    "name": "OIL FILTER GENERIC"
                },
                {
                    "id": "AG1410",
                    "name": "AIR FILTER GUD PANEL L322 W128 H69"
                },
                {
                    "id": "CA10522",
                    "name": "AIR FILTER FRAM"
                },
                {
                    "id": "F026400157",
                    "name": "AIR FILTER BOSCH"
                },
                {
                    "id": "WA9500",
                    "name": "AIR FILTER WIX"
                },
                {
                    "id": "WA9580",
                    "name": "AIR FILTER WIX"
                },
                {
                    "id": "MAF148",
                    "name": "AIR FILTER KAIZEN"
                },
                {
                    "id": "02-433",
                    "name": "AIR FILTER GENERIC"
                },
                {
                    "id": "INTANK",
                    "name": "FUEL FILTER IN TANK LIFETIME"
                },
                {
                    "id": "PLFER7A-8EG",
                    "name": "SPARK PLUG NGK"
                },
                {
                    "id": "0241245673",
                    "name": "SPARK PLUG BOSCH SUPER"
                },
                {
                    "id": "FQ5NPP332S",
                    "name": "SPARK PLUG BOSCH PLATINUM"
                },
                {
                    "id": "09-071",
                    "name": "CABIN AIR FILTER GENERIC"
                },
                {
                    "id": "AC79GUD",
                    "name": "CABIN AIR FILTER GUD H35 L279 W240"
                },
                {
                    "id": "FEB40722",
                    "name": "RADIATOR CAP FEBI"
                },
                {
                    "id": "CF10457",
                    "name": "CABIN AIR FILTER FRAM"
                },
                {
                    "id": "CFA10458",
                    "name": "CABIN AIR FILTER FRAM"
                },
                {
                    "id": "WP9329",
                    "name": "CABIN AIR FILTER WIX CARBON"
                },
                {
                    "id": "WP9328",
                    "name": "CABIN AIR FILTER WIX PAPER"
                },
                {
                    "id": "ATE1305",
                    "name": "DISC PAD FRNT ATE L132 H77 T16"
                },
                {
                    "id": "ATE1098",
                    "name": "DISC PAD FRNT ATE L155 H72 T21"
                },
                {
                    "id": "ATE1100",
                    "name": "DISC PAD FRNT ATE L188 H74 T19"
                },
                {
                    "id": "FDB4908",
                    "name": "DISC PAD FRNT FERODO L132 H77 T17"
                },
                {
                    "id": "FDB4044",
                    "name": "DISC PAD FRNT FERODO L188 H73 T19"
                },
                {
                    "id": "0986494259",
                    "name": "DISC PAD FRNT BOSCH L188 H73 T18"
                },
                {
                    "id": "D4058",
                    "name": "DISC PAD FRNT SAFELINE L132 H77 T17"
                },
                {
                    "id": "D3849",
                    "name": "DISC PAD FRNT SAFELINE L188 H73 T19"
                },
                {
                    "id": "05P1420A",
                    "name": "DISC PAD FRNT LPR L188 H74 T19"
                },
                {
                    "id": "ADB21789",
                    "name": "DISC PAD FRNT NIPPON L188 H74 T18"
                },
                {
                    "id": "ATE1102",
                    "name": "DISC PAD REAR ATE L116 H59 T18"
                },
                {
                    "id": "FDB4050",
                    "name": "DISC PAD REAR FERODO L116 H59 T18"
                },
                {
                    "id": "FDB4410",
                    "name": "DISC PAD REAR FERODO L116 H59 T18"
                },
                {
                    "id": "0986494254",
                    "name": "DISC PAD REAR BOSCH L116 H59 T17"
                },
                {
                    "id": "0986494446",
                    "name": "DISC PAD REAR BOSCH L117 H59 T17"
                },
                {
                    "id": "D3850",
                    "name": "DISC PAD REAR SAFELINE L116 H59 T17"
                },
                {
                    "id": "D3955",
                    "name": "DISC PAD REAR SAFELINE L116 H59 T17"
                },
                {
                    "id": "05P1489",
                    "name": "DISC PAD REAR LPR L116 H59 T18"
                },
                {
                    "id": "ADB01709",
                    "name": "DISC PAD REAR NIPPON L116 H59 T17"
                },
                {
                    "id": "ADB22121",
                    "name": "DISC PAD REAR NIPPON L117 H59 T17"
                },
                {
                    "id": "3433389",
                    "name": "ENGINE OIL CASTROL MAGNATEC 5W30 5L"
                },
                {
                    "id": "550048788",
                    "name": "ENGINE OIL SHELL HELIX ULTRA 5W30 5L"
                }
            ]
        },
        {
            "id": "2",
            "category": "BRAKES",
            "category_parts": [
                {
                    "id": "",
                    "name": ""
                },
                {
                    "id": "ATE1305",
                    "name": "DISC PAD FRNT ATE L132 H77 T16"
                },
                {
                    "id": "ATE1098",
                    "name": "DISC PAD FRNT ATE L155 H72 T21"
                },
                {
                    "id": "ATE1100",
                    "name": "DISC PAD FRNT ATE L188 H74 T19"
                },
                {
                    "id": "FDB4908",
                    "name": "DISC PAD FRNT FERODO L132 H77 T17"
                },
                {
                    "id": "FDB4044",
                    "name": "DISC PAD FRNT FERODO L188 H73 T19"
                },
                {
                    "id": "0986494259",
                    "name": "DISC PAD FRNT BOSCH L188 H73 T18"
                },
                {
                    "id": "D4058",
                    "name": "DISC PAD FRNT SAFELINE L132 H77 T17"
                },
                {
                    "id": "D3849",
                    "name": "DISC PAD FRNT SAFELINE L188 H73 T19"
                },
                {
                    "id": "05P1420A",
                    "name": "DISC PAD FRNT LPR L188 H74 T19"
                },
                {
                    "id": "ADB21789",
                    "name": "DISC PAD FRNT NIPPON L188 H74 T18"
                },
                {
                    "id": "ATE1102",
                    "name": "DISC PAD REAR ATE L116 H59 T18"
                },
                {
                    "id": "FDB4050",
                    "name": "DISC PAD REAR FERODO L116 H59 T18"
                },
                {
                    "id": "FDB4410",
                    "name": "DISC PAD REAR FERODO L116 H59 T18"
                },
                {
                    "id": "0986494254",
                    "name": "DISC PAD REAR BOSCH L116 H59 T17"
                },
                {
                    "id": "0986494446",
                    "name": "DISC PAD REAR BOSCH L117 H59 T17"
                },
                {
                    "id": "D3850",
                    "name": "DISC PAD REAR SAFELINE L116 H59 T17"
                },
                {
                    "id": "D3955",
                    "name": "DISC PAD REAR SAFELINE L116 H59 T17"
                },
                {
                    "id": "05P1489",
                    "name": "DISC PAD REAR LPR L116 H59 T18"
                },
                {
                    "id": "ADB01709",
                    "name": "DISC PAD REAR NIPPON L116 H59 T17"
                },
                {
                    "id": "ADB22121",
                    "name": "DISC PAD REAR NIPPON L117 H59 T17"
                },
                {
                    "id": "125-0184",
                    "name": "BRAKE DISC FV ATE D314 H52 S68 5"
                },
                {
                    "id": "130.0193",
                    "name": "BRAKE DISC FV ATE D320 H52 S68 O153 [5]"
                },
                {
                    "id": "129-0102",
                    "name": "BRAKE DISC FV ATE D345 H52 S68 5"
                },
                {
                    "id": "DDF1996C",
                    "name": "BRAKE DISC FV FERODO D320 H52 S68 [5]"
                },
                {
                    "id": "DDF1996C-1",
                    "name": "BRAKE DISC FV FERODO D320 H52 S68 [5]"
                },
                {
                    "id": "DDF2761C",
                    "name": "BRAKE DISC FV FERODO D320 H52 S68 [5]"
                },
                {
                    "id": "TBD8473-D",
                    "name": "BRAKE DISC FRNT L/R VENTED OPTIMA"
                },
                {
                    "id": "TBD7071-D",
                    "name": "BRAKE DISC REAR L/R SOLID OPTIMA"
                },
                {
                    "id": "TBD7220-D",
                    "name": "BRAKE DISC REAR L/R SOLID OPTIMA"
                },
                {
                    "id": "DR6071",
                    "name": "BRAKE DISC RS ALFA D299 H36 S68 [5]"
                },
                {
                    "id": "DR6220",
                    "name": "BRAKE DISC RS ALFA D300 H36 S68 [5]"
                },
                {
                    "id": "112.0178",
                    "name": "BRAKE DISC RS ATE D300 H36 S68 ID169 [5]"
                },
                {
                    "id": "DDF1666",
                    "name": "BRAKE DISC RS FERODO D300 H36 S68 [5]"
                },
                {
                    "id": "DDF1666C",
                    "name": "BRAKE DISC RS FERODO D300 H36 S68 [5]"
                },
                {
                    "id": "WS0358B",
                    "name": "DISC PAD SENSOR FRONT [255MM] QB"
                },
                {
                    "id": "WS0302B",
                    "name": "DISC PAD SENSOR FRONT [310MM] QB"
                },
                {
                    "id": "WS0357B",
                    "name": "DISC PAD SENSOR FRONT [345MM] QB"
                },
                {
                    "id": "FEB43485",
                    "name": "DISC PAD SENSOR FRNT FEBI 405MM"
                },
                {
                    "id": "1678-1",
                    "name": "ANTI-RATTLE CLIP FRNT [FDB1728]"
                },
                {
                    "id": "1306X",
                    "name": "CALIPER GUIDE BOLT KIT FRNT BHCS"
                },
                {
                    "id": "1610-1",
                    "name": "ANTI-RATTLE CLIP REAR"
                },
                {
                    "id": "1339X",
                    "name": "CALIPER GUIDE BOLT KIT REAR"
                },
                {
                    "id": "113-1339X",
                    "name": "BRAKE CALIPER GUIDE SLEEVE KIT QB"
                },
                {
                    "id": "113-1346X",
                    "name": "BRAKE CALIPER GUIDE SLEEVE KIT QB"
                },
                {
                    "id": "113-1450X",
                    "name": "BRAKE CALIPER GUIDE SLEEVE KIT QB"
                }
            ]
        },
        {
            "id": "3",
            "category": "SUSPENSION COMPONENTS [FRONT]",
            "category_parts": [
                {
                    "id": "",
                    "name": ""
                },
                {
                    "id": "E8501",
                    "name": "SHOCK FRNT MON [-SPORT SUSP]"
                },
                {
                    "id": "341720",
                    "name": "SHOCK FRNT KYB"
                },
                {
                    "id": "345622",
                    "name": "SHOCK FRNT KYB"
                },
                {
                    "id": "MK361",
                    "name": "STRUT MOUNTING FRNT MONROE"
                },
                {
                    "id": "AU2822",
                    "name": "MOUNTING SHOCK FRNT L/R TEKNOSA"
                },
                {
                    "id": "FEB32635",
                    "name": "STRUT MOUNTING FRNT [+ELEC SUSP"
                },
                {
                    "id": "FEB33719",
                    "name": "STRUT MOUNTING FRNT [-ELEC SUSP"
                },
                {
                    "id": "AU1920",
                    "name": "BALL JOINT LOWER F/R L/R TEKNOSA"
                },
                {
                    "id": "AU1919",
                    "name": "BALL JOINT LOWER FRNT L/R TEKNOSA"
                },
                {
                    "id": "BJ1283",
                    "name": "BALL JOINT LOWER L/R PQ"
                },
                {
                    "id": "BJ1319",
                    "name": "BALL JOINT LOWER L/R PQ"
                },
                {
                    "id": "19425AP",
                    "name": "BALL JOINT LOWER L/R A-PLUS [13.8MM]"
                },
                {
                    "id": "16232",
                    "name": "BALL JOINT LOWER L+R ATS"
                },
                {
                    "id": "VKDS311027",
                    "name": "BALL JOINT LOWER L* H* ID* OD42 SKF"
                },
                {
                    "id": "19428AP",
                    "name": "CONTROL ARM UPPER LHS A-PLUS"
                },
                {
                    "id": "19430AP",
                    "name": "CONTROL ARM UPPER LHS A-PLUS"
                },
                {
                    "id": "20473AP",
                    "name": "CONTROL ARM UPPER LHS A-PLUS"
                },
                {
                    "id": "21078AP",
                    "name": "CONTROL ARM UPPER LHS A-PLUS"
                },
                {
                    "id": "19429AP",
                    "name": "CONTROL ARM UPPER RHS A-PLUS"
                },
                {
                    "id": "19431AP",
                    "name": "CONTROL ARM UPPER RHS A-PLUS"
                },
                {
                    "id": "20474AP",
                    "name": "CONTROL ARM UPPER RHS A-PLUS"
                },
                {
                    "id": "21079AP",
                    "name": "CONTROL ARM UPPER RHS A-PLUS"
                },
                {
                    "id": "AU2039",
                    "name": "CONTROL ARM LOWER FRNT L/R TEKNOSA"
                },
                {
                    "id": "AU2040",
                    "name": "CONTROL ARM LOWER FRNT L/R TEKNOSA"
                },
                {
                    "id": "AU2043",
                    "name": "CONTROL ARM LOWER FRNT L/R TEKNOSA"
                },
                {
                    "id": "AU2044",
                    "name": "CONTROL ARM LOWER FRNT L/R TEKNOSA"
                },
                {
                    "id": "AU2037",
                    "name": "CONTROL ARM LOWER FRNT LHS TEKNOSA"
                },
                {
                    "id": "AU2041",
                    "name": "CONTROL ARM LOWER FRNT LHS TEKNOSA"
                },
                {
                    "id": "AU2045",
                    "name": "CONTROL ARM LOWER FRNT LHS TEKNOSA"
                },
                {
                    "id": "AU2038",
                    "name": "CONTROL ARM LOWER FRNT RHS TEKNOSA"
                },
                {
                    "id": "AU2042",
                    "name": "CONTROL ARM LOWER FRNT RHS TEKNOSA"
                },
                {
                    "id": "AU2046",
                    "name": "CONTROL ARM LOWER FRNT RHS TEKNOSA"
                },
                {
                    "id": "AU2047",
                    "name": "CONTROL ARM LOWER REAR LHS TEKNOSA"
                },
                {
                    "id": "AU2048",
                    "name": "CONTROL ARM LOWER REAR RHS TEKNOSA"
                },
                {
                    "id": "AU1715",
                    "name": "CONTROL ARM UPPER FRNT LHS TEKNOSA"
                },
                {
                    "id": "AU1717",
                    "name": "CONTROL ARM UPPER FRNT LHS TEKNOSA"
                },
                {
                    "id": "AU1716",
                    "name": "CONTROL ARM UPPER FRNT RHS TEKNOSA"
                },
                {
                    "id": "AU1718",
                    "name": "CONTROL ARM UPPER FRNT RHS TEKNOSA"
                },
                {
                    "id": "19432AP",
                    "name": "CONTROL ARM LOWER LHS A-PLUS"
                },
                {
                    "id": "19438AP",
                    "name": "CONTROL ARM LOWER LHS A-PLUS"
                },
                {
                    "id": "19435AP",
                    "name": "CONTROL ARM LOWER LHS A-PLUS [15MM]"
                },
                {
                    "id": "24758AP",
                    "name": "CONTROL ARM LOWER LHS A-PLUS [17MM]"
                },
                {
                    "id": "19439AP",
                    "name": "CONTROL ARM LOWER RHS A-PLUS"
                },
                {
                    "id": "19436AP",
                    "name": "CONTROL ARM LOWER RHS A-PLUS [15MM]"
                },
                {
                    "id": "24759AP",
                    "name": "CONTROL ARM LOWER RHS A-PLUS [17MM]"
                },
                {
                    "id": "VKDS341020",
                    "name": "STABILIZER LINK L* H* ID* OD* SKF"
                },
                {
                    "id": "VKDS341026",
                    "name": "STABILIZER LINK L* H* ID* OD* SKF"
                },
                {
                    "id": "BJ1273L",
                    "name": "TRACK CONTROL ARM LOWER LHS PQ"
                },
                {
                    "id": "BJ1274L",
                    "name": "TRACK CONTROL ARM LOWER LHS PQ"
                },
                {
                    "id": "BJ1320L",
                    "name": "TRACK CONTROL ARM LOWER LHS PQ"
                },
                {
                    "id": "BJ1321L",
                    "name": "TRACK CONTROL ARM LOWER LHS PQ"
                },
                {
                    "id": "BJ1273R",
                    "name": "TRACK CONTROL ARM LOWER RHS PQ"
                },
                {
                    "id": "BJ1274R",
                    "name": "TRACK CONTROL ARM LOWER RHS PQ"
                },
                {
                    "id": "BJ1320R",
                    "name": "TRACK CONTROL ARM LOWER RHS PQ"
                },
                {
                    "id": "BJ1321R",
                    "name": "TRACK CONTROL ARM LOWER RHS PQ"
                },
                {
                    "id": "BJ1275L",
                    "name": "TRACK CONTROL ARM UPPER LHS PQ"
                },
                {
                    "id": "BJ1276L",
                    "name": "TRACK CONTROL ARM UPPER LHS PQ"
                },
                {
                    "id": "BJ1275R",
                    "name": "TRACK CONTROL ARM UPPER RHS PQ"
                },
                {
                    "id": "BJ1276R",
                    "name": "TRACK CONTROL ARM UPPER RHS PQ"
                },
                {
                    "id": "VKDS321058B",
                    "name": "CONTROL ARM L* SKF"
                },
                {
                    "id": "VKDS321059B",
                    "name": "CONTROL ARM L* SKF"
                },
                {
                    "id": "VKDS321060B",
                    "name": "CONTROL ARM L* SKF"
                },
                {
                    "id": "VKDS321061B",
                    "name": "CONTROL ARM L* SKF"
                },
                {
                    "id": "VKDS321056",
                    "name": "CONTROL ARM L355 SKF"
                },
                {
                    "id": "VKDS321057",
                    "name": "CONTROL ARM L355 SKF"
                },
                {
                    "id": "VKDS321506B",
                    "name": "CONTROL ARM L420.7 SKF"
                },
                {
                    "id": "VKDS321507B",
                    "name": "CONTROL ARM L420.7 SKF"
                },
                {
                    "id": "VKDS331027",
                    "name": "C/ARM BUSH L* H54.9 ID12.2 OD50.2 SKF"
                },
                {
                    "id": "VKDS331028",
                    "name": "C/ARM BUSH L45 H43.8 ID12.1 OD43.8 SKF"
                },
                {
                    "id": "FEB29944",
                    "name": "C/ARM BUSH F/SUSP LOWER INNER FEBI"
                },
                {
                    "id": "FEB27484",
                    "name": "C/ARM BUSH S/SUSP LOWER OUTER FEBI"
                },
                {
                    "id": "AU2124",
                    "name": "BUSH CONT ARM LOW FRNT L/R TEKNOSA"
                },
                {
                    "id": "AU2125",
                    "name": "BUSH CONT ARM LOW FRNT L/R TEKNOSA"
                },
                {
                    "id": "AU2126",
                    "name": "BUSH CONT ARM LOW FRNT L/R TEKNOSA"
                },
                {
                    "id": "AU2127",
                    "name": "BUSH CONT ARM LOW FRNT L/R TEKNOSA"
                },
                {
                    "id": "AU2128",
                    "name": "BUSH CONT ARM LOW FRNT L/R TEKNOSA"
                },
                {
                    "id": "AU1810",
                    "name": "BUSH CONT ARM UP FRNT L/R TEKNOSA"
                },
                {
                    "id": "AU1811",
                    "name": "BUSH CONT ARM UP FRNT L/R TEKNOSA"
                },
                {
                    "id": "AU1812",
                    "name": "BUSH CONT ARM UP FRNT L/R TEKNOSA"
                }
            ]
        },
        {
            "id": "4",
            "category": "SUSPENSION COMPONENTS [REAR]",
            "category_parts": [
                {
                    "id": "",
                    "name": ""
                },
                {
                    "id": "E7811",
                    "name": "SHOCK REAR MON [-SPORT SUSP]"
                },
                {
                    "id": "345086",
                    "name": "SHOCK REAR KYB"
                },
                {
                    "id": "FEB31984",
                    "name": "STRUT MOUNTING REAR FEBI"
                },
                {
                    "id": "VKDS331027",
                    "name": "C/ARM BUSH L* H54.9 ID12.2 OD50.2 SKF"
                },
                {
                    "id": "VKDS331028",
                    "name": "C/ARM BUSH L45 H43.8 ID12.1 OD43.8 SKF"
                },
                {
                    "id": "18614AP",
                    "name": "C/ARM BUSH LOWER L/R A-PLUS"
                },
                {
                    "id": "19434AP",
                    "name": "C/ARM BUSH LOWER L/R A-PLUS"
                },
                {
                    "id": "19437AP",
                    "name": "C/ARM BUSH LOWER L/R A-PLUS [OD:65]"
                },
                {
                    "id": "21731AP",
                    "name": "C/ARM BUSH UPPER L/R A-PLUS"
                },
                {
                    "id": "AU2124",
                    "name": "BUSH CONT ARM LOW FRNT L/R TEKNOSA"
                },
                {
                    "id": "AU2125",
                    "name": "BUSH CONT ARM LOW FRNT L/R TEKNOSA"
                },
                {
                    "id": "AU2126",
                    "name": "BUSH CONT ARM LOW FRNT L/R TEKNOSA"
                },
                {
                    "id": "AU2127",
                    "name": "BUSH CONT ARM LOW FRNT L/R TEKNOSA"
                },
                {
                    "id": "AU2128",
                    "name": "BUSH CONT ARM LOW FRNT L/R TEKNOSA"
                },
                {
                    "id": "AU1810",
                    "name": "BUSH CONT ARM UP FRNT L/R TEKNOSA"
                },
                {
                    "id": "AU1811",
                    "name": "BUSH CONT ARM UP FRNT L/R TEKNOSA"
                },
                {
                    "id": "AU1812",
                    "name": "BUSH CONT ARM UP FRNT L/R TEKNOSA"
                },
                {
                    "id": "VKDS341020",
                    "name": "STABILIZER LINK L* H* ID* OD* SKF"
                },
                {
                    "id": "VKDS341026",
                    "name": "STABILIZER LINK L* H* ID* OD* SKF"
                },
                {
                    "id": "19426AP",
                    "name": "STABILIZER LINK L/R A-PLUS L170"
                },
                {
                    "id": "21734AP",
                    "name": "STABILIZER LINK L/R A-PLUS L170"
                },
                {
                    "id": "19427AP",
                    "name": "STABILIZER LINK L/R A-PLUS L60"
                },
                {
                    "id": "AU1527",
                    "name": "STABILIZER LINK FRNT L/R L170 TEKNOSA"
                },
                {
                    "id": "AU1528",
                    "name": "STABILIZER LINK FRNT L/R L170 TEKNOSA"
                },
                {
                    "id": "AU1529",
                    "name": "STABILIZER LINK REAR L/R L90 TEKNOSA"
                },
                {
                    "id": "VKDS321058B",
                    "name": "CONTROL ARM L* SKF"
                },
                {
                    "id": "VKDS321059B",
                    "name": "CONTROL ARM L* SKF"
                },
                {
                    "id": "VKDS321060B",
                    "name": "CONTROL ARM L* SKF"
                },
                {
                    "id": "VKDS321061B",
                    "name": "CONTROL ARM L* SKF"
                },
                {
                    "id": "VKDS321056",
                    "name": "CONTROL ARM L355 SKF"
                },
                {
                    "id": "VKDS321057",
                    "name": "CONTROL ARM L355 SKF"
                },
                {
                    "id": "VKDS321506B",
                    "name": "CONTROL ARM L420.7 SKF"
                },
                {
                    "id": "VKDS321507B",
                    "name": "CONTROL ARM L420.7 SKF"
                }
            ]
        },
        {
            "id": "5",
            "category": "COOLING SYSTEM",
            "category_parts": [
                {
                    "id": "",
                    "name": ""
                },
                {
                    "id": "RDAD0044",
                    "name": "RADIATOR [AUTO]"
                },
                {
                    "id": "RDAD0044A",
                    "name": "RADIATOR [MAN]"
                },
                {
                    "id": "01686",
                    "name": "RADIATOR CAP OSSCA/ATS"
                },
                {
                    "id": "TP3-23",
                    "name": "RADIATOR CAP [LIGHT BLUE 40KPA] ECHLIN"
                },
                {
                    "id": "TP3-23M",
                    "name": "RADIATOR CAP [LIGHT BLUE 40KPA] MP"
                },
                {
                    "id": "PA1422",
                    "name": "WATER PUMP GRAF"
                },
                {
                    "id": "WP83079",
                    "name": "WATER PUMP PI"
                },
                {
                    "id": "A-233",
                    "name": "WATER PUMP DOLZ"
                },
                {
                    "id": "PA1246",
                    "name": "WATER PUMP GRAF"
                },
                {
                    "id": "VKM31160",
                    "name": "TENSIONER V-BELT PULLEY [OD:60 W:24] SKF"
                },
                {
                    "id": "FEB47605",
                    "name": "FAN BELT TENSIONER FEBI"
                },
                {
                    "id": "437100-8010",
                    "name": "COMPRESSOR / AIR CONDITIONER DENSO"
                }
            ]
        },
        {
            "id": "6",
            "category": "CLUTCH COMPONENTS",
            "category_parts": [
                {
                    "id": "",
                    "name": ""
                },
                {
                    "id": "624328500",
                    "name": "CLUTCH KIT LUK D240 S30.5 ST28"
                },
                {
                    "id": "R526MK",
                    "name": "CLUTCH KIT LUK D240 S30.5 ST28"
                },
                {
                    "id": "3000970072",
                    "name": "CLUTCH KIT SACHS [240X30.5-28]"
                }
            ]
        },
        {
            "id": "7",
            "category": "IGNITION SYSTEM",
            "category_parts": [
                {
                    "id": "",
                    "name": ""
                },
                {
                    "id": "U5154",
                    "name": "IGNITION COIL NGK 4 PIN"
                },
                {
                    "id": "111545",
                    "name": "IGNITION COIL HUCO 12V 4PIN"
                },
                {
                    "id": "0986221072",
                    "name": "IGNITION COIL BOSCH"
                },
                {
                    "id": "CP007",
                    "name": "IGNITION COIL KAIZEN"
                }
            ]
        },
        {
            "id": "8",
            "category": "DRIVESHAFT COMPONENTS",
            "category_parts": [
                {
                    "id": "",
                    "name": ""
                },
                {
                    "id": "VKJP01003",
                    "name": "CV BOOT KIT OUTER SKF"
                },
                {
                    "id": "VKJP01011",
                    "name": "CV BOOT KIT OUTER SKF"
                },
                {
                    "id": "VKJP8356R",
                    "name": "CV BOOT KIT OUTER SKF"
                },
                {
                    "id": "VKJP8356",
                    "name": "CV BOOT KIT INNER SKF"
                }
            ]
        },
        {
            "id": "9",
            "category": "FUEL SYSTEM",
            "category_parts": [
                {
                    "id": "",
                    "name": ""
                },
                {
                    "id": "INTANK",
                    "name": "FUEL FILTER IN TANK LIFETIME"
                }
            ]
        },
        {
            "id": "10",
            "category": "TIMING COMPONENTS",
            "category_parts": [
                {
                    "id": "",
                    "name": ""
                },
                {
                    "id": "1987949685",
                    "name": "T/BELT KIT BOSCH"
                },
                {
                    "id": "FEB48282",
                    "name": "T/BELT WATER PUMP FEBI"
                },
                {
                    "id": "VKMV6PK1132",
                    "name": "MULTI-GROOVE BELT SKF"
                },
                {
                    "id": "6PK1590",
                    "name": "MULTI-GROOVE BELT RAM"
                },
                {
                    "id": "FEB45953",
                    "name": "TIMING CHAIN B/S 96 LINKS FEBI"
                },
                {
                    "id": "FEB45956",
                    "name": "TIMING CHAIN C/S 170 LINKS FEBI"
                },
                {
                    "id": "FEB46276",
                    "name": "TIMING CHAIN TENSIONER B/S FEBI"
                },
                {
                    "id": "FEB46471",
                    "name": "TIMING CHAIN GUIDE FEBI"
                },
                {
                    "id": "VKM31160",
                    "name": "TENSIONER V-BELT PULLEY [OD:60 W:24] SKF"
                }
            ]
        },
        {
            "id": "11",
            "category": "CYLINDER HEAD COMPONENTS",
            "category_parts": [
                {
                    "id": "",
                    "name": ""
                },
                {
                    "id": "BY2017",
                    "name": "CYL HEAD GASKET PAYEN"
                },
                {
                    "id": "JC2017",
                    "name": "EXHAUST MANIFOLD GASKET PAYEN"
                },
                {
                    "id": "RVG83051",
                    "name": "VALVE GUIDE KOLBERN [11.03X6.03X36.60]"
                },
                {
                    "id": "PA5041",
                    "name": "VALVE STEM SEAL PAYEN"
                },
                {
                    "id": "HT66728",
                    "name": "VALVE LIFTER"
                },
                {
                    "id": "HT83060",
                    "name": "VALVE LIFTER KOLBERN [12X35MM]"
                }
            ]
        },
        {
            "id": "12",
            "category": "ENGINE SUB ASSEMBLY",
            "category_parts": [
                {
                    "id": "",
                    "name": ""
                },
                {
                    "id": "RR83056",
                    "name": "RINGSET FED 82.50MM 1.2/1.2/2MM"
                },
                {
                    "id": "RR83071",
                    "name": "RINGSET FED 82.50MM 1.2/1.2/2MM"
                },
                {
                    "id": "RR83028",
                    "name": "RINGSET FED 82.50MM 1.2/1.5/2MM"
                },
                {
                    "id": "B4118",
                    "name": "CONROD BEARING SET AE"
                },
                {
                    "id": "M5119",
                    "name": "MAIN BEARING SET AE"
                },
                {
                    "id": "ROP83090",
                    "name": "OIL PUMP AUTOZONE"
                },
                {
                    "id": "W2119",
                    "name": "THRUST WASHER SET"
                }
            ]
        },
        {
            "id": "13",
            "category": "MOUNTINGS ",
            "category_parts": [
                {
                    "id": "",
                    "name": ""
                },
                {
                    "id": "MK361",
                    "name": "STRUT MOUNTING FRNT MONROE"
                },
                {
                    "id": "FEB32635",
                    "name": "STRUT MOUNTING FRNT [+ELEC SUSP"
                },
                {
                    "id": "FEB33719",
                    "name": "STRUT MOUNTING FRNT [-ELEC SUSP"
                },
                {
                    "id": "AU2822",
                    "name": "MOUNTING SHOCK FRNT L/R TEKNOSA"
                },
                {
                    "id": "FEB31984",
                    "name": "STRUT MOUNTING REAR FEBI"
                }
            ]
        },
        {
            "id": "14",
            "category": "STARTER COMPONENTS",
            "category_parts": [
                {
                    "id": "",
                    "name": ""
                },
                {
                    "id": "1986S00689",
                    "name": "STARTER MOTOR BOSCH 12V"
                }
            ]
        },
        {
            "id": "15",
            "category": "ALTERNATOR COMPONENTS",
            "category_parts": [
                {
                    "id": "",
                    "name": ""
                },
                {
                    "id": "6PK1590",
                    "name": "MULTI-GROOVE BELT RAM"
                },
                {
                    "id": "VKM31160",
                    "name": "TENSIONER V-BELT PULLEY [OD:60 W:24] SKF"
                },
                {
                    "id": "FEB47605",
                    "name": "FAN BELT TENSIONER FEBI"
                }
            ]
        },
        {
            "id": "16",
            "category": "BODY PARTS FRONT AND REAR",
            "category_parts": [
                {
                    "id": "",
                    "name": ""
                },
                {
                    "id": "ML3914",
                    "name": "GASLIFT HOOD/BONNET"
                },
                {
                    "id": "ML2622",
                    "name": "GASLIFT TRUNK/TAILGATE"
                }
            ]
        },
        {
            "id": "17",
            "category": "SWITCHES \u0026 ACCESSORIES",
            "category_parts": [
                {
                    "id": "",
                    "name": ""
                },
                {
                    "id": "S668",
                    "name": "BATTERY SABAT"
                },
                {
                    "id": "F658",
                    "name": "BATTERY EXIDE/MIDAS"
                },
                {
                    "id": "F668",
                    "name": "BATTERY EXIDE/MIDAS"
                },
                {
                    "id": "W668",
                    "name": "BATTERY WILLARD"
                },
                {
                    "id": "W658",
                    "name": "BATTERY WILLARD"
                },
                {
                    "id": "3397007298",
                    "name": "WIPER BLADE FRNT KIT BOSCH"
                },
                {
                    "id": "3397006837",
                    "name": "WIPER BLADE FRNT DRIV BOSCH"
                },
                {
                    "id": "3397006833",
                    "name": "WIPER BLADE FRNT PASS BOSCH"
                },
                {
                    "id": "3397008635",
                    "name": "WIPER BLADE REAR BOSCH"
                },
                {
                    "id": "TS6136",
                    "name": "TEMP SENDER UNIT [P/FIT 2-PIN]"
                },
                {
                    "id": "FEB29318",
                    "name": "TEMP SENDER UNIT [P/FIT 2-PIN]"
                }
            ]
        },
        {
            "id": "18",
            "category": "GASKETS ",
            "category_parts": [
                {
                    "id": "",
                    "name": ""
                },
                {
                    "id": "JC2017",
                    "name": "EXHAUST MANIFOLD GASKET PAYEN"
                },
                {
                    "id": "BY2017",
                    "name": "CYL HEAD GASKET PAYEN"
                }
            ]
        },
        {
            "id": "20",
            "category": "SEALS ",
            "category_parts": [
                {
                    "id": "",
                    "name": ""
                },
                {
                    "id": "PA5041",
                    "name": "VALVE STEM SEAL PAYEN"
                }
            ]
        },
        {
            "id": "23",
            "category": "LUBRICANTS",
            "category_parts": [
                {
                    "id": "",
                    "name": ""
                },
                {
                    "id": "3433389",
                    "name": "ENGINE OIL CASTROL MAGNATEC 5W30 5L"
                },
                {
                    "id": "550048788",
                    "name": "ENGINE OIL SHELL HELIX ULTRA 5W30 5L"
                }
            ]
        },
        {
            "id": "24",
            "category": "WHEEL BEARINGS",
            "category_parts": [
                {
                    "id": "",
                    "name": ""
                },
                {
                    "id": "VKBA6649",
                    "name": "WHEEL BRG KIT FRNT SKF"
                },
                {
                    "id": "PQ694",
                    "name": "WHEEL BRG KIT FRONT ID61 PQ"
                }
            ]
        },
        {
            "id": "26",
            "category": "STEERING",
            "category_parts": [
                {
                    "id": "",
                    "name": ""
                },
                {
                    "id": "18180AP",
                    "name": "STEERING RACK END L/R A-PLUS L227"
                },
                {
                    "id": "TR6193",
                    "name": "STEERING RACK END [227/243MM] PQ"
                },
                {
                    "id": "TR6194",
                    "name": "STEERING RACK END [237/252MM] PQ"
                },
                {
                    "id": "AU1415",
                    "name": "RACK END FRNT L/R L227 TEKNOSA"
                },
                {
                    "id": "VKDY321006",
                    "name": "STEERING RACK END L243 SKF"
                },
                {
                    "id": "VKDY311038",
                    "name": "TIE ROD END L206 SKF"
                },
                {
                    "id": "VKDY311039",
                    "name": "TIE ROD END L206 SKF"
                },
                {
                    "id": "VKDY311040",
                    "name": "TIE ROD END L207 SKF"
                },
                {
                    "id": "VKDY311041",
                    "name": "TIE ROD END L207 SKF"
                },
                {
                    "id": "19423AP",
                    "name": "TIE ROD END OUTER LHS A-PLUS"
                },
                {
                    "id": "19424AP",
                    "name": "TIE ROD END OUTER RHS A-PLUS"
                },
                {
                    "id": "TR6192",
                    "name": "TIE ROD END OUTER L/R PQ"
                },
                {
                    "id": "AU1023",
                    "name": "TIE ROD END OUTER FRNT LHS TEKNOSA"
                },
                {
                    "id": "AU1024",
                    "name": "TIE ROD END OUTER FRNT RHS TEKNOSA"
                },
                {
                    "id": "AU1318",
                    "name": "TIE ROD END SET OUTER FRNT L/R TEKNOSA"
                }
            ]
        },
        {
            "id": "27",
            "category": "BEARINGS",
            "category_parts": [
                {
                    "id": "",
                    "name": ""
                },
                {
                    "id": "VKBA6649",
                    "name": "WHEEL BRG KIT FRNT SKF"
                },
                {
                    "id": "PQ694",
                    "name": "WHEEL BRG KIT FRONT ID61 PQ"
                },
                {
                    "id": "VKDS321058B",
                    "name": "CONTROL ARM L* SKF"
                },
                {
                    "id": "VKDS321059B",
                    "name": "CONTROL ARM L* SKF"
                },
                {
                    "id": "VKDS321060B",
                    "name": "CONTROL ARM L* SKF"
                },
                {
                    "id": "VKDS321061B",
                    "name": "CONTROL ARM L* SKF"
                },
                {
                    "id": "VKDS321056",
                    "name": "CONTROL ARM L355 SKF"
                },
                {
                    "id": "VKDS321057",
                    "name": "CONTROL ARM L355 SKF"
                },
                {
                    "id": "VKDS321506B",
                    "name": "CONTROL ARM L420.7 SKF"
                },
                {
                    "id": "VKDS321507B",
                    "name": "CONTROL ARM L420.7 SKF"
                }
            ]
        },
        {
            "id": "28",
            "category": "AIR CONDITIONING",
            "category_parts": [
                {
                    "id": "",
                    "name": ""
                },
                {
                    "id": "437100-8010",
                    "name": "COMPRESSOR / AIR CONDITIONER DENSO"
                }
            ]
        },
        {
            "id": "28",
            "category": "AIR CONDITIONING",
            "category_parts": [
                {
                    "id": "",
                    "name": ""
                },
                {
                    "id": "437100-8010",
                    "name": "COMPRESSOR / AIR CONDITIONER DENSO"
                }
            ]
        }
    ]
}
