{
    "id": "357",
    "parts": [
        {
            "id": "1",
            "category": "SERVICE PARTS",
            "category_parts": [
                {
                    "id": "",
                    "name": ""
                },
                {
                    "id": "M34",
                    "name": "OIL FILTER GUD CARTRIDGE METAL FREE H125 OD65 IDT31 IDB31"
                },
                {
                    "id": "CH9911ECO",
                    "name": "OIL FILTER FRAM"
                },
                {
                    "id": "COF100534E",
                    "name": "OIL FILTER CHAMPION"
                },
                {
                    "id": "38462",
                    "name": "OIL FILTER H125MM ID31.5MM OD64MM FEBI"
                },
                {
                    "id": "ADV182112",
                    "name": "OIL FILTER H125MM ID31.5MM OD64MM BLU"
                },
                {
                    "id": "WL7504",
                    "name": "OIL FILTER WIX"
                },
                {
                    "id": "MAF827",
                    "name": "OIL FILTER KAIZEN"
                },
                {
                    "id": "AG1031",
                    "name": "AIR FILTER GUD PANEL L265 W213 H70"
                },
                {
                    "id": "CA9409",
                    "name": "AIR FILTER FRAM"
                },
                {
                    "id": "1457433046",
                    "name": "AIR FILTER BOSCH"
                },
                {
                    "id": "FEB23334",
                    "name": "AIR FILTER FEBI"
                },
                {
                    "id": "LA536",
                    "name": "AIR FILTER CGI"
                },
                {
                    "id": "WA6726",
                    "name": "AIR FILTER WIX"
                },
                {
                    "id": "MAF511",
                    "name": "AIR FILTER KAIZEN"
                },
                {
                    "id": "02-247",
                    "name": "AIR FILTER [AG1031]"
                },
                {
                    "id": "E146",
                    "name": "FUEL FILTER GUD"
                },
                {
                    "id": "CFF100479",
                    "name": "FUEL FILTER CHAMPION"
                },
                {
                    "id": "F026403012",
                    "name": "FUEL FILTER BOSCH"
                },
                {
                    "id": "WF8325",
                    "name": "FUEL FILTER WIX"
                },
                {
                    "id": "04-062",
                    "name": "FUEL FILTER [E146]"
                },
                {
                    "id": "PFR7S8EG",
                    "name": "SPARK PLUG NGK"
                },
                {
                    "id": "IK22FTT",
                    "name": "DENSO IRIDIUM TT SPARK PLUG"
                },
                {
                    "id": "PK22PR8",
                    "name": "SPARK PLUG DENSO PLATINUM [D14MM HEX16MM 22NM TL19]"
                },
                {
                    "id": "0242245576",
                    "name": "SPARK PLUG BOSCH"
                },
                {
                    "id": "AC25GUD",
                    "name": "CABIN AIR FILTER GUD H30 L302 W204"
                },
                {
                    "id": "1987432071",
                    "name": "CABIN AIR FILTER BOSCH"
                },
                {
                    "id": "WP6998",
                    "name": "CABIN AIR FILTER WIX"
                },
                {
                    "id": "WP6999",
                    "name": "CABIN AIR FILTER WIX"
                },
                {
                    "id": "ATE1046",
                    "name": "DISC PAD FRNT ATE L156 H73 T20"
                },
                {
                    "id": "ATE1103",
                    "name": "DISC PAD FRNT ATE L156 H73 T20"
                },
                {
                    "id": "FDB1407",
                    "name": "DISC PAD FRNT FERODO L155 H73 T19"
                },
                {
                    "id": "FDB1629",
                    "name": "DISC PAD FRNT FERODO L155 H73 T20"
                },
                {
                    "id": "0986494271",
                    "name": "DISC PAD FRNT BOSCH L155 H73 T20"
                },
                {
                    "id": "0986494283",
                    "name": "DISC PAD FRNT BOSCH L155 H73 T20"
                },
                {
                    "id": "D3497",
                    "name": "DISC PAD FRNT SAFELINE L155 H73 T19"
                },
                {
                    "id": "D3808",
                    "name": "DISC PAD FRNT SAFELINE L156 H73 T16"
                },
                {
                    "id": "OPT3808",
                    "name": "DISC PAD FRNT L/R OPTIMA"
                },
                {
                    "id": "OPT3483",
                    "name": "DISC PAD REAR L/R OPTIMA"
                },
                {
                    "id": "OPT3200",
                    "name": "DISC PAD REAR L/R OPTIMA L87 H53"
                },
                {
                    "id": "05P1239",
                    "name": "DISC PAD FRNT LPR L155 H73 T20"
                },
                {
                    "id": "ADB11752",
                    "name": "DISC PAD FRNT NIPPON L155 H73 T19"
                },
                {
                    "id": "ADB11200",
                    "name": "DISC PAD FRNT NIPPON L155 H73 T20"
                },
                {
                    "id": "ADB11753",
                    "name": "DISC PAD FRNT NIPPON L155 H73 T20"
                },
                {
                    "id": "ATE170",
                    "name": "DISC PAD REAR ATE L106 H56 T16"
                },
                {
                    "id": "ATE561",
                    "name": "DISC PAD REAR ATE L87 H53 T15"
                },
                {
                    "id": "FDB1636",
                    "name": "DISC PAD REAR FERODO L105 H56 T17"
                },
                {
                    "id": "FDB4058",
                    "name": "DISC PAD REAR FERODO L105 H56 T17"
                },
                {
                    "id": "FDB1083",
                    "name": "DISC PAD REAR FERODO L87 H53 T17"
                },
                {
                    "id": "FDB4004",
                    "name": "DISC PAD REAR FERODO L87 H53 T17"
                },
                {
                    "id": "FDB4222",
                    "name": "DISC PAD REAR FERODO L87 H53 T17"
                },
                {
                    "id": "FDB4260",
                    "name": "DISC PAD REAR FERODO L87 H53 T17"
                },
                {
                    "id": "0986494344",
                    "name": "DISC PAD REAR BOSCH L105 H56 T16"
                },
                {
                    "id": "0986495453",
                    "name": "DISC PAD REAR BOSCH L106 H56 T17"
                },
                {
                    "id": "0986494516",
                    "name": "DISC PAD REAR BOSCH L87 H53 T16"
                },
                {
                    "id": "0986494923",
                    "name": "DISC PAD REAR BOSCH L87 H53 T17"
                },
                {
                    "id": "D3483",
                    "name": "DISC PAD REAR SAFELINE L105 H56 T17"
                },
                {
                    "id": "D3846",
                    "name": "DISC PAD REAR SAFELINE L105 H56 T17"
                },
                {
                    "id": "D3658",
                    "name": "DISC PAD REAR SAFELINE L87 H53 T16"
                },
                {
                    "id": "D3758",
                    "name": "DISC PAD REAR SAFELINE L87 H53 T16"
                },
                {
                    "id": "D3200",
                    "name": "DISC PAD REAR SAFELINE L87 H53 T17"
                },
                {
                    "id": "05P1219K",
                    "name": "DISC PAD REAR LPR L105 H56 T17"
                },
                {
                    "id": "05P634",
                    "name": "DISC PAD REAR LPR L87 H53 T17"
                },
                {
                    "id": "ADB01284",
                    "name": "DISC PAD REAR NIPPON L105 H56 T17"
                },
                {
                    "id": "ADB01712",
                    "name": "DISC PAD REAR NIPPON L106 H56 T17"
                },
                {
                    "id": "3423547",
                    "name": "ENGINE OIL CASTROL MAGNATEC 5W40 5L"
                },
                {
                    "id": "550053711",
                    "name": "ENGINE OIL SHELL HELIX HX8 5W40 5L"
                },
                {
                    "id": "550053715",
                    "name": "ENGINE OIL SHELL HELIX ULTRA 5W40 5L"
                }
            ]
        },
        {
            "id": "2",
            "category": "BRAKES",
            "category_parts": [
                {
                    "id": "",
                    "name": ""
                },
                {
                    "id": "ATE1046",
                    "name": "DISC PAD FRNT ATE L156 H73 T20"
                },
                {
                    "id": "ATE1103",
                    "name": "DISC PAD FRNT ATE L156 H73 T20"
                },
                {
                    "id": "FDB1407",
                    "name": "DISC PAD FRNT FERODO L155 H73 T19"
                },
                {
                    "id": "FDB1629",
                    "name": "DISC PAD FRNT FERODO L155 H73 T20"
                },
                {
                    "id": "0986494271",
                    "name": "DISC PAD FRNT BOSCH L155 H73 T20"
                },
                {
                    "id": "0986494283",
                    "name": "DISC PAD FRNT BOSCH L155 H73 T20"
                },
                {
                    "id": "D3497",
                    "name": "DISC PAD FRNT SAFELINE L155 H73 T19"
                },
                {
                    "id": "D3808",
                    "name": "DISC PAD FRNT SAFELINE L156 H73 T16"
                },
                {
                    "id": "OPT3808",
                    "name": "DISC PAD FRNT L/R OPTIMA"
                },
                {
                    "id": "OPT3483",
                    "name": "DISC PAD REAR L/R OPTIMA"
                },
                {
                    "id": "OPT3200",
                    "name": "DISC PAD REAR L/R OPTIMA L87 H53"
                },
                {
                    "id": "05P1239",
                    "name": "DISC PAD FRNT LPR L155 H73 T20"
                },
                {
                    "id": "ADB11752",
                    "name": "DISC PAD FRNT NIPPON L155 H73 T19"
                },
                {
                    "id": "ADB11200",
                    "name": "DISC PAD FRNT NIPPON L155 H73 T20"
                },
                {
                    "id": "ADB11753",
                    "name": "DISC PAD FRNT NIPPON L155 H73 T20"
                },
                {
                    "id": "ATE170",
                    "name": "DISC PAD REAR ATE L106 H56 T16"
                },
                {
                    "id": "ATE561",
                    "name": "DISC PAD REAR ATE L87 H53 T15"
                },
                {
                    "id": "FDB1636",
                    "name": "DISC PAD REAR FERODO L105 H56 T17"
                },
                {
                    "id": "FDB4058",
                    "name": "DISC PAD REAR FERODO L105 H56 T17"
                },
                {
                    "id": "FDB1083",
                    "name": "DISC PAD REAR FERODO L87 H53 T17"
                },
                {
                    "id": "FDB4004",
                    "name": "DISC PAD REAR FERODO L87 H53 T17"
                },
                {
                    "id": "FDB4222",
                    "name": "DISC PAD REAR FERODO L87 H53 T17"
                },
                {
                    "id": "FDB4260",
                    "name": "DISC PAD REAR FERODO L87 H53 T17"
                },
                {
                    "id": "0986494344",
                    "name": "DISC PAD REAR BOSCH L105 H56 T16"
                },
                {
                    "id": "0986495453",
                    "name": "DISC PAD REAR BOSCH L106 H56 T17"
                },
                {
                    "id": "0986494516",
                    "name": "DISC PAD REAR BOSCH L87 H53 T16"
                },
                {
                    "id": "0986494923",
                    "name": "DISC PAD REAR BOSCH L87 H53 T17"
                },
                {
                    "id": "D3483",
                    "name": "DISC PAD REAR SAFELINE L105 H56 T17"
                },
                {
                    "id": "D3846",
                    "name": "DISC PAD REAR SAFELINE L105 H56 T17"
                },
                {
                    "id": "D3658",
                    "name": "DISC PAD REAR SAFELINE L87 H53 T16"
                },
                {
                    "id": "D3758",
                    "name": "DISC PAD REAR SAFELINE L87 H53 T16"
                },
                {
                    "id": "D3200",
                    "name": "DISC PAD REAR SAFELINE L87 H53 T17"
                },
                {
                    "id": "05P1219K",
                    "name": "DISC PAD REAR LPR L105 H56 T17"
                },
                {
                    "id": "05P634",
                    "name": "DISC PAD REAR LPR L87 H53 T17"
                },
                {
                    "id": "ADB01284",
                    "name": "DISC PAD REAR NIPPON L105 H56 T17"
                },
                {
                    "id": "ADB01712",
                    "name": "DISC PAD REAR NIPPON L106 H56 T17"
                },
                {
                    "id": "DR7520",
                    "name": "BRAKE DISC FV ALFA D320 H46 S68 [9]"
                },
                {
                    "id": "130.0113",
                    "name": "BRAKE DISC FV ATE D320 H47 S68 ID137 [5]"
                },
                {
                    "id": "DDF1422",
                    "name": "BRAKE DISC FV FERODO D320 H47 S68 [5]"
                },
                {
                    "id": "DDF1422C-1",
                    "name": "BRAKE DISC FV FERODO D320 H47 S68 [5]"
                },
                {
                    "id": "TBD7390-D",
                    "name": "BRAKE DISC FRNT L/R VENTED OPTIMA"
                },
                {
                    "id": "TBD7544-D",
                    "name": "BRAKE DISC FRNT L/R VENTED OPTIMA"
                },
                {
                    "id": "TBD8520-D",
                    "name": "BRAKE DISC FRNT L/R VENTED OPTIMA"
                },
                {
                    "id": "TBD7431-D",
                    "name": "BRAKE DISC REAR L/R SOLID OPTIMA"
                },
                {
                    "id": "TBD7545-D",
                    "name": "BRAKE DISC REAR L/R SOLID OPTIMA"
                },
                {
                    "id": "DR7045",
                    "name": "BRAKE DISC RS ALFA D288 H35 S68 [5]"
                },
                {
                    "id": "112.0166",
                    "name": "BRAKE DISC RS ATE D240 H46 S60 O126 [4]"
                },
                {
                    "id": "110.0261",
                    "name": "BRAKE DISC RS ATE D245 H40 S68 O136 [5]"
                },
                {
                    "id": "112.0148",
                    "name": "BRAKE DISC RS ATE D255 H40 S68 O145 [5]"
                },
                {
                    "id": "112.0178",
                    "name": "BRAKE DISC RS ATE D300 H36 S68 O169 [5]"
                },
                {
                    "id": "DDF1423",
                    "name": "BRAKE DISC RS FERODO D288 H36 S68 [5]"
                },
                {
                    "id": "DDF1423C",
                    "name": "BRAKE DISC RS FERODO D288 H36 S68 [5]"
                },
                {
                    "id": "M2540084",
                    "name": "BRAKE M/CYL BETTABRAKE 25.40MM"
                },
                {
                    "id": "0986481046",
                    "name": "BRAKE M/CYL BOSCH"
                }
            ]
        },
        {
            "id": "3",
            "category": "SUSPENSION COMPONENTS [FRONT]",
            "category_parts": [
                {
                    "id": "",
                    "name": ""
                },
                {
                    "id": "VKDA35123",
                    "name": "TOP MOUNT FRNT SHOCK [SINGLE] FRNT SKF"
                },
                {
                    "id": "VKDA35123T",
                    "name": "TOP MOUNT FRNT SHOCK [TWIN PACK] FRNT SKF"
                },
                {
                    "id": "AU2820",
                    "name": "MOUNTING SHOCK FRNT L/R TEKNOSA"
                },
                {
                    "id": "AU2821",
                    "name": "MOUNTING SHOCK REAR L/R TEKNOSA"
                },
                {
                    "id": "VKDP33111T",
                    "name": "DUST COVER KIT FRNT SKF"
                },
                {
                    "id": "VKDP33141T",
                    "name": "DUST COVER KIT FRNT SKF"
                },
                {
                    "id": "VKDP33171T",
                    "name": "DUST COVER KIT FRNT SKF"
                },
                {
                    "id": "11782AP",
                    "name": "CONTROL ARM UPPER LHS A-PLUS"
                },
                {
                    "id": "15159AP",
                    "name": "CONTROL ARM UPPER LHS A-PLUS"
                },
                {
                    "id": "11781AP",
                    "name": "CONTROL ARM UPPER RHS A-PLUS"
                },
                {
                    "id": "15158AP",
                    "name": "CONTROL ARM UPPER RHS A-PLUS"
                },
                {
                    "id": "AU2032",
                    "name": "CONTROL ARM LOWER FRNT L/R TEKNOSA"
                },
                {
                    "id": "AU2033",
                    "name": "CONTROL ARM LOWER FRNT L/R TEKNOSA"
                },
                {
                    "id": "AU2034",
                    "name": "CONTROL ARM LOWER FRNT L/R TEKNOSA"
                },
                {
                    "id": "AU2030",
                    "name": "CONTROL ARM LOWER FRNT LHS TEKNOSA"
                },
                {
                    "id": "AU2035",
                    "name": "CONTROL ARM LOWER FRNT LHS TEKNOSA"
                },
                {
                    "id": "AU2031",
                    "name": "CONTROL ARM LOWER FRNT RHS TEKNOSA"
                },
                {
                    "id": "AU2036",
                    "name": "CONTROL ARM LOWER FRNT RHS TEKNOSA"
                },
                {
                    "id": "AU1711",
                    "name": "CONTROL ARM UPPER FRNT LHS TEKNOSA"
                },
                {
                    "id": "AU1713",
                    "name": "CONTROL ARM UPPER FRNT LHS TEKNOSA"
                },
                {
                    "id": "AU1712",
                    "name": "CONTROL ARM UPPER FRNT RHS TEKNOSA"
                },
                {
                    "id": "AU1714",
                    "name": "CONTROL ARM UPPER FRNT RHS TEKNOSA"
                },
                {
                    "id": "13821AP",
                    "name": "CONTROL ARM LOWER L/R A-PLUS"
                },
                {
                    "id": "15658AP",
                    "name": "CONTROL ARM LOWER L/R A-PLUS [01-]"
                },
                {
                    "id": "20495AP",
                    "name": "CONTROL ARM LOWER L/R A-PLUS [ALLROAD]"
                },
                {
                    "id": "11159AP",
                    "name": "CONTROL ARM LOWER LHS A-PLUS"
                },
                {
                    "id": "11160AP",
                    "name": "CONTROL ARM LOWER RHS A-PLUS"
                },
                {
                    "id": "TR5813L",
                    "name": "STABILISER LINK FRONT LHS [90MM] PQ"
                },
                {
                    "id": "TR5813R",
                    "name": "STABILISER LINK FRONT RHS [90MM] PQ"
                },
                {
                    "id": "VKDS441001",
                    "name": "STABILIZER LINK L* H* ID* OD* SKF"
                },
                {
                    "id": "AU2622",
                    "name": "LATERAL LINK REAR L/R TEKNOSA"
                },
                {
                    "id": "BJ1175",
                    "name": "TRACK CONTROL ARM LOWER L/R PQ"
                },
                {
                    "id": "BJ292",
                    "name": "TRACK CONTROL ARM LOWER LHS PQ"
                },
                {
                    "id": "BJ293",
                    "name": "TRACK CONTROL ARM LOWER RHS PQ"
                },
                {
                    "id": "BJ1172",
                    "name": "TRACK CONTROL ARM UPPER LHS PQ"
                },
                {
                    "id": "BJ1171",
                    "name": "TRACK CONTROL ARM UPPER RHS PQ"
                },
                {
                    "id": "VKDS321029B",
                    "name": "CONTROL ARM L* SKF"
                },
                {
                    "id": "VKDS321030B",
                    "name": "CONTROL ARM L* SKF"
                },
                {
                    "id": "VKDS421027",
                    "name": "CONTROL ARM L307 SKF"
                },
                {
                    "id": "VKDS421028",
                    "name": "CONTROL ARM L307 SKF"
                },
                {
                    "id": "VKDS321043B",
                    "name": "CONTROL ARM L385 SKF"
                },
                {
                    "id": "VKDS321044B",
                    "name": "CONTROL ARM L385 SKF"
                },
                {
                    "id": "VKDS331006",
                    "name": "C/ARM BUSH L* H40.2 ID12.4 OD40.2 SKF"
                },
                {
                    "id": "VKDS331013",
                    "name": "C/ARM BUSH L* H60 ID12.2 OD24 SKF"
                },
                {
                    "id": "VKDS331014",
                    "name": "C/ARM BUSH L* H80 ID12.2 OD64.9 SKF"
                },
                {
                    "id": "AU2119",
                    "name": "BUSH CONT ARM LOW FRNT L/R TEKNOSA"
                },
                {
                    "id": "AU2120",
                    "name": "BUSH CONT ARM LOW FRNT L/R TEKNOSA"
                },
                {
                    "id": "AU2121",
                    "name": "BUSH CONT ARM LOW FRNT L/R TEKNOSA"
                },
                {
                    "id": "AU2122",
                    "name": "BUSH CONT ARM LOW FRNT L/R TEKNOSA"
                },
                {
                    "id": "AU2123",
                    "name": "BUSH CONT ARM LOW FRNT L/R TEKNOSA"
                },
                {
                    "id": "AU1810",
                    "name": "BUSH CONT ARM UP FRNT L/R TEKNOSA"
                },
                {
                    "id": "VKDS351027",
                    "name": "STAB BAR BUSH L53.2 H50.4 ID29.2 OD* SKF"
                }
            ]
        },
        {
            "id": "4",
            "category": "SUSPENSION COMPONENTS [REAR]",
            "category_parts": [
                {
                    "id": "",
                    "name": ""
                },
                {
                    "id": "VKDP33111T",
                    "name": "DUST COVER KIT FRNT SKF"
                },
                {
                    "id": "VKDP33141T",
                    "name": "DUST COVER KIT FRNT SKF"
                },
                {
                    "id": "VKDP33171T",
                    "name": "DUST COVER KIT FRNT SKF"
                },
                {
                    "id": "VKDA40130",
                    "name": "TOP MOUNT REAR SHOCK [SINGLE] SKF"
                },
                {
                    "id": "VKDA40130T",
                    "name": "TOP MOUNT REAR SHOCK [TWIN PACK] SKF"
                },
                {
                    "id": "VKDS331006",
                    "name": "C/ARM BUSH L* H40.2 ID12.4 OD40.2 SKF"
                },
                {
                    "id": "VKDS331013",
                    "name": "C/ARM BUSH L* H60 ID12.2 OD24 SKF"
                },
                {
                    "id": "VKDS331014",
                    "name": "C/ARM BUSH L* H80 ID12.2 OD64.9 SKF"
                },
                {
                    "id": "14324AP",
                    "name": "C/ARM BUSH LOWER L/R A-PLUS"
                },
                {
                    "id": "14323AP",
                    "name": "C/ARM BUSH LOWER L/R A-PLUS [ID:12|OD:40"
                },
                {
                    "id": "16848AP",
                    "name": "C/ARM BUSH LOWER L/R A-PLUS [ID:12|OD:40"
                },
                {
                    "id": "14261AP",
                    "name": "C/ARM BUSH LOWER L/R A-PLUS [ID:16|OD:65"
                },
                {
                    "id": "14262AP",
                    "name": "C/ARM BUSH UPPER L/R A-PLUS"
                },
                {
                    "id": "AU2119",
                    "name": "BUSH CONT ARM LOW FRNT L/R TEKNOSA"
                },
                {
                    "id": "AU2120",
                    "name": "BUSH CONT ARM LOW FRNT L/R TEKNOSA"
                },
                {
                    "id": "AU2121",
                    "name": "BUSH CONT ARM LOW FRNT L/R TEKNOSA"
                },
                {
                    "id": "AU2122",
                    "name": "BUSH CONT ARM LOW FRNT L/R TEKNOSA"
                },
                {
                    "id": "AU2123",
                    "name": "BUSH CONT ARM LOW FRNT L/R TEKNOSA"
                },
                {
                    "id": "AU1810",
                    "name": "BUSH CONT ARM UP FRNT L/R TEKNOSA"
                },
                {
                    "id": "VKDS351027",
                    "name": "STAB BAR BUSH L53.2 H50.4 ID29.2 OD* SKF"
                },
                {
                    "id": "BJ1034",
                    "name": "LINK ARM UPPER REAR LHS PQ"
                },
                {
                    "id": "BJ1035",
                    "name": "LINK ARM UPPER REAR RHS PQ"
                },
                {
                    "id": "AU2622",
                    "name": "LATERAL LINK REAR L/R TEKNOSA"
                },
                {
                    "id": "VKDS441001",
                    "name": "STABILIZER LINK L* H* ID* OD* SKF"
                },
                {
                    "id": "20458AP",
                    "name": "LATERAL LINK L/R A-PLUS"
                },
                {
                    "id": "11604AP",
                    "name": "STABILIZER LINK L/R A-PLUS L86"
                },
                {
                    "id": "16177AP",
                    "name": "STABILIZER LINK L/R A-PLUS L90"
                },
                {
                    "id": "15235AP",
                    "name": "STABILIZER LINK LHS A-PLUS L90"
                },
                {
                    "id": "15234AP",
                    "name": "STABILIZER LINK RHS A-PLUS L90"
                },
                {
                    "id": "AU1523",
                    "name": "STABILIZER LINK FRNT L/R L86 TEKNOSA"
                },
                {
                    "id": "AU1524",
                    "name": "STABILIZER LINK FRNT LHS L90 TEKNOSA"
                },
                {
                    "id": "AU1525",
                    "name": "STABILIZER LINK FRNT RHS L90 TEKNOSA"
                },
                {
                    "id": "AU1526",
                    "name": "STABILIZER LINK REAR L/R L90 TEKNOSA"
                },
                {
                    "id": "VKDS321029B",
                    "name": "CONTROL ARM L* SKF"
                },
                {
                    "id": "VKDS321030B",
                    "name": "CONTROL ARM L* SKF"
                },
                {
                    "id": "VKDS421027",
                    "name": "CONTROL ARM L307 SKF"
                },
                {
                    "id": "VKDS421028",
                    "name": "CONTROL ARM L307 SKF"
                },
                {
                    "id": "VKDS321043B",
                    "name": "CONTROL ARM L385 SKF"
                },
                {
                    "id": "VKDS321044B",
                    "name": "CONTROL ARM L385 SKF"
                }
            ]
        },
        {
            "id": "5",
            "category": "COOLING SYSTEM",
            "category_parts": [
                {
                    "id": "",
                    "name": ""
                },
                {
                    "id": "376717234",
                    "name": "RADIATOR MAHLE L632 W414 D34 [AUTO]"
                },
                {
                    "id": "376766264",
                    "name": "RADIATOR MAHLE L630 W408 D26"
                },
                {
                    "id": "50539",
                    "name": "RADIATOR NRF L631 W408 D26"
                },
                {
                    "id": "B6301803",
                    "name": "RADIATOR NEPTUNE L630 W408 D26 [AUTO]"
                },
                {
                    "id": "B6301802",
                    "name": "RADIATOR NEPTUNE L630 W408 D26"
                },
                {
                    "id": "7065",
                    "name": "THERMOSTAT [87C] ECHLIN"
                },
                {
                    "id": "TH40787G1",
                    "name": "THERMOSTAT HOUSING COMPLETE [87C] GATES"
                },
                {
                    "id": "TI787",
                    "name": "THERMOSTAT MAHLE 87C"
                },
                {
                    "id": "12255",
                    "name": "THERMOSTAT HOUSING COMPLETE [87C] OSSCA/ATS"
                },
                {
                    "id": "VKPC81205",
                    "name": "WATER PUMP SKF"
                },
                {
                    "id": "VKM31006",
                    "name": "TENSIONER V-BELT PULLEY [OD:76 W:28] SKF"
                },
                {
                    "id": "VKM31001",
                    "name": "TENSIONER V-BELT PULLEY [OD:90 W:25] SKF"
                },
                {
                    "id": "DCP02038",
                    "name": "COMPRESSOR / AIR CONDITIONER DENSO"
                },
                {
                    "id": "4510757",
                    "name": "AIR CONDITIONING CONDENSER MAHLE L556 W383 D17"
                }
            ]
        },
        {
            "id": "6",
            "category": "CLUTCH COMPONENTS",
            "category_parts": [
                {
                    "id": "",
                    "name": ""
                },
                {
                    "id": "0986486062",
                    "name": "CLUTCH M/CYL BOSCH"
                },
                {
                    "id": "M1900183",
                    "name": "CLUTCH M/CYL BETTABRAKE 19.05MM"
                },
                {
                    "id": "0986486583",
                    "name": "CLUTCH S/CYL BOSCH"
                },
                {
                    "id": "S2220061",
                    "name": "CLUTCH S/CYL BETTABRAKE 22.22MM"
                },
                {
                    "id": "S2220062",
                    "name": "CLUTCH S/CYL BETTABRAKE 22.22MM"
                },
                {
                    "id": "124029910",
                    "name": "PRESSURE PLATE LUK"
                },
                {
                    "id": "624333000",
                    "name": "CLUTCH KIT LUK D240 S24.3 ST23"
                },
                {
                    "id": "R460MK",
                    "name": "CLUTCH KIT LUK D240 S24.3 ST23"
                },
                {
                    "id": "RB9855",
                    "name": "RELEASE BEARING PQ"
                }
            ]
        },
        {
            "id": "7",
            "category": "IGNITION SYSTEM",
            "category_parts": [
                {
                    "id": "",
                    "name": ""
                },
                {
                    "id": "U5015",
                    "name": "IGNITION COIL NGK 4 PIN"
                },
                {
                    "id": "BC7900",
                    "name": "IGNITION COIL BOUGICORD"
                }
            ]
        },
        {
            "id": "8",
            "category": "DRIVESHAFT COMPONENTS",
            "category_parts": [
                {
                    "id": "",
                    "name": ""
                },
                {
                    "id": "VW6618",
                    "name": "CV JOINT INNER F/R L/R 34X85X124 TEKNOSA"
                },
                {
                    "id": "VW4011",
                    "name": "CV JOINT INNER FRNT L/R 24X84X123 [FLANGE] TEKNOSA"
                },
                {
                    "id": "VW6610",
                    "name": "CV JOINT INNER FRNT L/R 30X58.6X100 TEKNOSA"
                },
                {
                    "id": "AD3001",
                    "name": "CV JOINT OUTER FRNT L/R 38X27X59.5XM TEKNOSA"
                },
                {
                    "id": "AD3001A",
                    "name": "CV JOINT OUTER FRNT L/R 38X27X59.5XMX45W TEKNOSA"
                },
                {
                    "id": "VW5726A",
                    "name": "CV JOINT OUTER FRNT L/R 38X33X59.5XMX45W TEKNOSA"
                },
                {
                    "id": "VKJP01001",
                    "name": "CV BOOT KIT OUTER SKF"
                },
                {
                    "id": "VKJP01001S",
                    "name": "CV BOOT KIT OUTER SKF"
                },
                {
                    "id": "VKJP1055",
                    "name": "CV BOOT KIT OUTER SKF"
                },
                {
                    "id": "VKJP3037",
                    "name": "CV BOOT KIT OUTER SKF"
                },
                {
                    "id": "VKJP3037R",
                    "name": "CV BOOT KIT OUTER SKF"
                },
                {
                    "id": "VKJP01021",
                    "name": "DRIVESHAFT KIT SKF"
                },
                {
                    "id": "VKJP8325",
                    "name": "CV BOOT KIT INNER SKF"
                },
                {
                    "id": "VKJC5506",
                    "name": "DRIVESHAFT KIT SKF"
                },
                {
                    "id": "VKJC5507",
                    "name": "DRIVESHAFT KIT SKF"
                },
                {
                    "id": "VKJC5525",
                    "name": "DRIVESHAFT KIT SKF"
                },
                {
                    "id": "VKJC5580",
                    "name": "DRIVESHAFT KIT SKF"
                },
                {
                    "id": "486208",
                    "name": "OIL SEAL DRIVE SHAFT L/R PQ"
                },
                {
                    "id": "607408",
                    "name": "OIL SEAL DRIVE SHAFT L/R PQ"
                },
                {
                    "id": "506508",
                    "name": "OIL SEAL DRIVE SHAFT RHS PQ"
                },
                {
                    "id": "300811/49",
                    "name": "DIFF CARRIER BRG L/R PQ"
                },
                {
                    "id": "503310/49",
                    "name": "DIFF CARRIER BRG L/R PQ"
                },
                {
                    "id": "VWDC487618",
                    "name": "DIFF CARRIER BRG RHS PQ"
                }
            ]
        },
        {
            "id": "9",
            "category": "FUEL SYSTEM",
            "category_parts": [
                {
                    "id": "",
                    "name": ""
                },
                {
                    "id": "E146",
                    "name": "FUEL FILTER GUD"
                },
                {
                    "id": "CFF100479",
                    "name": "FUEL FILTER CHAMPION"
                },
                {
                    "id": "F026403012",
                    "name": "FUEL FILTER BOSCH"
                },
                {
                    "id": "WF8325",
                    "name": "FUEL FILTER WIX"
                },
                {
                    "id": "04-062",
                    "name": "FUEL FILTER [E146]"
                }
            ]
        },
        {
            "id": "10",
            "category": "TIMING COMPONENTS",
            "category_parts": [
                {
                    "id": "",
                    "name": ""
                },
                {
                    "id": "VKMA01222",
                    "name": "T/BELT KIT [AUD148] SKF"
                },
                {
                    "id": "1987946014",
                    "name": "T/BELT KIT BOSCH"
                },
                {
                    "id": "VKMV6PK1572",
                    "name": "MULTI-GROOVE BELT SKF"
                },
                {
                    "id": "6PK1570",
                    "name": "MULTI-GROOVE BELT [ALT PS =AC] RAM"
                },
                {
                    "id": "VKM31006",
                    "name": "TENSIONER V-BELT PULLEY [OD:76 W:28] SKF"
                },
                {
                    "id": "VKM31001",
                    "name": "TENSIONER V-BELT PULLEY [OD:90 W:25] SKF"
                },
                {
                    "id": "VKM21220",
                    "name": "T/BELT GUIDE [29X27] SKF"
                },
                {
                    "id": "VKMC01222",
                    "name": "T/BELT PULLEY SKF"
                },
                {
                    "id": "VKM21223",
                    "name": "T/BELT TENSIONER SKF"
                },
                {
                    "id": "VKM11222",
                    "name": "T/BELT TENSIONER [D:67 W:30] SKF"
                }
            ]
        },
        {
            "id": "11",
            "category": "CYLINDER HEAD COMPONENTS",
            "category_parts": [
                {
                    "id": "",
                    "name": ""
                },
                {
                    "id": "CAM027",
                    "name": "CAMSHAFT SENSOR PQ 3 PIN"
                }
            ]
        },
        {
            "id": "12",
            "category": "ENGINE SUB ASSEMBLY",
            "category_parts": [
                {
                    "id": "",
                    "name": ""
                },
                {
                    "id": "223507",
                    "name": "OIL SEAL GEARBOX FRNT PQ"
                },
                {
                    "id": "243806",
                    "name": "OIL SEAL GEARBOX FRNT PQ"
                },
                {
                    "id": "284207",
                    "name": "OIL SEAL GEARBOX FRNT PQ"
                },
                {
                    "id": "486208",
                    "name": "OIL SEAL DRIVE SHAFT L/R PQ"
                },
                {
                    "id": "607408",
                    "name": "OIL SEAL DRIVE SHAFT L/R PQ"
                },
                {
                    "id": "506508",
                    "name": "OIL SEAL DRIVE SHAFT RHS PQ"
                },
                {
                    "id": "9549",
                    "name": "CRANKSHAFT SEAL FRNT PQ"
                },
                {
                    "id": "9229FS",
                    "name": "OIL SEAL REAR MAIN BRG PQ"
                },
                {
                    "id": "9232FS",
                    "name": "OIL SEAL REAR MAIN BRG PQ"
                },
                {
                    "id": "9548",
                    "name": "OIL SEAL T/COVER OR CAM PQ"
                }
            ]
        },
        {
            "id": "13",
            "category": "MOUNTINGS ",
            "category_parts": [
                {
                    "id": "",
                    "name": ""
                },
                {
                    "id": "SB-9143",
                    "name": "MOUNTING GEARBOX FRNT L/R TEKNOSA"
                },
                {
                    "id": "SB-9143T",
                    "name": "MOUNTING GEARBOX FRNT L/R TEKNOSA"
                },
                {
                    "id": "AU2820",
                    "name": "MOUNTING SHOCK FRNT L/R TEKNOSA"
                },
                {
                    "id": "AU2821",
                    "name": "MOUNTING SHOCK REAR L/R TEKNOSA"
                }
            ]
        },
        {
            "id": "14",
            "category": "STARTER COMPONENTS",
            "category_parts": [
                {
                    "id": "",
                    "name": ""
                },
                {
                    "id": "0001107427",
                    "name": "STARTER MOTOR BOSCH 12V 9T"
                }
            ]
        },
        {
            "id": "15",
            "category": "ALTERNATOR COMPONENTS",
            "category_parts": [
                {
                    "id": "",
                    "name": ""
                },
                {
                    "id": "0124525088",
                    "name": "ALTERNATOR BOSCH"
                },
                {
                    "id": "VKM03116",
                    "name": "ALT PULLEY [G:6 W:35.4 ID:17 OD:61] SKF"
                },
                {
                    "id": "6PK1570",
                    "name": "MULTI-GROOVE BELT [ALT PS =AC] RAM"
                },
                {
                    "id": "VKM31006",
                    "name": "TENSIONER V-BELT PULLEY [OD:76 W:28] SKF"
                },
                {
                    "id": "VKM31001",
                    "name": "TENSIONER V-BELT PULLEY [OD:90 W:25] SKF"
                }
            ]
        },
        {
            "id": "16",
            "category": "BODY PARTS FRONT AND REAR",
            "category_parts": [
                {
                    "id": "",
                    "name": ""
                },
                {
                    "id": "24761",
                    "name": "STOP LIGHT SWITCH FAE"
                },
                {
                    "id": "SL242",
                    "name": "STOP LIGHT SWITCH [BLK BODY]"
                }
            ]
        },
        {
            "id": "17",
            "category": "SWITCHES \u0026 ACCESSORIES",
            "category_parts": [
                {
                    "id": "",
                    "name": ""
                },
                {
                    "id": "F668AGM",
                    "name": "BATTERY EXIDE STOP/START L315MM"
                },
                {
                    "id": "W668AGM-00",
                    "name": "BATTERY WILLARD STOP/START L315MM"
                },
                {
                    "id": "V668-64AGM",
                    "name": "BATTERY VARTA START/STOP L315MM"
                },
                {
                    "id": "24761",
                    "name": "STOP LIGHT SWITCH FAE"
                },
                {
                    "id": "SL242",
                    "name": "STOP LIGHT SWITCH [BLK BODY]"
                }
            ]
        },
        {
            "id": "20",
            "category": "SEALS ",
            "category_parts": [
                {
                    "id": "",
                    "name": ""
                },
                {
                    "id": "486208",
                    "name": "OIL SEAL DRIVE SHAFT L/R PQ"
                },
                {
                    "id": "607408",
                    "name": "OIL SEAL DRIVE SHAFT L/R PQ"
                },
                {
                    "id": "506508",
                    "name": "OIL SEAL DRIVE SHAFT RHS PQ"
                },
                {
                    "id": "223507",
                    "name": "OIL SEAL GEARBOX FRNT PQ"
                },
                {
                    "id": "243806",
                    "name": "OIL SEAL GEARBOX FRNT PQ"
                },
                {
                    "id": "284207",
                    "name": "OIL SEAL GEARBOX FRNT PQ"
                },
                {
                    "id": "9549",
                    "name": "CRANKSHAFT SEAL FRNT PQ"
                },
                {
                    "id": "9229FS",
                    "name": "OIL SEAL REAR MAIN BRG PQ"
                },
                {
                    "id": "9232FS",
                    "name": "OIL SEAL REAR MAIN BRG PQ"
                },
                {
                    "id": "9548",
                    "name": "OIL SEAL T/COVER OR CAM PQ"
                }
            ]
        },
        {
            "id": "21",
            "category": "SENSORS \u0026 RELAYS",
            "category_parts": [
                {
                    "id": "",
                    "name": ""
                },
                {
                    "id": "CAM027",
                    "name": "CAMSHAFT SENSOR PQ 3 PIN"
                },
                {
                    "id": "0261210199",
                    "name": "CRANKSHAFT SENSOR BOSCH"
                }
            ]
        },
        {
            "id": "23",
            "category": "LUBRICANTS",
            "category_parts": [
                {
                    "id": "",
                    "name": ""
                },
                {
                    "id": "3423547",
                    "name": "ENGINE OIL CASTROL MAGNATEC 5W40 5L"
                },
                {
                    "id": "550053711",
                    "name": "ENGINE OIL SHELL HELIX HX8 5W40 5L"
                },
                {
                    "id": "550053715",
                    "name": "ENGINE OIL SHELL HELIX ULTRA 5W40 5L"
                }
            ]
        },
        {
            "id": "24",
            "category": "WHEEL BEARINGS",
            "category_parts": [
                {
                    "id": "",
                    "name": ""
                },
                {
                    "id": "VKBA3536",
                    "name": "WHEEL BRG KIT FRNT [+HUB] SKF"
                },
                {
                    "id": "ATC9017",
                    "name": "WHEEL BRG KIT FRNT [+HUB]"
                },
                {
                    "id": "HUB108",
                    "name": "WHEEL BRG FRNT INNER ID29 PQ"
                },
                {
                    "id": "PQ693",
                    "name": "WHEEL BRG KIT FRONT ID43 PQ"
                },
                {
                    "id": "PQ688",
                    "name": "WHEEL BRG KIT FRONT ID29 PQ"
                },
                {
                    "id": "FAG1043",
                    "name": "WHEEL BRG KIT FRNT [+HUB]"
                },
                {
                    "id": "FEB29837",
                    "name": "WHEEL BRG KIT FRNT [+HUB]"
                },
                {
                    "id": "WBHU220",
                    "name": "WHEEL BRG KIT FRNT [+HUB]"
                },
                {
                    "id": "VKBA3606",
                    "name": "WHEEL BRG KIT REAR [+ABS +HUB] SKF"
                },
                {
                    "id": "VKBA3605",
                    "name": "WHEEL BRG KIT REAR [+ABS -HUB] SKF"
                },
                {
                    "id": "PQ691",
                    "name": "WHEEL BRG KIT REAR ID30 PQ"
                },
                {
                    "id": "PQ786",
                    "name": "WHEEL BRG KIT REAR ID32 PQ"
                },
                {
                    "id": "HUB100",
                    "name": "WHEEL BRG REAR INNER ID30 PQ"
                },
                {
                    "id": "HUB133",
                    "name": "WHEEL BRG REAR INNER PQ"
                },
                {
                    "id": "FAG1070",
                    "name": "WHEEL BRG KIT REAR [+ABS +HUB]"
                },
                {
                    "id": "FAG1071",
                    "name": "WHEEL BRG KIT REAR [+ABS -HUB]"
                }
            ]
        },
        {
            "id": "26",
            "category": "STEERING",
            "category_parts": [
                {
                    "id": "",
                    "name": ""
                },
                {
                    "id": "11251AP",
                    "name": "STEERING RACK END L/R A-PLUS L128"
                },
                {
                    "id": "TR5492",
                    "name": "STEERING RACK END [130/147MM] PQ"
                },
                {
                    "id": "AU1414",
                    "name": "RACK END FRNT L/R L128 TEKNOSA"
                },
                {
                    "id": "VKDY321004",
                    "name": "STEERING RACK END L* SKF"
                },
                {
                    "id": "VKDY311026",
                    "name": "TIE ROD END L* SKF"
                },
                {
                    "id": "12731AP",
                    "name": "TIE ROD END ASSEMBLY L/R A-PLUS"
                },
                {
                    "id": "11485AP",
                    "name": "TIE ROD END OUTER L/R A-PLUS"
                },
                {
                    "id": "TR5491",
                    "name": "TIE ROD END OUTER L/R PQ"
                },
                {
                    "id": "AU1022",
                    "name": "TIE ROD END OUTER FRNT L/R TEKNOSA"
                },
                {
                    "id": "AU1317",
                    "name": "TIE ROD END SET OUTER FRNT L/R TEKNOSA"
                },
                {
                    "id": "PSP002",
                    "name": "POWER STEERING PUMP PQ"
                }
            ]
        },
        {
            "id": "27",
            "category": "BEARINGS",
            "category_parts": [
                {
                    "id": "",
                    "name": ""
                },
                {
                    "id": "300811/49",
                    "name": "DIFF CARRIER BRG L/R PQ"
                },
                {
                    "id": "503310/49",
                    "name": "DIFF CARRIER BRG L/R PQ"
                },
                {
                    "id": "VWDC487618",
                    "name": "DIFF CARRIER BRG RHS PQ"
                },
                {
                    "id": "VKBA3536",
                    "name": "WHEEL BRG KIT FRNT [+HUB] SKF"
                },
                {
                    "id": "ATC9017",
                    "name": "WHEEL BRG KIT FRNT [+HUB]"
                },
                {
                    "id": "HUB108",
                    "name": "WHEEL BRG FRNT INNER ID29 PQ"
                },
                {
                    "id": "PQ693",
                    "name": "WHEEL BRG KIT FRONT ID43 PQ"
                },
                {
                    "id": "PQ688",
                    "name": "WHEEL BRG KIT FRONT ID29 PQ"
                },
                {
                    "id": "FAG1043",
                    "name": "WHEEL BRG KIT FRNT [+HUB]"
                },
                {
                    "id": "FEB29837",
                    "name": "WHEEL BRG KIT FRNT [+HUB]"
                },
                {
                    "id": "WBHU220",
                    "name": "WHEEL BRG KIT FRNT [+HUB]"
                },
                {
                    "id": "VKBA3606",
                    "name": "WHEEL BRG KIT REAR [+ABS +HUB] SKF"
                },
                {
                    "id": "VKBA3605",
                    "name": "WHEEL BRG KIT REAR [+ABS -HUB] SKF"
                },
                {
                    "id": "PQ691",
                    "name": "WHEEL BRG KIT REAR ID30 PQ"
                },
                {
                    "id": "PQ786",
                    "name": "WHEEL BRG KIT REAR ID32 PQ"
                },
                {
                    "id": "HUB100",
                    "name": "WHEEL BRG REAR INNER ID30 PQ"
                },
                {
                    "id": "HUB133",
                    "name": "WHEEL BRG REAR INNER PQ"
                },
                {
                    "id": "FAG1070",
                    "name": "WHEEL BRG KIT REAR [+ABS +HUB]"
                },
                {
                    "id": "FAG1071",
                    "name": "WHEEL BRG KIT REAR [+ABS -HUB]"
                },
                {
                    "id": "VKDS321029B",
                    "name": "CONTROL ARM L* SKF"
                },
                {
                    "id": "VKDS321030B",
                    "name": "CONTROL ARM L* SKF"
                },
                {
                    "id": "VKDS421027",
                    "name": "CONTROL ARM L307 SKF"
                },
                {
                    "id": "VKDS421028",
                    "name": "CONTROL ARM L307 SKF"
                },
                {
                    "id": "VKDS321043B",
                    "name": "CONTROL ARM L385 SKF"
                },
                {
                    "id": "VKDS321044B",
                    "name": "CONTROL ARM L385 SKF"
                }
            ]
        },
        {
            "id": "28",
            "category": "AIR CONDITIONING",
            "category_parts": [
                {
                    "id": "",
                    "name": ""
                },
                {
                    "id": "DCP02038",
                    "name": "COMPRESSOR / AIR CONDITIONER DENSO"
                },
                {
                    "id": "4510757",
                    "name": "AIR CONDITIONING CONDENSER MAHLE L556 W383 D17"
                }
            ]
        },
        {
            "id": "28",
            "category": "AIR CONDITIONING",
            "category_parts": [
                {
                    "id": "",
                    "name": ""
                },
                {
                    "id": "DCP02038",
                    "name": "COMPRESSOR / AIR CONDITIONER DENSO"
                },
                {
                    "id": "4510757",
                    "name": "AIR CONDITIONING CONDENSER MAHLE L556 W383 D17"
                }
            ]
        }
    ]
}
