{
    "id": "359",
    "parts": [
        {
            "id": "1",
            "category": "SERVICE PARTS",
            "category_parts": [
                {
                    "id": "",
                    "name": ""
                },
                {
                    "id": "Z135",
                    "name": "OIL FILTER GUD OD93 H140 [3/4 - 16UNF]"
                },
                {
                    "id": "PH3569",
                    "name": "OIL FILTER FRAM"
                },
                {
                    "id": "0451103346",
                    "name": "OIL FILTER BOSCH"
                },
                {
                    "id": "FEB22540",
                    "name": "OIL FILTER FEBI"
                },
                {
                    "id": "WL7068",
                    "name": "OIL FILTER WIX"
                },
                {
                    "id": "WL8046",
                    "name": "OIL FILTER WIX"
                },
                {
                    "id": "07-057",
                    "name": "OIL FILTER [Z135]"
                },
                {
                    "id": "AG871",
                    "name": "AIR FILTER GUD PANEL L254 W212 H57"
                },
                {
                    "id": "AG1030",
                    "name": "AIR FILTER GUD PANEL L255 W212 H58"
                },
                {
                    "id": "CA5107",
                    "name": "AIR FILTER FRAM"
                },
                {
                    "id": "1457429870",
                    "name": "AIR FILTER BOSCH"
                },
                {
                    "id": "FEB11210",
                    "name": "AIR FILTER FEBI"
                },
                {
                    "id": "FEB30362",
                    "name": "AIR FILTER FEBI"
                },
                {
                    "id": "LA169",
                    "name": "AIR FITLER CGI"
                },
                {
                    "id": "WA9405",
                    "name": "AIR FILTER WIX"
                },
                {
                    "id": "02-246",
                    "name": "AIR FILTER [AG1030]"
                },
                {
                    "id": "02-183",
                    "name": "AIR FILTER [AG871]"
                },
                {
                    "id": "Y-732J",
                    "name": "GLOW PLUG NGK [11V]"
                },
                {
                    "id": "0250202022",
                    "name": "GLOW PLUG BOSCH"
                },
                {
                    "id": "WP6864",
                    "name": "CABIN AIR FILTER WIX"
                },
                {
                    "id": "WP6865",
                    "name": "CABIN AIR FILTER WIX"
                },
                {
                    "id": "WP6998",
                    "name": "CABIN AIR FILTER WIX"
                },
                {
                    "id": "WP6999",
                    "name": "CABIN AIR FILTER WIX"
                },
                {
                    "id": "ATE864",
                    "name": "DISC PAD FRNT ATE L156 H74 T20"
                },
                {
                    "id": "FDB1323",
                    "name": "DISC PAD FRNT FERODO L156 H71 T20"
                },
                {
                    "id": "FDB1496",
                    "name": "DISC PAD FRNT FERODO L156 H74 T20"
                },
                {
                    "id": "0986494390",
                    "name": "DISC PAD FRNT BOSCH L156 H74 T20"
                },
                {
                    "id": "0986424482",
                    "name": "DISC PAD FRNT BOSCH L74 H156 T20"
                },
                {
                    "id": "D3310",
                    "name": "DISC PAD FRNT SAFELINE L156 H74 T20"
                },
                {
                    "id": "D3914",
                    "name": "DISC PAD FRNT SAFELINE L156 H74 T20"
                },
                {
                    "id": "05P790",
                    "name": "DISC PAD FRNT LPR L156 H74 T20"
                },
                {
                    "id": "ADB11025",
                    "name": "DISC PAD FRNT NIPPON L156 H74 T20"
                },
                {
                    "id": "ATE561",
                    "name": "DISC PAD REAR ATE L87 H53 T15"
                },
                {
                    "id": "FDB541",
                    "name": "DISC PAD REAR FERODO L87 H53 T15"
                },
                {
                    "id": "FDB1770",
                    "name": "DISC PAD REAR FERODO L87 H53 T16"
                },
                {
                    "id": "FDB1788",
                    "name": "DISC PAD REAR FERODO L87 H53 T17"
                },
                {
                    "id": "0986466683",
                    "name": "DISC PAD REAR BOSCH L87 H53 T14"
                },
                {
                    "id": "0986461769",
                    "name": "DISC PAD REAR BOSCH L87 H53 T16"
                },
                {
                    "id": "D3177",
                    "name": "DISC PAD REAR SAFELINE L87 H53 T15"
                },
                {
                    "id": "D985",
                    "name": "DISC PAD REAR SAFELINE L87 H53 T15"
                },
                {
                    "id": "D3658",
                    "name": "DISC PAD REAR SAFELINE L87 H53 T16"
                },
                {
                    "id": "05P1788",
                    "name": "DISC PAD REAR LPR L87 H53 T16"
                },
                {
                    "id": "ADB01716",
                    "name": "DISC PAD REAR NIPPON L0 H0 T0"
                },
                {
                    "id": "550040242",
                    "name": "ENGINE OIL SHELL HELIX HX5 DIESEL 15W40 5L"
                }
            ]
        },
        {
            "id": "2",
            "category": "BRAKES",
            "category_parts": [
                {
                    "id": "",
                    "name": ""
                },
                {
                    "id": "ATE864",
                    "name": "DISC PAD FRNT ATE L156 H74 T20"
                },
                {
                    "id": "FDB1323",
                    "name": "DISC PAD FRNT FERODO L156 H71 T20"
                },
                {
                    "id": "FDB1496",
                    "name": "DISC PAD FRNT FERODO L156 H74 T20"
                },
                {
                    "id": "0986494390",
                    "name": "DISC PAD FRNT BOSCH L156 H74 T20"
                },
                {
                    "id": "0986424482",
                    "name": "DISC PAD FRNT BOSCH L74 H156 T20"
                },
                {
                    "id": "D3310",
                    "name": "DISC PAD FRNT SAFELINE L156 H74 T20"
                },
                {
                    "id": "D3914",
                    "name": "DISC PAD FRNT SAFELINE L156 H74 T20"
                },
                {
                    "id": "05P790",
                    "name": "DISC PAD FRNT LPR L156 H74 T20"
                },
                {
                    "id": "ADB11025",
                    "name": "DISC PAD FRNT NIPPON L156 H74 T20"
                },
                {
                    "id": "ATE561",
                    "name": "DISC PAD REAR ATE L87 H53 T15"
                },
                {
                    "id": "FDB541",
                    "name": "DISC PAD REAR FERODO L87 H53 T15"
                },
                {
                    "id": "FDB1770",
                    "name": "DISC PAD REAR FERODO L87 H53 T16"
                },
                {
                    "id": "FDB1788",
                    "name": "DISC PAD REAR FERODO L87 H53 T17"
                },
                {
                    "id": "0986466683",
                    "name": "DISC PAD REAR BOSCH L87 H53 T14"
                },
                {
                    "id": "0986461769",
                    "name": "DISC PAD REAR BOSCH L87 H53 T16"
                },
                {
                    "id": "D3177",
                    "name": "DISC PAD REAR SAFELINE L87 H53 T15"
                },
                {
                    "id": "D985",
                    "name": "DISC PAD REAR SAFELINE L87 H53 T15"
                },
                {
                    "id": "D3658",
                    "name": "DISC PAD REAR SAFELINE L87 H53 T16"
                },
                {
                    "id": "05P1788",
                    "name": "DISC PAD REAR LPR L87 H53 T16"
                },
                {
                    "id": "ADB01716",
                    "name": "DISC PAD REAR NIPPON L0 H0 T0"
                },
                {
                    "id": "DR6385",
                    "name": "BRAKE DISC FV ALFA D287 H46 S68 [5]"
                },
                {
                    "id": "DR6063",
                    "name": "BRAKE DISC FV ALFA D287 H46 S68 [9]"
                },
                {
                    "id": "DR6544",
                    "name": "BRAKE DISC FV ALFA D312 H46 S68 [5]"
                },
                {
                    "id": "DR7001",
                    "name": "BRAKE DISC FV ALFA D320 H46 S68 [5]"
                },
                {
                    "id": "125.0105",
                    "name": "BRAKE DISC FV ATE D288 H47 S68 ID135 [5]"
                },
                {
                    "id": "DDF1706",
                    "name": "BRAKE DISC FV FERODO D288 H46 S68 [5]"
                },
                {
                    "id": "DDF320",
                    "name": "BRAKE DISC FV FERODO D288 H46 S68 [5]"
                },
                {
                    "id": "DDF1706C",
                    "name": "BRAKE DISC FV FERODO D288 H46 S68 [9]"
                },
                {
                    "id": "DDF1156",
                    "name": "BRAKE DISC FV FERODO D312 H46 S68 [10]"
                },
                {
                    "id": "DDF1707",
                    "name": "BRAKE DISC FV FERODO D312 H46 S68 [5]"
                },
                {
                    "id": "DDF1707C",
                    "name": "BRAKE DISC FV FERODO D312 H46 S68 [6]"
                },
                {
                    "id": "DDF1705",
                    "name": "BRAKE DISC FV FERODO D320 H46 S68 [9]"
                },
                {
                    "id": "DDF1705C",
                    "name": "BRAKE DISC FV FERODO D320 H46 S68 [9]"
                },
                {
                    "id": "DDF1705C-1",
                    "name": "BRAKE DISC FV FERODO D320 H46 S68 [9]"
                },
                {
                    "id": "TBD7385-D",
                    "name": "BRAKE DISC FRNT L/R VENTED OPTIMA"
                },
                {
                    "id": "TBD7544-D",
                    "name": "BRAKE DISC FRNT L/R VENTED OPTIMA"
                },
                {
                    "id": "TBD7386-D",
                    "name": "BRAKE DISC REAR L/R SOLID OPTIMA"
                },
                {
                    "id": "DR6386",
                    "name": "BRAKE DISC RS ALFA D244 H64 S68 [5]"
                },
                {
                    "id": "110.0201",
                    "name": "BRAKE DISC RS ATE D245 H64 S68 ID136 [5]"
                },
                {
                    "id": "DDF321",
                    "name": "BRAKE DISC RS FERODO D245 H64 S68 [5]"
                },
                {
                    "id": "DDF321C",
                    "name": "BRAKE DISC RS FERODO D245 H64 S68 [5]"
                },
                {
                    "id": "0986480890",
                    "name": "BRAKE M/CYL BOSCH"
                },
                {
                    "id": "0986480935",
                    "name": "BRAKE M/CYL BOSCH"
                },
                {
                    "id": "0986480966",
                    "name": "BRAKE M/CYL BOSCH"
                },
                {
                    "id": "0986480974",
                    "name": "BRAKE M/CYL BOSCH"
                },
                {
                    "id": "0986480989",
                    "name": "BRAKE M/CYL BOSCH"
                }
            ]
        },
        {
            "id": "3",
            "category": "SUSPENSION COMPONENTS [FRONT]",
            "category_parts": [
                {
                    "id": "",
                    "name": ""
                },
                {
                    "id": "E2024",
                    "name": "SHOCK FRNT MONROE"
                },
                {
                    "id": "VKDA35118",
                    "name": "TOP MOUNT FRNT SHOCK [SINGLE] FRNT SKF"
                },
                {
                    "id": "VKDA35118T",
                    "name": "TOP MOUNT FRNT SHOCK [TWIN PACK] FRNT SKF"
                },
                {
                    "id": "MK190",
                    "name": "STRUT MOUNTING FRNT MONROE"
                },
                {
                    "id": "AU2824",
                    "name": "MOUNTING SHOCK REAR L/R TEKNOSA"
                },
                {
                    "id": "AU2819",
                    "name": "MOUNTING STRUT FRNT L/R TEKNOSA"
                },
                {
                    "id": "ST-5194",
                    "name": "MOUNTING STRUT REAR L/R TEKNOSA"
                },
                {
                    "id": "VKDP33111T",
                    "name": "DUST COVER KIT FRNT SKF"
                },
                {
                    "id": "VKDP33141T",
                    "name": "DUST COVER KIT FRNT SKF"
                },
                {
                    "id": "VKDP43136T",
                    "name": "DUST COVER KIT REAR SKF"
                },
                {
                    "id": "VKDP43138T",
                    "name": "DUST COVER KIT REAR SKF"
                },
                {
                    "id": "PK088",
                    "name": "SHOCK PROTECTION KIT MONROE"
                },
                {
                    "id": "PK101",
                    "name": "SHOCK PROTECTION KITS"
                },
                {
                    "id": "VKDS461002",
                    "name": "REPAIR KIT AXLE BEAM L250 H120 ID15.5 OD* SKF"
                },
                {
                    "id": "VKDS361000",
                    "name": "REPAIR KIT SUSPENSION STRUT SKF"
                },
                {
                    "id": "11782AP",
                    "name": "CONTROL ARM UPPER LHS A-PLUS"
                },
                {
                    "id": "15159AP",
                    "name": "CONTROL ARM UPPER LHS A-PLUS"
                },
                {
                    "id": "11781AP",
                    "name": "CONTROL ARM UPPER RHS A-PLUS"
                },
                {
                    "id": "15158AP",
                    "name": "CONTROL ARM UPPER RHS A-PLUS"
                },
                {
                    "id": "AU2029",
                    "name": "CONTROL ARM LOWER FRNT L/R TEKNOSA"
                },
                {
                    "id": "AU2030",
                    "name": "CONTROL ARM LOWER FRNT LHS TEKNOSA"
                },
                {
                    "id": "AU2031",
                    "name": "CONTROL ARM LOWER FRNT RHS TEKNOSA"
                },
                {
                    "id": "AU1711",
                    "name": "CONTROL ARM UPPER FRNT LHS TEKNOSA"
                },
                {
                    "id": "AU1713",
                    "name": "CONTROL ARM UPPER FRNT LHS TEKNOSA"
                },
                {
                    "id": "AU1712",
                    "name": "CONTROL ARM UPPER FRNT RHS TEKNOSA"
                },
                {
                    "id": "AU1714",
                    "name": "CONTROL ARM UPPER FRNT RHS TEKNOSA"
                },
                {
                    "id": "11158AP",
                    "name": "CONTROL ARM LOWER L/R A-PLUS [-01]"
                },
                {
                    "id": "11159AP",
                    "name": "CONTROL ARM LOWER LHS A-PLUS"
                },
                {
                    "id": "20488AP",
                    "name": "CONTROL ARM LOWER LHS A-PLUS [17MM]"
                },
                {
                    "id": "11160AP",
                    "name": "CONTROL ARM LOWER RHS A-PLUS"
                },
                {
                    "id": "20489AP",
                    "name": "CONTROL ARM LOWER RHS A-PLUS [17MM]"
                },
                {
                    "id": "VKDS341011",
                    "name": "STABILIZER LINK L* H* ID* OD* SKF"
                },
                {
                    "id": "VKDS341012",
                    "name": "STABILIZER LINK L* H* ID* OD* SKF"
                },
                {
                    "id": "VKDS321029B",
                    "name": "CONTROL ARM L* SKF"
                },
                {
                    "id": "VKDS321030B",
                    "name": "CONTROL ARM L* SKF"
                },
                {
                    "id": "VKDS321032B",
                    "name": "CONTROL ARM L248.5 SKF"
                },
                {
                    "id": "VKDS321028B",
                    "name": "CONTROL ARM L268.5 SKF"
                },
                {
                    "id": "VKDS321034B",
                    "name": "CONTROL ARM L385 SKF"
                },
                {
                    "id": "VKDS321035B",
                    "name": "CONTROL ARM L385 SKF"
                },
                {
                    "id": "VKDS471008",
                    "name": "AXLE BEAM BUSH KIT L228 H92 ID15.5 OD* SKF"
                },
                {
                    "id": "VKDS471009",
                    "name": "AXLE BEAM BUSH KIT L228 H92 ID15.5 OD* SKF"
                },
                {
                    "id": "VKDS331012",
                    "name": "C/ARM BUSH L* H50 ID12.2 OD40.2 SKF"
                },
                {
                    "id": "VKDS331013",
                    "name": "C/ARM BUSH L* H60 ID12.2 OD24 SKF"
                },
                {
                    "id": "VKDS331014",
                    "name": "C/ARM BUSH L* H80 ID12.2 OD64.9 SKF"
                },
                {
                    "id": "AU2119",
                    "name": "BUSH CONT ARM LOW FRNT L/R TEKNOSA"
                },
                {
                    "id": "AU2120",
                    "name": "BUSH CONT ARM LOW FRNT L/R TEKNOSA"
                },
                {
                    "id": "AU2121",
                    "name": "BUSH CONT ARM LOW FRNT L/R TEKNOSA"
                },
                {
                    "id": "AU1810",
                    "name": "BUSH CONT ARM UP FRNT L/R TEKNOSA"
                },
                {
                    "id": "VKDS351008",
                    "name": "STAB BAR BUSH L* H* ID* OD* SKF"
                }
            ]
        },
        {
            "id": "4",
            "category": "SUSPENSION COMPONENTS [REAR]",
            "category_parts": [
                {
                    "id": "",
                    "name": ""
                },
                {
                    "id": "VKDP33111T",
                    "name": "DUST COVER KIT FRNT SKF"
                },
                {
                    "id": "VKDP33141T",
                    "name": "DUST COVER KIT FRNT SKF"
                },
                {
                    "id": "VKDP43136T",
                    "name": "DUST COVER KIT REAR SKF"
                },
                {
                    "id": "VKDP43138T",
                    "name": "DUST COVER KIT REAR SKF"
                },
                {
                    "id": "E5079",
                    "name": "SHOCK REAR MONROE"
                },
                {
                    "id": "VKDA40110",
                    "name": "TOP MOUNT REAR SHOCK [SINGLE] SKF"
                },
                {
                    "id": "VKDA40110T",
                    "name": "TOP MOUNT REAR SHOCK [TWIN PACK] SKF"
                },
                {
                    "id": "MK187",
                    "name": "STRUT MOUNTING REAR MONROE"
                },
                {
                    "id": "PK088",
                    "name": "SHOCK PROTECTION KIT MONROE"
                },
                {
                    "id": "PK101",
                    "name": "SHOCK PROTECTION KITS"
                },
                {
                    "id": "VKDS461002",
                    "name": "REPAIR KIT AXLE BEAM L250 H120 ID15.5 OD* SKF"
                },
                {
                    "id": "VKDS361000",
                    "name": "REPAIR KIT SUSPENSION STRUT SKF"
                },
                {
                    "id": "VKDS331012",
                    "name": "C/ARM BUSH L* H50 ID12.2 OD40.2 SKF"
                },
                {
                    "id": "VKDS331013",
                    "name": "C/ARM BUSH L* H60 ID12.2 OD24 SKF"
                },
                {
                    "id": "VKDS331014",
                    "name": "C/ARM BUSH L* H80 ID12.2 OD64.9 SKF"
                },
                {
                    "id": "14324AP",
                    "name": "C/ARM BUSH LOWER L/R A-PLUS"
                },
                {
                    "id": "14323AP",
                    "name": "C/ARM BUSH LOWER L/R A-PLUS [ID:12|OD:40"
                },
                {
                    "id": "14261AP",
                    "name": "C/ARM BUSH LOWER L/R A-PLUS [ID:16|OD:65"
                },
                {
                    "id": "14262AP",
                    "name": "C/ARM BUSH UPPER L/R A-PLUS"
                },
                {
                    "id": "AU2119",
                    "name": "BUSH CONT ARM LOW FRNT L/R TEKNOSA"
                },
                {
                    "id": "AU2120",
                    "name": "BUSH CONT ARM LOW FRNT L/R TEKNOSA"
                },
                {
                    "id": "AU2121",
                    "name": "BUSH CONT ARM LOW FRNT L/R TEKNOSA"
                },
                {
                    "id": "AU1810",
                    "name": "BUSH CONT ARM UP FRNT L/R TEKNOSA"
                },
                {
                    "id": "VKDS351008",
                    "name": "STAB BAR BUSH L* H* ID* OD* SKF"
                },
                {
                    "id": "VKDS341011",
                    "name": "STABILIZER LINK L* H* ID* OD* SKF"
                },
                {
                    "id": "VKDS341012",
                    "name": "STABILIZER LINK L* H* ID* OD* SKF"
                },
                {
                    "id": "12979AP",
                    "name": "STABILIZER LINK LHS A-PLUS L90"
                },
                {
                    "id": "15192AP",
                    "name": "STABILIZER LINK RHS A-PLUS L90"
                },
                {
                    "id": "AU1523",
                    "name": "STABILIZER LINK FRNT L/R L86 TEKNOSA"
                },
                {
                    "id": "AU1521",
                    "name": "STABILIZER LINK FRNT LHS L90 TEKNOSA"
                },
                {
                    "id": "AU1522",
                    "name": "STABILIZER LINK FRNT RHS L90 TEKNOSA"
                },
                {
                    "id": "VKDS321029B",
                    "name": "CONTROL ARM L* SKF"
                },
                {
                    "id": "VKDS321030B",
                    "name": "CONTROL ARM L* SKF"
                },
                {
                    "id": "VKDS321032B",
                    "name": "CONTROL ARM L248.5 SKF"
                },
                {
                    "id": "VKDS321028B",
                    "name": "CONTROL ARM L268.5 SKF"
                },
                {
                    "id": "VKDS321034B",
                    "name": "CONTROL ARM L385 SKF"
                },
                {
                    "id": "VKDS321035B",
                    "name": "CONTROL ARM L385 SKF"
                }
            ]
        },
        {
            "id": "5",
            "category": "COOLING SYSTEM",
            "category_parts": [
                {
                    "id": "",
                    "name": ""
                },
                {
                    "id": "VKPC81615",
                    "name": "WATER PUMP SKF"
                },
                {
                    "id": "VKM31059",
                    "name": "TENSIONER V-BELT PULLEY [OD:60 W:16] SKF"
                },
                {
                    "id": "VKM31034",
                    "name": "TENSIONER V-BELT PULLEY [OD:77 W:20] SKF"
                },
                {
                    "id": "437100-5730",
                    "name": "COMPRESSOR / AIR CONDITIONER DENSO"
                }
            ]
        },
        {
            "id": "6",
            "category": "CLUTCH COMPONENTS",
            "category_parts": [
                {
                    "id": "",
                    "name": ""
                },
                {
                    "id": "0986486054",
                    "name": "CLUTCH M/CYL BOSCH"
                },
                {
                    "id": "0986486083",
                    "name": "CLUTCH M/CYL BOSCH"
                },
                {
                    "id": "0986486548",
                    "name": "CLUTCH S/CYL BOSCH"
                },
                {
                    "id": "0986486551",
                    "name": "CLUTCH S/CYL BOSCH"
                }
            ]
        },
        {
            "id": "8",
            "category": "DRIVESHAFT COMPONENTS",
            "category_parts": [
                {
                    "id": "",
                    "name": ""
                },
                {
                    "id": "VW6411",
                    "name": "CV JOINT INNER FRNT L/R 34X59.5X130 TEKNOSA"
                },
                {
                    "id": "AD5710F2A",
                    "name": "CV JOINT OUTER FRNT L/R 38X27X59.5XIX45W TEKNOSA"
                },
                {
                    "id": "AD5710F2A-X",
                    "name": "CV JOINT OUTER FRNT L/R 38X27X59.5XIX45W X-LINE"
                },
                {
                    "id": "VKJP01001",
                    "name": "CV BOOT KIT OUTER SKF"
                },
                {
                    "id": "VKJP01001S",
                    "name": "CV BOOT KIT OUTER SKF"
                },
                {
                    "id": "VKJP3005",
                    "name": "CV BOOT KIT OUTER SKF"
                },
                {
                    "id": "VKJC4879",
                    "name": "DRIVESHAFT KIT SKF"
                },
                {
                    "id": "VKJC4899",
                    "name": "DRIVESHAFT KIT SKF"
                }
            ]
        },
        {
            "id": "10",
            "category": "TIMING COMPONENTS",
            "category_parts": [
                {
                    "id": "",
                    "name": ""
                },
                {
                    "id": "VKMA01014",
                    "name": "T/BELT KIT [T:137 W:25] SKF"
                },
                {
                    "id": "1987946022",
                    "name": "T/BELT KIT BOSCH"
                },
                {
                    "id": "1987947896",
                    "name": "T/BELT KIT BOSCH"
                },
                {
                    "id": "VKMC31051-1",
                    "name": "ALRERNATOR AND AIRCON BELT SKF"
                },
                {
                    "id": "VKMV5PK1592",
                    "name": "MULTI-GROOVE BELT SKF"
                },
                {
                    "id": "VKMV4PK855",
                    "name": "MULTI-GROOVE BELT [ALT] SKF"
                },
                {
                    "id": "VKMA31051",
                    "name": "V-BELT KIT [4PK855][5PK1592] SKF"
                },
                {
                    "id": "VKMT01012",
                    "name": "T/BELT [T:137 W:25] SKF"
                },
                {
                    "id": "VKM31059",
                    "name": "TENSIONER V-BELT PULLEY [OD:60 W:16] SKF"
                },
                {
                    "id": "VKM31034",
                    "name": "TENSIONER V-BELT PULLEY [OD:77 W:20] SKF"
                },
                {
                    "id": "VKM93105",
                    "name": "CRANKSHAFT PULLEY [G:9 OD:138] SKF"
                },
                {
                    "id": "VKM21012",
                    "name": "T/BELT IDLER [29X29] SKF"
                },
                {
                    "id": "VKM11014",
                    "name": "T/BELT TENSIONER [D:67 W:26] SKF"
                },
                {
                    "id": "GT60150",
                    "name": "TENSIONER GMB"
                },
                {
                    "id": "GT60330",
                    "name": "IDLER GMB"
                },
                {
                    "id": "GTB0270",
                    "name": "TIMING BELT TENSIONER GMB"
                }
            ]
        },
        {
            "id": "11",
            "category": "CYLINDER HEAD COMPONENTS",
            "category_parts": [
                {
                    "id": "",
                    "name": ""
                },
                {
                    "id": "DX800",
                    "name": "HEAD SET GASKETS PAYEN"
                },
                {
                    "id": "DX801",
                    "name": "HEAD SET GASKETS PAYEN"
                },
                {
                    "id": "BX800",
                    "name": "CYLINDER HEAD GASKET PAYEN"
                },
                {
                    "id": "BX810",
                    "name": "CYLINDER HEAD GASKET PAYEN"
                },
                {
                    "id": "BX820",
                    "name": "CYLINDER HEAD GASKET PAYEN"
                },
                {
                    "id": "JP003",
                    "name": "VALVE COVER GASKET PAYEN"
                },
                {
                    "id": "JD170",
                    "name": "INTAKE MANIFOLD GASKET"
                },
                {
                    "id": "JC152",
                    "name": "EXHAUST MANIFOLD GASKET"
                },
                {
                    "id": "HR816",
                    "name": "VALVE STEM SEAL SET"
                },
                {
                    "id": "HR569",
                    "name": "VALVE STEM SEAL SET"
                },
                {
                    "id": "NB446",
                    "name": "CAMSHAFT OIL SEAL PAYEN"
                },
                {
                    "id": "NA5001",
                    "name": "CAMSHAFT OIL SEAL [324710]"
                },
                {
                    "id": "NA5124",
                    "name": "CAMSHAFT OIL SEAL [324710]"
                },
                {
                    "id": "NA5163",
                    "name": "CAMSHAFT OIL SEAL [324710]"
                },
                {
                    "id": "NB446V",
                    "name": "CAMSHAFT SEAL VITON [324710]"
                }
            ]
        },
        {
            "id": "12",
            "category": "ENGINE SUB ASSEMBLY",
            "category_parts": [
                {
                    "id": "",
                    "name": ""
                },
                {
                    "id": "NB446",
                    "name": "CAMSHAFT OIL SEAL PAYEN"
                },
                {
                    "id": "NA5001",
                    "name": "CAMSHAFT OIL SEAL [324710]"
                },
                {
                    "id": "NA5124",
                    "name": "CAMSHAFT OIL SEAL [324710]"
                },
                {
                    "id": "NA5163",
                    "name": "CAMSHAFT OIL SEAL [324710]"
                },
                {
                    "id": "NB446V",
                    "name": "CAMSHAFT SEAL VITON [324710]"
                },
                {
                    "id": "324710",
                    "name": "OIL SEAL T/COVER OR CAM PQ"
                }
            ]
        },
        {
            "id": "13",
            "category": "MOUNTINGS ",
            "category_parts": [
                {
                    "id": "",
                    "name": ""
                },
                {
                    "id": "SB-9830",
                    "name": "MOUNTING ENGINE FRNT RHS TEKNOSA"
                },
                {
                    "id": "SB-8176",
                    "name": "MOUNTING GEARBOX FRNT LHS TEKNOSA"
                },
                {
                    "id": "MK190",
                    "name": "STRUT MOUNTING FRNT MONROE"
                },
                {
                    "id": "AU2824",
                    "name": "MOUNTING SHOCK REAR L/R TEKNOSA"
                },
                {
                    "id": "AU2819",
                    "name": "MOUNTING STRUT FRNT L/R TEKNOSA"
                },
                {
                    "id": "ST-5194",
                    "name": "MOUNTING STRUT REAR L/R TEKNOSA"
                },
                {
                    "id": "MK187",
                    "name": "STRUT MOUNTING REAR MONROE"
                }
            ]
        },
        {
            "id": "15",
            "category": "ALTERNATOR COMPONENTS",
            "category_parts": [
                {
                    "id": "",
                    "name": ""
                },
                {
                    "id": "0123515008",
                    "name": "ALTERNATOR BOSCH"
                },
                {
                    "id": "0124515026",
                    "name": "ALTERNATOR BOSCH"
                },
                {
                    "id": "VKM03102",
                    "name": "ALT PULLEY [G:5 W:35 ID:17 OD:61] SKF"
                },
                {
                    "id": "VKM03107",
                    "name": "ALT PULLEY [G:5 W:35 ID:17 OD:61] SKF"
                },
                {
                    "id": "VKM31059",
                    "name": "TENSIONER V-BELT PULLEY [OD:60 W:16] SKF"
                },
                {
                    "id": "VKM31034",
                    "name": "TENSIONER V-BELT PULLEY [OD:77 W:20] SKF"
                }
            ]
        },
        {
            "id": "17",
            "category": "SWITCHES \u0026 ACCESSORIES",
            "category_parts": [
                {
                    "id": "",
                    "name": ""
                },
                {
                    "id": "F652",
                    "name": "BATTERY EXIDE/MIDAS"
                },
                {
                    "id": "W652",
                    "name": "BATTERY WILLARD"
                }
            ]
        },
        {
            "id": "18",
            "category": "GASKETS ",
            "category_parts": [
                {
                    "id": "",
                    "name": ""
                },
                {
                    "id": "JD170",
                    "name": "INTAKE MANIFOLD GASKET"
                },
                {
                    "id": "JC152",
                    "name": "EXHAUST MANIFOLD GASKET"
                },
                {
                    "id": "DX800",
                    "name": "HEAD SET GASKETS PAYEN"
                },
                {
                    "id": "DX801",
                    "name": "HEAD SET GASKETS PAYEN"
                },
                {
                    "id": "BX800",
                    "name": "CYLINDER HEAD GASKET PAYEN"
                },
                {
                    "id": "BX810",
                    "name": "CYLINDER HEAD GASKET PAYEN"
                },
                {
                    "id": "BX820",
                    "name": "CYLINDER HEAD GASKET PAYEN"
                },
                {
                    "id": "JP003",
                    "name": "VALVE COVER GASKET PAYEN"
                }
            ]
        },
        {
            "id": "20",
            "category": "SEALS ",
            "category_parts": [
                {
                    "id": "",
                    "name": ""
                },
                {
                    "id": "NB446",
                    "name": "CAMSHAFT OIL SEAL PAYEN"
                },
                {
                    "id": "NA5001",
                    "name": "CAMSHAFT OIL SEAL [324710]"
                },
                {
                    "id": "NA5124",
                    "name": "CAMSHAFT OIL SEAL [324710]"
                },
                {
                    "id": "NA5163",
                    "name": "CAMSHAFT OIL SEAL [324710]"
                },
                {
                    "id": "NB446V",
                    "name": "CAMSHAFT SEAL VITON [324710]"
                },
                {
                    "id": "HR816",
                    "name": "VALVE STEM SEAL SET"
                },
                {
                    "id": "HR569",
                    "name": "VALVE STEM SEAL SET"
                },
                {
                    "id": "324710",
                    "name": "OIL SEAL T/COVER OR CAM PQ"
                }
            ]
        },
        {
            "id": "23",
            "category": "LUBRICANTS",
            "category_parts": [
                {
                    "id": "",
                    "name": ""
                },
                {
                    "id": "550040242",
                    "name": "ENGINE OIL SHELL HELIX HX5 DIESEL 15W40 5L"
                }
            ]
        },
        {
            "id": "24",
            "category": "WHEEL BEARINGS",
            "category_parts": [
                {
                    "id": "",
                    "name": ""
                },
                {
                    "id": "VKBA1356",
                    "name": "WHEEL BRG KIT FRNT [43X82X37] SKF"
                },
                {
                    "id": "ATC9031",
                    "name": "WHEEL BRG KIT FRNT [43X82X37]"
                },
                {
                    "id": "FAG1003",
                    "name": "WHEEL BRG KIT FRNT [43X82X37]"
                },
                {
                    "id": "FAG9004",
                    "name": "WHEEL BRG KIT FRNT [45X82X37]"
                },
                {
                    "id": "VKBA3489",
                    "name": "WHEEL BRG KIT REAR SKF"
                },
                {
                    "id": "FAG9014",
                    "name": "WHEEL BRG KIT REAR"
                }
            ]
        },
        {
            "id": "26",
            "category": "STEERING",
            "category_parts": [
                {
                    "id": "",
                    "name": ""
                },
                {
                    "id": "11251AP",
                    "name": "STEERING RACK END L/R A-PLUS L128"
                },
                {
                    "id": "AU1414",
                    "name": "RACK END FRNT L/R L128 TEKNOSA"
                },
                {
                    "id": "VKDY321501",
                    "name": "STEERING RACK END L144.6 SKF"
                },
                {
                    "id": "12731AP",
                    "name": "TIE ROD END ASSEMBLY L/R A-PLUS"
                },
                {
                    "id": "11485AP",
                    "name": "TIE ROD END OUTER L/R A-PLUS"
                },
                {
                    "id": "AU1022",
                    "name": "TIE ROD END OUTER FRNT L/R TEKNOSA"
                },
                {
                    "id": "AU1317",
                    "name": "TIE ROD END SET OUTER FRNT L/R TEKNOSA"
                }
            ]
        },
        {
            "id": "27",
            "category": "BEARINGS",
            "category_parts": [
                {
                    "id": "",
                    "name": ""
                },
                {
                    "id": "VKBA1356",
                    "name": "WHEEL BRG KIT FRNT [43X82X37] SKF"
                },
                {
                    "id": "ATC9031",
                    "name": "WHEEL BRG KIT FRNT [43X82X37]"
                },
                {
                    "id": "FAG1003",
                    "name": "WHEEL BRG KIT FRNT [43X82X37]"
                },
                {
                    "id": "FAG9004",
                    "name": "WHEEL BRG KIT FRNT [45X82X37]"
                },
                {
                    "id": "VKBA3489",
                    "name": "WHEEL BRG KIT REAR SKF"
                },
                {
                    "id": "FAG9014",
                    "name": "WHEEL BRG KIT REAR"
                },
                {
                    "id": "VKDS461002",
                    "name": "REPAIR KIT AXLE BEAM L250 H120 ID15.5 OD* SKF"
                },
                {
                    "id": "VKDS361000",
                    "name": "REPAIR KIT SUSPENSION STRUT SKF"
                },
                {
                    "id": "VKDS321029B",
                    "name": "CONTROL ARM L* SKF"
                },
                {
                    "id": "VKDS321030B",
                    "name": "CONTROL ARM L* SKF"
                },
                {
                    "id": "VKDS321032B",
                    "name": "CONTROL ARM L248.5 SKF"
                },
                {
                    "id": "VKDS321028B",
                    "name": "CONTROL ARM L268.5 SKF"
                },
                {
                    "id": "VKDS321034B",
                    "name": "CONTROL ARM L385 SKF"
                },
                {
                    "id": "VKDS321035B",
                    "name": "CONTROL ARM L385 SKF"
                }
            ]
        },
        {
            "id": "28",
            "category": "AIR CONDITIONING",
            "category_parts": [
                {
                    "id": "",
                    "name": ""
                },
                {
                    "id": "437100-5730",
                    "name": "COMPRESSOR / AIR CONDITIONER DENSO"
                }
            ]
        },
        {
            "id": "28",
            "category": "AIR CONDITIONING",
            "category_parts": [
                {
                    "id": "",
                    "name": ""
                },
                {
                    "id": "437100-5730",
                    "name": "COMPRESSOR / AIR CONDITIONER DENSO"
                }
            ]
        }
    ]
}
