{
    "id": "380",
    "parts": [
        {
            "id": "1",
            "category": "SERVICE PARTS",
            "category_parts": [
                {
                    "id": "",
                    "name": ""
                },
                {
                    "id": "0451103033",
                    "name": "OIL FILTER BOSCH"
                },
                {
                    "id": "22542",
                    "name": "OIL FILTER H120MM OD76MM FEBI"
                },
                {
                    "id": "ADV182149",
                    "name": "OIL FILTER H120MM OD76MM BLUPRINT"
                },
                {
                    "id": "1457429061",
                    "name": "AIR FILTER BOSCH"
                },
                {
                    "id": "0450905145",
                    "name": "FUEL FILTER BOSCH"
                },
                {
                    "id": "0242232504",
                    "name": "SPARK PLUG BOSCH"
                },
                {
                    "id": "0242235541",
                    "name": "SPARK PLUG BOSCH"
                },
                {
                    "id": "0242235663",
                    "name": "SPARK PLUG BOSCH"
                },
                {
                    "id": "0242240592",
                    "name": "SPARK PLUG BOSCH"
                },
                {
                    "id": "0242235627",
                    "name": "SPARK PLUG BOSCH PLAT/IRIDIUM"
                },
                {
                    "id": "0242235705",
                    "name": "SPARK PLUG BOSCH PLAT/IRIDIUM"
                },
                {
                    "id": "0242236513",
                    "name": "SPARK PLUG BOSCH PLAT/IRIDIUM"
                },
                {
                    "id": "0242240652",
                    "name": "SPARK PLUG BOSCH PLAT/IRIDIUM"
                },
                {
                    "id": "1987432024",
                    "name": "CABIN AIR FILTER BOSCH"
                },
                {
                    "id": "ATE467",
                    "name": "DISC PAD FRNT ATE L119 H70 T19"
                },
                {
                    "id": "FDB775",
                    "name": "DISC PAD FRNT FERODO L119 H70 T19"
                },
                {
                    "id": "FDB954",
                    "name": "DISC PAD FRNT FERODO L119 H70 T20"
                },
                {
                    "id": "FDB563",
                    "name": "DISC PAD FRNT FERODO L145 H71 T19"
                },
                {
                    "id": "0986466693",
                    "name": "DISC PAD FRNT BOSCH L119 H70 T19"
                },
                {
                    "id": "0986466700",
                    "name": "DISC PAD FRNT BOSCH L119 H70 T20"
                },
                {
                    "id": "D3178",
                    "name": "DISC PAD FRNT SAFELINE L119 H70 T16"
                },
                {
                    "id": "D3761",
                    "name": "DISC PAD FRNT SAFELINE L119 H70 T18"
                },
                {
                    "id": "D953",
                    "name": "DISC PAD FRNT SAFELINE L119 H70 T19"
                },
                {
                    "id": "05P221",
                    "name": "DISC PAD FRNT LPR L119 H70 T19"
                },
                {
                    "id": "05P326",
                    "name": "DISC PAD FRNT LPR L145 H67 T20"
                },
                {
                    "id": "ADB1103",
                    "name": "DISC PAD FRNT NIPPON L0 H0 T0"
                },
                {
                    "id": "ADB0511",
                    "name": "DISC PAD FRNT NIPPON L119 H69 T19"
                },
                {
                    "id": "ATE521",
                    "name": "DISC PAD REAR ATE L87 H67 T17"
                },
                {
                    "id": "FDB222",
                    "name": "DISC PAD REAR FERODO L88 H68 T17"
                },
                {
                    "id": "0986494059",
                    "name": "DISC PAD REAR BOSCH L87 H67 T16"
                },
                {
                    "id": "D965",
                    "name": "DISC PAD REAR SAFELINE L87 H66 T17"
                },
                {
                    "id": "D3320",
                    "name": "DISC PAD REAR SAFELINE L87 H67 T17 [USE D965]"
                },
                {
                    "id": "05P215",
                    "name": "DISC PAD REAR LPR L87 H67 T17"
                },
                {
                    "id": "05P440",
                    "name": "DISC PAD REAR LPR L87 H67 T17"
                },
                {
                    "id": "ADB0558",
                    "name": "DISC PAD REAR NIPPON L87 H67 T17"
                },
                {
                    "id": "3359766",
                    "name": "ENGINE OIL CASTROL GTX 20W50 5L"
                },
                {
                    "id": "550039899",
                    "name": "ENGINE OIL SHELL HELIX HX3 20W50 5L"
                }
            ]
        },
        {
            "id": "2",
            "category": "BRAKES",
            "category_parts": [
                {
                    "id": "",
                    "name": ""
                },
                {
                    "id": "ATE467",
                    "name": "DISC PAD FRNT ATE L119 H70 T19"
                },
                {
                    "id": "FDB775",
                    "name": "DISC PAD FRNT FERODO L119 H70 T19"
                },
                {
                    "id": "FDB954",
                    "name": "DISC PAD FRNT FERODO L119 H70 T20"
                },
                {
                    "id": "FDB563",
                    "name": "DISC PAD FRNT FERODO L145 H71 T19"
                },
                {
                    "id": "0986466693",
                    "name": "DISC PAD FRNT BOSCH L119 H70 T19"
                },
                {
                    "id": "0986466700",
                    "name": "DISC PAD FRNT BOSCH L119 H70 T20"
                },
                {
                    "id": "D3178",
                    "name": "DISC PAD FRNT SAFELINE L119 H70 T16"
                },
                {
                    "id": "D3761",
                    "name": "DISC PAD FRNT SAFELINE L119 H70 T18"
                },
                {
                    "id": "D953",
                    "name": "DISC PAD FRNT SAFELINE L119 H70 T19"
                },
                {
                    "id": "05P221",
                    "name": "DISC PAD FRNT LPR L119 H70 T19"
                },
                {
                    "id": "05P326",
                    "name": "DISC PAD FRNT LPR L145 H67 T20"
                },
                {
                    "id": "ADB1103",
                    "name": "DISC PAD FRNT NIPPON L0 H0 T0"
                },
                {
                    "id": "ADB0511",
                    "name": "DISC PAD FRNT NIPPON L119 H69 T19"
                },
                {
                    "id": "ATE521",
                    "name": "DISC PAD REAR ATE L87 H67 T17"
                },
                {
                    "id": "FDB222",
                    "name": "DISC PAD REAR FERODO L88 H68 T17"
                },
                {
                    "id": "0986494059",
                    "name": "DISC PAD REAR BOSCH L87 H67 T16"
                },
                {
                    "id": "D965",
                    "name": "DISC PAD REAR SAFELINE L87 H66 T17"
                },
                {
                    "id": "D3320",
                    "name": "DISC PAD REAR SAFELINE L87 H67 T17 [USE D965]"
                },
                {
                    "id": "05P215",
                    "name": "DISC PAD REAR LPR L87 H67 T17"
                },
                {
                    "id": "05P440",
                    "name": "DISC PAD REAR LPR L87 H67 T17"
                },
                {
                    "id": "ADB0558",
                    "name": "DISC PAD REAR NIPPON L87 H67 T17"
                },
                {
                    "id": "DR6354",
                    "name": "BRAKE DISC FS ALFA D256 H46 S68 [4]"
                },
                {
                    "id": "DR6352",
                    "name": "BRAKE DISC FV ALFA D256 H46 S68 [4]"
                },
                {
                    "id": "DR6357",
                    "name": "BRAKE DISC FV ALFA D257 H46 S68 [5]"
                },
                {
                    "id": "DR6389",
                    "name": "BRAKE DISC FV ALFA D276 H46 S68 [5]"
                },
                {
                    "id": "122.0118",
                    "name": "BRAKE DISC FV ATE D256 H47 S68 ID150 [4]"
                },
                {
                    "id": "DDF193",
                    "name": "BRAKE DISC FV FERODO D256 H46 S68 [4]"
                },
                {
                    "id": "DDF311",
                    "name": "BRAKE DISC FV FERODO D276 H46 S68 [5]"
                },
                {
                    "id": "DR6430",
                    "name": "BRAKE DISC RS ALFA D255 H40 S68 [9]"
                },
                {
                    "id": "112.0148",
                    "name": "BRAKE DISC RS ATE D255 H40 S68 ID145 [10]"
                },
                {
                    "id": "DDF128",
                    "name": "BRAKE DISC RS FERODO D245 H59 S68 [4]"
                },
                {
                    "id": "DDF128C",
                    "name": "BRAKE DISC RS FERODO D245 H59 S68 [4]"
                },
                {
                    "id": "DDF265",
                    "name": "BRAKE DISC RS FERODO D245 H59 S68 [5]"
                },
                {
                    "id": "DDF265C",
                    "name": "BRAKE DISC RS FERODO D245 H59 S68 [5]"
                },
                {
                    "id": "DDF625",
                    "name": "BRAKE DISC RS FERODO D245 H65 S68 [4]"
                },
                {
                    "id": "0986480440",
                    "name": "BRAKE M/CYL BOSCH"
                },
                {
                    "id": "0986480826",
                    "name": "BRAKE M/CYL BOSCH"
                }
            ]
        },
        {
            "id": "3",
            "category": "SUSPENSION COMPONENTS [FRONT]",
            "category_parts": [
                {
                    "id": "",
                    "name": ""
                },
                {
                    "id": "16917AP",
                    "name": "SHOCK MOUNT L/R A-PLUS"
                },
                {
                    "id": "VKDP33104T",
                    "name": "DUST COVER KIT FRNT SKF"
                },
                {
                    "id": "11645AP",
                    "name": "TIE ROD END ASSEMBLY LHS A-PLUS"
                },
                {
                    "id": "11598AP",
                    "name": "TIE ROD END ASSEMBLY RHS A-PLUS"
                },
                {
                    "id": "12934AP",
                    "name": "CONTROL ARM LOWER LHS A-PLUS"
                },
                {
                    "id": "13416AP",
                    "name": "CONTROL ARM LOWER LHS A-PLUS"
                },
                {
                    "id": "12935AP",
                    "name": "CONTROL ARM LOWER RHS A-PLUS"
                },
                {
                    "id": "13417AP",
                    "name": "CONTROL ARM LOWER RHS A-PLUS"
                },
                {
                    "id": "BJ955",
                    "name": "TRACK CONTROL ARM LOWER LHS PQ"
                },
                {
                    "id": "BJ954",
                    "name": "TRACK CONTROL ARM LOWER RHS PQ"
                },
                {
                    "id": "VKDS321039B",
                    "name": "CONTROL ARM L* SKF"
                },
                {
                    "id": "VKDS321045B",
                    "name": "CONTROL ARM L* SKF"
                }
            ]
        },
        {
            "id": "4",
            "category": "SUSPENSION COMPONENTS [REAR]",
            "category_parts": [
                {
                    "id": "",
                    "name": ""
                },
                {
                    "id": "VKDP33104T",
                    "name": "DUST COVER KIT FRNT SKF"
                },
                {
                    "id": "14305AP",
                    "name": "C/ARM BUSH LOWER L/R A-PLUS"
                },
                {
                    "id": "14306AP",
                    "name": "C/ARM BUSH LOWER L/R A-PLUS"
                },
                {
                    "id": "16928AP",
                    "name": "C/ARM BUSH LOWER L/R A-PLUS [ID:12|OD:63"
                },
                {
                    "id": "16925AP",
                    "name": "STAB BAR BUSH A-PLUS [OD:30]"
                },
                {
                    "id": "VKDS321039B",
                    "name": "CONTROL ARM L* SKF"
                },
                {
                    "id": "VKDS321045B",
                    "name": "CONTROL ARM L* SKF"
                }
            ]
        },
        {
            "id": "5",
            "category": "COOLING SYSTEM",
            "category_parts": [
                {
                    "id": "",
                    "name": ""
                },
                {
                    "id": "01686",
                    "name": "RADIATOR CAP OSSCA/ATS"
                },
                {
                    "id": "TP3-23",
                    "name": "RADIATOR CAP [LIGHT BLUE 40KPA] ECHLIN"
                },
                {
                    "id": "TP3-23M",
                    "name": "RADIATOR CAP [LIGHT BLUE 40KPA] MP"
                },
                {
                    "id": "VKPC81612",
                    "name": "WATER PUMP SKF"
                },
                {
                    "id": "VKPC81605",
                    "name": "WATER PUMP SKF [26 TEETH]"
                },
                {
                    "id": "VKPC81606",
                    "name": "WATER PUMP SKZ [29 TEETH] SKF"
                },
                {
                    "id": "DCP02002",
                    "name": "COMPRESSOR / AIR CONDITIONER DENSO"
                }
            ]
        },
        {
            "id": "6",
            "category": "CLUTCH COMPONENTS",
            "category_parts": [
                {
                    "id": "",
                    "name": ""
                },
                {
                    "id": "0986486024",
                    "name": "CLUTCH M/CYL BOSCH"
                },
                {
                    "id": "0986486529",
                    "name": "CLUTCH S/CYL BOSCH"
                },
                {
                    "id": "0986486532",
                    "name": "CLUTCH S/CYL BOSCH"
                }
            ]
        },
        {
            "id": "8",
            "category": "DRIVESHAFT COMPONENTS",
            "category_parts": [
                {
                    "id": "",
                    "name": ""
                },
                {
                    "id": "PJ803004",
                    "name": "CV JOINT OUTER 26X25X57X90 O PQ"
                },
                {
                    "id": "VW6916",
                    "name": "CV JOINT INNER FRNT L/R 33X34X100 TEKNOSA"
                },
                {
                    "id": "VW6916-X",
                    "name": "CV JOINT INNER FRNT L/R 33X34X100 X-LINE"
                },
                {
                    "id": "AD5911F2A",
                    "name": "CV JOINT OUTER FRNT L/R 26X25X56.5XOX45T TEKNOSA"
                },
                {
                    "id": "AD5917F2A",
                    "name": "CV JOINT OUTER FRNT L/R 38X25X59.6XOX45T TEKNOSA"
                },
                {
                    "id": "VKJP01001",
                    "name": "CV BOOT KIT OUTER SKF"
                },
                {
                    "id": "VKJP01001S",
                    "name": "CV BOOT KIT OUTER SKF"
                },
                {
                    "id": "VKJP01013",
                    "name": "CV BOOT KIT OUTER SKF"
                },
                {
                    "id": "VKJP01015",
                    "name": "CV BOOT KIT OUTER SKF"
                },
                {
                    "id": "VKJP1017",
                    "name": "CV BOOT KIT OUTER SKF"
                },
                {
                    "id": "VKJP6505",
                    "name": "CV BOOT KIT INNER SKF"
                }
            ]
        },
        {
            "id": "9",
            "category": "FUEL SYSTEM",
            "category_parts": [
                {
                    "id": "",
                    "name": ""
                },
                {
                    "id": "0580254040",
                    "name": "FUEL INJECTION PUMP"
                },
                {
                    "id": "0450905145",
                    "name": "FUEL FILTER BOSCH"
                },
                {
                    "id": "0438121049",
                    "name": "AIR-MASS METER BOSCH"
                },
                {
                    "id": "0438121085",
                    "name": "AIR-MASS METER BOSCH"
                }
            ]
        },
        {
            "id": "10",
            "category": "TIMING COMPONENTS",
            "category_parts": [
                {
                    "id": "",
                    "name": ""
                },
                {
                    "id": "VKMA01031",
                    "name": "T/BELT KIT [T:120 W:18] SKF"
                },
                {
                    "id": "VKMA01032",
                    "name": "T/BELT KIT [T:142 W:19] SKF"
                },
                {
                    "id": "VKMV11.5X790",
                    "name": "MULTI-GROOVE BELT SKF"
                },
                {
                    "id": "VKMV13AVX915",
                    "name": "MULTI-GROOVE BELT SKF"
                },
                {
                    "id": "VKMV13AVX950",
                    "name": "MULTI-GROOVE BELT SKF"
                },
                {
                    "id": "VKMV13AVX990",
                    "name": "MULTI-GROOVE BELT SKF"
                },
                {
                    "id": "VKM21032",
                    "name": "T/BELT PULLEY SKF"
                },
                {
                    "id": "VKMC01031",
                    "name": "T/BELT PULLEY SKF"
                },
                {
                    "id": "VKMC01032",
                    "name": "T/BELT PULLEY SKF"
                },
                {
                    "id": "VKM21031",
                    "name": "T/BELT TENSIONER [75X28] SKF"
                }
            ]
        },
        {
            "id": "13",
            "category": "MOUNTINGS ",
            "category_parts": [
                {
                    "id": "",
                    "name": ""
                },
                {
                    "id": "SB-7493",
                    "name": "MOUNTING ENGINE FRNT L/R TEKNOSA"
                }
            ]
        },
        {
            "id": "17",
            "category": "SWITCHES \u0026 ACCESSORIES",
            "category_parts": [
                {
                    "id": "",
                    "name": ""
                },
                {
                    "id": "F647",
                    "name": "BATTERY - EXIDE/MIDAS"
                },
                {
                    "id": "F651",
                    "name": "BATTERY EXIDE/MIDAS"
                },
                {
                    "id": "W647",
                    "name": "BATTERY WILLARD"
                },
                {
                    "id": "W651",
                    "name": "BATTERY WILLARD"
                }
            ]
        },
        {
            "id": "23",
            "category": "LUBRICANTS",
            "category_parts": [
                {
                    "id": "",
                    "name": ""
                },
                {
                    "id": "3359766",
                    "name": "ENGINE OIL CASTROL GTX 20W50 5L"
                },
                {
                    "id": "550039899",
                    "name": "ENGINE OIL SHELL HELIX HX3 20W50 5L"
                }
            ]
        },
        {
            "id": "24",
            "category": "WHEEL BEARINGS",
            "category_parts": [
                {
                    "id": "",
                    "name": ""
                },
                {
                    "id": "VKBA1356",
                    "name": "WHEEL BRG KIT FRNT [43X82X37] SKF"
                },
                {
                    "id": "ATC9031",
                    "name": "WHEEL BRG KIT FRNT [43X82X37]"
                },
                {
                    "id": "FAG1003",
                    "name": "WHEEL BRG KIT FRNT [43X82X37]"
                },
                {
                    "id": "FAG9004",
                    "name": "WHEEL BRG KIT FRNT [45X82X37]"
                },
                {
                    "id": "SKF151",
                    "name": "WHEEL BRG KIT REAR SKF"
                },
                {
                    "id": "VKBA542",
                    "name": "WHEEL BRG KIT REAR SKF"
                }
            ]
        },
        {
            "id": "26",
            "category": "STEERING",
            "category_parts": [
                {
                    "id": "",
                    "name": ""
                },
                {
                    "id": "VKDY311058",
                    "name": "TIE ROD END L74 SKF"
                },
                {
                    "id": "VKDY311059",
                    "name": "TIE ROD END L74 SKF"
                },
                {
                    "id": "11230AP",
                    "name": "TIE ROD END OUTER LHS A-PLUS"
                },
                {
                    "id": "11232AP",
                    "name": "TIE ROD END OUTER LHS A-PLUS"
                },
                {
                    "id": "11229AP",
                    "name": "TIE ROD END OUTER RHS A-PLUS"
                },
                {
                    "id": "11231AP",
                    "name": "TIE ROD END OUTER RHS A-PLUS"
                }
            ]
        },
        {
            "id": "27",
            "category": "BEARINGS",
            "category_parts": [
                {
                    "id": "",
                    "name": ""
                },
                {
                    "id": "VKBA1356",
                    "name": "WHEEL BRG KIT FRNT [43X82X37] SKF"
                },
                {
                    "id": "ATC9031",
                    "name": "WHEEL BRG KIT FRNT [43X82X37]"
                },
                {
                    "id": "FAG1003",
                    "name": "WHEEL BRG KIT FRNT [43X82X37]"
                },
                {
                    "id": "FAG9004",
                    "name": "WHEEL BRG KIT FRNT [45X82X37]"
                },
                {
                    "id": "SKF151",
                    "name": "WHEEL BRG KIT REAR SKF"
                },
                {
                    "id": "VKBA542",
                    "name": "WHEEL BRG KIT REAR SKF"
                },
                {
                    "id": "VKDS321039B",
                    "name": "CONTROL ARM L* SKF"
                },
                {
                    "id": "VKDS321045B",
                    "name": "CONTROL ARM L* SKF"
                }
            ]
        },
        {
            "id": "28",
            "category": "AIR CONDITIONING",
            "category_parts": [
                {
                    "id": "",
                    "name": ""
                },
                {
                    "id": "DCP02002",
                    "name": "COMPRESSOR / AIR CONDITIONER DENSO"
                }
            ]
        },
        {
            "id": "28",
            "category": "AIR CONDITIONING",
            "category_parts": [
                {
                    "id": "",
                    "name": ""
                },
                {
                    "id": "DCP02002",
                    "name": "COMPRESSOR / AIR CONDITIONER DENSO"
                }
            ]
        }
    ]
}
