{
    "id": "385",
    "parts": [
        {
            "id": "1",
            "category": "SERVICE PARTS",
            "category_parts": [
                {
                    "id": "",
                    "name": ""
                },
                {
                    "id": "Z88G",
                    "name": "OIL FILTER GUD"
                },
                {
                    "id": "PH2870A",
                    "name": "OIL FILTER FRAM"
                },
                {
                    "id": "COF101273S",
                    "name": "OIL FILTER CHAMPION"
                },
                {
                    "id": "0451103033",
                    "name": "OIL FILTER BOSCH"
                },
                {
                    "id": "FEB22542",
                    "name": "OIL FILTER FEBI"
                },
                {
                    "id": "WL7070",
                    "name": "OIL FILTER WIX"
                },
                {
                    "id": "0242232505",
                    "name": "SPARK PLUG BOSCH"
                },
                {
                    "id": "0242235663",
                    "name": "SPARK PLUG BOSCH"
                },
                {
                    "id": "0242235664",
                    "name": "SPARK PLUG BOSCH"
                },
                {
                    "id": "FDB774",
                    "name": "DISC PAD FRNT FERODO L119 H70 T16"
                },
                {
                    "id": "FDB775",
                    "name": "DISC PAD FRNT FERODO L119 H70 T19"
                },
                {
                    "id": "FDB954",
                    "name": "DISC PAD FRNT FERODO L119 H70 T20"
                },
                {
                    "id": "0986460943",
                    "name": "DISC PAD FRNT BOSCH L119 H70 T16"
                },
                {
                    "id": "0986466700",
                    "name": "DISC PAD FRNT BOSCH L119 H70 T20"
                },
                {
                    "id": "D3045",
                    "name": "DISC PAD FRNT SAFELINE L119 H70 T16"
                },
                {
                    "id": "D3178",
                    "name": "DISC PAD FRNT SAFELINE L119 H70 T16"
                },
                {
                    "id": "D3761",
                    "name": "DISC PAD FRNT SAFELINE L119 H70 T18"
                },
                {
                    "id": "05P216",
                    "name": "DISC PAD FRNT LPR L119 H70 T19"
                },
                {
                    "id": "05P221",
                    "name": "DISC PAD FRNT LPR L119 H70 T19"
                },
                {
                    "id": "05P600",
                    "name": "DISC PAD FRNT LPR L119 H70 T19"
                },
                {
                    "id": "ADB0511",
                    "name": "DISC PAD FRNT NIPPON L119 H69 T19"
                },
                {
                    "id": "ATE521",
                    "name": "DISC PAD REAR ATE L87 H67 T17"
                },
                {
                    "id": "FDB222",
                    "name": "DISC PAD REAR FERODO L88 H68 T17"
                },
                {
                    "id": "0986494059",
                    "name": "DISC PAD REAR BOSCH L87 H67 T16"
                },
                {
                    "id": "D965",
                    "name": "DISC PAD REAR SAFELINE L87 H66 T17"
                },
                {
                    "id": "D3320",
                    "name": "DISC PAD REAR SAFELINE L87 H67 T17 [USE D965]"
                },
                {
                    "id": "05P215",
                    "name": "DISC PAD REAR LPR L87 H67 T17"
                },
                {
                    "id": "05P440",
                    "name": "DISC PAD REAR LPR L87 H67 T17"
                },
                {
                    "id": "ADB0558",
                    "name": "DISC PAD REAR NIPPON L87 H67 T17"
                },
                {
                    "id": "3359766",
                    "name": "ENGINE OIL CASTROL GTX 20W50 5L"
                },
                {
                    "id": "550039899",
                    "name": "ENGINE OIL SHELL HELIX HX3 20W50 5L"
                }
            ]
        },
        {
            "id": "2",
            "category": "BRAKES",
            "category_parts": [
                {
                    "id": "",
                    "name": ""
                },
                {
                    "id": "FDB774",
                    "name": "DISC PAD FRNT FERODO L119 H70 T16"
                },
                {
                    "id": "FDB775",
                    "name": "DISC PAD FRNT FERODO L119 H70 T19"
                },
                {
                    "id": "FDB954",
                    "name": "DISC PAD FRNT FERODO L119 H70 T20"
                },
                {
                    "id": "0986460943",
                    "name": "DISC PAD FRNT BOSCH L119 H70 T16"
                },
                {
                    "id": "0986466700",
                    "name": "DISC PAD FRNT BOSCH L119 H70 T20"
                },
                {
                    "id": "D3045",
                    "name": "DISC PAD FRNT SAFELINE L119 H70 T16"
                },
                {
                    "id": "D3178",
                    "name": "DISC PAD FRNT SAFELINE L119 H70 T16"
                },
                {
                    "id": "D3761",
                    "name": "DISC PAD FRNT SAFELINE L119 H70 T18"
                },
                {
                    "id": "05P216",
                    "name": "DISC PAD FRNT LPR L119 H70 T19"
                },
                {
                    "id": "05P221",
                    "name": "DISC PAD FRNT LPR L119 H70 T19"
                },
                {
                    "id": "05P600",
                    "name": "DISC PAD FRNT LPR L119 H70 T19"
                },
                {
                    "id": "ADB0511",
                    "name": "DISC PAD FRNT NIPPON L119 H69 T19"
                },
                {
                    "id": "ATE521",
                    "name": "DISC PAD REAR ATE L87 H67 T17"
                },
                {
                    "id": "FDB222",
                    "name": "DISC PAD REAR FERODO L88 H68 T17"
                },
                {
                    "id": "0986494059",
                    "name": "DISC PAD REAR BOSCH L87 H67 T16"
                },
                {
                    "id": "D965",
                    "name": "DISC PAD REAR SAFELINE L87 H66 T17"
                },
                {
                    "id": "D3320",
                    "name": "DISC PAD REAR SAFELINE L87 H67 T17 [USE D965]"
                },
                {
                    "id": "05P215",
                    "name": "DISC PAD REAR LPR L87 H67 T17"
                },
                {
                    "id": "05P440",
                    "name": "DISC PAD REAR LPR L87 H67 T17"
                },
                {
                    "id": "ADB0558",
                    "name": "DISC PAD REAR NIPPON L87 H67 T17"
                },
                {
                    "id": "DR6243",
                    "name": "BRAKE DISC FV ALFA D239 H39 S65 [4]"
                },
                {
                    "id": "120.0123",
                    "name": "BRAKE DISC FV ATE D239 H39 S65 ID124 [4]"
                },
                {
                    "id": "DDF175",
                    "name": "BRAKE DISC FV FERODO D239 H39 S65 [4]"
                },
                {
                    "id": "DDF319",
                    "name": "BRAKE DISC FV FERODO D256 H56 S68 [4]"
                },
                {
                    "id": "TBD7242-D",
                    "name": "BRAKE DISC FRNT L/R SOLID OPTIMA"
                },
                {
                    "id": "TBD7243-D",
                    "name": "BRAKE DISC FRNT L/R VENTED OPTIMA"
                },
                {
                    "id": "DDF128",
                    "name": "BRAKE DISC RS FERODO D245 H59 S68 [4]"
                },
                {
                    "id": "DDF128C",
                    "name": "BRAKE DISC RS FERODO D245 H59 S68 [4]"
                }
            ]
        },
        {
            "id": "3",
            "category": "SUSPENSION COMPONENTS [FRONT]",
            "category_parts": [
                {
                    "id": "",
                    "name": ""
                },
                {
                    "id": "VKDP32103T",
                    "name": "DUST COVER KIT FRNT SKF"
                },
                {
                    "id": "VKDP43101T",
                    "name": "DUST COVER KIT REAR SKF"
                },
                {
                    "id": "11134AP",
                    "name": "BALL JOINT LOWER L/R A-PLUS"
                }
            ]
        },
        {
            "id": "4",
            "category": "SUSPENSION COMPONENTS [REAR]",
            "category_parts": [
                {
                    "id": "",
                    "name": ""
                },
                {
                    "id": "VKDP32103T",
                    "name": "DUST COVER KIT FRNT SKF"
                },
                {
                    "id": "VKDP43101T",
                    "name": "DUST COVER KIT REAR SKF"
                },
                {
                    "id": "VKDC35100",
                    "name": "TOP MOUNT REAR SHOCK [SINGLE] SKF"
                },
                {
                    "id": "VKDC35100T",
                    "name": "TOP MOUNT REAR SHOCK [TWIN PACK] SKF"
                }
            ]
        },
        {
            "id": "5",
            "category": "COOLING SYSTEM",
            "category_parts": [
                {
                    "id": "",
                    "name": ""
                },
                {
                    "id": "437100-7650",
                    "name": "COMPRESSOR / AIR CONDITIONER DENSO"
                }
            ]
        },
        {
            "id": "8",
            "category": "DRIVESHAFT COMPONENTS",
            "category_parts": [
                {
                    "id": "",
                    "name": ""
                },
                {
                    "id": "VKJP01001",
                    "name": "CV BOOT KIT OUTER SKF"
                },
                {
                    "id": "VKJP01001S",
                    "name": "CV BOOT KIT OUTER SKF"
                },
                {
                    "id": "VKJP3137",
                    "name": "CV BOOT KIT OUTER SKF"
                },
                {
                    "id": "VKJC1008",
                    "name": "DRIVESHAFT KIT SKF"
                },
                {
                    "id": "VKJC1021",
                    "name": "DRIVESHAFT KIT SKF"
                }
            ]
        },
        {
            "id": "9",
            "category": "FUEL SYSTEM",
            "category_parts": [
                {
                    "id": "",
                    "name": ""
                },
                {
                    "id": "0580254910",
                    "name": "FUEL PUMP BOSCH"
                },
                {
                    "id": "0580254921",
                    "name": "FUEL PUMP BOSCH"
                },
                {
                    "id": "0580464125",
                    "name": "FUEL INJECTION PUMP"
                },
                {
                    "id": "0438121070",
                    "name": "AIR-MASS METER BOSCH"
                }
            ]
        },
        {
            "id": "10",
            "category": "TIMING COMPONENTS",
            "category_parts": [
                {
                    "id": "",
                    "name": ""
                },
                {
                    "id": "VKMA01000",
                    "name": "T/BELT KIT [T:121 W:18] SKF"
                },
                {
                    "id": "VKM11000",
                    "name": "T/BELT TENSIONER [D:72 W:20] 8MM STUD SKF"
                }
            ]
        },
        {
            "id": "23",
            "category": "LUBRICANTS",
            "category_parts": [
                {
                    "id": "",
                    "name": ""
                },
                {
                    "id": "3359766",
                    "name": "ENGINE OIL CASTROL GTX 20W50 5L"
                },
                {
                    "id": "550039899",
                    "name": "ENGINE OIL SHELL HELIX HX3 20W50 5L"
                }
            ]
        },
        {
            "id": "28",
            "category": "AIR CONDITIONING",
            "category_parts": [
                {
                    "id": "",
                    "name": ""
                },
                {
                    "id": "437100-7650",
                    "name": "COMPRESSOR / AIR CONDITIONER DENSO"
                }
            ]
        },
        {
            "id": "28",
            "category": "AIR CONDITIONING",
            "category_parts": [
                {
                    "id": "",
                    "name": ""
                },
                {
                    "id": "437100-7650",
                    "name": "COMPRESSOR / AIR CONDITIONER DENSO"
                }
            ]
        }
    ]
}
