{
    "id": "391",
    "parts": [
        {
            "id": "1",
            "category": "SERVICE PARTS",
            "category_parts": [
                {
                    "id": "",
                    "name": ""
                },
                {
                    "id": "M168",
                    "name": "OIL FILTER GUD CARTRIDGE METAL FREE H123 OD63 IDT31 IDB31"
                },
                {
                    "id": "CH12176ECO",
                    "name": "OIL FILTER FRAM H122"
                },
                {
                    "id": "COF100790E",
                    "name": "OIL FILTER CHAMPION H123 OD63 ID31"
                },
                {
                    "id": "F026407270",
                    "name": "OIL FILTER BOSCH"
                },
                {
                    "id": "109015",
                    "name": "OIL FILTER H123MM ID31MM OD63.5MM FEBI"
                },
                {
                    "id": "ADV182132",
                    "name": "OIL FILTER H123MM ID31MM OD63.5MM BLU"
                },
                {
                    "id": "WL7535",
                    "name": "OIL FILTER WIX"
                },
                {
                    "id": "AG1910",
                    "name": "AIR FILTER GUD"
                },
                {
                    "id": "CA12574",
                    "name": "AIR FILTER FRAM"
                },
                {
                    "id": "F026400677",
                    "name": "AIR FILTER BOSCH H152 OD169"
                },
                {
                    "id": "102972",
                    "name": "AIR FILTER FEBI"
                },
                {
                    "id": "ADV182273",
                    "name": "AIR FILTER BLUEPRINT H153 OD170 ID91"
                },
                {
                    "id": "E176",
                    "name": "FUEL FILTER GUD"
                },
                {
                    "id": "PS10486",
                    "name": "FUEL FILTER FRAM"
                },
                {
                    "id": "CFF100528",
                    "name": "FUEL FILTER CHAMPION"
                },
                {
                    "id": "F026402808",
                    "name": "FUEL FILTER BOSCH"
                },
                {
                    "id": "F026402068",
                    "name": "FUEL FILTER BOSCH H250"
                },
                {
                    "id": "KL596",
                    "name": "FUEL FILTER MAHLE"
                },
                {
                    "id": "FEB38677",
                    "name": "FUEL FILTER FEBI"
                },
                {
                    "id": "WF8412",
                    "name": "FUEL FILTER WIX"
                },
                {
                    "id": "04-101",
                    "name": "FUEL FILTER GENERIC"
                },
                {
                    "id": "ATE1306",
                    "name": "DISC PAD FRNT ATE L155 H64 T16"
                },
                {
                    "id": "ATE1308",
                    "name": "DISC PAD FRNT ATE L194 H74 T17"
                },
                {
                    "id": "FDB4871",
                    "name": "DISC PAD FRNT FERODO L155 H64 T17"
                },
                {
                    "id": "FDB4967",
                    "name": "DISC PAD FRNT FERODO L194 H74 T17"
                },
                {
                    "id": "FDB4616",
                    "name": "DISC PAD FRNT FERODO L251 H105 T16"
                },
                {
                    "id": "P85153",
                    "name": "DISC PAD FRNT BREMBO L155 H64 T17"
                },
                {
                    "id": "P85165",
                    "name": "DISC PAD FRNT BREMBO L194 H74 T17"
                },
                {
                    "id": "D4261",
                    "name": "DISC PAD FRNT SAFELINE L155 H64 T17"
                },
                {
                    "id": "FDB4617",
                    "name": "DISC PAD REAR FERODO L129 H59 T18"
                },
                {
                    "id": "FDB4807",
                    "name": "DISC PAD REAR FERODO L129 H65 T16"
                },
                {
                    "id": "05P2039",
                    "name": "DISC PAD REAR LPR L129 H59 T18"
                },
                {
                    "id": "550048788",
                    "name": "ENGINE OIL SHELL HELIX ULTRA 5W30 5L"
                }
            ]
        },
        {
            "id": "2",
            "category": "BRAKES",
            "category_parts": [
                {
                    "id": "",
                    "name": ""
                },
                {
                    "id": "ATE1306",
                    "name": "DISC PAD FRNT ATE L155 H64 T16"
                },
                {
                    "id": "ATE1308",
                    "name": "DISC PAD FRNT ATE L194 H74 T17"
                },
                {
                    "id": "FDB4871",
                    "name": "DISC PAD FRNT FERODO L155 H64 T17"
                },
                {
                    "id": "FDB4967",
                    "name": "DISC PAD FRNT FERODO L194 H74 T17"
                },
                {
                    "id": "FDB4616",
                    "name": "DISC PAD FRNT FERODO L251 H105 T16"
                },
                {
                    "id": "P85153",
                    "name": "DISC PAD FRNT BREMBO L155 H64 T17"
                },
                {
                    "id": "P85165",
                    "name": "DISC PAD FRNT BREMBO L194 H74 T17"
                },
                {
                    "id": "D4261",
                    "name": "DISC PAD FRNT SAFELINE L155 H64 T17"
                },
                {
                    "id": "FDB4617",
                    "name": "DISC PAD REAR FERODO L129 H59 T18"
                },
                {
                    "id": "FDB4807",
                    "name": "DISC PAD REAR FERODO L129 H65 T16"
                },
                {
                    "id": "05P2039",
                    "name": "DISC PAD REAR LPR L129 H59 T18"
                },
                {
                    "id": "DR7474",
                    "name": "BRAKE DISC FV ALFA D320 H52 S68 [5]"
                },
                {
                    "id": "DR7394",
                    "name": "BRAKE DISC FV ALFA D345 H52 S68 [5]"
                },
                {
                    "id": "DDF1663C",
                    "name": "BRAKE DISC FV FERODO D314 H52 S68 [5]"
                },
                {
                    "id": "DDF2596C-1",
                    "name": "BRAKE DISC FV FERODO D318 H57 S68 [5]"
                },
                {
                    "id": "DDF1997C",
                    "name": "BRAKE DISC FV FERODO D345 H52 S68 [5]"
                },
                {
                    "id": "DDF1997C-1",
                    "name": "BRAKE DISC FV FERODO D345 H52 S68 [5]"
                },
                {
                    "id": "DDF2599C",
                    "name": "BRAKE DISC RS FERODO D300 H36 S58 [5]"
                }
            ]
        },
        {
            "id": "3",
            "category": "SUSPENSION COMPONENTS [FRONT]",
            "category_parts": [
                {
                    "id": "",
                    "name": ""
                },
                {
                    "id": "VKDA35164T",
                    "name": "TOP MOUNT FRNT SHOCK [TWIN PACK] FRNT SKF"
                },
                {
                    "id": "19425AP",
                    "name": "BALL JOINT LOWER L/R A-PLUS [13.8MM]"
                },
                {
                    "id": "21737AP",
                    "name": "BALL JOINT LOWER L/R A-PLUS [17.3MM]"
                },
                {
                    "id": "19428AP",
                    "name": "CONTROL ARM UPPER LHS A-PLUS"
                },
                {
                    "id": "19430AP",
                    "name": "CONTROL ARM UPPER LHS A-PLUS"
                },
                {
                    "id": "19429AP",
                    "name": "CONTROL ARM UPPER RHS A-PLUS"
                },
                {
                    "id": "19431AP",
                    "name": "CONTROL ARM UPPER RHS A-PLUS"
                },
                {
                    "id": "19432AP",
                    "name": "CONTROL ARM LOWER LHS A-PLUS"
                },
                {
                    "id": "22411AP",
                    "name": "CONTROL ARM LOWER LHS A-PLUS"
                },
                {
                    "id": "19435AP",
                    "name": "CONTROL ARM LOWER LHS A-PLUS [15MM]"
                },
                {
                    "id": "21732AP",
                    "name": "CONTROL ARM LOWER LHS A-PLUS [17MM]"
                },
                {
                    "id": "24758AP",
                    "name": "CONTROL ARM LOWER LHS A-PLUS [17MM]"
                },
                {
                    "id": "19433AP",
                    "name": "CONTROL ARM LOWER RHS A-PLUS"
                },
                {
                    "id": "22412AP",
                    "name": "CONTROL ARM LOWER RHS A-PLUS"
                },
                {
                    "id": "19436AP",
                    "name": "CONTROL ARM LOWER RHS A-PLUS [15MM]"
                },
                {
                    "id": "21733AP",
                    "name": "CONTROL ARM LOWER RHS A-PLUS [17MM]"
                },
                {
                    "id": "24759AP",
                    "name": "CONTROL ARM LOWER RHS A-PLUS [17MM]"
                },
                {
                    "id": "VKDS341020",
                    "name": "STABILIZER LINK L* H* ID* OD* SKF"
                },
                {
                    "id": "VKDS341026",
                    "name": "STABILIZER LINK L* H* ID* OD* SKF"
                },
                {
                    "id": "VKDS331027",
                    "name": "C/ARM BUSH L* H54.9 ID12.2 OD50.2 SKF"
                },
                {
                    "id": "VKDS331028",
                    "name": "C/ARM BUSH L45 H43.8 ID12.1 OD43.8 SKF"
                }
            ]
        },
        {
            "id": "4",
            "category": "SUSPENSION COMPONENTS [REAR]",
            "category_parts": [
                {
                    "id": "",
                    "name": ""
                },
                {
                    "id": "VKDS331027",
                    "name": "C/ARM BUSH L* H54.9 ID12.2 OD50.2 SKF"
                },
                {
                    "id": "VKDS331028",
                    "name": "C/ARM BUSH L45 H43.8 ID12.1 OD43.8 SKF"
                },
                {
                    "id": "18614AP",
                    "name": "C/ARM BUSH LOWER L/R A-PLUS"
                },
                {
                    "id": "19434AP",
                    "name": "C/ARM BUSH LOWER L/R A-PLUS"
                },
                {
                    "id": "19437AP",
                    "name": "C/ARM BUSH LOWER L/R A-PLUS [OD:65]"
                },
                {
                    "id": "22611AP",
                    "name": "C/ARM BUSH LOWER L/R A-PLUS [OD:75]"
                },
                {
                    "id": "14262AP",
                    "name": "C/ARM BUSH UPPER L/R A-PLUS"
                },
                {
                    "id": "17418AP",
                    "name": "C/ARM BUSH UPPER L/R A-PLUS"
                },
                {
                    "id": "VKDS341020",
                    "name": "STABILIZER LINK L* H* ID* OD* SKF"
                },
                {
                    "id": "VKDS341026",
                    "name": "STABILIZER LINK L* H* ID* OD* SKF"
                },
                {
                    "id": "20696AP",
                    "name": "STABILIZER LINK L/R A-PLUS L110"
                },
                {
                    "id": "19426AP",
                    "name": "STABILIZER LINK L/R A-PLUS L170"
                },
                {
                    "id": "21734AP",
                    "name": "STABILIZER LINK L/R A-PLUS L170"
                }
            ]
        },
        {
            "id": "5",
            "category": "COOLING SYSTEM",
            "category_parts": [
                {
                    "id": "",
                    "name": ""
                },
                {
                    "id": "DCP02105",
                    "name": "COMPRESSOR / AIR CONDITIONER DENSO"
                }
            ]
        },
        {
            "id": "8",
            "category": "DRIVESHAFT COMPONENTS",
            "category_parts": [
                {
                    "id": "",
                    "name": ""
                },
                {
                    "id": "VKJP01001",
                    "name": "CV BOOT KIT OUTER SKF"
                },
                {
                    "id": "VKJP01001S",
                    "name": "CV BOOT KIT OUTER SKF"
                }
            ]
        },
        {
            "id": "9",
            "category": "FUEL SYSTEM",
            "category_parts": [
                {
                    "id": "",
                    "name": ""
                },
                {
                    "id": "E176",
                    "name": "FUEL FILTER GUD"
                },
                {
                    "id": "PS10486",
                    "name": "FUEL FILTER FRAM"
                },
                {
                    "id": "CFF100528",
                    "name": "FUEL FILTER CHAMPION"
                },
                {
                    "id": "F026402808",
                    "name": "FUEL FILTER BOSCH"
                },
                {
                    "id": "F026402068",
                    "name": "FUEL FILTER BOSCH H250"
                },
                {
                    "id": "KL596",
                    "name": "FUEL FILTER MAHLE"
                },
                {
                    "id": "FEB38677",
                    "name": "FUEL FILTER FEBI"
                },
                {
                    "id": "WF8412",
                    "name": "FUEL FILTER WIX"
                },
                {
                    "id": "04-101",
                    "name": "FUEL FILTER GENERIC"
                }
            ]
        },
        {
            "id": "17",
            "category": "SWITCHES \u0026 ACCESSORIES",
            "category_parts": [
                {
                    "id": "",
                    "name": ""
                },
                {
                    "id": "V658-64AGM",
                    "name": "BATTERY STOP/START VARTA L355MM"
                },
                {
                    "id": "F658AGM",
                    "name": "BATTERY EXIDE STOP/START"
                },
                {
                    "id": "W658AGM-00",
                    "name": "BATTERY WILLARD STOP/START"
                }
            ]
        },
        {
            "id": "23",
            "category": "LUBRICANTS",
            "category_parts": [
                {
                    "id": "",
                    "name": ""
                },
                {
                    "id": "550048788",
                    "name": "ENGINE OIL SHELL HELIX ULTRA 5W30 5L"
                }
            ]
        },
        {
            "id": "24",
            "category": "WHEEL BEARINGS",
            "category_parts": [
                {
                    "id": "",
                    "name": ""
                },
                {
                    "id": "VKBA7131",
                    "name": "WHEEL BRG KIT FRNT SKF"
                },
                {
                    "id": "VKBA6650",
                    "name": "WHEEL BRG KIT REAR SKF"
                }
            ]
        },
        {
            "id": "26",
            "category": "STEERING",
            "category_parts": [
                {
                    "id": "",
                    "name": ""
                },
                {
                    "id": "18180AP",
                    "name": "STEERING RACK END L/R A-PLUS L227"
                },
                {
                    "id": "21739AP",
                    "name": "STEERING RACK END L/R A-PLUS L235"
                },
                {
                    "id": "19423AP",
                    "name": "TIE ROD END OUTER LHS A-PLUS"
                },
                {
                    "id": "19424AP",
                    "name": "TIE ROD END OUTER RHS A-PLUS"
                }
            ]
        },
        {
            "id": "27",
            "category": "BEARINGS",
            "category_parts": [
                {
                    "id": "",
                    "name": ""
                },
                {
                    "id": "VKBA7131",
                    "name": "WHEEL BRG KIT FRNT SKF"
                },
                {
                    "id": "VKBA6650",
                    "name": "WHEEL BRG KIT REAR SKF"
                }
            ]
        },
        {
            "id": "28",
            "category": "AIR CONDITIONING",
            "category_parts": [
                {
                    "id": "",
                    "name": ""
                },
                {
                    "id": "DCP02105",
                    "name": "COMPRESSOR / AIR CONDITIONER DENSO"
                }
            ]
        },
        {
            "id": "28",
            "category": "AIR CONDITIONING",
            "category_parts": [
                {
                    "id": "",
                    "name": ""
                },
                {
                    "id": "DCP02105",
                    "name": "COMPRESSOR / AIR CONDITIONER DENSO"
                }
            ]
        }
    ]
}
