{
    "id": "392",
    "parts": [
        {
            "id": "1",
            "category": "SERVICE PARTS",
            "category_parts": [
                {
                    "id": "",
                    "name": ""
                },
                {
                    "id": "Z596",
                    "name": "OIL FILTER GUD OD108 H259 [11/8 - 16UN]"
                },
                {
                    "id": "Z157",
                    "name": "OIL FILTER GUD OD76 H124 [3/4 - 16UNF]"
                },
                {
                    "id": "0451103346",
                    "name": "OIL FILTER BOSCH"
                },
                {
                    "id": "32379",
                    "name": "OIL FILTER H142MM OD96MM FEBI"
                },
                {
                    "id": "AG837",
                    "name": "AIR FILTER GUD PANEL L267 W228 H57"
                },
                {
                    "id": "1457429870",
                    "name": "AIR FILTER BOSCH"
                },
                {
                    "id": "MP13",
                    "name": "FUEL FILTER GUD"
                },
                {
                    "id": "CFF100114",
                    "name": "FUEL FILTER CHAMPION L180 OD87"
                },
                {
                    "id": "0450906267",
                    "name": "FUEL FILTER BOSCH"
                },
                {
                    "id": "FEB21600",
                    "name": "FUEL FILTER FEBI"
                },
                {
                    "id": "Y-732J",
                    "name": "GLOW PLUG NGK [11V]"
                },
                {
                    "id": "0250201032",
                    "name": "GLOW PLUG BOSCH"
                },
                {
                    "id": "0250202022",
                    "name": "GLOW PLUG BOSCH"
                },
                {
                    "id": "AC23GUD",
                    "name": "CABIN AIR FILTER GUD H25 L280 W207"
                },
                {
                    "id": "1987432017",
                    "name": "CABIN AIR FILTER BOSCH"
                },
                {
                    "id": "ATE864",
                    "name": "DISC PAD FRNT ATE L156 H74 T20"
                },
                {
                    "id": "FDB774",
                    "name": "DISC PAD FRNT FERODO L119 H70 T16"
                },
                {
                    "id": "FDB775",
                    "name": "DISC PAD FRNT FERODO L119 H70 T19"
                },
                {
                    "id": "FDB1323",
                    "name": "DISC PAD FRNT FERODO L156 H71 T20"
                },
                {
                    "id": "FDB1496",
                    "name": "DISC PAD FRNT FERODO L156 H74 T20"
                },
                {
                    "id": "FDB1668",
                    "name": "DISC PAD FRNT FERODO L156 H74 T20"
                },
                {
                    "id": "FDB1717",
                    "name": "DISC PAD FRNT FERODO L156 H74 T20"
                },
                {
                    "id": "FDB1167",
                    "name": "DISC PAD FRNT FERODO L157 H74 T20"
                },
                {
                    "id": "0986460943",
                    "name": "DISC PAD FRNT BOSCH L119 H70 T16"
                },
                {
                    "id": "0986466700",
                    "name": "DISC PAD FRNT BOSCH L119 H70 T20"
                },
                {
                    "id": "0986494390",
                    "name": "DISC PAD FRNT BOSCH L156 H74 T20"
                },
                {
                    "id": "0986495241",
                    "name": "DISC PAD FRNT BOSCH L157 H74 T20"
                },
                {
                    "id": "0986424482",
                    "name": "DISC PAD FRNT BOSCH L74 H156 T20"
                },
                {
                    "id": "D3045",
                    "name": "DISC PAD FRNT SAFELINE L119 H70 T16"
                },
                {
                    "id": "D3178",
                    "name": "DISC PAD FRNT SAFELINE L119 H70 T16"
                },
                {
                    "id": "D3761",
                    "name": "DISC PAD FRNT SAFELINE L119 H70 T18"
                },
                {
                    "id": "D3310",
                    "name": "DISC PAD FRNT SAFELINE L156 H74 T20"
                },
                {
                    "id": "D3390",
                    "name": "DISC PAD FRNT SAFELINE L156 H74 T20"
                },
                {
                    "id": "D3914",
                    "name": "DISC PAD FRNT SAFELINE L156 H74 T20"
                },
                {
                    "id": "05P216",
                    "name": "DISC PAD FRNT LPR L119 H70 T19"
                },
                {
                    "id": "05P600",
                    "name": "DISC PAD FRNT LPR L119 H70 T19"
                },
                {
                    "id": "05P1119",
                    "name": "DISC PAD FRNT LPR L156 H74 T19"
                },
                {
                    "id": "05P669",
                    "name": "DISC PAD FRNT LPR L156 H74 T20"
                },
                {
                    "id": "05P790",
                    "name": "DISC PAD FRNT LPR L156 H74 T20"
                },
                {
                    "id": "ADB0511",
                    "name": "DISC PAD FRNT NIPPON L119 H69 T19"
                },
                {
                    "id": "ADB11025",
                    "name": "DISC PAD FRNT NIPPON L156 H74 T20"
                },
                {
                    "id": "ATE561",
                    "name": "DISC PAD REAR ATE L87 H53 T15"
                },
                {
                    "id": "ATE521",
                    "name": "DISC PAD REAR ATE L87 H67 T17"
                },
                {
                    "id": "FDB541",
                    "name": "DISC PAD REAR FERODO L87 H53 T15"
                },
                {
                    "id": "FDB1770",
                    "name": "DISC PAD REAR FERODO L87 H53 T16"
                },
                {
                    "id": "FDB1788",
                    "name": "DISC PAD REAR FERODO L87 H53 T17"
                },
                {
                    "id": "FDB222",
                    "name": "DISC PAD REAR FERODO L88 H68 T17"
                },
                {
                    "id": "0986466683",
                    "name": "DISC PAD REAR BOSCH L87 H53 T14"
                },
                {
                    "id": "0986461769",
                    "name": "DISC PAD REAR BOSCH L87 H53 T16"
                },
                {
                    "id": "0986494059",
                    "name": "DISC PAD REAR BOSCH L87 H67 T16"
                },
                {
                    "id": "D3177",
                    "name": "DISC PAD REAR SAFELINE L87 H53 T15"
                },
                {
                    "id": "D985",
                    "name": "DISC PAD REAR SAFELINE L87 H53 T15"
                },
                {
                    "id": "D3658",
                    "name": "DISC PAD REAR SAFELINE L87 H53 T16"
                },
                {
                    "id": "D965",
                    "name": "DISC PAD REAR SAFELINE L87 H66 T17"
                },
                {
                    "id": "D3320",
                    "name": "DISC PAD REAR SAFELINE L87 H67 T17 [USE D965]"
                },
                {
                    "id": "05P1788",
                    "name": "DISC PAD REAR LPR L87 H53 T16"
                },
                {
                    "id": "05P215",
                    "name": "DISC PAD REAR LPR L87 H67 T17"
                },
                {
                    "id": "05P440",
                    "name": "DISC PAD REAR LPR L87 H67 T17"
                },
                {
                    "id": "ADB01716",
                    "name": "DISC PAD REAR NIPPON L0 H0 T0"
                },
                {
                    "id": "ADB0558",
                    "name": "DISC PAD REAR NIPPON L87 H67 T17"
                },
                {
                    "id": "3433389",
                    "name": "ENGINE OIL CASTROL MAGNATEC 5W30 5L"
                },
                {
                    "id": "550048788",
                    "name": "ENGINE OIL SHELL HELIX ULTRA 5W30 5L"
                }
            ]
        },
        {
            "id": "2",
            "category": "BRAKES",
            "category_parts": [
                {
                    "id": "",
                    "name": ""
                },
                {
                    "id": "ATE864",
                    "name": "DISC PAD FRNT ATE L156 H74 T20"
                },
                {
                    "id": "FDB774",
                    "name": "DISC PAD FRNT FERODO L119 H70 T16"
                },
                {
                    "id": "FDB775",
                    "name": "DISC PAD FRNT FERODO L119 H70 T19"
                },
                {
                    "id": "FDB1323",
                    "name": "DISC PAD FRNT FERODO L156 H71 T20"
                },
                {
                    "id": "FDB1496",
                    "name": "DISC PAD FRNT FERODO L156 H74 T20"
                },
                {
                    "id": "FDB1668",
                    "name": "DISC PAD FRNT FERODO L156 H74 T20"
                },
                {
                    "id": "FDB1717",
                    "name": "DISC PAD FRNT FERODO L156 H74 T20"
                },
                {
                    "id": "FDB1167",
                    "name": "DISC PAD FRNT FERODO L157 H74 T20"
                },
                {
                    "id": "0986460943",
                    "name": "DISC PAD FRNT BOSCH L119 H70 T16"
                },
                {
                    "id": "0986466700",
                    "name": "DISC PAD FRNT BOSCH L119 H70 T20"
                },
                {
                    "id": "0986494390",
                    "name": "DISC PAD FRNT BOSCH L156 H74 T20"
                },
                {
                    "id": "0986495241",
                    "name": "DISC PAD FRNT BOSCH L157 H74 T20"
                },
                {
                    "id": "0986424482",
                    "name": "DISC PAD FRNT BOSCH L74 H156 T20"
                },
                {
                    "id": "D3045",
                    "name": "DISC PAD FRNT SAFELINE L119 H70 T16"
                },
                {
                    "id": "D3178",
                    "name": "DISC PAD FRNT SAFELINE L119 H70 T16"
                },
                {
                    "id": "D3761",
                    "name": "DISC PAD FRNT SAFELINE L119 H70 T18"
                },
                {
                    "id": "D3310",
                    "name": "DISC PAD FRNT SAFELINE L156 H74 T20"
                },
                {
                    "id": "D3390",
                    "name": "DISC PAD FRNT SAFELINE L156 H74 T20"
                },
                {
                    "id": "D3914",
                    "name": "DISC PAD FRNT SAFELINE L156 H74 T20"
                },
                {
                    "id": "05P216",
                    "name": "DISC PAD FRNT LPR L119 H70 T19"
                },
                {
                    "id": "05P600",
                    "name": "DISC PAD FRNT LPR L119 H70 T19"
                },
                {
                    "id": "05P1119",
                    "name": "DISC PAD FRNT LPR L156 H74 T19"
                },
                {
                    "id": "05P669",
                    "name": "DISC PAD FRNT LPR L156 H74 T20"
                },
                {
                    "id": "05P790",
                    "name": "DISC PAD FRNT LPR L156 H74 T20"
                },
                {
                    "id": "ADB0511",
                    "name": "DISC PAD FRNT NIPPON L119 H69 T19"
                },
                {
                    "id": "ADB11025",
                    "name": "DISC PAD FRNT NIPPON L156 H74 T20"
                },
                {
                    "id": "ATE561",
                    "name": "DISC PAD REAR ATE L87 H53 T15"
                },
                {
                    "id": "ATE521",
                    "name": "DISC PAD REAR ATE L87 H67 T17"
                },
                {
                    "id": "FDB541",
                    "name": "DISC PAD REAR FERODO L87 H53 T15"
                },
                {
                    "id": "FDB1770",
                    "name": "DISC PAD REAR FERODO L87 H53 T16"
                },
                {
                    "id": "FDB1788",
                    "name": "DISC PAD REAR FERODO L87 H53 T17"
                },
                {
                    "id": "FDB222",
                    "name": "DISC PAD REAR FERODO L88 H68 T17"
                },
                {
                    "id": "0986466683",
                    "name": "DISC PAD REAR BOSCH L87 H53 T14"
                },
                {
                    "id": "0986461769",
                    "name": "DISC PAD REAR BOSCH L87 H53 T16"
                },
                {
                    "id": "0986494059",
                    "name": "DISC PAD REAR BOSCH L87 H67 T16"
                },
                {
                    "id": "D3177",
                    "name": "DISC PAD REAR SAFELINE L87 H53 T15"
                },
                {
                    "id": "D985",
                    "name": "DISC PAD REAR SAFELINE L87 H53 T15"
                },
                {
                    "id": "D3658",
                    "name": "DISC PAD REAR SAFELINE L87 H53 T16"
                },
                {
                    "id": "D965",
                    "name": "DISC PAD REAR SAFELINE L87 H66 T17"
                },
                {
                    "id": "D3320",
                    "name": "DISC PAD REAR SAFELINE L87 H67 T17 [USE D965]"
                },
                {
                    "id": "05P1788",
                    "name": "DISC PAD REAR LPR L87 H53 T16"
                },
                {
                    "id": "05P215",
                    "name": "DISC PAD REAR LPR L87 H67 T17"
                },
                {
                    "id": "05P440",
                    "name": "DISC PAD REAR LPR L87 H67 T17"
                },
                {
                    "id": "ADB01716",
                    "name": "DISC PAD REAR NIPPON L0 H0 T0"
                },
                {
                    "id": "ADB0558",
                    "name": "DISC PAD REAR NIPPON L87 H67 T17"
                },
                {
                    "id": "DR7290",
                    "name": "BRAKE DISC FS ALFA D279 H46 S68 [5]"
                },
                {
                    "id": "DR6385",
                    "name": "BRAKE DISC FV ALFA D287 H46 S68 [5]"
                },
                {
                    "id": "DR6063",
                    "name": "BRAKE DISC FV ALFA D287 H46 S68 [9]"
                },
                {
                    "id": "125.0105",
                    "name": "BRAKE DISC FV ATE D288 H47 S68 ID135 [5]"
                },
                {
                    "id": "DDF759",
                    "name": "BRAKE DISC FS FERODO D280 H46 S68 [5]"
                },
                {
                    "id": "DDF759C",
                    "name": "BRAKE DISC FS FERODO D280 H46 S68 [5]"
                },
                {
                    "id": "DDF1706",
                    "name": "BRAKE DISC FV FERODO D288 H46 S68 [5]"
                },
                {
                    "id": "DDF320",
                    "name": "BRAKE DISC FV FERODO D288 H46 S68 [5]"
                },
                {
                    "id": "DDF1706C",
                    "name": "BRAKE DISC FV FERODO D288 H46 S68 [9]"
                },
                {
                    "id": "TBD7387-D",
                    "name": "BRAKE DISC FRNT L/R SOLID OPTIMA"
                },
                {
                    "id": "TBD7385-D",
                    "name": "BRAKE DISC FRNT L/R VENTED OPTIMA"
                },
                {
                    "id": "TBD7390-D",
                    "name": "BRAKE DISC FRNT L/R VENTED OPTIMA"
                },
                {
                    "id": "TBD7388-D",
                    "name": "BRAKE DISC REAR L/R SOLID OPTIMA"
                },
                {
                    "id": "DR7289",
                    "name": "BRAKE DISC RS ALFA D245 H47 S68 [5]"
                },
                {
                    "id": "DR6441",
                    "name": "BRAKE DISC RS ALFA D245 H48 S68 [5]"
                },
                {
                    "id": "DR7307",
                    "name": "BRAKE DISC RV ALFA D256 H48 S68 [5]"
                },
                {
                    "id": "110.0261",
                    "name": "BRAKE DISC RS ATE D245 H40 S68 ID136 [10]"
                },
                {
                    "id": "DDF952",
                    "name": "BRAKE DISC RS FERODO D245 H48 S68 [5]"
                },
                {
                    "id": "DDF952C",
                    "name": "BRAKE DISC RS FERODO D245 H48 S68 [5]"
                },
                {
                    "id": "DDF1887",
                    "name": "BRAKE DISC RV FERODO D256 H48 S68 [5]"
                },
                {
                    "id": "DDF1887C",
                    "name": "BRAKE DISC RV FERODO D256 H48 S68 [5]"
                },
                {
                    "id": "WS0180B",
                    "name": "DISC PAD SENSOR FRONT [340MM] QB"
                },
                {
                    "id": "WS0237B",
                    "name": "DISC PAD SENSOR FRONT [355MM] QB"
                },
                {
                    "id": "0986480890",
                    "name": "BRAKE M/CYL BOSCH"
                },
                {
                    "id": "0986480974",
                    "name": "BRAKE M/CYL BOSCH"
                }
            ]
        },
        {
            "id": "3",
            "category": "SUSPENSION COMPONENTS [FRONT]",
            "category_parts": [
                {
                    "id": "",
                    "name": ""
                },
                {
                    "id": "VKDA35116",
                    "name": "TOP MOUNT FRNT SHOCK [SINGLE] FRNT SKF"
                },
                {
                    "id": "VKDA35118",
                    "name": "TOP MOUNT FRNT SHOCK [SINGLE] FRNT SKF"
                },
                {
                    "id": "VKDA35116T",
                    "name": "TOP MOUNT FRNT SHOCK [TWIN PACK] FRNT SKF"
                },
                {
                    "id": "VKDA35118T",
                    "name": "TOP MOUNT FRNT SHOCK [TWIN PACK] FRNT SKF"
                },
                {
                    "id": "AU2819",
                    "name": "MOUNTING STRUT FRNT L/R TEKNOSA"
                },
                {
                    "id": "SB-8182",
                    "name": "MOUNTING STRUT FRNT L/R TEKNOSA"
                },
                {
                    "id": "VKDP33111T",
                    "name": "DUST COVER KIT FRNT SKF"
                },
                {
                    "id": "VKDP43102T",
                    "name": "DUST COVER KIT REAR SKF"
                },
                {
                    "id": "VKDP43104T",
                    "name": "DUST COVER KIT REAR SKF"
                },
                {
                    "id": "VKDS361000",
                    "name": "REPAIR KIT SUSPENSION STRUT SKF"
                },
                {
                    "id": "VKDS361005",
                    "name": "REPAIR KIT WHEEL SUSPENSION SKF"
                },
                {
                    "id": "11782AP",
                    "name": "CONTROL ARM UPPER LHS A-PLUS"
                },
                {
                    "id": "15159AP",
                    "name": "CONTROL ARM UPPER LHS A-PLUS"
                },
                {
                    "id": "11781AP",
                    "name": "CONTROL ARM UPPER RHS A-PLUS"
                },
                {
                    "id": "15158AP",
                    "name": "CONTROL ARM UPPER RHS A-PLUS"
                },
                {
                    "id": "AU2029",
                    "name": "CONTROL ARM LOWER FRNT L/R TEKNOSA"
                },
                {
                    "id": "AU2030",
                    "name": "CONTROL ARM LOWER FRNT LHS TEKNOSA"
                },
                {
                    "id": "AU2031",
                    "name": "CONTROL ARM LOWER FRNT RHS TEKNOSA"
                },
                {
                    "id": "AU1711",
                    "name": "CONTROL ARM UPPER FRNT LHS TEKNOSA"
                },
                {
                    "id": "AU1713",
                    "name": "CONTROL ARM UPPER FRNT LHS TEKNOSA"
                },
                {
                    "id": "AU1712",
                    "name": "CONTROL ARM UPPER FRNT RHS TEKNOSA"
                },
                {
                    "id": "AU1714",
                    "name": "CONTROL ARM UPPER FRNT RHS TEKNOSA"
                },
                {
                    "id": "11158AP",
                    "name": "CONTROL ARM LOWER L/R A-PLUS [-01]"
                },
                {
                    "id": "11159AP",
                    "name": "CONTROL ARM LOWER LHS A-PLUS"
                },
                {
                    "id": "11160AP",
                    "name": "CONTROL ARM LOWER RHS A-PLUS"
                },
                {
                    "id": "VKDS341011",
                    "name": "STABILIZER LINK L* H* ID* OD* SKF"
                },
                {
                    "id": "VKDS341012",
                    "name": "STABILIZER LINK L* H* ID* OD* SKF"
                },
                {
                    "id": "VKDS441010",
                    "name": "STABILIZER LINK L228 H* ID* OD* SKF"
                },
                {
                    "id": "VKDS441011",
                    "name": "STABILIZER LINK L228 H* ID* OD* SKF"
                },
                {
                    "id": "AU2621",
                    "name": "LATERAL LINK REAR L/R TEKNOSA"
                },
                {
                    "id": "AU2619",
                    "name": "LATERAL LINK REAR LHS TEKNOSA"
                },
                {
                    "id": "AU2620",
                    "name": "LATERAL LINK REAR RHS TEKNOSA"
                },
                {
                    "id": "VKDS321029B",
                    "name": "CONTROL ARM L* SKF"
                },
                {
                    "id": "VKDS321030B",
                    "name": "CONTROL ARM L* SKF"
                },
                {
                    "id": "VKDS321032B",
                    "name": "CONTROL ARM L248.5 SKF"
                },
                {
                    "id": "VKDS321034B",
                    "name": "CONTROL ARM L385 SKF"
                },
                {
                    "id": "VKDS321035B",
                    "name": "CONTROL ARM L385 SKF"
                },
                {
                    "id": "VKDS331021",
                    "name": "C/ARM BUSH L* H* ID* OD* SKF"
                },
                {
                    "id": "VKDS331012",
                    "name": "C/ARM BUSH L* H50 ID12.2 OD40.2 SKF"
                },
                {
                    "id": "VKDS331013",
                    "name": "C/ARM BUSH L* H60 ID12.2 OD24 SKF"
                },
                {
                    "id": "VKDS331014",
                    "name": "C/ARM BUSH L* H80 ID12.2 OD64.9 SKF"
                },
                {
                    "id": "AU2119",
                    "name": "BUSH CONT ARM LOW FRNT L/R TEKNOSA"
                },
                {
                    "id": "AU2120",
                    "name": "BUSH CONT ARM LOW FRNT L/R TEKNOSA"
                },
                {
                    "id": "AU2121",
                    "name": "BUSH CONT ARM LOW FRNT L/R TEKNOSA"
                },
                {
                    "id": "AU1810",
                    "name": "BUSH CONT ARM UP FRNT L/R TEKNOSA"
                },
                {
                    "id": "VKDS351008",
                    "name": "STAB BAR BUSH L* H* ID* OD* SKF"
                }
            ]
        },
        {
            "id": "4",
            "category": "SUSPENSION COMPONENTS [REAR]",
            "category_parts": [
                {
                    "id": "",
                    "name": ""
                },
                {
                    "id": "VKDP33111T",
                    "name": "DUST COVER KIT FRNT SKF"
                },
                {
                    "id": "VKDP43102T",
                    "name": "DUST COVER KIT REAR SKF"
                },
                {
                    "id": "VKDP43104T",
                    "name": "DUST COVER KIT REAR SKF"
                },
                {
                    "id": "VKDA40121",
                    "name": "TOP MOUNT REAR SHOCK [SINGLE] SKF"
                },
                {
                    "id": "VKDA40121T",
                    "name": "TOP MOUNT REAR SHOCK [TWIN PACK] SKF"
                },
                {
                    "id": "VKDS361000",
                    "name": "REPAIR KIT SUSPENSION STRUT SKF"
                },
                {
                    "id": "VKDS361005",
                    "name": "REPAIR KIT WHEEL SUSPENSION SKF"
                },
                {
                    "id": "VKDS331021",
                    "name": "C/ARM BUSH L* H* ID* OD* SKF"
                },
                {
                    "id": "VKDS331012",
                    "name": "C/ARM BUSH L* H50 ID12.2 OD40.2 SKF"
                },
                {
                    "id": "VKDS331013",
                    "name": "C/ARM BUSH L* H60 ID12.2 OD24 SKF"
                },
                {
                    "id": "VKDS331014",
                    "name": "C/ARM BUSH L* H80 ID12.2 OD64.9 SKF"
                },
                {
                    "id": "14324AP",
                    "name": "C/ARM BUSH LOWER L/R A-PLUS"
                },
                {
                    "id": "14323AP",
                    "name": "C/ARM BUSH LOWER L/R A-PLUS [ID:12|OD:40"
                },
                {
                    "id": "14261AP",
                    "name": "C/ARM BUSH LOWER L/R A-PLUS [ID:16|OD:65"
                },
                {
                    "id": "14262AP",
                    "name": "C/ARM BUSH UPPER L/R A-PLUS"
                },
                {
                    "id": "AU2119",
                    "name": "BUSH CONT ARM LOW FRNT L/R TEKNOSA"
                },
                {
                    "id": "AU2120",
                    "name": "BUSH CONT ARM LOW FRNT L/R TEKNOSA"
                },
                {
                    "id": "AU2121",
                    "name": "BUSH CONT ARM LOW FRNT L/R TEKNOSA"
                },
                {
                    "id": "AU1810",
                    "name": "BUSH CONT ARM UP FRNT L/R TEKNOSA"
                },
                {
                    "id": "VKDS351008",
                    "name": "STAB BAR BUSH L* H* ID* OD* SKF"
                },
                {
                    "id": "AU2621",
                    "name": "LATERAL LINK REAR L/R TEKNOSA"
                },
                {
                    "id": "AU2619",
                    "name": "LATERAL LINK REAR LHS TEKNOSA"
                },
                {
                    "id": "AU2620",
                    "name": "LATERAL LINK REAR RHS TEKNOSA"
                },
                {
                    "id": "VKDS341011",
                    "name": "STABILIZER LINK L* H* ID* OD* SKF"
                },
                {
                    "id": "VKDS341012",
                    "name": "STABILIZER LINK L* H* ID* OD* SKF"
                },
                {
                    "id": "VKDS441010",
                    "name": "STABILIZER LINK L228 H* ID* OD* SKF"
                },
                {
                    "id": "VKDS441011",
                    "name": "STABILIZER LINK L228 H* ID* OD* SKF"
                },
                {
                    "id": "12811AP",
                    "name": "LATERAL LINK L/R A-PLUS L320"
                },
                {
                    "id": "11857AP",
                    "name": "LATERAL LINK LHS A-PLUS L228"
                },
                {
                    "id": "11856AP",
                    "name": "LATERAL LINK RHS A-PLUS L228"
                },
                {
                    "id": "11604AP",
                    "name": "STABILIZER LINK L/R A-PLUS L86"
                },
                {
                    "id": "12979AP",
                    "name": "STABILIZER LINK LHS A-PLUS L90"
                },
                {
                    "id": "15192AP",
                    "name": "STABILIZER LINK RHS A-PLUS L90"
                },
                {
                    "id": "AU1523",
                    "name": "STABILIZER LINK FRNT L/R L86 TEKNOSA"
                },
                {
                    "id": "AU1521",
                    "name": "STABILIZER LINK FRNT LHS L90 TEKNOSA"
                },
                {
                    "id": "AU1522",
                    "name": "STABILIZER LINK FRNT RHS L90 TEKNOSA"
                },
                {
                    "id": "VKDS321029B",
                    "name": "CONTROL ARM L* SKF"
                },
                {
                    "id": "VKDS321030B",
                    "name": "CONTROL ARM L* SKF"
                },
                {
                    "id": "VKDS321032B",
                    "name": "CONTROL ARM L248.5 SKF"
                },
                {
                    "id": "VKDS321034B",
                    "name": "CONTROL ARM L385 SKF"
                },
                {
                    "id": "VKDS321035B",
                    "name": "CONTROL ARM L385 SKF"
                }
            ]
        },
        {
            "id": "5",
            "category": "COOLING SYSTEM",
            "category_parts": [
                {
                    "id": "",
                    "name": ""
                },
                {
                    "id": "VKPC81615",
                    "name": "WATER PUMP SKF"
                },
                {
                    "id": "WP83030",
                    "name": "WATER PUMP PI"
                },
                {
                    "id": "VKM31059",
                    "name": "TENSIONER V-BELT PULLEY [OD:60 W:16] SKF"
                },
                {
                    "id": "VKM31034",
                    "name": "TENSIONER V-BELT PULLEY [OD:77 W:20] SKF"
                },
                {
                    "id": "437100-5720",
                    "name": "COMPRESSOR / AIR CONDITIONER DENSO"
                }
            ]
        },
        {
            "id": "6",
            "category": "CLUTCH COMPONENTS",
            "category_parts": [
                {
                    "id": "",
                    "name": ""
                },
                {
                    "id": "0986486054",
                    "name": "CLUTCH M/CYL BOSCH"
                },
                {
                    "id": "0986486083",
                    "name": "CLUTCH M/CYL BOSCH"
                },
                {
                    "id": "0986486548",
                    "name": "CLUTCH S/CYL BOSCH"
                },
                {
                    "id": "0986486551",
                    "name": "CLUTCH S/CYL BOSCH"
                },
                {
                    "id": "2290601045",
                    "name": "CLUTCH KIT SACHS"
                },
                {
                    "id": "3000815001",
                    "name": "CLUTCH KIT SACHS"
                }
            ]
        },
        {
            "id": "8",
            "category": "DRIVESHAFT COMPONENTS",
            "category_parts": [
                {
                    "id": "",
                    "name": ""
                },
                {
                    "id": "VW6612",
                    "name": "CV JOINT INNER FRNT L/R 30X57.6X108 TEKNOSA"
                },
                {
                    "id": "AD5920A",
                    "name": "CV JOINT OUTER FRNT L/R 33X30X53XIX45W TEKNOSA"
                },
                {
                    "id": "AD5920A-X",
                    "name": "CV JOINT OUTER FRNT L/R 33X30X53XIX45W X-LINE"
                },
                {
                    "id": "VKJP01001",
                    "name": "CV BOOT KIT OUTER SKF"
                },
                {
                    "id": "VKJP01001S",
                    "name": "CV BOOT KIT OUTER SKF"
                },
                {
                    "id": "VKJP01012",
                    "name": "CV BOOT KIT OUTER SKF"
                },
                {
                    "id": "VKJP1231",
                    "name": "CV BOOT KIT OUTER SKF"
                },
                {
                    "id": "VKJP1231R",
                    "name": "CV BOOT KIT OUTER SKF"
                },
                {
                    "id": "VKJP3017",
                    "name": "CV BOOT KIT OUTER SKF"
                },
                {
                    "id": "VKJP3137",
                    "name": "CV BOOT KIT OUTER SKF"
                },
                {
                    "id": "VKJP6004",
                    "name": "CV BOOT KIT OUTER SKF"
                },
                {
                    "id": "VKJC5429",
                    "name": "DRIVESHAFT KIT SKF"
                },
                {
                    "id": "VKJC5441",
                    "name": "DRIVESHAFT KIT SKF"
                },
                {
                    "id": "VKJC5467",
                    "name": "DRIVESHAFT KIT SKF"
                }
            ]
        },
        {
            "id": "9",
            "category": "FUEL SYSTEM",
            "category_parts": [
                {
                    "id": "",
                    "name": ""
                },
                {
                    "id": "MP13",
                    "name": "FUEL FILTER GUD"
                },
                {
                    "id": "CFF100114",
                    "name": "FUEL FILTER CHAMPION L180 OD87"
                },
                {
                    "id": "0450906267",
                    "name": "FUEL FILTER BOSCH"
                },
                {
                    "id": "FEB21600",
                    "name": "FUEL FILTER FEBI"
                }
            ]
        },
        {
            "id": "10",
            "category": "TIMING COMPONENTS",
            "category_parts": [
                {
                    "id": "",
                    "name": ""
                },
                {
                    "id": "VKMA01014",
                    "name": "T/BELT KIT [T:137 W:25] SKF"
                },
                {
                    "id": "1987946022",
                    "name": "T/BELT KIT BOSCH"
                },
                {
                    "id": "1987947896",
                    "name": "T/BELT KIT BOSCH"
                },
                {
                    "id": "VKMC31051-1",
                    "name": "ALRERNATOR AND AIRCON BELT SKF"
                },
                {
                    "id": "VKMV5PK1592",
                    "name": "MULTI-GROOVE BELT SKF"
                },
                {
                    "id": "VKMV4PK855",
                    "name": "MULTI-GROOVE BELT [ALT] SKF"
                },
                {
                    "id": "VKMT01012",
                    "name": "T/BELT [T:137 W:25] SKF"
                },
                {
                    "id": "VKM31059",
                    "name": "TENSIONER V-BELT PULLEY [OD:60 W:16] SKF"
                },
                {
                    "id": "VKM31034",
                    "name": "TENSIONER V-BELT PULLEY [OD:77 W:20] SKF"
                },
                {
                    "id": "VKM93105",
                    "name": "CRANKSHAFT PULLEY [G:9 OD:138] SKF"
                },
                {
                    "id": "VKM21012",
                    "name": "T/BELT IDLER [29X29] SKF"
                },
                {
                    "id": "VKM11014",
                    "name": "T/BELT TENSIONER [D:67 W:26] SKF"
                },
                {
                    "id": "GT60330",
                    "name": "IDLER GMB"
                }
            ]
        },
        {
            "id": "11",
            "category": "CYLINDER HEAD COMPONENTS",
            "category_parts": [
                {
                    "id": "",
                    "name": ""
                },
                {
                    "id": "DX800",
                    "name": "HEAD SET GASKETS PAYEN"
                },
                {
                    "id": "DX801",
                    "name": "HEAD SET GASKETS PAYEN"
                },
                {
                    "id": "BX800",
                    "name": "CYLINDER HEAD GASKET PAYEN"
                },
                {
                    "id": "BX810",
                    "name": "CYLINDER HEAD GASKET PAYEN"
                },
                {
                    "id": "BX820",
                    "name": "CYLINDER HEAD GASKET PAYEN"
                },
                {
                    "id": "JP003",
                    "name": "VALVE COVER GASKET PAYEN"
                },
                {
                    "id": "JD170",
                    "name": "INTAKE MANIFOLD GASKET"
                },
                {
                    "id": "JC152",
                    "name": "EXHAUST MANIFOLD GASKET"
                },
                {
                    "id": "79635",
                    "name": "VALVE EXHAUST AE [31.4X7X96.9]"
                },
                {
                    "id": "79636",
                    "name": "VALVE INLET AE [35.9X7X96.8]"
                },
                {
                    "id": "RVG83047",
                    "name": "VALVE GUIDE AE INLET/EXHAUST [12X7X36.5]"
                },
                {
                    "id": "RVG83048",
                    "name": "VALVE GUIDE AE [11X7X36]"
                },
                {
                    "id": "PA074",
                    "name": "VALVE STEM SEAL"
                },
                {
                    "id": "HR816",
                    "name": "VALVE STEM SEAL SET"
                },
                {
                    "id": "HR569",
                    "name": "VALVE STEM SEAL SET"
                },
                {
                    "id": "HT83021",
                    "name": "VALVE LIFTER KOLBERN [26X35MM]"
                },
                {
                    "id": "NB446",
                    "name": "CAMSHAFT OIL SEAL PAYEN"
                },
                {
                    "id": "NA5001",
                    "name": "CAMSHAFT OIL SEAL [324710]"
                },
                {
                    "id": "NA5124",
                    "name": "CAMSHAFT OIL SEAL [324710]"
                },
                {
                    "id": "NA5163",
                    "name": "CAMSHAFT OIL SEAL [324710]"
                },
                {
                    "id": "NB446V",
                    "name": "CAMSHAFT SEAL VITON [324710]"
                },
                {
                    "id": "RSM79084",
                    "name": "SLEEVE ENGINE BLOCK 80MM"
                }
            ]
        },
        {
            "id": "12",
            "category": "ENGINE SUB ASSEMBLY",
            "category_parts": [
                {
                    "id": "",
                    "name": ""
                },
                {
                    "id": "RP83706-000",
                    "name": "PISTON 79.50MM"
                },
                {
                    "id": "RP83704",
                    "name": "PISTON SET AE 79.50MM"
                },
                {
                    "id": "RP83705",
                    "name": "PISTON SET AE 79.50MM"
                },
                {
                    "id": "RR83703",
                    "name": "RINGSET FED 79.50MM 1.75/2/3MM"
                },
                {
                    "id": "RR83703-000",
                    "name": "RINGSET 79.5MM 1.75/2/3MM FED"
                },
                {
                    "id": "B410127",
                    "name": "CONROD BEARING SET AE"
                },
                {
                    "id": "M5489",
                    "name": "MAIN BEARING SET AE"
                },
                {
                    "id": "ROP83045",
                    "name": "OIL PUMP AUTOZONE"
                },
                {
                    "id": "ROP83046",
                    "name": "OIL PUMP AUTOZONE"
                },
                {
                    "id": "W4022",
                    "name": "THRUST WASHER SET"
                },
                {
                    "id": "NB62G",
                    "name": "CRANKSHAFT OIL SEAL REAR VITON"
                },
                {
                    "id": "NB620",
                    "name": "MAIN BRG SEAL [8510512]"
                },
                {
                    "id": "NB446",
                    "name": "CAMSHAFT OIL SEAL PAYEN"
                },
                {
                    "id": "NA5001",
                    "name": "CAMSHAFT OIL SEAL [324710]"
                },
                {
                    "id": "NA5124",
                    "name": "CAMSHAFT OIL SEAL [324710]"
                },
                {
                    "id": "NA5163",
                    "name": "CAMSHAFT OIL SEAL [324710]"
                },
                {
                    "id": "NB446V",
                    "name": "CAMSHAFT SEAL VITON [324710]"
                },
                {
                    "id": "8510512",
                    "name": "OIL SEAL REAR MAIN BRG PQ"
                },
                {
                    "id": "324710",
                    "name": "OIL SEAL T/COVER OR CAM PQ"
                }
            ]
        },
        {
            "id": "13",
            "category": "MOUNTINGS ",
            "category_parts": [
                {
                    "id": "",
                    "name": ""
                },
                {
                    "id": "01825",
                    "name": "ENGINE MOUNTING RIGHT FRONT OSSCA/ATS"
                },
                {
                    "id": "AR7060",
                    "name": "ENGINE MOUNTING RHS PQ"
                },
                {
                    "id": "FEB11486",
                    "name": "ENGINE MOUNTING RHS"
                },
                {
                    "id": "SB-9830",
                    "name": "MOUNTING ENGINE FRNT RHS TEKNOSA"
                },
                {
                    "id": "SB-8169",
                    "name": "MOUNTING GEARBOX FRNT LHS TEKNOSA"
                },
                {
                    "id": "SB-8176",
                    "name": "MOUNTING GEARBOX FRNT LHS TEKNOSA"
                },
                {
                    "id": "AU2819",
                    "name": "MOUNTING STRUT FRNT L/R TEKNOSA"
                },
                {
                    "id": "SB-8182",
                    "name": "MOUNTING STRUT FRNT L/R TEKNOSA"
                }
            ]
        },
        {
            "id": "15",
            "category": "ALTERNATOR COMPONENTS",
            "category_parts": [
                {
                    "id": "",
                    "name": ""
                },
                {
                    "id": "0123320025",
                    "name": "ALTERNATOR BOSCH"
                },
                {
                    "id": "0123515008",
                    "name": "ALTERNATOR BOSCH"
                },
                {
                    "id": "VKM03102",
                    "name": "ALT PULLEY [G:5 W:35 ID:17 OD:61] SKF"
                },
                {
                    "id": "VKM03107",
                    "name": "ALT PULLEY [G:5 W:35 ID:17 OD:61] SKF"
                },
                {
                    "id": "VKM31059",
                    "name": "TENSIONER V-BELT PULLEY [OD:60 W:16] SKF"
                },
                {
                    "id": "VKM31034",
                    "name": "TENSIONER V-BELT PULLEY [OD:77 W:20] SKF"
                }
            ]
        },
        {
            "id": "17",
            "category": "SWITCHES \u0026 ACCESSORIES",
            "category_parts": [
                {
                    "id": "",
                    "name": ""
                },
                {
                    "id": "F652",
                    "name": "BATTERY EXIDE/MIDAS"
                },
                {
                    "id": "W652",
                    "name": "BATTERY WILLARD"
                }
            ]
        },
        {
            "id": "18",
            "category": "GASKETS ",
            "category_parts": [
                {
                    "id": "",
                    "name": ""
                },
                {
                    "id": "JD170",
                    "name": "INTAKE MANIFOLD GASKET"
                },
                {
                    "id": "JC152",
                    "name": "EXHAUST MANIFOLD GASKET"
                },
                {
                    "id": "DX800",
                    "name": "HEAD SET GASKETS PAYEN"
                },
                {
                    "id": "DX801",
                    "name": "HEAD SET GASKETS PAYEN"
                },
                {
                    "id": "BX800",
                    "name": "CYLINDER HEAD GASKET PAYEN"
                },
                {
                    "id": "BX810",
                    "name": "CYLINDER HEAD GASKET PAYEN"
                },
                {
                    "id": "BX820",
                    "name": "CYLINDER HEAD GASKET PAYEN"
                },
                {
                    "id": "JP003",
                    "name": "VALVE COVER GASKET PAYEN"
                }
            ]
        },
        {
            "id": "20",
            "category": "SEALS ",
            "category_parts": [
                {
                    "id": "",
                    "name": ""
                },
                {
                    "id": "NB62G",
                    "name": "CRANKSHAFT OIL SEAL REAR VITON"
                },
                {
                    "id": "NB620",
                    "name": "MAIN BRG SEAL [8510512]"
                },
                {
                    "id": "NB446",
                    "name": "CAMSHAFT OIL SEAL PAYEN"
                },
                {
                    "id": "NA5001",
                    "name": "CAMSHAFT OIL SEAL [324710]"
                },
                {
                    "id": "NA5124",
                    "name": "CAMSHAFT OIL SEAL [324710]"
                },
                {
                    "id": "NA5163",
                    "name": "CAMSHAFT OIL SEAL [324710]"
                },
                {
                    "id": "NB446V",
                    "name": "CAMSHAFT SEAL VITON [324710]"
                },
                {
                    "id": "PA074",
                    "name": "VALVE STEM SEAL"
                },
                {
                    "id": "HR816",
                    "name": "VALVE STEM SEAL SET"
                },
                {
                    "id": "HR569",
                    "name": "VALVE STEM SEAL SET"
                },
                {
                    "id": "8510512",
                    "name": "OIL SEAL REAR MAIN BRG PQ"
                },
                {
                    "id": "324710",
                    "name": "OIL SEAL T/COVER OR CAM PQ"
                }
            ]
        },
        {
            "id": "23",
            "category": "LUBRICANTS",
            "category_parts": [
                {
                    "id": "",
                    "name": ""
                },
                {
                    "id": "3433389",
                    "name": "ENGINE OIL CASTROL MAGNATEC 5W30 5L"
                },
                {
                    "id": "550048788",
                    "name": "ENGINE OIL SHELL HELIX ULTRA 5W30 5L"
                }
            ]
        },
        {
            "id": "24",
            "category": "WHEEL BEARINGS",
            "category_parts": [
                {
                    "id": "",
                    "name": ""
                },
                {
                    "id": "VKBA1355",
                    "name": "WHEEL BRG KIT FRNT [41X75X37] SKF"
                },
                {
                    "id": "ATC9029",
                    "name": "WHEEL BRG KIT FRNT [41X75X37]"
                },
                {
                    "id": "FAG9003",
                    "name": "WHEEL BRG KIT FRNT [41X75X37]"
                },
                {
                    "id": "9003M",
                    "name": "WHEEL BRG KIT FRNT [41X75X37]"
                },
                {
                    "id": "K-151",
                    "name": "WHEEL BEARING KIT REAR L/R TEKNOSA"
                },
                {
                    "id": "SKF151",
                    "name": "WHEEL BRG KIT REAR SKF"
                },
                {
                    "id": "VKBA3519",
                    "name": "WHEEL BRG KIT REAR SKF"
                },
                {
                    "id": "VKBA542",
                    "name": "WHEEL BRG KIT REAR SKF"
                }
            ]
        },
        {
            "id": "26",
            "category": "STEERING",
            "category_parts": [
                {
                    "id": "",
                    "name": ""
                },
                {
                    "id": "11251AP",
                    "name": "STEERING RACK END L/R A-PLUS L128"
                },
                {
                    "id": "AU1414",
                    "name": "RACK END FRNT L/R L128 TEKNOSA"
                },
                {
                    "id": "VKDY331023",
                    "name": "ROD ASSEMBLY L* SKF"
                },
                {
                    "id": "VKDY321501",
                    "name": "STEERING RACK END L144.6 SKF"
                },
                {
                    "id": "VKDY311023",
                    "name": "TIE ROD END L* SKF"
                },
                {
                    "id": "VKDY311026",
                    "name": "TIE ROD END L* SKF"
                },
                {
                    "id": "12731AP",
                    "name": "TIE ROD END ASSEMBLY L/R A-PLUS"
                },
                {
                    "id": "11485AP",
                    "name": "TIE ROD END OUTER L/R A-PLUS"
                },
                {
                    "id": "AU1022",
                    "name": "TIE ROD END OUTER FRNT L/R TEKNOSA"
                },
                {
                    "id": "AU1317",
                    "name": "TIE ROD END SET OUTER FRNT L/R TEKNOSA"
                }
            ]
        },
        {
            "id": "27",
            "category": "BEARINGS",
            "category_parts": [
                {
                    "id": "",
                    "name": ""
                },
                {
                    "id": "VKBA1355",
                    "name": "WHEEL BRG KIT FRNT [41X75X37] SKF"
                },
                {
                    "id": "ATC9029",
                    "name": "WHEEL BRG KIT FRNT [41X75X37]"
                },
                {
                    "id": "FAG9003",
                    "name": "WHEEL BRG KIT FRNT [41X75X37]"
                },
                {
                    "id": "9003M",
                    "name": "WHEEL BRG KIT FRNT [41X75X37]"
                },
                {
                    "id": "K-151",
                    "name": "WHEEL BEARING KIT REAR L/R TEKNOSA"
                },
                {
                    "id": "SKF151",
                    "name": "WHEEL BRG KIT REAR SKF"
                },
                {
                    "id": "VKBA3519",
                    "name": "WHEEL BRG KIT REAR SKF"
                },
                {
                    "id": "VKBA542",
                    "name": "WHEEL BRG KIT REAR SKF"
                },
                {
                    "id": "VKDS361000",
                    "name": "REPAIR KIT SUSPENSION STRUT SKF"
                },
                {
                    "id": "VKDS361005",
                    "name": "REPAIR KIT WHEEL SUSPENSION SKF"
                },
                {
                    "id": "VKDS321029B",
                    "name": "CONTROL ARM L* SKF"
                },
                {
                    "id": "VKDS321030B",
                    "name": "CONTROL ARM L* SKF"
                },
                {
                    "id": "VKDS321032B",
                    "name": "CONTROL ARM L248.5 SKF"
                },
                {
                    "id": "VKDS321034B",
                    "name": "CONTROL ARM L385 SKF"
                },
                {
                    "id": "VKDS321035B",
                    "name": "CONTROL ARM L385 SKF"
                }
            ]
        },
        {
            "id": "28",
            "category": "AIR CONDITIONING",
            "category_parts": [
                {
                    "id": "",
                    "name": ""
                },
                {
                    "id": "437100-5720",
                    "name": "COMPRESSOR / AIR CONDITIONER DENSO"
                }
            ]
        },
        {
            "id": "28",
            "category": "AIR CONDITIONING",
            "category_parts": [
                {
                    "id": "",
                    "name": ""
                },
                {
                    "id": "437100-5720",
                    "name": "COMPRESSOR / AIR CONDITIONER DENSO"
                }
            ]
        }
    ]
}
