{
    "id": "414",
    "parts": [
        {
            "id": "1",
            "category": "SERVICE PARTS",
            "category_parts": [
                {
                    "id": "",
                    "name": ""
                },
                {
                    "id": "Z587",
                    "name": "OIL FILTER GUD OD76 H79 [3/4 - 16UNF]"
                },
                {
                    "id": "COF100687S",
                    "name": "OIL FILTER CHAMPION"
                },
                {
                    "id": "F026407143",
                    "name": "OIL FILTER BOSCH H74 OD76"
                },
                {
                    "id": "108330",
                    "name": "OIL FILTER H79MM IT3/4IN OD76MM SRD72MM"
                },
                {
                    "id": "ADV182118",
                    "name": "OIL FILTER H79MM IT3/4IN OD76MM SRD72MM"
                },
                {
                    "id": "WL7503",
                    "name": "OIL FILTER WIX"
                },
                {
                    "id": "07-239",
                    "name": "OIL FILTER GENERIC"
                },
                {
                    "id": "AG1542",
                    "name": "AIR FILTER GUD PANEL L265 W187 H27"
                },
                {
                    "id": "CA11503",
                    "name": "AIR FILTER FRAM L270 W190 H25"
                },
                {
                    "id": "CAF101067P",
                    "name": "AIR FILTER CHAMPION"
                },
                {
                    "id": "F026400342",
                    "name": "AIR FILTER BOSCH L269 W190 H24"
                },
                {
                    "id": "WA9766",
                    "name": "AIR FILTER WIX"
                },
                {
                    "id": "INTANK",
                    "name": "FUEL FILTER IN TANK LIFETIME"
                },
                {
                    "id": "PZKER7A-8EGS",
                    "name": "SPARK PLUG NGK"
                },
                {
                    "id": "PZKER7B8EGS",
                    "name": "SPARK PLUG NGK"
                },
                {
                    "id": "Y5KPP332S",
                    "name": "SPARK PLUG BOSCH"
                },
                {
                    "id": "09-114",
                    "name": "CABIN AIR FILTER GENERIC"
                },
                {
                    "id": "AC129GUD",
                    "name": "CABIN AIR FILTER GUD H30 L254 W235"
                },
                {
                    "id": "CF11643",
                    "name": "CABIN AIR FILTER FRAM"
                },
                {
                    "id": "CFA11643",
                    "name": "CABIN AIR FILTER FRAM"
                },
                {
                    "id": "CCF0480",
                    "name": "CABIN AIR FILTER CHAMPION"
                },
                {
                    "id": "WP2089",
                    "name": "CABIN AIR FILTER WIX CARBON"
                },
                {
                    "id": "ATE1244",
                    "name": "DISC PAD FRNT ATE L160 H65 T20"
                },
                {
                    "id": "FDB4433",
                    "name": "DISC PAD FRNT FERODO L160 H65 T20"
                },
                {
                    "id": "0986494660",
                    "name": "DISC PAD FRNT BOSCH L160 H65 T20"
                },
                {
                    "id": "D4088",
                    "name": "DISC PAD FRNT SAFELINE L160 H65 T19"
                },
                {
                    "id": "05P1834",
                    "name": "DISC PAD FRNT LPR L160 H65 T20"
                },
                {
                    "id": "ADB12158",
                    "name": "DISC PAD FRNT NIPPON L160 H65 T20"
                },
                {
                    "id": "ATE1263",
                    "name": "DISC PAD REAR ATE L123 H56 T15"
                },
                {
                    "id": "FDB4434",
                    "name": "DISC PAD REAR FERODO L123 H56 T16"
                },
                {
                    "id": "FDB4697",
                    "name": "DISC PAD REAR FERODO L123 H57 T17"
                },
                {
                    "id": "0986494659",
                    "name": "DISC PAD REAR BOSCH L123 H61 T16"
                },
                {
                    "id": "D4089",
                    "name": "DISC PAD REAR SAFELINE L123 H61 T18"
                },
                {
                    "id": "05P1835",
                    "name": "DISC PAD REAR LPR L123 H56 T16"
                },
                {
                    "id": "ADB02157",
                    "name": "DISC PAD REAR NIPPON L123 H56 T16"
                },
                {
                    "id": "00921",
                    "name": "DRAIN PLUG SUMP \u0026 WASHER OSSCA/ATS"
                },
                {
                    "id": "FEB15374",
                    "name": "DRAIN PLUG SUMP \u0026 WASHER FEBI"
                },
                {
                    "id": "550053709",
                    "name": "ENGINE OIL SHELL HELIX HX7 10W40 5L"
                },
                {
                    "id": "550053711",
                    "name": "ENGINE OIL SHELL HELIX HX8 5W40 5L"
                },
                {
                    "id": "550048788",
                    "name": "ENGINE OIL SHELL HELIX ULTRA 5W30 5L"
                }
            ]
        },
        {
            "id": "2",
            "category": "BRAKES",
            "category_parts": [
                {
                    "id": "",
                    "name": ""
                },
                {
                    "id": "ATE1244",
                    "name": "DISC PAD FRNT ATE L160 H65 T20"
                },
                {
                    "id": "FDB4433",
                    "name": "DISC PAD FRNT FERODO L160 H65 T20"
                },
                {
                    "id": "0986494660",
                    "name": "DISC PAD FRNT BOSCH L160 H65 T20"
                },
                {
                    "id": "D4088",
                    "name": "DISC PAD FRNT SAFELINE L160 H65 T19"
                },
                {
                    "id": "05P1834",
                    "name": "DISC PAD FRNT LPR L160 H65 T20"
                },
                {
                    "id": "ADB12158",
                    "name": "DISC PAD FRNT NIPPON L160 H65 T20"
                },
                {
                    "id": "ATE1263",
                    "name": "DISC PAD REAR ATE L123 H56 T15"
                },
                {
                    "id": "FDB4434",
                    "name": "DISC PAD REAR FERODO L123 H56 T16"
                },
                {
                    "id": "FDB4697",
                    "name": "DISC PAD REAR FERODO L123 H57 T17"
                },
                {
                    "id": "0986494659",
                    "name": "DISC PAD REAR BOSCH L123 H61 T16"
                },
                {
                    "id": "D4089",
                    "name": "DISC PAD REAR SAFELINE L123 H61 T18"
                },
                {
                    "id": "05P1835",
                    "name": "DISC PAD REAR LPR L123 H56 T16"
                },
                {
                    "id": "ADB02157",
                    "name": "DISC PAD REAR NIPPON L123 H56 T16"
                },
                {
                    "id": "DR6651",
                    "name": "BRAKE DISC FV ALFA D287 H50 S65 [9]"
                },
                {
                    "id": "DR6260",
                    "name": "BRAKE DISC FV ALFA D288 H49 S65 [9]"
                },
                {
                    "id": "125.0145",
                    "name": "BRAKE DISC FV ATE D288 H50 S65 ID144 [10]"
                },
                {
                    "id": "DDF1218",
                    "name": "BRAKE DISC FV FERODO D288 H50 S65 [5]"
                },
                {
                    "id": "DDF1218C",
                    "name": "BRAKE DISC FV FERODO D288 H50 S65 [5]"
                },
                {
                    "id": "122.0219",
                    "name": "BRAKE DISC RV ATE D310 H48 S65 [5]"
                },
                {
                    "id": "DDF1895",
                    "name": "BRAKE DISC RS FERODO D272 H48 S65 [9]"
                },
                {
                    "id": "DDF1895C",
                    "name": "BRAKE DISC RS FERODO D272 H48 S65 [9]"
                },
                {
                    "id": "WS0329B",
                    "name": "DISC PAD SENSOR FRONT [170MM] QB"
                },
                {
                    "id": "FEB44479",
                    "name": "DISC PAD SENSOR FRNT FEBI"
                },
                {
                    "id": "113-1306X",
                    "name": "BRAKE CALIPER GUIDE SLEEVE KIT QB"
                },
                {
                    "id": "113-1458X",
                    "name": "BRAKE CALIPER GUIDE SLEEVE KIT QB"
                }
            ]
        },
        {
            "id": "3",
            "category": "SUSPENSION COMPONENTS [FRONT]",
            "category_parts": [
                {
                    "id": "",
                    "name": ""
                },
                {
                    "id": "AR8909",
                    "name": "STRUT MOUNTING FRNT PQ"
                },
                {
                    "id": "FEB22500",
                    "name": "STRUT MOUNTING FRNT FEBI"
                },
                {
                    "id": "FEB45529",
                    "name": "STRUT MOUNTING FRNT FEBI"
                },
                {
                    "id": "22767",
                    "name": "STRUT MOUNTING FRNT OSSCA/ATS"
                },
                {
                    "id": "VKDP33130T",
                    "name": "DUST COVER KIT FRNT SKF"
                },
                {
                    "id": "VKDP33169T",
                    "name": "DUST COVER KIT FRNT SKF"
                },
                {
                    "id": "BJ1139L",
                    "name": "BALL JOINT LOWER LHS PQ"
                },
                {
                    "id": "BJ1139R",
                    "name": "BALL JOINT LOWER RHS PQ"
                },
                {
                    "id": "14462AP",
                    "name": "BALL JOINT LOWER LHS A-PLUS"
                },
                {
                    "id": "14461AP",
                    "name": "BALL JOINT LOWER RHS A-PLUS"
                },
                {
                    "id": "VKDS311011",
                    "name": "BALL JOINT LOWER L* H* ID* OD* SKF"
                },
                {
                    "id": "VKDS311012",
                    "name": "BALL JOINT LOWER L* H* ID* OD* SKF"
                },
                {
                    "id": "VKDS311021",
                    "name": "BALL JOINT LOWER L* H* ID* OD* SKF"
                },
                {
                    "id": "VKDS311022",
                    "name": "BALL JOINT LOWER L* H* ID* OD* SKF"
                },
                {
                    "id": "CS414L",
                    "name": "CONTROL ARM LOWER LHS PQ"
                },
                {
                    "id": "CS414R",
                    "name": "CONTROL ARM LOWER RHS PQ"
                },
                {
                    "id": "22223AP",
                    "name": "CONTROL ARM LOWER LHS A-PLUS"
                },
                {
                    "id": "22224AP",
                    "name": "CONTROL ARM LOWER RHS A-PLUS"
                },
                {
                    "id": "VKDS341002",
                    "name": "STABILIZER LINK L* H* ID* OD* SKF"
                },
                {
                    "id": "VKD35052",
                    "name": "ANTI-F BRG \u0026 SUS/MOUNT [SINGLE] FRNT SKF"
                },
                {
                    "id": "VKD35052T",
                    "name": "ANTI-F BRG \u0026 SUS/MOUNT [TWIN PACK] FRNT SKF"
                },
                {
                    "id": "VKDS321090",
                    "name": "CONTROL ARM L* SKF"
                },
                {
                    "id": "VKDS321091",
                    "name": "CONTROL ARM L* SKF"
                },
                {
                    "id": "VKDS421019",
                    "name": "CONTROL ARM L305.5 SKF"
                },
                {
                    "id": "VKDS331041",
                    "name": "C/ARM BUSH L* H50 ID13 OD65 SKF"
                },
                {
                    "id": "AR6899",
                    "name": "C/ARM BUSH F/SUSP LOWER INNER PQ"
                }
            ]
        },
        {
            "id": "4",
            "category": "SUSPENSION COMPONENTS [REAR]",
            "category_parts": [
                {
                    "id": "",
                    "name": ""
                },
                {
                    "id": "VKDP33130T",
                    "name": "DUST COVER KIT FRNT SKF"
                },
                {
                    "id": "VKDP33169T",
                    "name": "DUST COVER KIT FRNT SKF"
                },
                {
                    "id": "FEB36871",
                    "name": "STRUT MOUNTING REAR FEBI"
                },
                {
                    "id": "VKDS331041",
                    "name": "C/ARM BUSH L* H50 ID13 OD65 SKF"
                },
                {
                    "id": "14525AP",
                    "name": "C/ARM BUSH LOWER L/R A-PLUS"
                },
                {
                    "id": "22228AP",
                    "name": "C/ARM BUSH LOWER L/R A-PLUS"
                },
                {
                    "id": "VKDS341002",
                    "name": "STABILIZER LINK L* H* ID* OD* SKF"
                },
                {
                    "id": "23869AP",
                    "name": "LATERAL LINK L/R A-PLUS"
                },
                {
                    "id": "22225AP",
                    "name": "STABILIZER LINK L/R A-PLUS L335"
                },
                {
                    "id": "23351AP",
                    "name": "STABILIZER LINK L/R A-PLUS L70"
                },
                {
                    "id": "VKD35052",
                    "name": "ANTI-F BRG \u0026 SUS/MOUNT [SINGLE] FRNT SKF"
                },
                {
                    "id": "VKD35052T",
                    "name": "ANTI-F BRG \u0026 SUS/MOUNT [TWIN PACK] FRNT SKF"
                },
                {
                    "id": "VKDS321090",
                    "name": "CONTROL ARM L* SKF"
                },
                {
                    "id": "VKDS321091",
                    "name": "CONTROL ARM L* SKF"
                },
                {
                    "id": "VKDS421019",
                    "name": "CONTROL ARM L305.5 SKF"
                }
            ]
        },
        {
            "id": "5",
            "category": "COOLING SYSTEM",
            "category_parts": [
                {
                    "id": "",
                    "name": ""
                },
                {
                    "id": "58471",
                    "name": "RADIATOR NRF L620 W398 D16"
                },
                {
                    "id": "376790551",
                    "name": "RADIATOR MAHLE L650 W428 D26"
                },
                {
                    "id": "01686",
                    "name": "RADIATOR CAP OSSCA/ATS"
                },
                {
                    "id": "TP3-23",
                    "name": "RADIATOR CAP [LIGHT BLUE 40KPA] ECHLIN"
                },
                {
                    "id": "TP3-23M",
                    "name": "RADIATOR CAP [LIGHT BLUE 40KPA] MP"
                },
                {
                    "id": "TI3387",
                    "name": "THERMOSTAT MAHLE 87C"
                },
                {
                    "id": "VKPC81341",
                    "name": "WATER PUMP SKF"
                },
                {
                    "id": "WP18037",
                    "name": "WATER PUMP AIRTEX"
                },
                {
                    "id": "PA1218",
                    "name": "WATER PUMP GRAF"
                },
                {
                    "id": "A-239",
                    "name": "WATER PUMP DOLZ"
                },
                {
                    "id": "534048010",
                    "name": "FAN BELT TENSIONER INA"
                },
                {
                    "id": "DCP32060",
                    "name": "COMPRESSOR / AIR CONDITIONER DENSO"
                },
                {
                    "id": "351343111",
                    "name": "AIR CONDITIONING CONDENSER MAHLE"
                },
                {
                    "id": "351343114",
                    "name": "AIR CONDITIONING CONDENSER MAHLE"
                }
            ]
        },
        {
            "id": "6",
            "category": "CLUTCH COMPONENTS",
            "category_parts": [
                {
                    "id": "",
                    "name": ""
                },
                {
                    "id": "CPD.VW3016",
                    "name": "CLUTCH M/CYL 15.87MM CPD"
                },
                {
                    "id": "22481",
                    "name": "CLUTCH M/CYL OSSCA/ATS 19.05MM PLASTIC"
                },
                {
                    "id": "39438",
                    "name": "CLUTCH S/CYL FEBI"
                },
                {
                    "id": "RB9680",
                    "name": "CLUTCH RELEASE BRG"
                }
            ]
        },
        {
            "id": "7",
            "category": "IGNITION SYSTEM",
            "category_parts": [
                {
                    "id": "",
                    "name": ""
                },
                {
                    "id": "U5153",
                    "name": "IGNITION COIL NGK 4 PIN"
                },
                {
                    "id": "FEB40321",
                    "name": "IGNITION COIL FEBI"
                },
                {
                    "id": "0986221057",
                    "name": "IGNITION COIL BOSCH"
                },
                {
                    "id": "IGC157",
                    "name": "IGNITION COIL MOBILETRON 4 PIN"
                }
            ]
        },
        {
            "id": "8",
            "category": "DRIVESHAFT COMPONENTS",
            "category_parts": [
                {
                    "id": "",
                    "name": ""
                },
                {
                    "id": "VKJP01001",
                    "name": "CV BOOT KIT OUTER SKF"
                },
                {
                    "id": "VKJP01001S",
                    "name": "CV BOOT KIT OUTER SKF"
                },
                {
                    "id": "VKJP3151R",
                    "name": "CV BOOT KIT OUTER SKF"
                }
            ]
        },
        {
            "id": "9",
            "category": "FUEL SYSTEM",
            "category_parts": [
                {
                    "id": "",
                    "name": ""
                },
                {
                    "id": "INTANK",
                    "name": "FUEL FILTER IN TANK LIFETIME"
                }
            ]
        },
        {
            "id": "10",
            "category": "TIMING COMPONENTS",
            "category_parts": [
                {
                    "id": "",
                    "name": ""
                },
                {
                    "id": "VKMA01280",
                    "name": "T/BELT KIT SKF"
                },
                {
                    "id": "VKMV6PK1005",
                    "name": "MULTI-GROOVE BELT SKF"
                },
                {
                    "id": "VKMV6PK746",
                    "name": "MULTI-GROOVE BELT SKF"
                },
                {
                    "id": "6PK1000",
                    "name": "MULTI-GROOVE BELT RAM"
                },
                {
                    "id": "6PK1003",
                    "name": "MULTI-GROOVE BELT RAM"
                },
                {
                    "id": "6PK1005",
                    "name": "MULTI-GROOVE BELT [ALT] RAM"
                },
                {
                    "id": "FEB45793",
                    "name": "T/BELT TENSIONER FEBI"
                },
                {
                    "id": "VKM21338",
                    "name": "T/BELT PULLEY SKF"
                },
                {
                    "id": "VKM11338",
                    "name": "T/BELT TENSIONER [D:60 W:21] SKF"
                }
            ]
        },
        {
            "id": "11",
            "category": "CYLINDER HEAD COMPONENTS",
            "category_parts": [
                {
                    "id": "",
                    "name": ""
                },
                {
                    "id": "BY2006",
                    "name": "CYL HEAD GASKET PAYEN"
                },
                {
                    "id": "71-42813-00",
                    "name": "CYL HEAD COVER GASKET VR"
                },
                {
                    "id": "177031",
                    "name": "CAMSHAFT SENSOR SEBRING 3 PIN"
                },
                {
                    "id": "87940",
                    "name": "CAMSHAFT SENSOR PI 3 PIN"
                }
            ]
        },
        {
            "id": "12",
            "category": "ENGINE SUB ASSEMBLY",
            "category_parts": [
                {
                    "id": "",
                    "name": ""
                },
                {
                    "id": "RP83053",
                    "name": "PISTON SET AE 71MM"
                },
                {
                    "id": "RR83055",
                    "name": "RINGSET FED 71MM 1.2/1.2/2MM"
                },
                {
                    "id": "B4136",
                    "name": "CONROD BEARING SET AE"
                },
                {
                    "id": "M5136",
                    "name": "MAIN BEARING SET AE"
                },
                {
                    "id": "ROP83053",
                    "name": "OIL PUMP AUTOZONE"
                },
                {
                    "id": "FEB15374",
                    "name": "DRAIN PLUG SUMP \u0026 WASHER FEBI"
                },
                {
                    "id": "00921",
                    "name": "DRAIN PLUG SUMP \u0026 WASHER OSSCA/ATS"
                },
                {
                    "id": "W2120",
                    "name": "THRUST WASHER SET"
                }
            ]
        },
        {
            "id": "13",
            "category": "MOUNTINGS ",
            "category_parts": [
                {
                    "id": "",
                    "name": ""
                },
                {
                    "id": "22767",
                    "name": "STRUT MOUNTING FRNT OSSCA/ATS"
                },
                {
                    "id": "AR8909",
                    "name": "STRUT MOUNTING FRNT PQ"
                },
                {
                    "id": "FEB22500",
                    "name": "STRUT MOUNTING FRNT FEBI"
                },
                {
                    "id": "FEB45529",
                    "name": "STRUT MOUNTING FRNT FEBI"
                },
                {
                    "id": "FEB36871",
                    "name": "STRUT MOUNTING REAR FEBI"
                }
            ]
        },
        {
            "id": "14",
            "category": "STARTER COMPONENTS",
            "category_parts": [
                {
                    "id": "",
                    "name": ""
                },
                {
                    "id": "1986S01055",
                    "name": "STARTER MOTOR BOSCH 12V 13T"
                },
                {
                    "id": "STR1980A",
                    "name": "STARTER MOTOR 12V 13T ELECTROPART"
                }
            ]
        },
        {
            "id": "15",
            "category": "ALTERNATOR COMPONENTS",
            "category_parts": [
                {
                    "id": "",
                    "name": ""
                },
                {
                    "id": "ALT10033A",
                    "name": "ALTERNATOR ELECTROPART 12V 65A"
                },
                {
                    "id": "535027910",
                    "name": "ALTERNATOR FREEWHEEL PULLEY INA"
                },
                {
                    "id": "6PK1000",
                    "name": "MULTI-GROOVE BELT RAM"
                },
                {
                    "id": "6PK1003",
                    "name": "MULTI-GROOVE BELT RAM"
                },
                {
                    "id": "6PK1005",
                    "name": "MULTI-GROOVE BELT [ALT] RAM"
                },
                {
                    "id": "534048010",
                    "name": "FAN BELT TENSIONER INA"
                }
            ]
        },
        {
            "id": "16",
            "category": "BODY PARTS FRONT AND REAR",
            "category_parts": [
                {
                    "id": "",
                    "name": ""
                },
                {
                    "id": "7.1232",
                    "name": "STOP LIGHT SWITCH FACET"
                },
                {
                    "id": "24990",
                    "name": "STOP LIGHT SWITCH FAE 4 PIN"
                }
            ]
        },
        {
            "id": "17",
            "category": "SWITCHES \u0026 ACCESSORIES",
            "category_parts": [
                {
                    "id": "",
                    "name": ""
                },
                {
                    "id": "S668",
                    "name": "BATTERY SABAT"
                },
                {
                    "id": "F668AGM",
                    "name": "BATTERY EXIDE STOP/START L315MM"
                },
                {
                    "id": "F668",
                    "name": "BATTERY EXIDE/MIDAS"
                },
                {
                    "id": "F652AGM",
                    "name": "BATTERY EXIDE/MIDAS START/STOP L278MM"
                },
                {
                    "id": "W668",
                    "name": "BATTERY WILLARD"
                },
                {
                    "id": "W668AGM-00",
                    "name": "BATTERY WILLARD STOP/START L315MM"
                },
                {
                    "id": "3397006838",
                    "name": "WIPER BLADE FRNT DRIV BOSCH"
                },
                {
                    "id": "3397006831",
                    "name": "WIPER BLADE FRNT PASS BOSCH"
                },
                {
                    "id": "3397007864",
                    "name": "WIPER BLADE KIT FRNT BOSCH"
                },
                {
                    "id": "3397008635",
                    "name": "WIPER BLADE REAR BOSCH"
                },
                {
                    "id": "V668-64AGM",
                    "name": "BATTERY VARTA START/STOP L315MM"
                },
                {
                    "id": "7.3278",
                    "name": "TEMP SENDER UNIT FACET"
                },
                {
                    "id": "7.1232",
                    "name": "STOP LIGHT SWITCH FACET"
                },
                {
                    "id": "24990",
                    "name": "STOP LIGHT SWITCH FAE 4 PIN"
                }
            ]
        },
        {
            "id": "18",
            "category": "GASKETS ",
            "category_parts": [
                {
                    "id": "",
                    "name": ""
                },
                {
                    "id": "BY2006",
                    "name": "CYL HEAD GASKET PAYEN"
                }
            ]
        },
        {
            "id": "21",
            "category": "SENSORS \u0026 RELAYS",
            "category_parts": [
                {
                    "id": "",
                    "name": ""
                },
                {
                    "id": "177031",
                    "name": "CAMSHAFT SENSOR SEBRING 3 PIN"
                },
                {
                    "id": "87940",
                    "name": "CAMSHAFT SENSOR PI 3 PIN"
                },
                {
                    "id": "ND44",
                    "name": "GLOW PLUG RELAY 12V-9PIN OSSCA/ATS"
                },
                {
                    "id": "23814",
                    "name": "WHEEL SPEED SENSOR FEBI FRNT LHS"
                },
                {
                    "id": "23816",
                    "name": "WHEEL SPEED SENSOR FEBI FRNT RHS"
                }
            ]
        },
        {
            "id": "23",
            "category": "LUBRICANTS",
            "category_parts": [
                {
                    "id": "",
                    "name": ""
                },
                {
                    "id": "550053709",
                    "name": "ENGINE OIL SHELL HELIX HX7 10W40 5L"
                },
                {
                    "id": "550053711",
                    "name": "ENGINE OIL SHELL HELIX HX8 5W40 5L"
                },
                {
                    "id": "550048788",
                    "name": "ENGINE OIL SHELL HELIX ULTRA 5W30 5L"
                }
            ]
        },
        {
            "id": "24",
            "category": "WHEEL BEARINGS",
            "category_parts": [
                {
                    "id": "",
                    "name": ""
                },
                {
                    "id": "VKBA7011",
                    "name": "WHEEL BRG KIT FRNT 312MM DISC SKF"
                },
                {
                    "id": "VKBA6556",
                    "name": "WHEEL BRG KIT FRNT [5+3 HOLE] SKF"
                },
                {
                    "id": "VKBA3656",
                    "name": "WHEEL BRG KIT REAR [30MM ID] SKF"
                },
                {
                    "id": "PQ691",
                    "name": "WHEEL BRG KIT REAR [30MM ID] PQ"
                },
                {
                    "id": "FAG1069",
                    "name": "WHEEL BRG KIT REAR [30MM ID] FAG"
                },
                {
                    "id": "WBRW2003",
                    "name": "WHEEL BRG KIT REAR [30MM ID] G/MARK"
                }
            ]
        },
        {
            "id": "26",
            "category": "STEERING",
            "category_parts": [
                {
                    "id": "",
                    "name": ""
                },
                {
                    "id": "14498AP",
                    "name": "STEERING RACK END LHS A-PLUS L309"
                },
                {
                    "id": "TR5841",
                    "name": "STEERING RACK END PQ 306MM"
                },
                {
                    "id": "VKDY321002",
                    "name": "STEERING RACK END L* SKF"
                },
                {
                    "id": "VKDY311016",
                    "name": "TIE ROD END L* SKF"
                },
                {
                    "id": "VKDY311017",
                    "name": "TIE ROD END L* SKF"
                },
                {
                    "id": "13359AP",
                    "name": "TIE ROD END OUTER LHS A-PLUS"
                },
                {
                    "id": "13358AP",
                    "name": "TIE ROD END OUTER RHS A-PLUS"
                },
                {
                    "id": "TR5842",
                    "name": "TIE ROD END OUTER L/R PQ"
                }
            ]
        },
        {
            "id": "27",
            "category": "BEARINGS",
            "category_parts": [
                {
                    "id": "",
                    "name": ""
                },
                {
                    "id": "RB9680",
                    "name": "CLUTCH RELEASE BRG"
                },
                {
                    "id": "VKBA7011",
                    "name": "WHEEL BRG KIT FRNT 312MM DISC SKF"
                },
                {
                    "id": "VKBA6556",
                    "name": "WHEEL BRG KIT FRNT [5+3 HOLE] SKF"
                },
                {
                    "id": "VKBA3656",
                    "name": "WHEEL BRG KIT REAR [30MM ID] SKF"
                },
                {
                    "id": "PQ691",
                    "name": "WHEEL BRG KIT REAR [30MM ID] PQ"
                },
                {
                    "id": "FAG1069",
                    "name": "WHEEL BRG KIT REAR [30MM ID] FAG"
                },
                {
                    "id": "WBRW2003",
                    "name": "WHEEL BRG KIT REAR [30MM ID] G/MARK"
                },
                {
                    "id": "VKD35052",
                    "name": "ANTI-F BRG \u0026 SUS/MOUNT [SINGLE] FRNT SKF"
                },
                {
                    "id": "VKD35052T",
                    "name": "ANTI-F BRG \u0026 SUS/MOUNT [TWIN PACK] FRNT SKF"
                },
                {
                    "id": "VKDS321090",
                    "name": "CONTROL ARM L* SKF"
                },
                {
                    "id": "VKDS321091",
                    "name": "CONTROL ARM L* SKF"
                },
                {
                    "id": "VKDS421019",
                    "name": "CONTROL ARM L305.5 SKF"
                }
            ]
        },
        {
            "id": "28",
            "category": "AIR CONDITIONING",
            "category_parts": [
                {
                    "id": "",
                    "name": ""
                },
                {
                    "id": "DCP32060",
                    "name": "COMPRESSOR / AIR CONDITIONER DENSO"
                },
                {
                    "id": "351343111",
                    "name": "AIR CONDITIONING CONDENSER MAHLE"
                },
                {
                    "id": "351343114",
                    "name": "AIR CONDITIONING CONDENSER MAHLE"
                }
            ]
        },
        {
            "id": "28",
            "category": "AIR CONDITIONING",
            "category_parts": [
                {
                    "id": "",
                    "name": ""
                },
                {
                    "id": "DCP32060",
                    "name": "COMPRESSOR / AIR CONDITIONER DENSO"
                },
                {
                    "id": "351343111",
                    "name": "AIR CONDITIONING CONDENSER MAHLE"
                },
                {
                    "id": "351343114",
                    "name": "AIR CONDITIONING CONDENSER MAHLE"
                }
            ]
        }
    ]
}
