{
    "id": "420",
    "parts": [
        {
            "id": "1",
            "category": "SERVICE PARTS",
            "category_parts": [
                {
                    "id": "",
                    "name": ""
                },
                {
                    "id": "M148",
                    "name": "OIL FILTER GUD CARTRIDGE METAL FREE H103 OD65 IDT34"
                },
                {
                    "id": "M143",
                    "name": "OIL FILTER GUD CARTRIDGE METAL FREE H112 OD53 IDT25 IDB25"
                },
                {
                    "id": "CH11498ECO",
                    "name": "OIL FILTER FRAM"
                },
                {
                    "id": "COF100658E",
                    "name": "OIL FILTER CHAMPION"
                },
                {
                    "id": "COF100673E",
                    "name": "OIL FILTER CHAMPION"
                },
                {
                    "id": "COF100697E",
                    "name": "OIL FILTER CHAMPION H112 OD53 ID24"
                },
                {
                    "id": "F026407278",
                    "name": "OIL FILTER BOSCH"
                },
                {
                    "id": "109411",
                    "name": "OIL FIL H112MM ID21MM OD53MM SRD59MM FEB"
                },
                {
                    "id": "ADV182181",
                    "name": "OIL FIL H112MM ID21MM OD53MM SRD59MM BLU"
                },
                {
                    "id": "WL7507",
                    "name": "OIL FILTER WIX"
                },
                {
                    "id": "WL7514",
                    "name": "OIL FILTER WIX"
                },
                {
                    "id": "06-131",
                    "name": "OIL FILTER GENERIC"
                },
                {
                    "id": "AG1783",
                    "name": "AIR FILTER GUD PANEL L270 W217 H30"
                },
                {
                    "id": "AG1573",
                    "name": "AIR FILTER GUD PANEL L292 W176 H71"
                },
                {
                    "id": "CA11499",
                    "name": "AIR FILTER FRAM"
                },
                {
                    "id": "CA11876",
                    "name": "AIR FILTER FRAM"
                },
                {
                    "id": "CAF101162P",
                    "name": "AIR FILTER CHAMPION"
                },
                {
                    "id": "CAF101388P",
                    "name": "AIR FILTER CHAMPION L270 W217 H30"
                },
                {
                    "id": "F026400611",
                    "name": "AIR FILTER BOSCH L271 W218 H30"
                },
                {
                    "id": "F026400287",
                    "name": "AIR FILTER BOSCH L291 W176 H70"
                },
                {
                    "id": "WA9759",
                    "name": "AIR FILTER WIX"
                },
                {
                    "id": "02-554",
                    "name": "AIR FILTER GENERIC"
                },
                {
                    "id": "ADV182216",
                    "name": "AIR FILTER BLUEPRINT L292 W177 H71"
                },
                {
                    "id": "INTANK",
                    "name": "FUEL FILTER IN TANK LIFETIME"
                },
                {
                    "id": "91898",
                    "name": "SPARK PLUG NGK"
                },
                {
                    "id": "ILFER7C8EG",
                    "name": "SPARK PLUG NGK"
                },
                {
                    "id": "PLFER7A-8EG",
                    "name": "SPARK PLUG NGK"
                },
                {
                    "id": "PLFER7A8EG",
                    "name": "SPARK PLUG NGK"
                },
                {
                    "id": "OE246",
                    "name": "SPARK PLUG CHAMPION"
                },
                {
                    "id": "FQ5NPP332S",
                    "name": "SPARK PLUG BOSCH PLATINUM"
                },
                {
                    "id": "AC209GUD",
                    "name": "CABIN AIR FILTER GUD W31 L252 W220"
                },
                {
                    "id": "CF12402",
                    "name": "CABIN AIR FILTER FRAM"
                },
                {
                    "id": "ATE1244",
                    "name": "DISC PAD FRNT ATE L160 H65 T20"
                },
                {
                    "id": "FDB4433",
                    "name": "DISC PAD FRNT FERODO L160 H65 T20"
                },
                {
                    "id": "0986494660",
                    "name": "DISC PAD FRNT BOSCH L160 H65 T20"
                },
                {
                    "id": "D4088",
                    "name": "DISC PAD FRNT SAFELINE L160 H65 T19"
                },
                {
                    "id": "05P668",
                    "name": "DISC PAD FRNT LPR L146 H55 T20"
                },
                {
                    "id": "05P692",
                    "name": "DISC PAD FRNT LPR L146 H55 T20"
                },
                {
                    "id": "05P1834",
                    "name": "DISC PAD FRNT LPR L160 H65 T20"
                },
                {
                    "id": "ADB12158",
                    "name": "DISC PAD FRNT NIPPON L160 H65 T20"
                },
                {
                    "id": "ATE1292",
                    "name": "DISC PAD REAR ATE L104 H53 T17"
                },
                {
                    "id": "FDB4485",
                    "name": "DISC PAD REAR FERODO L104 H52 T18"
                },
                {
                    "id": "0986494797",
                    "name": "DISC PAD REAR BOSCH L104 H52 T17"
                },
                {
                    "id": "D4137",
                    "name": "DISC PAD REAR SAFELINE L104 H53 T18"
                },
                {
                    "id": "05P1986",
                    "name": "DISC PAD REAR LPR L104 H52 T17"
                },
                {
                    "id": "ADB02220",
                    "name": "DISC PAD REAR NIPPON L104 H52 T17"
                },
                {
                    "id": "ATE1057BS",
                    "name": "BRAKE SHOE SET REAR D228 W42.2 ATE"
                },
                {
                    "id": "FEB47197",
                    "name": "DRAIN PLUG SUMP FEBI"
                },
                {
                    "id": "3433389",
                    "name": "ENGINE OIL CASTROL MAGNATEC 5W30 5L"
                },
                {
                    "id": "550048788",
                    "name": "ENGINE OIL SHELL HELIX ULTRA 5W30 5L"
                }
            ]
        },
        {
            "id": "2",
            "category": "BRAKES",
            "category_parts": [
                {
                    "id": "",
                    "name": ""
                },
                {
                    "id": "ATE1244",
                    "name": "DISC PAD FRNT ATE L160 H65 T20"
                },
                {
                    "id": "FDB4433",
                    "name": "DISC PAD FRNT FERODO L160 H65 T20"
                },
                {
                    "id": "0986494660",
                    "name": "DISC PAD FRNT BOSCH L160 H65 T20"
                },
                {
                    "id": "D4088",
                    "name": "DISC PAD FRNT SAFELINE L160 H65 T19"
                },
                {
                    "id": "05P668",
                    "name": "DISC PAD FRNT LPR L146 H55 T20"
                },
                {
                    "id": "05P692",
                    "name": "DISC PAD FRNT LPR L146 H55 T20"
                },
                {
                    "id": "05P1834",
                    "name": "DISC PAD FRNT LPR L160 H65 T20"
                },
                {
                    "id": "ADB12158",
                    "name": "DISC PAD FRNT NIPPON L160 H65 T20"
                },
                {
                    "id": "ATE1292",
                    "name": "DISC PAD REAR ATE L104 H53 T17"
                },
                {
                    "id": "FDB4485",
                    "name": "DISC PAD REAR FERODO L104 H52 T18"
                },
                {
                    "id": "0986494797",
                    "name": "DISC PAD REAR BOSCH L104 H52 T17"
                },
                {
                    "id": "D4137",
                    "name": "DISC PAD REAR SAFELINE L104 H53 T18"
                },
                {
                    "id": "05P1986",
                    "name": "DISC PAD REAR LPR L104 H52 T17"
                },
                {
                    "id": "ADB02220",
                    "name": "DISC PAD REAR NIPPON L104 H52 T17"
                },
                {
                    "id": "ATE1057BS",
                    "name": "BRAKE SHOE SET REAR D228 W42.2 ATE"
                },
                {
                    "id": "DR7660",
                    "name": "BRAKE DISC FV ALFA D256 H44 S65 5"
                },
                {
                    "id": "122.0001",
                    "name": "BRAKE DISC FV ATE D256 H44 S65 ID134 [5]"
                },
                {
                    "id": "124.1006",
                    "name": "BRAKE DISC FV ATE D276 H44 S65 ID136 [5]"
                },
                {
                    "id": "MVD5660",
                    "name": "BRAKE DISC FV M/PART D256 H44 S65 [5]"
                },
                {
                    "id": "DDF2663",
                    "name": "BRAKE DISC FV FERODO D256 H44 S65 5"
                },
                {
                    "id": "2889W",
                    "name": "ANTI SQUEAL DAMP SHIM"
                },
                {
                    "id": "SED7003C",
                    "name": "CAL GUIDE BOLT FRNT CPD"
                },
                {
                    "id": "105-0883-1",
                    "name": "BRAKE SHOES SPRING KIT QB"
                }
            ]
        },
        {
            "id": "3",
            "category": "SUSPENSION COMPONENTS [FRONT]",
            "category_parts": [
                {
                    "id": "",
                    "name": ""
                },
                {
                    "id": "3348074",
                    "name": "SHOCK FRNT L\u0026R KYB"
                },
                {
                    "id": "AR8909",
                    "name": "STRUT MOUNTING FRNT PQ"
                },
                {
                    "id": "MK411",
                    "name": "STRUT MOUNTING FRNT MONROE"
                },
                {
                    "id": "FEB45529",
                    "name": "STRUT MOUNTING FRNT FEBI"
                },
                {
                    "id": "22767",
                    "name": "STRUT MOUNTING FRNT OSSCA/ATS"
                },
                {
                    "id": "22226AP",
                    "name": "BALL JOINT LOWER LHS A-PLUS"
                },
                {
                    "id": "22227AP",
                    "name": "BALL JOINT LOWER RHS A-PLUS"
                },
                {
                    "id": "VKDS311021",
                    "name": "BALL JOINT LOWER L* H* ID* OD* SKF"
                },
                {
                    "id": "VKDS311022",
                    "name": "BALL JOINT LOWER L* H* ID* OD* SKF"
                },
                {
                    "id": "VW2046",
                    "name": "CONTROL ARM LOWER FRNT LHS TEKNOSA"
                },
                {
                    "id": "VW2047",
                    "name": "CONTROL ARM LOWER FRNT RHS TEKNOSA"
                },
                {
                    "id": "FEB44547",
                    "name": "CONTROL ARM LOWER LHS FEBI"
                },
                {
                    "id": "FEB44548",
                    "name": "CONTROL ARM LOWER RHS FEBI"
                },
                {
                    "id": "VW2123",
                    "name": "BUSH CONT ARM LOW FRNT L/R TEKNOSA"
                }
            ]
        },
        {
            "id": "4",
            "category": "SUSPENSION COMPONENTS [REAR]",
            "category_parts": [
                {
                    "id": "",
                    "name": ""
                },
                {
                    "id": "MK436",
                    "name": "STRUT MOUNTING REAR MONROE"
                },
                {
                    "id": "FEB45717",
                    "name": "STRUT MOUNTING REAR FEBI"
                },
                {
                    "id": "VW2123",
                    "name": "BUSH CONT ARM LOW FRNT L/R TEKNOSA"
                }
            ]
        },
        {
            "id": "5",
            "category": "COOLING SYSTEM",
            "category_parts": [
                {
                    "id": "",
                    "name": ""
                },
                {
                    "id": "RC252",
                    "name": "RADIATOR CAP"
                },
                {
                    "id": "TH606113G1",
                    "name": "THERMOSTAT GATES"
                },
                {
                    "id": "WP83079",
                    "name": "WATER PUMP PI"
                },
                {
                    "id": "WP83085X",
                    "name": "WATER PUMP PI"
                },
                {
                    "id": "PA1246",
                    "name": "WATER PUMP GRAF"
                },
                {
                    "id": "DCP32060",
                    "name": "COMPRESSOR / AIR CONDITIONER DENSO"
                }
            ]
        },
        {
            "id": "6",
            "category": "CLUTCH COMPONENTS",
            "category_parts": [
                {
                    "id": "",
                    "name": ""
                },
                {
                    "id": "FEB44176",
                    "name": "GEARBOX HYDRAULIC FILTER FEBI"
                },
                {
                    "id": "M202",
                    "name": "GEARBOX HYDRAULIC FILTER GUD"
                }
            ]
        },
        {
            "id": "7",
            "category": "IGNITION SYSTEM",
            "category_parts": [
                {
                    "id": "",
                    "name": ""
                },
                {
                    "id": "U5154",
                    "name": "IGNITION COIL NGK PIN"
                },
                {
                    "id": "111545",
                    "name": "IGNITION COIL HUCO 12V 4PIN"
                },
                {
                    "id": "0986221072",
                    "name": "IGNITION COIL BOSCH"
                },
                {
                    "id": "IGC151",
                    "name": "IGNITION COIL MOBILETRON 4 PIN"
                }
            ]
        },
        {
            "id": "9",
            "category": "FUEL SYSTEM",
            "category_parts": [
                {
                    "id": "",
                    "name": ""
                },
                {
                    "id": "INTANK",
                    "name": "FUEL FILTER IN TANK LIFETIME"
                }
            ]
        },
        {
            "id": "10",
            "category": "TIMING COMPONENTS",
            "category_parts": [
                {
                    "id": "",
                    "name": ""
                },
                {
                    "id": "1987949685",
                    "name": "T/BELT KIT BOSCH"
                },
                {
                    "id": "6PK1130",
                    "name": "MULTI-GROOVE BELT RAM"
                },
                {
                    "id": "FEB45956",
                    "name": "TIMING CHAIN C/S 170 LINKS FEBI"
                },
                {
                    "id": "FEB49551",
                    "name": "TIMING CHAIN TENSIONER FEBI"
                }
            ]
        },
        {
            "id": "11",
            "category": "CYLINDER HEAD COMPONENTS",
            "category_parts": [
                {
                    "id": "",
                    "name": ""
                },
                {
                    "id": "BY2017",
                    "name": "CYL HEAD GASKET PAYEN"
                },
                {
                    "id": "HT66728",
                    "name": "VALVE LIFTER"
                },
                {
                    "id": "HT83060",
                    "name": "VALVE LIFTER KOLBERN [12X35MM]"
                }
            ]
        },
        {
            "id": "12",
            "category": "ENGINE SUB ASSEMBLY",
            "category_parts": [
                {
                    "id": "",
                    "name": ""
                },
                {
                    "id": "B4118",
                    "name": "CONROD BEARING SET AE"
                },
                {
                    "id": "M5112",
                    "name": "MAIN BEARING SET AE"
                },
                {
                    "id": "FEB47197",
                    "name": "DRAIN PLUG SUMP FEBI"
                },
                {
                    "id": "W2119",
                    "name": "THRUST WASHER SET"
                }
            ]
        },
        {
            "id": "13",
            "category": "MOUNTINGS ",
            "category_parts": [
                {
                    "id": "",
                    "name": ""
                },
                {
                    "id": "22767",
                    "name": "STRUT MOUNTING FRNT OSSCA/ATS"
                },
                {
                    "id": "MK411",
                    "name": "STRUT MOUNTING FRNT MONROE"
                },
                {
                    "id": "AR8909",
                    "name": "STRUT MOUNTING FRNT PQ"
                },
                {
                    "id": "FEB45529",
                    "name": "STRUT MOUNTING FRNT FEBI"
                },
                {
                    "id": "MK436",
                    "name": "STRUT MOUNTING REAR MONROE"
                },
                {
                    "id": "FEB45717",
                    "name": "STRUT MOUNTING REAR FEBI"
                }
            ]
        },
        {
            "id": "14",
            "category": "STARTER COMPONENTS",
            "category_parts": [
                {
                    "id": "",
                    "name": ""
                },
                {
                    "id": "1986S01055",
                    "name": "STARTER MOTOR BOSCH 12V 13T"
                },
                {
                    "id": "110713",
                    "name": "STARTER MOTOR CARGO"
                }
            ]
        },
        {
            "id": "15",
            "category": "ALTERNATOR COMPONENTS",
            "category_parts": [
                {
                    "id": "",
                    "name": ""
                },
                {
                    "id": "6PK1130",
                    "name": "MULTI-GROOVE BELT RAM"
                }
            ]
        },
        {
            "id": "16",
            "category": "BODY PARTS FRONT AND REAR",
            "category_parts": [
                {
                    "id": "",
                    "name": ""
                },
                {
                    "id": "7.1232",
                    "name": "STOP LIGHT SWITCH FACET"
                },
                {
                    "id": "24990",
                    "name": "STOP LIGHT SWITCH FAE 4 PIN"
                }
            ]
        },
        {
            "id": "17",
            "category": "SWITCHES \u0026 ACCESSORIES",
            "category_parts": [
                {
                    "id": "",
                    "name": ""
                },
                {
                    "id": "F652",
                    "name": "BATTERY EXIDE/MIDAS"
                },
                {
                    "id": "F652AGM",
                    "name": "BATTERY EXIDE/MIDAS START/STOP L278MM"
                },
                {
                    "id": "W652AGM-00",
                    "name": "BATTERY WILLARD STOP/START L278MM"
                },
                {
                    "id": "W652",
                    "name": "BATTERY WILLARD"
                },
                {
                    "id": "3397006838",
                    "name": "WIPER BLADE FRNT DRIV BOSCH"
                },
                {
                    "id": "3397006831",
                    "name": "WIPER BLADE FRNT PASS BOSCH"
                },
                {
                    "id": "3397008634",
                    "name": "WIPER BLADE REAR BOSCH"
                },
                {
                    "id": "V652-64AGM",
                    "name": "BATTERY VARTA START/STOP L278MM"
                },
                {
                    "id": "7.3278",
                    "name": "TEMP SENDER UNIT FACET"
                },
                {
                    "id": "33784",
                    "name": "TEMP SENDER UNIT MP"
                },
                {
                    "id": "7.1232",
                    "name": "STOP LIGHT SWITCH FACET"
                },
                {
                    "id": "24990",
                    "name": "STOP LIGHT SWITCH FAE 4 PIN"
                }
            ]
        },
        {
            "id": "18",
            "category": "GASKETS ",
            "category_parts": [
                {
                    "id": "",
                    "name": ""
                },
                {
                    "id": "BY2017",
                    "name": "CYL HEAD GASKET PAYEN"
                }
            ]
        },
        {
            "id": "21",
            "category": "SENSORS \u0026 RELAYS",
            "category_parts": [
                {
                    "id": "",
                    "name": ""
                },
                {
                    "id": "23814",
                    "name": "WHEEL SPEED SENSOR FEBI FRNT LHS"
                },
                {
                    "id": "23816",
                    "name": "WHEEL SPEED SENSOR FEBI FRNT RHS"
                }
            ]
        },
        {
            "id": "23",
            "category": "LUBRICANTS",
            "category_parts": [
                {
                    "id": "",
                    "name": ""
                },
                {
                    "id": "3433389",
                    "name": "ENGINE OIL CASTROL MAGNATEC 5W30 5L"
                },
                {
                    "id": "550048788",
                    "name": "ENGINE OIL SHELL HELIX ULTRA 5W30 5L"
                }
            ]
        },
        {
            "id": "24",
            "category": "WHEEL BEARINGS",
            "category_parts": [
                {
                    "id": "",
                    "name": ""
                },
                {
                    "id": "VKBA7161",
                    "name": "WHEEL BRG KIT REAR SKF"
                }
            ]
        },
        {
            "id": "26",
            "category": "STEERING",
            "category_parts": [
                {
                    "id": "",
                    "name": ""
                },
                {
                    "id": "VW1426",
                    "name": "RACK END FRNT L/R L314 TEKNOSA"
                }
            ]
        },
        {
            "id": "27",
            "category": "BEARINGS",
            "category_parts": [
                {
                    "id": "",
                    "name": ""
                },
                {
                    "id": "VKBA7161",
                    "name": "WHEEL BRG KIT REAR SKF"
                }
            ]
        },
        {
            "id": "28",
            "category": "AIR CONDITIONING",
            "category_parts": [
                {
                    "id": "",
                    "name": ""
                },
                {
                    "id": "DCP32060",
                    "name": "COMPRESSOR / AIR CONDITIONER DENSO"
                }
            ]
        },
        {
            "id": "28",
            "category": "AIR CONDITIONING",
            "category_parts": [
                {
                    "id": "",
                    "name": ""
                },
                {
                    "id": "DCP32060",
                    "name": "COMPRESSOR / AIR CONDITIONER DENSO"
                }
            ]
        }
    ]
}
