{
    "id": "439",
    "parts": [
        {
            "id": "1",
            "category": "SERVICE PARTS",
            "category_parts": [
                {
                    "id": "",
                    "name": ""
                },
                {
                    "id": "M168",
                    "name": "OIL FILTER GUD CARTRIDGE METAL FREE H123 OD63 IDT31 IDB31"
                },
                {
                    "id": "COF100790E",
                    "name": "OIL FILTER CHAMPION H123 OD63 ID31"
                },
                {
                    "id": "F026407270",
                    "name": "OIL FILTER BOSCH"
                },
                {
                    "id": "109015",
                    "name": "OIL FILTER H123MM ID31MM OD63.5MM FEBI"
                },
                {
                    "id": "ADV182132",
                    "name": "OIL FILTER H123MM ID31MM OD63.5MM BLU"
                },
                {
                    "id": "WL7535",
                    "name": "OIL FILTER WIX"
                },
                {
                    "id": "WK7012",
                    "name": "FUEL FILTER WIX"
                },
                {
                    "id": "AC187GUD",
                    "name": "CABIN AIR FILTER GUD H66 L340 W240"
                },
                {
                    "id": "CF12211",
                    "name": "CABIN AIR FILTER FRAM"
                },
                {
                    "id": "WP2169",
                    "name": "CABIN AIR FILTER WIX"
                },
                {
                    "id": "ATE1384",
                    "name": "DISC PAD FRNT ATE L252/210 H99/97 T15"
                },
                {
                    "id": "FDB5101",
                    "name": "DISC PAD FRNT FERODO L210 H105"
                },
                {
                    "id": "P85164",
                    "name": "DISC PAD FRNT BREMBO L210 H99 T16"
                },
                {
                    "id": "D4188",
                    "name": "DISC PAD FRNT SAFELINE L184 H99 T16"
                },
                {
                    "id": "ATE1307",
                    "name": "DISC PAD REAR ATE L129 H59"
                },
                {
                    "id": "FDB4617",
                    "name": "DISC PAD REAR FERODO L129 H59 T18"
                },
                {
                    "id": "FDB4807",
                    "name": "DISC PAD REAR FERODO L129 H65 T16"
                },
                {
                    "id": "P85154",
                    "name": "DISC PAD REAR BEMBRO L129 H59 T18"
                },
                {
                    "id": "0986494833",
                    "name": "DISC PAD REAR BOSCH L129 H59 T17"
                },
                {
                    "id": "05P2039",
                    "name": "DISC PAD REAR LPR L129 H59 T18"
                }
            ]
        },
        {
            "id": "2",
            "category": "BRAKES",
            "category_parts": [
                {
                    "id": "",
                    "name": ""
                },
                {
                    "id": "ATE1384",
                    "name": "DISC PAD FRNT ATE L252/210 H99/97 T15"
                },
                {
                    "id": "FDB5101",
                    "name": "DISC PAD FRNT FERODO L210 H105"
                },
                {
                    "id": "P85164",
                    "name": "DISC PAD FRNT BREMBO L210 H99 T16"
                },
                {
                    "id": "D4188",
                    "name": "DISC PAD FRNT SAFELINE L184 H99 T16"
                },
                {
                    "id": "ATE1307",
                    "name": "DISC PAD REAR ATE L129 H59"
                },
                {
                    "id": "FDB4617",
                    "name": "DISC PAD REAR FERODO L129 H59 T18"
                },
                {
                    "id": "FDB4807",
                    "name": "DISC PAD REAR FERODO L129 H65 T16"
                },
                {
                    "id": "P85154",
                    "name": "DISC PAD REAR BEMBRO L129 H59 T18"
                },
                {
                    "id": "0986494833",
                    "name": "DISC PAD REAR BOSCH L129 H59 T17"
                },
                {
                    "id": "05P2039",
                    "name": "DISC PAD REAR LPR L129 H59 T18"
                },
                {
                    "id": "DDF2596X",
                    "name": "BRAKE DISC FV FERODO D318 H57 S68 5"
                },
                {
                    "id": "DDF2597X",
                    "name": "BRAKE DISC FV FERODO D338 H57 S68 5"
                },
                {
                    "id": "FEB171510",
                    "name": "BRAKE DISC RV FEBI D350 H36 S68 5"
                },
                {
                    "id": "DDF2599X",
                    "name": "BRAKE DISC RS FERODO D300 H36 S58 5"
                },
                {
                    "id": "WS0403B",
                    "name": "DISC PAD SENSOR FRONT [283MM] QB"
                },
                {
                    "id": "WS0450B",
                    "name": "DISC PAD SENSOR REAR [350MM] QB"
                },
                {
                    "id": "WS0415B",
                    "name": "DISC PAD SENSOR REAR [382MM] QB"
                },
                {
                    "id": "WS0404B",
                    "name": "DISC PAD SENSOR REAR [392MM] QB"
                }
            ]
        },
        {
            "id": "5",
            "category": "COOLING SYSTEM",
            "category_parts": [
                {
                    "id": "",
                    "name": ""
                },
                {
                    "id": "EA548A",
                    "name": "WATER PUMP AUX DOLZ"
                },
                {
                    "id": "A-276",
                    "name": "WATER PUMP DOLZ"
                }
            ]
        },
        {
            "id": "9",
            "category": "FUEL SYSTEM",
            "category_parts": [
                {
                    "id": "",
                    "name": ""
                },
                {
                    "id": "7.3356",
                    "name": "OIL TEMP SENSOR FACET"
                },
                {
                    "id": "WK7012",
                    "name": "FUEL FILTER WIX"
                }
            ]
        },
        {
            "id": "10",
            "category": "TIMING COMPONENTS",
            "category_parts": [
                {
                    "id": "",
                    "name": ""
                },
                {
                    "id": "4PK1117",
                    "name": "MULTI-GROOVE BELT RAM"
                },
                {
                    "id": "4PK1120",
                    "name": "MULTI-GROOVE BELT RAM"
                },
                {
                    "id": "6PK923",
                    "name": "MULTI-GROOVE BELT RAM"
                }
            ]
        },
        {
            "id": "11",
            "category": "CYLINDER HEAD COMPONENTS",
            "category_parts": [
                {
                    "id": "",
                    "name": ""
                },
                {
                    "id": "JD2065",
                    "name": "EXHAUST MANIFOLD GASKET PAYEN"
                }
            ]
        },
        {
            "id": "15",
            "category": "ALTERNATOR COMPONENTS",
            "category_parts": [
                {
                    "id": "",
                    "name": ""
                },
                {
                    "id": "4PK1117",
                    "name": "MULTI-GROOVE BELT RAM"
                },
                {
                    "id": "4PK1120",
                    "name": "MULTI-GROOVE BELT RAM"
                },
                {
                    "id": "6PK923",
                    "name": "MULTI-GROOVE BELT RAM"
                }
            ]
        },
        {
            "id": "17",
            "category": "SWITCHES \u0026 ACCESSORIES",
            "category_parts": [
                {
                    "id": "",
                    "name": ""
                },
                {
                    "id": "3397006837",
                    "name": "WIPER BLADE FRNT DRIV BOSCH"
                },
                {
                    "id": "3397006833",
                    "name": "WIPER BLADE FRNT PASS BOSCH"
                }
            ]
        },
        {
            "id": "18",
            "category": "GASKETS ",
            "category_parts": [
                {
                    "id": "",
                    "name": ""
                },
                {
                    "id": "JD2065",
                    "name": "EXHAUST MANIFOLD GASKET PAYEN"
                }
            ]
        },
        {
            "id": "18",
            "category": "GASKETS ",
            "category_parts": [
                {
                    "id": "",
                    "name": ""
                },
                {
                    "id": "JD2065",
                    "name": "EXHAUST MANIFOLD GASKET PAYEN"
                }
            ]
        }
    ]
}
