{
    "id": "441",
    "parts": [
        {
            "id": "1",
            "category": "SERVICE PARTS",
            "category_parts": [
                {
                    "id": "",
                    "name": ""
                },
                {
                    "id": "M148",
                    "name": "OIL FILTER GUD CARTRIDGE METAL FREE H103 OD65 IDT34"
                },
                {
                    "id": "CH11498ECO",
                    "name": "OIL FILTER FRAM"
                },
                {
                    "id": "COF100673E",
                    "name": "OIL FILTER CHAMPION"
                },
                {
                    "id": "WL7514",
                    "name": "OIL FILTER WIX"
                },
                {
                    "id": "AG1904",
                    "name": "AIR FILTER GUD ID79 OD181 H153"
                },
                {
                    "id": "E176",
                    "name": "FUEL FILTER GUD"
                },
                {
                    "id": "PS10486",
                    "name": "FUEL FILTER FRAM"
                },
                {
                    "id": "CFF100528",
                    "name": "FUEL FILTER CHAMPION"
                },
                {
                    "id": "F026402068",
                    "name": "FUEL FILTER BOSCH H250"
                },
                {
                    "id": "FEB38677",
                    "name": "FUEL FILTER FEBI"
                },
                {
                    "id": "WF8412",
                    "name": "FUEL FILTER WIX"
                },
                {
                    "id": "WF8591",
                    "name": "FUEL FILTER WIX"
                },
                {
                    "id": "04-101",
                    "name": "FUEL FILTER GENERIC"
                },
                {
                    "id": "Y-1002AS",
                    "name": "GLOW PLUG NGK"
                },
                {
                    "id": "CH705",
                    "name": "GLOW PLUG CHAMPION"
                },
                {
                    "id": "0250403009",
                    "name": "GLOW PLUG BOSCH"
                },
                {
                    "id": "AC187GUD",
                    "name": "CABIN AIR FILTER GUD H66 L340 W240"
                },
                {
                    "id": "CF12211",
                    "name": "CABIN AIR FILTER FRAM"
                },
                {
                    "id": "0986628565",
                    "name": "CABIN AIR FILTER BOSCH"
                },
                {
                    "id": "1987435105",
                    "name": "CABIN AIR FILTER BOSCH"
                },
                {
                    "id": "1987435560",
                    "name": "CABIN AIR FILTER BOSCH"
                },
                {
                    "id": "WP2169",
                    "name": "CABIN AIR FILTER WIX"
                },
                {
                    "id": "ATE1308",
                    "name": "DISC PAD FRNT ATE L194 H74 T17"
                },
                {
                    "id": "FDB4967",
                    "name": "DISC PAD FRNT FERODO L194 H74 T17"
                },
                {
                    "id": "P85165",
                    "name": "DISC PAD FRNT BREMBO L194 H74 T17"
                },
                {
                    "id": "P85164",
                    "name": "DISC PAD FRNT BREMBO L210 H99 T16"
                },
                {
                    "id": "0986424850",
                    "name": "DISC PAD FRNT BOSCH D214 H88 T17"
                },
                {
                    "id": "0986424429",
                    "name": "DISC PAD FRNT BOSCH L194 H74 T17"
                },
                {
                    "id": "P85154",
                    "name": "DISC PAD REAR BEMBRO L129 H59 T18"
                },
                {
                    "id": "P85185",
                    "name": "DISC PAD REAR BREMBO L129 H59 T18"
                },
                {
                    "id": "P85186",
                    "name": "DISC PAD REAR BREMBO L129 H59 T18"
                },
                {
                    "id": "0986494833",
                    "name": "DISC PAD REAR BOSCH L129 H59 T17"
                },
                {
                    "id": "0986495426",
                    "name": "DISC PAD REAR BOSCH L129 H65 T17"
                }
            ]
        },
        {
            "id": "2",
            "category": "BRAKES",
            "category_parts": [
                {
                    "id": "",
                    "name": ""
                },
                {
                    "id": "ATE1308",
                    "name": "DISC PAD FRNT ATE L194 H74 T17"
                },
                {
                    "id": "FDB4967",
                    "name": "DISC PAD FRNT FERODO L194 H74 T17"
                },
                {
                    "id": "P85165",
                    "name": "DISC PAD FRNT BREMBO L194 H74 T17"
                },
                {
                    "id": "P85164",
                    "name": "DISC PAD FRNT BREMBO L210 H99 T16"
                },
                {
                    "id": "0986424850",
                    "name": "DISC PAD FRNT BOSCH D214 H88 T17"
                },
                {
                    "id": "0986424429",
                    "name": "DISC PAD FRNT BOSCH L194 H74 T17"
                },
                {
                    "id": "P85154",
                    "name": "DISC PAD REAR BEMBRO L129 H59 T18"
                },
                {
                    "id": "P85185",
                    "name": "DISC PAD REAR BREMBO L129 H59 T18"
                },
                {
                    "id": "P85186",
                    "name": "DISC PAD REAR BREMBO L129 H59 T18"
                },
                {
                    "id": "0986494833",
                    "name": "DISC PAD REAR BOSCH L129 H59 T17"
                },
                {
                    "id": "0986495426",
                    "name": "DISC PAD REAR BOSCH L129 H65 T17"
                },
                {
                    "id": "DR7741",
                    "name": "BRAKE DISC FRNT ALFA D349 H57 SP68 TH34 [5]"
                },
                {
                    "id": "134.0110",
                    "name": "BRAKE DISC FV ATE D349 H57 S68 ID154 [5]"
                },
                {
                    "id": "DDF2598C-1",
                    "name": "BRAKE DISC FV FERODO D349 H57 S68 [5]"
                },
                {
                    "id": "0986479750",
                    "name": "BRAKE DISC REAR BOSCH"
                },
                {
                    "id": "FEB171510",
                    "name": "BRAKE DISC RV FEBI D350 H36 S68 5"
                },
                {
                    "id": "DDF2599C",
                    "name": "BRAKE DISC RS FERODO D300 H36 S58 [5]"
                }
            ]
        },
        {
            "id": "5",
            "category": "COOLING SYSTEM",
            "category_parts": [
                {
                    "id": "",
                    "name": ""
                },
                {
                    "id": "EA549A",
                    "name": "WATER PUMP AUX PI"
                }
            ]
        },
        {
            "id": "9",
            "category": "FUEL SYSTEM",
            "category_parts": [
                {
                    "id": "",
                    "name": ""
                },
                {
                    "id": "E176",
                    "name": "FUEL FILTER GUD"
                },
                {
                    "id": "PS10486",
                    "name": "FUEL FILTER FRAM"
                },
                {
                    "id": "CFF100528",
                    "name": "FUEL FILTER CHAMPION"
                },
                {
                    "id": "F026402068",
                    "name": "FUEL FILTER BOSCH H250"
                },
                {
                    "id": "FEB38677",
                    "name": "FUEL FILTER FEBI"
                },
                {
                    "id": "WF8412",
                    "name": "FUEL FILTER WIX"
                },
                {
                    "id": "WF8591",
                    "name": "FUEL FILTER WIX"
                },
                {
                    "id": "04-101",
                    "name": "FUEL FILTER GENERIC"
                },
                {
                    "id": "0281002956",
                    "name": "AIR-MASS METER BOSCH"
                }
            ]
        },
        {
            "id": "10",
            "category": "TIMING COMPONENTS",
            "category_parts": [
                {
                    "id": "",
                    "name": ""
                },
                {
                    "id": "1987946051",
                    "name": "T/BELT KIT BOSCH"
                },
                {
                    "id": "6PK1025",
                    "name": "MULTI-GROOVE BELT RAM"
                }
            ]
        },
        {
            "id": "11",
            "category": "CYLINDER HEAD COMPONENTS",
            "category_parts": [
                {
                    "id": "",
                    "name": ""
                },
                {
                    "id": "BY2026",
                    "name": "CYL HEAD GASKET PAYEN"
                },
                {
                    "id": "15-42759-01",
                    "name": "TAPPET / VALVE COVER GASKET VR"
                },
                {
                    "id": "71-10836-00",
                    "name": "TAPPET / VALVE COVER GASKET VR"
                },
                {
                    "id": "71-42759-00",
                    "name": "TAPPET / VALVE COVER GASKET VR"
                },
                {
                    "id": "95114",
                    "name": "VALVE EXHAUST AE [26X5.97X99.1]"
                },
                {
                    "id": "95099",
                    "name": "VALVE INLET AE [28.1X6X99.3]"
                },
                {
                    "id": "RVG83705",
                    "name": "VALVE GUIDE KOLBERN [10.06X6X42]"
                },
                {
                    "id": "HT83799",
                    "name": "VALVE LIFTER KOLBERN [12X32.7MM]"
                }
            ]
        },
        {
            "id": "12",
            "category": "ENGINE SUB ASSEMBLY",
            "category_parts": [
                {
                    "id": "",
                    "name": ""
                },
                {
                    "id": "B1624",
                    "name": "CONROD BEARING SET AE"
                },
                {
                    "id": "B4624",
                    "name": "CONROD BEARING SET AE"
                },
                {
                    "id": "M5625",
                    "name": "MAIN BEARING SET AE"
                },
                {
                    "id": "W4022",
                    "name": "THRUST WASHER SET"
                },
                {
                    "id": "LK5017",
                    "name": "CRANKSHAFT SEAL REAR PAYEN"
                }
            ]
        },
        {
            "id": "15",
            "category": "ALTERNATOR COMPONENTS",
            "category_parts": [
                {
                    "id": "",
                    "name": ""
                },
                {
                    "id": "6PK1025",
                    "name": "MULTI-GROOVE BELT RAM"
                }
            ]
        },
        {
            "id": "17",
            "category": "SWITCHES \u0026 ACCESSORIES",
            "category_parts": [
                {
                    "id": "",
                    "name": ""
                },
                {
                    "id": "F660AGM",
                    "name": "BATTERY EXIDE STOP/START"
                },
                {
                    "id": "W660AGM-00",
                    "name": "BATTERY STOP/START WILLARD"
                },
                {
                    "id": "3397007298",
                    "name": "WIPER BLADE FRNT KIT BOSCH"
                },
                {
                    "id": "575005",
                    "name": "WIPER BLADE VALEO 20 INCH"
                },
                {
                    "id": "575008",
                    "name": "WIPER BLADE VALEO 24 INCH"
                },
                {
                    "id": "3397006837",
                    "name": "WIPER BLADE FRNT DRIV BOSCH"
                },
                {
                    "id": "3397006833",
                    "name": "WIPER BLADE FRNT PASS BOSCH"
                }
            ]
        },
        {
            "id": "18",
            "category": "GASKETS ",
            "category_parts": [
                {
                    "id": "",
                    "name": ""
                },
                {
                    "id": "BY2026",
                    "name": "CYL HEAD GASKET PAYEN"
                }
            ]
        },
        {
            "id": "20",
            "category": "SEALS ",
            "category_parts": [
                {
                    "id": "",
                    "name": ""
                },
                {
                    "id": "LK5017",
                    "name": "CRANKSHAFT SEAL REAR PAYEN"
                }
            ]
        },
        {
            "id": "20",
            "category": "SEALS ",
            "category_parts": [
                {
                    "id": "",
                    "name": ""
                },
                {
                    "id": "LK5017",
                    "name": "CRANKSHAFT SEAL REAR PAYEN"
                }
            ]
        }
    ]
}
