{
    "id": "451",
    "parts": [
        {
            "id": "1",
            "category": "SERVICE PARTS",
            "category_parts": [
                {
                    "id": "",
                    "name": ""
                },
                {
                    "id": "M143",
                    "name": "OIL FILTER GUD CARTRIDGE METAL FREE H112 OD53 IDT25 IDB25"
                },
                {
                    "id": "CH11498ECO",
                    "name": "OIL FILTER FRAM"
                },
                {
                    "id": "COF100658E",
                    "name": "OIL FILTER CHAMPION"
                },
                {
                    "id": "COF100697E",
                    "name": "OIL FILTER CHAMPION H112 OD53 ID24"
                },
                {
                    "id": "F026407278",
                    "name": "OIL FILTER BOSCH"
                },
                {
                    "id": "WL7507",
                    "name": "OIL FILTER WIX"
                },
                {
                    "id": "AG1911",
                    "name": "AIR FILTER GUD ID90 OD170 H153"
                },
                {
                    "id": "INTANK",
                    "name": "FUEL FILTER IN TANK LIFETIME"
                },
                {
                    "id": "AC187GUD",
                    "name": "CABIN AIR FILTER GUD H66 L340 W240"
                },
                {
                    "id": "CF12211",
                    "name": "CABIN AIR FILTER FRAM"
                },
                {
                    "id": "1987435560",
                    "name": "CABIN AIR FILTER BOSCH"
                },
                {
                    "id": "WP2169",
                    "name": "CABIN AIR FILTER WIX"
                }
            ]
        },
        {
            "id": "9",
            "category": "FUEL SYSTEM",
            "category_parts": [
                {
                    "id": "",
                    "name": ""
                },
                {
                    "id": "INTANK",
                    "name": "FUEL FILTER IN TANK LIFETIME"
                }
            ]
        },
        {
            "id": "10",
            "category": "TIMING COMPONENTS",
            "category_parts": [
                {
                    "id": "",
                    "name": ""
                },
                {
                    "id": "6PK1138",
                    "name": "MULTI-GROOVE BELT RAM"
                }
            ]
        },
        {
            "id": "11",
            "category": "CYLINDER HEAD COMPONENTS",
            "category_parts": [
                {
                    "id": "",
                    "name": ""
                },
                {
                    "id": "BY2017",
                    "name": "CYL HEAD GASKET PAYEN"
                },
                {
                    "id": "JA2017",
                    "name": "INTAKE MANIFOLD GASKET PAYEN"
                }
            ]
        },
        {
            "id": "15",
            "category": "ALTERNATOR COMPONENTS",
            "category_parts": [
                {
                    "id": "",
                    "name": ""
                },
                {
                    "id": "6PK1138",
                    "name": "MULTI-GROOVE BELT RAM"
                }
            ]
        },
        {
            "id": "17",
            "category": "SWITCHES \u0026 ACCESSORIES",
            "category_parts": [
                {
                    "id": "",
                    "name": ""
                },
                {
                    "id": "F652AGM",
                    "name": "BATTERY EXIDE/MIDAS START/STOP L278MM"
                },
                {
                    "id": "W652AGM-00",
                    "name": "BATTERY WILLARD STOP/START L278MM"
                },
                {
                    "id": "575005",
                    "name": "WIPER BLADE VALEO 20 INCH"
                },
                {
                    "id": "575009",
                    "name": "WIPER BLADE VALEO 26 INCH"
                },
                {
                    "id": "V652-64AGM",
                    "name": "BATTERY VARTA START/STOP L278MM"
                }
            ]
        },
        {
            "id": "18",
            "category": "GASKETS ",
            "category_parts": [
                {
                    "id": "",
                    "name": ""
                },
                {
                    "id": "JA2017",
                    "name": "INTAKE MANIFOLD GASKET PAYEN"
                },
                {
                    "id": "BY2017",
                    "name": "CYL HEAD GASKET PAYEN"
                }
            ]
        },
        {
            "id": "18",
            "category": "GASKETS ",
            "category_parts": [
                {
                    "id": "",
                    "name": ""
                },
                {
                    "id": "JA2017",
                    "name": "INTAKE MANIFOLD GASKET PAYEN"
                },
                {
                    "id": "BY2017",
                    "name": "CYL HEAD GASKET PAYEN"
                }
            ]
        }
    ]
}
