{
    "id": "102",
    "parts": [
        {
            "id": "1",
            "category": "SERVICE PARTS",
            "category_parts": [
                {
                    "id": "",
                    "name": ""
                },
                {
                    "id": "F026407340",
                    "name": "OIL FILTER BOSCH H105"
                },
                {
                    "id": "AG1518",
                    "name": "AIR FILTER GUD PLASTIC ROUND OD146 H262"
                },
                {
                    "id": "CAF100474C",
                    "name": "AIR FILTER CHAMPION"
                },
                {
                    "id": "INTANK",
                    "name": "FUEL FILTER IN TANK LIFETIME"
                },
                {
                    "id": "ILKAR7D-6G",
                    "name": "SPARK PLUG NGK"
                },
                {
                    "id": "FDB4320",
                    "name": "DISC PAD FRNT FERODO L125 H70 T15"
                },
                {
                    "id": "550048788",
                    "name": "ENGINE OIL SHELL HELIX ULTRA 5W30 5L"
                },
                {
                    "id": "3433389",
                    "name": "ENGINE OIL CASTROL MAGNATEC 5W30 5L"
                }
            ]
        },
        {
            "id": "2",
            "category": "BRAKES",
            "category_parts": [
                {
                    "id": "",
                    "name": ""
                },
                {
                    "id": "FDB4320",
                    "name": "DISC PAD FRNT FERODO L125 H70 T15"
                },
                {
                    "id": "DDF1453",
                    "name": "BRAKE DISC FV FERODO D330 H40 S70 [5]"
                }
            ]
        },
        {
            "id": "4",
            "category": "SUSPENSION COMPONENTS [REAR]",
            "category_parts": [
                {
                    "id": "",
                    "name": ""
                },
                {
                    "id": "21109AP",
                    "name": "STABILIZER LINK RHS A-PLUS L113"
                },
                {
                    "id": "21112AP",
                    "name": "STABILIZER LINK LHS A-PLUS L113"
                }
            ]
        },
        {
            "id": "5",
            "category": "COOLING SYSTEM",
            "category_parts": [
                {
                    "id": "",
                    "name": ""
                },
                {
                    "id": "376756261",
                    "name": "RADIATOR MAHLE L610 W405 D26"
                },
                {
                    "id": "WP12010",
                    "name": "WATER PUMP PI"
                },
                {
                    "id": "W17406",
                    "name": "WATER PUMP [PULLEY OD 71MM] AUTPZONE"
                },
                {
                    "id": "QCP3211",
                    "name": "WATER PUMP [PULLEY OD 71MM]"
                },
                {
                    "id": "351301651",
                    "name": "AIR CONDITIONING CONDENSER MAHLE"
                }
            ]
        },
        {
            "id": "6",
            "category": "CLUTCH COMPONENTS",
            "category_parts": [
                {
                    "id": "",
                    "name": ""
                },
                {
                    "id": "3000943015",
                    "name": "CLUTCH KIT SACHS"
                }
            ]
        },
        {
            "id": "8",
            "category": "DRIVESHAFT COMPONENTS",
            "category_parts": [
                {
                    "id": "",
                    "name": ""
                },
                {
                    "id": "VKJP01001",
                    "name": "CV BOOT KIT OUTER SKF"
                }
            ]
        },
        {
            "id": "9",
            "category": "FUEL SYSTEM",
            "category_parts": [
                {
                    "id": "",
                    "name": ""
                },
                {
                    "id": "INTANK",
                    "name": "FUEL FILTER IN TANK LIFETIME"
                }
            ]
        },
        {
            "id": "10",
            "category": "TIMING COMPONENTS",
            "category_parts": [
                {
                    "id": "",
                    "name": ""
                },
                {
                    "id": "6PK1400",
                    "name": "MULTI-GROOVE BELT RAM"
                }
            ]
        },
        {
            "id": "11",
            "category": "CYLINDER HEAD COMPONENTS",
            "category_parts": [
                {
                    "id": "",
                    "name": ""
                },
                {
                    "id": "HT45724",
                    "name": "VALVE LIFTER KOLBERN"
                },
                {
                    "id": "RA12010",
                    "name": "ROCKER ARM KOLBERN"
                },
                {
                    "id": "CAM014",
                    "name": "CAMSHAFT SENSOR PQ 3 PIN"
                }
            ]
        },
        {
            "id": "12",
            "category": "ENGINE SUB ASSEMBLY",
            "category_parts": [
                {
                    "id": "",
                    "name": ""
                },
                {
                    "id": "B4765",
                    "name": "CONROD BEARING SET AE"
                },
                {
                    "id": "M5765",
                    "name": "MAIN BEARING SET AE"
                },
                {
                    "id": "W2765",
                    "name": "THRUST WASHER SET AE"
                },
                {
                    "id": "NA5070",
                    "name": "CRANKSHAFT OIL SEAL [T/COVER]"
                }
            ]
        },
        {
            "id": "14",
            "category": "STARTER COMPONENTS",
            "category_parts": [
                {
                    "id": "",
                    "name": ""
                },
                {
                    "id": "1986S00706",
                    "name": "STARTER MOTOR BOSCH 12V"
                }
            ]
        },
        {
            "id": "15",
            "category": "ALTERNATOR COMPONENTS",
            "category_parts": [
                {
                    "id": "",
                    "name": ""
                },
                {
                    "id": "6PK1400",
                    "name": "MULTI-GROOVE BELT RAM"
                }
            ]
        },
        {
            "id": "16",
            "category": "BODY PARTS FRONT AND REAR",
            "category_parts": [
                {
                    "id": "",
                    "name": ""
                },
                {
                    "id": "G501",
                    "name": "BULB PARK LIGHT FRNT ATS"
                }
            ]
        },
        {
            "id": "17",
            "category": "SWITCHES \u0026 ACCESSORIES",
            "category_parts": [
                {
                    "id": "",
                    "name": ""
                },
                {
                    "id": "F652",
                    "name": "BATTERY EXIDE/MIDAS"
                },
                {
                    "id": "W652",
                    "name": "BATTERY WILLARD"
                }
            ]
        },
        {
            "id": "20",
            "category": "SEALS ",
            "category_parts": [
                {
                    "id": "",
                    "name": ""
                },
                {
                    "id": "NA5070",
                    "name": "CRANKSHAFT OIL SEAL [T/COVER]"
                }
            ]
        },
        {
            "id": "21",
            "category": "SENSORS \u0026 RELAYS",
            "category_parts": [
                {
                    "id": "",
                    "name": ""
                },
                {
                    "id": "CAM014",
                    "name": "CAMSHAFT SENSOR PQ 3 PIN"
                }
            ]
        },
        {
            "id": "23",
            "category": "LUBRICANTS",
            "category_parts": [
                {
                    "id": "",
                    "name": ""
                },
                {
                    "id": "550048788",
                    "name": "ENGINE OIL SHELL HELIX ULTRA 5W30 5L"
                },
                {
                    "id": "3433389",
                    "name": "ENGINE OIL CASTROL MAGNATEC 5W30 5L"
                }
            ]
        },
        {
            "id": "28",
            "category": "AIR CONDITIONING",
            "category_parts": [
                {
                    "id": "",
                    "name": ""
                },
                {
                    "id": "351301651",
                    "name": "AIR CONDITIONING CONDENSER MAHLE"
                }
            ]
        },
        {
            "id": "28",
            "category": "AIR CONDITIONING",
            "category_parts": [
                {
                    "id": "",
                    "name": ""
                },
                {
                    "id": "351301651",
                    "name": "AIR CONDITIONING CONDENSER MAHLE"
                }
            ]
        }
    ]
}
