{
    "id": "20",
    "parts": [
        {
            "id": "1",
            "category": "SERVICE PARTS",
            "category_parts": [
                {
                    "id": "",
                    "name": ""
                },
                {
                    "id": "Z284",
                    "name": "OIL FILTER GUD OD76 H100 [M20 X 1.5MM]"
                },
                {
                    "id": "Z423",
                    "name": "OIL FILTER GUD OD76 H67 [M20 X 1.5MM]"
                },
                {
                    "id": "Z95",
                    "name": "OIL FILTER GUD OD93 H120 [3/4 - 16UNF]"
                },
                {
                    "id": "PH2823",
                    "name": "OIL FILTER FRAM"
                },
                {
                    "id": "PH4558",
                    "name": "OIL FILTER FRAM"
                },
                {
                    "id": "COF101103S",
                    "name": "OIL FILTER CHAMPION"
                },
                {
                    "id": "0451103300",
                    "name": "OIL FILTER BOSCH"
                },
                {
                    "id": "ADL142112",
                    "name": "OIL FIL H76.3MM M20X1.5 OD77MM BLUEPRINT"
                },
                {
                    "id": "LO100",
                    "name": "OIL FILTER CGI"
                },
                {
                    "id": "LO114",
                    "name": "OIL FILTER CGI"
                },
                {
                    "id": "WL7083",
                    "name": "OIL FILTER WIX"
                },
                {
                    "id": "WL7091",
                    "name": "OIL FILTER WIX"
                },
                {
                    "id": "MAF612",
                    "name": "OIL FILTER KAIZEN"
                },
                {
                    "id": "MAF745",
                    "name": "OIL FILTER KAIZEN"
                },
                {
                    "id": "AG1449",
                    "name": "AIR FILTER GUD PANEL L245 W169 H61"
                },
                {
                    "id": "1457433265",
                    "name": "AIR FILTER BOSCH"
                },
                {
                    "id": "WA6265",
                    "name": "AIR FILTER WIX"
                },
                {
                    "id": "MAF166",
                    "name": "AIR FILTER KAIZEN"
                },
                {
                    "id": "G5311GUD",
                    "name": "FUEL FILTER GUD"
                },
                {
                    "id": "G5311",
                    "name": "FUEL FILTER"
                },
                {
                    "id": "0450905005",
                    "name": "FUEL FILTER BOSCH"
                },
                {
                    "id": "0450905231",
                    "name": "FUEL FILTER BOSCH"
                },
                {
                    "id": "0450905273",
                    "name": "FUEL FILTER BOSCH"
                },
                {
                    "id": "WF8029",
                    "name": "FUEL FILTER WIX"
                },
                {
                    "id": "PMR7A",
                    "name": "SPARK PLUG NGK [10MM] NGK"
                },
                {
                    "id": "BKR6EKPA",
                    "name": "SPARK PLUG NGK [14MM] NGK"
                },
                {
                    "id": "OE122",
                    "name": "SPARK PLUG CHAMPION [10MM]"
                },
                {
                    "id": "OE126",
                    "name": "SPARK PLUG CHAMPION [14MM]"
                },
                {
                    "id": "0242040502",
                    "name": "SPARK PLUG BOSCH"
                },
                {
                    "id": "0242235666",
                    "name": "SPARK PLUG BOSCH"
                },
                {
                    "id": "FR7DC+",
                    "name": "SPARK PLUG BOSCH SUPER"
                },
                {
                    "id": "UR6DE",
                    "name": "SPARK PLUG BOSCH [10MM]"
                },
                {
                    "id": "0242245571",
                    "name": "SPARK PLUG BOSCH PLAT/IRIDIUM"
                },
                {
                    "id": "AC13GUD",
                    "name": "CABIN AIR FILTER GUD H17 L383 W170"
                },
                {
                    "id": "1987432014",
                    "name": "CABIN AIR FILTER BOSCH"
                },
                {
                    "id": "WP6866",
                    "name": "CABIN AIR FILTER WIX"
                },
                {
                    "id": "ATE882",
                    "name": "DISC PAD FRNT ATE L156 H59 T18"
                },
                {
                    "id": "ATE881",
                    "name": "DISC PAD FRNT ATE L157 H53 T18"
                },
                {
                    "id": "FDB1134",
                    "name": "DISC PAD FRNT FERODO L155 H59 T19"
                },
                {
                    "id": "FDB1052",
                    "name": "DISC PAD FRNT FERODO L156 H58 T18"
                },
                {
                    "id": "FDB1299",
                    "name": "DISC PAD FRNT FERODO L156 H58 T19"
                },
                {
                    "id": "0986424578",
                    "name": "DISC PAD FRNT BOSCH L155 H59 T19"
                },
                {
                    "id": "0986494004",
                    "name": "DISC PAD FRNT BOSCH L155 H59 T19"
                },
                {
                    "id": "0986424507",
                    "name": "DISC PAD FRNT BOSCH L156 H59 T19"
                },
                {
                    "id": "D3194",
                    "name": "DISC PAD FRNT SAFELINE L155 H58 T19"
                },
                {
                    "id": "D3217",
                    "name": "DISC PAD FRNT SAFELINE L155 H58 T19"
                },
                {
                    "id": "D3168",
                    "name": "DISC PAD FRNT SAFELINE L155 H62 T19"
                },
                {
                    "id": "OPT3217",
                    "name": "DISC PAD FRNT L/R OPTIMA"
                },
                {
                    "id": "05P1098",
                    "name": "DISC PAD FRNT LPR L155 H62 T19"
                },
                {
                    "id": "05P614",
                    "name": "DISC PAD FRNT LPR L155 H62 T19"
                },
                {
                    "id": "05P720",
                    "name": "DISC PAD FRNT LPR L155 H62 T19"
                },
                {
                    "id": "05P664",
                    "name": "DISC PAD FRNT LPR L156 H64 T19"
                },
                {
                    "id": "ADB11772",
                    "name": "DISC PAD FRNT NIPPON L155 H59 T19"
                },
                {
                    "id": "ADB1897",
                    "name": "DISC PAD FRNT NIPPON L155 H59 T19"
                },
                {
                    "id": "ADB11016",
                    "name": "DISC PAD FRNT NIPPON L156 H53 T17"
                },
                {
                    "id": "ATE1021",
                    "name": "DISC PAD REAR ATE L87 H44 T14"
                },
                {
                    "id": "FDB1113",
                    "name": "DISC PAD REAR FERODO L87 H45 T15"
                },
                {
                    "id": "0986424545",
                    "name": "DISC PAD REAR BOSCH L87 H45 T14"
                },
                {
                    "id": "D3218",
                    "name": "DISC PAD REAR SAFELINE L87 H44 T15"
                },
                {
                    "id": "D3593",
                    "name": "DISC PAD REAR SAFELINE L88 H44 T14"
                },
                {
                    "id": "05P736",
                    "name": "DISC PAD REAR LPR L87 H45 T14"
                },
                {
                    "id": "ADB0140",
                    "name": "DISC PAD REAR NIPPON L87 H44 T15"
                },
                {
                    "id": "12118765",
                    "name": "G/BOX OIL [MAN] 75W-90 L/LIFE"
                },
                {
                    "id": "3433499",
                    "name": "ENGINE OIL CASTROL MAGNATEC 10W40 5L"
                },
                {
                    "id": "11333810",
                    "name": "ENGINE OIL EDGE 5W-40"
                },
                {
                    "id": "11293810",
                    "name": "ENGINE OIL MAGNETEC 10W-40"
                },
                {
                    "id": "550053709",
                    "name": "ENGINE OIL SHELL HELIX HX7 10W40 5L"
                }
            ]
        },
        {
            "id": "2",
            "category": "BRAKES",
            "category_parts": [
                {
                    "id": "",
                    "name": ""
                },
                {
                    "id": "ATE882",
                    "name": "DISC PAD FRNT ATE L156 H59 T18"
                },
                {
                    "id": "ATE881",
                    "name": "DISC PAD FRNT ATE L157 H53 T18"
                },
                {
                    "id": "FDB1134",
                    "name": "DISC PAD FRNT FERODO L155 H59 T19"
                },
                {
                    "id": "FDB1052",
                    "name": "DISC PAD FRNT FERODO L156 H58 T18"
                },
                {
                    "id": "FDB1299",
                    "name": "DISC PAD FRNT FERODO L156 H58 T19"
                },
                {
                    "id": "0986424578",
                    "name": "DISC PAD FRNT BOSCH L155 H59 T19"
                },
                {
                    "id": "0986494004",
                    "name": "DISC PAD FRNT BOSCH L155 H59 T19"
                },
                {
                    "id": "0986424507",
                    "name": "DISC PAD FRNT BOSCH L156 H59 T19"
                },
                {
                    "id": "D3194",
                    "name": "DISC PAD FRNT SAFELINE L155 H58 T19"
                },
                {
                    "id": "D3217",
                    "name": "DISC PAD FRNT SAFELINE L155 H58 T19"
                },
                {
                    "id": "D3168",
                    "name": "DISC PAD FRNT SAFELINE L155 H62 T19"
                },
                {
                    "id": "OPT3217",
                    "name": "DISC PAD FRNT L/R OPTIMA"
                },
                {
                    "id": "05P1098",
                    "name": "DISC PAD FRNT LPR L155 H62 T19"
                },
                {
                    "id": "05P614",
                    "name": "DISC PAD FRNT LPR L155 H62 T19"
                },
                {
                    "id": "05P720",
                    "name": "DISC PAD FRNT LPR L155 H62 T19"
                },
                {
                    "id": "05P664",
                    "name": "DISC PAD FRNT LPR L156 H64 T19"
                },
                {
                    "id": "ADB11772",
                    "name": "DISC PAD FRNT NIPPON L155 H59 T19"
                },
                {
                    "id": "ADB1897",
                    "name": "DISC PAD FRNT NIPPON L155 H59 T19"
                },
                {
                    "id": "ADB11016",
                    "name": "DISC PAD FRNT NIPPON L156 H53 T17"
                },
                {
                    "id": "ATE1021",
                    "name": "DISC PAD REAR ATE L87 H44 T14"
                },
                {
                    "id": "FDB1113",
                    "name": "DISC PAD REAR FERODO L87 H45 T15"
                },
                {
                    "id": "0986424545",
                    "name": "DISC PAD REAR BOSCH L87 H45 T14"
                },
                {
                    "id": "D3218",
                    "name": "DISC PAD REAR SAFELINE L87 H44 T15"
                },
                {
                    "id": "D3593",
                    "name": "DISC PAD REAR SAFELINE L88 H44 T14"
                },
                {
                    "id": "05P736",
                    "name": "DISC PAD REAR LPR L87 H45 T14"
                },
                {
                    "id": "ADB0140",
                    "name": "DISC PAD REAR NIPPON L87 H44 T15"
                },
                {
                    "id": "DR6208",
                    "name": "BRAKE DISC FS ALFA D240 H40 S59 [4]"
                },
                {
                    "id": "DR6969",
                    "name": "BRAKE DISC FS ALFA D240 H40 S59 [4]"
                },
                {
                    "id": "DR6720",
                    "name": "BRAKE DISC FV ALFA D283 H40 S59 [4]"
                },
                {
                    "id": "DR6780",
                    "name": "BRAKE DISC FV ALFA D284 H39 S59 [4]"
                },
                {
                    "id": "120.0142",
                    "name": "BRAKE DISC FV ATE D258 H41 S59 O127 [4]"
                },
                {
                    "id": "122-0107",
                    "name": "BRAKE DISC FV D284 H40 S59 4 ATE"
                },
                {
                    "id": "DDF140",
                    "name": "BRAKE DISC FS FERODO D240 H40 S59 [4]"
                },
                {
                    "id": "DDF140C",
                    "name": "BRAKE DISC FS FERODO D240 H40 S59 [4]"
                },
                {
                    "id": "DDF252",
                    "name": "BRAKE DISC FV FERODO D284 H39 S59 [4]"
                },
                {
                    "id": "DDF252C",
                    "name": "BRAKE DISC FV FERODO D284 H39 S59 [4]"
                },
                {
                    "id": "DR6827",
                    "name": "BRAKE DISC RS ALFA D240 H40 S58 [4]"
                },
                {
                    "id": "DR6829",
                    "name": "BRAKE DISC RS ALFA D240 H40 S58 [4]"
                },
                {
                    "id": "DR6078",
                    "name": "BRAKE DISC RS ALFA D240 H40 S59 [4]"
                },
                {
                    "id": "111.0119",
                    "name": "BRAKE DISC RS ATE D240 H40 S59 ID123 [4]"
                },
                {
                    "id": "FWI205",
                    "name": "DISC PAD SENSOR FRNT [L776MM] FERODO"
                },
                {
                    "id": "M2220205",
                    "name": "BRAKE M/CYL BETTABRAKE 22.22MM"
                },
                {
                    "id": "0204122268",
                    "name": "BRAKE M/CYL BOSCH"
                },
                {
                    "id": "AM1140",
                    "name": "BRAKE M/CYL 28.58/22.22MM TC"
                },
                {
                    "id": "BM222.2403",
                    "name": "BRAKE M/CYL PQ"
                },
                {
                    "id": "SEA8497E",
                    "name": "BRAKE M/CYL KIT 22.22 MM CPD"
                },
                {
                    "id": "RK2.22.55",
                    "name": "BRAKE M/CYL KIT [TANDEM] LMB"
                },
                {
                    "id": "K9301X",
                    "name": "BRAKE M/CYL KIT BPD"
                },
                {
                    "id": "P8497X",
                    "name": "BRAKE M/CYL KIT 22.22MM [-ESP] PQ"
                },
                {
                    "id": "BMK222.8497",
                    "name": "BRAKE M/CYL KIT PQ"
                },
                {
                    "id": "HB1173",
                    "name": "CABLE HANDBRAKE FRNT PQ"
                },
                {
                    "id": "RW1011L",
                    "name": "CABLE H/BRAKE REAR PQ"
                },
                {
                    "id": "RW1011R",
                    "name": "CABLE H/BRAKE REAR PQ"
                },
                {
                    "id": "CK48.2418",
                    "name": "CALIPER KIT FRNT 48MM PQ"
                },
                {
                    "id": "CK54.2430",
                    "name": "CALIPER KIT FRNT 54MM PQ"
                },
                {
                    "id": "HUB021",
                    "name": "WHEEL HUB REAR"
                },
                {
                    "id": "HUB022",
                    "name": "WHEEL HUB REAR"
                },
                {
                    "id": "477HUB",
                    "name": "WHEEL HUB FRONT PQ"
                },
                {
                    "id": "1180-1",
                    "name": "ANTI RATTLE CLIP FRNT BHCS"
                },
                {
                    "id": "1301X",
                    "name": "CALIPER GUIDE BOLT KIT BHCS"
                },
                {
                    "id": "SED7007C",
                    "name": "CAL GUIDE BOLT FRNT CPD"
                },
                {
                    "id": "SEA1315E",
                    "name": "CALIPER KIT FRNT 54.00MM CPD"
                },
                {
                    "id": "SEA2096E",
                    "name": "CALIPER KIT FRNT 54.00MM CPD"
                },
                {
                    "id": "P2418S",
                    "name": "CALIPER KIT FRNT 48MM PQ"
                },
                {
                    "id": "P2429S",
                    "name": "CALIPER KIT FRNT 48MM PQ"
                },
                {
                    "id": "P1315S",
                    "name": "CALIPER KIT FRNT 54MM PQ"
                },
                {
                    "id": "P2430S",
                    "name": "CALIPER KIT FRNT 54MM PQ"
                },
                {
                    "id": "RK5.48.22",
                    "name": "CALIPER KIT LMB"
                },
                {
                    "id": "RK5.54.16",
                    "name": "CALIPER KIT LMB"
                },
                {
                    "id": "RK5.34.09",
                    "name": "CALIPER KIT REAR LMB"
                },
                {
                    "id": "P2431S",
                    "name": "CALIPER KIT REAR 34MM LUCAS PQ"
                },
                {
                    "id": "113-1301X",
                    "name": "BRAKE CALIPER GUIDE SLEEVE KIT QB"
                },
                {
                    "id": "113-1302X",
                    "name": "BRAKE CALIPER GUIDE SLEEVE KIT QB"
                }
            ]
        },
        {
            "id": "3",
            "category": "SUSPENSION COMPONENTS [FRONT]",
            "category_parts": [
                {
                    "id": "",
                    "name": ""
                },
                {
                    "id": "E4480",
                    "name": "SHOCK FRNT MONROE"
                },
                {
                    "id": "G35037",
                    "name": "SHOCK FRNT GABRIEL"
                },
                {
                    "id": "334930",
                    "name": "SHOCK FRNT KYB"
                },
                {
                    "id": "VKDA35200",
                    "name": "TOP MOUNT FRNT SHOCK [SINGLE] SKF"
                },
                {
                    "id": "VKDA35200T",
                    "name": "TOP MOUNT SHOCK FRNT [TWIN PACK] FRNT SKF"
                },
                {
                    "id": "AR5652",
                    "name": "STRUT MOUNTING F/SUSP [LHS] PQ"
                },
                {
                    "id": "AR5653",
                    "name": "STRUT MOUNTING F/SUSP [RHS] PQ"
                },
                {
                    "id": "MK007",
                    "name": "STRUT MOUNTING FRNT MONROE"
                },
                {
                    "id": "AF2810",
                    "name": "MOUNTING SHOCK FRNT LHS TEKNOSA"
                },
                {
                    "id": "AF2811",
                    "name": "MOUNTING SHOCK FRNT RHS TEKNOSA"
                },
                {
                    "id": "VKDP83201T",
                    "name": "DUST COVER KIT REAR SKF"
                },
                {
                    "id": "PK024",
                    "name": "SHOCK PROTECTION KIT FRNT"
                },
                {
                    "id": "PK130",
                    "name": "SHOCK PROTECTION KIT REAR"
                },
                {
                    "id": "AF2010",
                    "name": "CONTROL ARM LOWER FRNT LHS TEKNOSA"
                },
                {
                    "id": "AF2011",
                    "name": "CONTROL ARM LOWER FRNT RHS TEKNOSA"
                },
                {
                    "id": "CS127",
                    "name": "CONTROL ARM LOWER LHS PQ"
                },
                {
                    "id": "CS128",
                    "name": "CONTROL ARM LOWER RHS PQ"
                },
                {
                    "id": "12803AP",
                    "name": "CONTROL ARM LOWER LHS A-PLUS"
                },
                {
                    "id": "12804AP",
                    "name": "CONTROL ARM LOWER RHS A-PLUS"
                },
                {
                    "id": "CJ989L",
                    "name": "CONTROL ARM LOWER LHS AUTOCOM"
                },
                {
                    "id": "CJ989R",
                    "name": "CONTROL ARM LOWER RHS AUTOCOM"
                },
                {
                    "id": "AR5675",
                    "name": "STABILIZER LINK ASSY FRNT PQ"
                },
                {
                    "id": "VKDS342001",
                    "name": "STABILIZER LINK L99 H* ID* OD* SKF"
                },
                {
                    "id": "VKDS322002B",
                    "name": "CONTROL ARM L* SKF"
                },
                {
                    "id": "VKDS322003B",
                    "name": "CONTROL ARM L* SKF"
                },
                {
                    "id": "AR5673L",
                    "name": "CONT ARM BUSH LOWER INNER [FRNT] PQ"
                },
                {
                    "id": "AR5673R",
                    "name": "CONT ARM BUSH LOWER INNER [FRNT] PQ"
                },
                {
                    "id": "AR5674L",
                    "name": "CONT ARM BUSH LOWER INNER [REAR] PQ"
                },
                {
                    "id": "AR5674R",
                    "name": "CONT ARM BUSH LOWER INNER [REAR] PQ"
                },
                {
                    "id": "AF2112",
                    "name": "BUSH CONT ARM LOW FRNT L/R TEKNOSA"
                },
                {
                    "id": "AF2113",
                    "name": "BUSH CONT ARM LOW FRNT L/R TEKNOSA"
                },
                {
                    "id": "AF2110",
                    "name": "BUSH CONT ARM LOW FRNT LHS TEKNOSA"
                },
                {
                    "id": "AF2111",
                    "name": "BUSH CONT ARM LOW FRNT RHS TEKNOSA"
                },
                {
                    "id": "VKDS352020",
                    "name": "STAB BAR BUSH L51 H49 ID23.5 OD* SKF"
                },
                {
                    "id": "AR5689",
                    "name": "STAB BAR BUSH F/SUSP PQ"
                }
            ]
        },
        {
            "id": "4",
            "category": "SUSPENSION COMPONENTS [REAR]",
            "category_parts": [
                {
                    "id": "",
                    "name": ""
                },
                {
                    "id": "VKDP83201T",
                    "name": "DUST COVER KIT REAR SKF"
                },
                {
                    "id": "GT1031",
                    "name": "SHOCK REAR MONROE"
                },
                {
                    "id": "69919",
                    "name": "SHOCK REAR GABRIEL"
                },
                {
                    "id": "344115",
                    "name": "SHOCK REAR KYB"
                },
                {
                    "id": "SHG139838",
                    "name": "SHOCK REAR GM"
                },
                {
                    "id": "PK024",
                    "name": "SHOCK PROTECTION KIT FRNT"
                },
                {
                    "id": "PK130",
                    "name": "SHOCK PROTECTION KIT REAR"
                },
                {
                    "id": "14226AP",
                    "name": "C/ARM BUSH LOWER L/R A-PLUS"
                },
                {
                    "id": "14228AP",
                    "name": "C/ARM BUSH LOWER LHS A-PLUS"
                },
                {
                    "id": "14227AP",
                    "name": "C/ARM BUSH LOWER RHS A-PLUS"
                },
                {
                    "id": "AF2112",
                    "name": "BUSH CONT ARM LOW FRNT L/R TEKNOSA"
                },
                {
                    "id": "AF2113",
                    "name": "BUSH CONT ARM LOW FRNT L/R TEKNOSA"
                },
                {
                    "id": "AF2110",
                    "name": "BUSH CONT ARM LOW FRNT LHS TEKNOSA"
                },
                {
                    "id": "AF2111",
                    "name": "BUSH CONT ARM LOW FRNT RHS TEKNOSA"
                },
                {
                    "id": "VKDS352020",
                    "name": "STAB BAR BUSH L51 H49 ID23.5 OD* SKF"
                },
                {
                    "id": "15953AP",
                    "name": "STAB BAR BUSH A-PLUS"
                },
                {
                    "id": "VKDS342001",
                    "name": "STABILIZER LINK L99 H* ID* OD* SKF"
                },
                {
                    "id": "14114AP",
                    "name": "STABILIZER LINK L/R A-PLUS L99"
                },
                {
                    "id": "AF1510",
                    "name": "STABILIZER LINK FRNT L/R L99 TEKNOSA"
                },
                {
                    "id": "VKDS322002B",
                    "name": "CONTROL ARM L* SKF"
                },
                {
                    "id": "VKDS322003B",
                    "name": "CONTROL ARM L* SKF"
                }
            ]
        },
        {
            "id": "5",
            "category": "COOLING SYSTEM",
            "category_parts": [
                {
                    "id": "",
                    "name": ""
                },
                {
                    "id": "TP1-10",
                    "name": "RADIATOR CAP [42MM ID THREAD] ECHLIN"
                },
                {
                    "id": "03912",
                    "name": "RADIATOR CAP [42MM ID THREAD] OSSCA/ATS"
                },
                {
                    "id": "TP1-10M",
                    "name": "RADIATOR CAP [42MM ID THREAD] MP"
                },
                {
                    "id": "2078",
                    "name": "THERMOSTAT [87C] ECHLIN"
                },
                {
                    "id": "VKPC82645",
                    "name": "WATER PUMP SKF"
                },
                {
                    "id": "NWP1060",
                    "name": "WATER PUMP [PULLEY OD 71MM] PI"
                },
                {
                    "id": "NWP1060M",
                    "name": "WATER PUMP [PULLEY OD 71MM] MP"
                },
                {
                    "id": "W17406",
                    "name": "WATER PUMP [PULLEY OD 71MM] AZ"
                },
                {
                    "id": "QCP3211",
                    "name": "WATER PUMP [PULLEY OD 71MM] ECHLIN"
                },
                {
                    "id": "S-210",
                    "name": "WATER PUMP [PULLEY OD 71MM] DOLZ"
                },
                {
                    "id": "534010920",
                    "name": "FAN BELT TENSIONER LEVER LUK"
                },
                {
                    "id": "532037120",
                    "name": "FAN BELT TENSIONER [57X29] LUK"
                },
                {
                    "id": "VKM32007",
                    "name": "TENSIONER V-BELT PULLEY [D:100 W:29] SKF"
                },
                {
                    "id": "VKM32022",
                    "name": "TENSIONER V-BELT PULLEY [OD:65 W:29] SKF"
                },
                {
                    "id": "FS153",
                    "name": "FAN SWITCH [92DEG-87DEG 2-PIN] ECHLIN"
                },
                {
                    "id": "FS153M",
                    "name": "FAN SWITCH [92DEG-87DEG 2-PIN] MP"
                },
                {
                    "id": "FS7260",
                    "name": "FAN SWITCH [92DEG-87DEG 2-PIN] HELLA"
                },
                {
                    "id": "TFS10",
                    "name": "FAN SWITCH [92DEG-87DEG 2-PIN] ATS"
                }
            ]
        },
        {
            "id": "6",
            "category": "CLUTCH COMPONENTS",
            "category_parts": [
                {
                    "id": "",
                    "name": ""
                },
                {
                    "id": "F026005091",
                    "name": "CLUTCH M/CYL BOSCH"
                },
                {
                    "id": "F026005092",
                    "name": "CLUTCH M/CYL BOSCH"
                },
                {
                    "id": "F026005095",
                    "name": "CLUTCH M/CYL BOSCH"
                },
                {
                    "id": "M1900205",
                    "name": "CLUTCH M/CYL BETTABRAKE 19.05MM"
                },
                {
                    "id": "M1900207",
                    "name": "CLUTCH M/CYL BETTABRAKE 19.05MM"
                },
                {
                    "id": "CM190.2403",
                    "name": "CLUTCH M/CYL PQ"
                },
                {
                    "id": "CM190.2404",
                    "name": "CLUTCH M/CYL PQ"
                },
                {
                    "id": "SEA8498E",
                    "name": "CLUTCH M/CYL KIT 19.05 MM CPD"
                },
                {
                    "id": "SEA8499E",
                    "name": "CLUTCH M/CYL KIT 19.05 MM CPD"
                },
                {
                    "id": "P8498X",
                    "name": "CLUTCH M/CYL KIT 19.05MM PQ"
                },
                {
                    "id": "P8499X",
                    "name": "CLUTCH M/CYL KIT 19.05MM PQ"
                },
                {
                    "id": "RK7.19.49",
                    "name": "CLUTCH M/CYL KIT LMB"
                },
                {
                    "id": "FT05.25.01",
                    "name": "CLUTCH S/CYL 25.4MM [NABCO]"
                },
                {
                    "id": "CSAL01",
                    "name": "CONCENTRIC S/CYL VALEO"
                },
                {
                    "id": "CS9989",
                    "name": "CLUTCH S/CYL TC"
                },
                {
                    "id": "0204163074",
                    "name": "CLUTCH S/CYL BOSCH"
                },
                {
                    "id": "F026005581",
                    "name": "CLUTCH S/CYL BOSCH"
                },
                {
                    "id": "CPD.FIA202",
                    "name": "CLUTCH S/CYL 25.40MM CPD"
                },
                {
                    "id": "SEA1014E",
                    "name": "CLUTCH S/CYL KIT 25.40MM CPD"
                },
                {
                    "id": "31.254.0004",
                    "name": "CLUTCH S/CYL HYDRADRIVE 25.40MM"
                },
                {
                    "id": "31.254.0006",
                    "name": "CLUTCH S/CYL HYDRADRIVE 25.40MM"
                },
                {
                    "id": "31.254.0028",
                    "name": "CLUTCH S/CYL HYDRADRIVE 25.40MM"
                },
                {
                    "id": "S2540004",
                    "name": "CLUTCH S/CYL BETTABRAKE 25.40MM"
                },
                {
                    "id": "S2540006",
                    "name": "CLUTCH S/CYL BETTABRAKE 25.40MM"
                },
                {
                    "id": "S2540028",
                    "name": "CLUTCH S/CYL BETTABRAKE 25.40MM"
                },
                {
                    "id": "CS254.2402",
                    "name": "CLUTCH S/CYL PQ"
                },
                {
                    "id": "CS254.3800",
                    "name": "CLUTCH S/CYL [CLIP TYPE] PQ"
                },
                {
                    "id": "CY8102",
                    "name": "CLUTCH S/CYL [CLIP TYPE] ATS"
                },
                {
                    "id": "P1014S",
                    "name": "CLUTCH S/CYL KIT 25.40 [-PIST] PQ"
                },
                {
                    "id": "P2433S",
                    "name": "CLUTCH S/CYL KIT 25.4MM PQ"
                },
                {
                    "id": "RK8.25.10",
                    "name": "CLUTCH S/CYL KIT [BENDIX]"
                },
                {
                    "id": "RB9816",
                    "name": "CLUTCH RELEASE BRG PQ"
                },
                {
                    "id": "123019610",
                    "name": "PRESSURE PLATE LUK"
                },
                {
                    "id": "623090300",
                    "name": "CLUTCH KIT LUK D228 S22.3 ST20"
                },
                {
                    "id": "R297MK",
                    "name": "CLUTCH KIT LUK D228 S22.3 ST20"
                },
                {
                    "id": "3000951089",
                    "name": "CLUTCH KIT SACHS [228X23.0-20]"
                },
                {
                    "id": "AR02",
                    "name": "CLUTCH KIT VALEO [OEM]"
                },
                {
                    "id": "AR03",
                    "name": "CLUTCH KIT VALEO [PULL TYPE]OE"
                },
                {
                    "id": "MK9547",
                    "name": "CLUTCH KIT MECARM"
                }
            ]
        },
        {
            "id": "7",
            "category": "IGNITION SYSTEM",
            "category_parts": [
                {
                    "id": "",
                    "name": ""
                },
                {
                    "id": "P00-352",
                    "name": "SPARK PLUG LEADS BOUGICORD"
                },
                {
                    "id": "IC286",
                    "name": "IGN COIL ELEC [2 PIN] ECHLIN"
                },
                {
                    "id": "IC046",
                    "name": "IGNITION COIL ECHLIN [2 PIN]"
                },
                {
                    "id": "111494",
                    "name": "IGNITION COIL HUCO [2 PIN] HUCO"
                },
                {
                    "id": "1227030059",
                    "name": "IGNITION COIL BOSCH"
                },
                {
                    "id": "F000ZS0103",
                    "name": "IGNITION COIL BOSCH [2 PIN]"
                },
                {
                    "id": "IC334482",
                    "name": "IGNITION COIL KAIZEN"
                }
            ]
        },
        {
            "id": "8",
            "category": "DRIVESHAFT COMPONENTS",
            "category_parts": [
                {
                    "id": "",
                    "name": ""
                },
                {
                    "id": "PJ802003",
                    "name": "CV JOINT OUTER 25X25X52X90 O PQ"
                },
                {
                    "id": "PJ802012",
                    "name": "CV JOINT OUTER 25X28X29X98 O PQ"
                },
                {
                    "id": "PJ802006",
                    "name": "CV JOINT OUTER 44T 25X25X52X90 O PQ"
                },
                {
                    "id": "PJ817013",
                    "name": "CV JOINT OUTER 44T 27X25X5690 I PQ"
                },
                {
                    "id": "MO6610",
                    "name": "CV JOINT INNER FRNT L/R 25X32X100 TEKNOSA"
                },
                {
                    "id": "FI5915F3A1",
                    "name": "CV JOINT OUTER FRNT L/R 25X25X52XIX44T TEKNOSA"
                },
                {
                    "id": "FI3002",
                    "name": "CV JOINT OUTER FRNT L/R 27X25X56XIX44T TEKNOSA"
                },
                {
                    "id": "PJ602006",
                    "name": "CV JOINT INNER 0X25X0X100 PQ"
                },
                {
                    "id": "VKJP01001",
                    "name": "CV BOOT KIT OUTER SKF"
                },
                {
                    "id": "VKJP01001S",
                    "name": "CV BOOT KIT OUTER SKF"
                },
                {
                    "id": "VKJP01011",
                    "name": "CV BOOT KIT OUTER SKF"
                },
                {
                    "id": "VKJP3127",
                    "name": "CV BOOT KIT OUTER SKF"
                },
                {
                    "id": "CV13K",
                    "name": "CV BOOT INNER \u0026 OUTER 100MM"
                },
                {
                    "id": "CV183K",
                    "name": "CV BOOT KIT OUTER PQ"
                },
                {
                    "id": "CV184K",
                    "name": "CV BOOT KIT OUTER PQ"
                },
                {
                    "id": "VKJP8076",
                    "name": "CV BOOT KIT INNER SKF"
                },
                {
                    "id": "CV182K",
                    "name": "CV BOOT KIT INNER PQ"
                },
                {
                    "id": "VKJC1424",
                    "name": "DRIVESHAFT KIT SKF"
                },
                {
                    "id": "VKJC1426",
                    "name": "DRIVESHAFT KIT SKF"
                },
                {
                    "id": "9960",
                    "name": "DRIVE SHAFT SEAL [LHS] PQ"
                },
                {
                    "id": "9959",
                    "name": "DRIVE SHAFT SEAL [RHS] PQ"
                },
                {
                    "id": "32009",
                    "name": "DIFF CARRIER BRG PQ"
                }
            ]
        },
        {
            "id": "9",
            "category": "FUEL SYSTEM",
            "category_parts": [
                {
                    "id": "",
                    "name": ""
                },
                {
                    "id": "EP38020A",
                    "name": "FUEL INJ PUMP [3 BAR 90 L/H] PI"
                },
                {
                    "id": "443125",
                    "name": "FUEL INJ PUMP [3 BAR 90 L/H]"
                },
                {
                    "id": "0580453408",
                    "name": "FUEL INJECTION PUMP"
                },
                {
                    "id": "02159",
                    "name": "FUEL INJECTION PUMP OSSCA/ATS"
                },
                {
                    "id": "00892",
                    "name": "FUEL PRESSURE CONTROL VALVE OSSCA/ATS"
                },
                {
                    "id": "G5311GUD",
                    "name": "FUEL FILTER GUD"
                },
                {
                    "id": "G5311",
                    "name": "FUEL FILTER"
                },
                {
                    "id": "0450905005",
                    "name": "FUEL FILTER BOSCH"
                },
                {
                    "id": "0450905231",
                    "name": "FUEL FILTER BOSCH"
                },
                {
                    "id": "0450905273",
                    "name": "FUEL FILTER BOSCH"
                },
                {
                    "id": "WF8029",
                    "name": "FUEL FILTER WIX"
                },
                {
                    "id": "0280217111",
                    "name": "AIR-MASS METER BOSCH"
                },
                {
                    "id": "0280150702",
                    "name": "INJECTORS BOSCH"
                },
                {
                    "id": "1002",
                    "name": "FUEL TANK CAP LOCKING ECHLIN"
                },
                {
                    "id": "5601-023",
                    "name": "FUEL TANK CAP LOCKING PI"
                },
                {
                    "id": "3013",
                    "name": "FUEL TANK CAP [-LOCKING] ECHLIN"
                },
                {
                    "id": "FEB02211",
                    "name": "FUEL TANK CAP LOCKING FEBI"
                },
                {
                    "id": "01173",
                    "name": "FUEL TANK CAP LOCKING OSSCA/ATS"
                }
            ]
        },
        {
            "id": "10",
            "category": "TIMING COMPONENTS",
            "category_parts": [
                {
                    "id": "",
                    "name": ""
                },
                {
                    "id": "VKMA02177",
                    "name": "T/BELT KIT SKF"
                },
                {
                    "id": "VKMA02277",
                    "name": "T/BELT KIT SKF"
                },
                {
                    "id": "VKMC02177",
                    "name": "T/BELT KIT SKF"
                },
                {
                    "id": "1987946101",
                    "name": "T/BELT KIT BOSCH"
                },
                {
                    "id": "1987948562",
                    "name": "TIM BELT KIT BOSCH [ALF168]"
                },
                {
                    "id": "K065429XS",
                    "name": "TIM BELT KIT [ALF168 \u0026 ALF130] GATES"
                },
                {
                    "id": "K035429XS",
                    "name": "TIM BELT KIT [ALF168] GATES"
                },
                {
                    "id": "ALF130-FSD",
                    "name": "TIM BELT [130X15MM] B/SHAFT AUTOBAX"
                },
                {
                    "id": "ALF168-FSD",
                    "name": "TIM BELT [168X24MM] 5429XS AUTOBAX"
                },
                {
                    "id": "VKMV7PK1954",
                    "name": "MULTI-GROOVE BELT SKF"
                },
                {
                    "id": "VKMV7PK1952",
                    "name": "MULTI-GROOVE BELT [+A/C] SKF"
                },
                {
                    "id": "VKMV7PK1953",
                    "name": "MULTI-GROOVE BELT [+A/C] SKF"
                },
                {
                    "id": "VKMV7PK1078",
                    "name": "MULTI-GROOVE BELT [-A/C] SKF"
                },
                {
                    "id": "VKMV7PK1080",
                    "name": "MULTI-GROOVE BELT [-A/C] SKF"
                },
                {
                    "id": "G1473H",
                    "name": "TIM BELT [130X15MM] B/SHAFT RAM"
                },
                {
                    "id": "G1327H",
                    "name": "TIM BELT [168X24MM] RAM"
                },
                {
                    "id": "VKMT02173",
                    "name": "T/BELT [T:168 W:24] SKF"
                },
                {
                    "id": "QTB456",
                    "name": "TIM BELT [130X15MM] B/SHAFT ECHLIN"
                },
                {
                    "id": "QTB362",
                    "name": "TIM BELT [18X173MM] ECHLIN"
                },
                {
                    "id": "94589",
                    "name": "TIM BELT [130X15MM] B/SHAFT DAYCO"
                },
                {
                    "id": "94590",
                    "name": "TIM BELT [168X24MM] DAYCO"
                },
                {
                    "id": "RGB1959",
                    "name": "T/BELT KAIZEN"
                },
                {
                    "id": "7PK1090",
                    "name": "MULTI-GROOVE BELT [-AC] RAM"
                },
                {
                    "id": "7PK1950",
                    "name": "MULTI-GROOVE BELT [AC] RAM"
                },
                {
                    "id": "VKM32007",
                    "name": "TENSIONER V-BELT PULLEY [D:100 W:29] SKF"
                },
                {
                    "id": "VKM32022",
                    "name": "TENSIONER V-BELT PULLEY [OD:65 W:29] SKF"
                },
                {
                    "id": "BT-ALF05",
                    "name": "T/BELT GUIDE PULLEY [57X29] AUTOBAX"
                },
                {
                    "id": "BT-ALF06",
                    "name": "T/BELT TENSIONER [65X29] AUTOBAX"
                },
                {
                    "id": "T38356",
                    "name": "T/BELT TENSIONER GATES"
                },
                {
                    "id": "VKMC02277",
                    "name": "T/BELT PULLEY SKF"
                },
                {
                    "id": "VKM12277",
                    "name": "T/BELT TENSIONER [D:59 W:16] SKF"
                },
                {
                    "id": "VKM12173",
                    "name": "T/BELT TENSIONER [D:65 W:29] SKF"
                },
                {
                    "id": "VKM22177",
                    "name": "TIM BELT GUIDE [57X29] SKF"
                },
                {
                    "id": "T36008",
                    "name": "IDLER PULLEY"
                },
                {
                    "id": "GT50500",
                    "name": "IDLER GMB"
                },
                {
                    "id": "GTA0180",
                    "name": "PULLEY GMB"
                },
                {
                    "id": "GTB0550",
                    "name": "TIMING BELT TENSIONER GMB"
                }
            ]
        },
        {
            "id": "11",
            "category": "CYLINDER HEAD COMPONENTS",
            "category_parts": [
                {
                    "id": "",
                    "name": ""
                },
                {
                    "id": "DW410",
                    "name": "HEAD SET GASKETS [92-95]"
                },
                {
                    "id": "DW710",
                    "name": "HEAD SET GASKETS [95-98]"
                },
                {
                    "id": "AA5510",
                    "name": "CYL HEAD GASKET"
                },
                {
                    "id": "BW410",
                    "name": "CYL HEAD GASKET [92-95]"
                },
                {
                    "id": "BW710",
                    "name": "CYL HEAD GASKET [95-97] 1.65MM"
                },
                {
                    "id": "JN940",
                    "name": "VALVE COVER GASKET PAYEN"
                },
                {
                    "id": "JD235",
                    "name": "INTAKE MANIFOLD GASKET"
                },
                {
                    "id": "JD015",
                    "name": "EXHAUST MANIFOLD GASKET"
                },
                {
                    "id": "GW410",
                    "name": "FULL GASKET SETS [92-95]"
                },
                {
                    "id": "GW713",
                    "name": "FULL GASKET SETS [95-97]"
                },
                {
                    "id": "EW710",
                    "name": "CONVERSION SET GASKETS"
                },
                {
                    "id": "15-35711-01",
                    "name": "CYL HEAD COVER GASKET VR"
                },
                {
                    "id": "HR363",
                    "name": "VALVE STEM SEAL SET"
                },
                {
                    "id": "304207",
                    "name": "CAMSHAFT OIL SEAL PQ"
                },
                {
                    "id": "NA5053",
                    "name": "CAMSHAFT OIL SEAL [304207] PAYEN"
                },
                {
                    "id": "9417",
                    "name": "CAMSHAFT SEAL FRNT PQ"
                },
                {
                    "id": "81010800",
                    "name": "CYL HEAD BOLT SET AJUSA"
                },
                {
                    "id": "HBS132",
                    "name": "CYL HEAD BOLT KIT [254MM] X10"
                },
                {
                    "id": "OFC-79",
                    "name": "OIL FILLER CAP"
                },
                {
                    "id": "5625-003",
                    "name": "OIL FILLER CAP ECHLIN"
                },
                {
                    "id": "00484",
                    "name": "OIL FILLER CAP OSSCA/ATS"
                },
                {
                    "id": "FEB02113",
                    "name": "OIL FILLER CAP FEBI"
                }
            ]
        },
        {
            "id": "12",
            "category": "ENGINE SUB ASSEMBLY",
            "category_parts": [
                {
                    "id": "",
                    "name": ""
                },
                {
                    "id": "304208",
                    "name": "OIL SEAL TRANS FRNT PQ"
                },
                {
                    "id": "9570",
                    "name": "OIL SEAL G/BOX REAR"
                },
                {
                    "id": "9958",
                    "name": "MAIN BRG SEAL"
                },
                {
                    "id": "NF888",
                    "name": "MAIN BRG SEAL [9317212]"
                },
                {
                    "id": "9960",
                    "name": "DRIVE SHAFT SEAL [LHS] PQ"
                },
                {
                    "id": "9959",
                    "name": "DRIVE SHAFT SEAL [RHS] PQ"
                },
                {
                    "id": "NA5069",
                    "name": "CAMSHAFT OIL SEAL FRNT PAYEN"
                },
                {
                    "id": "9957",
                    "name": "CRANKSHAFT OIL SEAL [FRNT]"
                },
                {
                    "id": "NA5070",
                    "name": "CRANKSHAFT OIL SEAL [FRNT]"
                },
                {
                    "id": "304207",
                    "name": "CAMSHAFT OIL SEAL PQ"
                },
                {
                    "id": "NA5053",
                    "name": "CAMSHAFT OIL SEAL [304207] PAYEN"
                },
                {
                    "id": "9417",
                    "name": "CAMSHAFT SEAL FRNT PQ"
                }
            ]
        },
        {
            "id": "13",
            "category": "MOUNTINGS ",
            "category_parts": [
                {
                    "id": "",
                    "name": ""
                },
                {
                    "id": "AR5664",
                    "name": "ENGINE MOUNTING LHS PQ"
                },
                {
                    "id": "MK007",
                    "name": "STRUT MOUNTING FRNT MONROE"
                },
                {
                    "id": "AR5652",
                    "name": "STRUT MOUNTING F/SUSP [LHS] PQ"
                },
                {
                    "id": "AR5653",
                    "name": "STRUT MOUNTING F/SUSP [RHS] PQ"
                },
                {
                    "id": "AF2810",
                    "name": "MOUNTING SHOCK FRNT LHS TEKNOSA"
                },
                {
                    "id": "AF2811",
                    "name": "MOUNTING SHOCK FRNT RHS TEKNOSA"
                }
            ]
        },
        {
            "id": "14",
            "category": "STARTER COMPONENTS",
            "category_parts": [
                {
                    "id": "",
                    "name": ""
                },
                {
                    "id": "STR1195A",
                    "name": "STARTER MOTOR 12V ELECTROPART"
                },
                {
                    "id": "F042002037",
                    "name": "STARTER MOTOR BOSCH"
                },
                {
                    "id": "111685",
                    "name": "STARTER MOTOR CARGO"
                }
            ]
        },
        {
            "id": "15",
            "category": "ALTERNATOR COMPONENTS",
            "category_parts": [
                {
                    "id": "",
                    "name": ""
                },
                {
                    "id": "7PK1090",
                    "name": "MULTI-GROOVE BELT [-AC] RAM"
                },
                {
                    "id": "7PK1950",
                    "name": "MULTI-GROOVE BELT [AC] RAM"
                },
                {
                    "id": "534010920",
                    "name": "FAN BELT TENSIONER LEVER LUK"
                },
                {
                    "id": "532037120",
                    "name": "FAN BELT TENSIONER [57X29] LUK"
                },
                {
                    "id": "VKM32007",
                    "name": "TENSIONER V-BELT PULLEY [D:100 W:29] SKF"
                },
                {
                    "id": "VKM32022",
                    "name": "TENSIONER V-BELT PULLEY [OD:65 W:29] SKF"
                }
            ]
        },
        {
            "id": "16",
            "category": "BODY PARTS FRONT AND REAR",
            "category_parts": [
                {
                    "id": "",
                    "name": ""
                },
                {
                    "id": "G64150",
                    "name": "BULB HEADLIGHT LOW BEAM"
                },
                {
                    "id": "G64150",
                    "name": "BULB HEADLIGHT HIGH BEAM"
                },
                {
                    "id": "G2825",
                    "name": "BULB PARK LIGHT FRNT"
                },
                {
                    "id": "G501",
                    "name": "BULB PARK LIGHT FRNT ATS"
                },
                {
                    "id": "G7506",
                    "name": "BULB FLASHER FRNT"
                },
                {
                    "id": "G64151",
                    "name": "BULB FOG LIGHT FRNT"
                },
                {
                    "id": "HB448",
                    "name": "BULB FOG LIGHT FRNT ATS"
                },
                {
                    "id": "HB456",
                    "name": "BULB FOG LIGHT FRNT ATS"
                },
                {
                    "id": "G207",
                    "name": "BULB SIDE MARKER ATS"
                },
                {
                    "id": "G5007",
                    "name": "BULB TAILIGHT"
                },
                {
                    "id": "G7506",
                    "name": "BULB STOPLIGHT"
                },
                {
                    "id": "G7506",
                    "name": "BULB REVERSE LIGHT"
                },
                {
                    "id": "G7506",
                    "name": "BULB FOG LIGHT REAR"
                },
                {
                    "id": "G1073",
                    "name": "BULB FOG LIGHT REAR ATS"
                },
                {
                    "id": "G2825",
                    "name": "BULB LICENSE PLATE"
                },
                {
                    "id": "G254",
                    "name": "BULB LICENSE PLATE ATS"
                },
                {
                    "id": "G6148",
                    "name": "BULB LICENSE PLATE PI"
                },
                {
                    "id": "G6418",
                    "name": "BULB TRUNK LAMP"
                },
                {
                    "id": "SL216",
                    "name": "STOP LIGHT SWITCH"
                }
            ]
        },
        {
            "id": "17",
            "category": "SWITCHES \u0026 ACCESSORIES",
            "category_parts": [
                {
                    "id": "",
                    "name": ""
                },
                {
                    "id": "S647",
                    "name": "BATTERY SABAT"
                },
                {
                    "id": "F647",
                    "name": "BATTERY EXIDE/MIDAS"
                },
                {
                    "id": "W647",
                    "name": "BATTERY WILLARD"
                },
                {
                    "id": "B19-1",
                    "name": "WIPER BLADE FRNT DR/PASS OSSCA/ATS (PAIR)"
                },
                {
                    "id": "K53B",
                    "name": "WIPER BLADE FRNT KIT [53/48] CHAMPION"
                },
                {
                    "id": "B10-21",
                    "name": "WIPER BLADE FRNT [DRIVER] CHAMPION"
                },
                {
                    "id": "EU53",
                    "name": "WIPER BLADE FRNT [DRIVER] CHAMPION"
                },
                {
                    "id": "B10-19",
                    "name": "WIPER BLADE FRNT [PASS] CHAMPION"
                },
                {
                    "id": "EU48",
                    "name": "WIPER BLADE FRNT [PASS] CHAMPION"
                },
                {
                    "id": "3397004915",
                    "name": "WIPER BLADE FRNT DR/PASS BOSCH 19 IN"
                },
                {
                    "id": "3397004917",
                    "name": "WIPER BLADE FRNT [DRIVER] BOSCH"
                },
                {
                    "id": "B21-1",
                    "name": "WIPER BLADE FRNT DR/PASS PAIR OSSCA/ATS"
                },
                {
                    "id": "3397118405",
                    "name": "WIPER BLADE KIT FRNT BOSCH"
                },
                {
                    "id": "VW249",
                    "name": "W/SCREEN WASHER MOTOR GLOBAL"
                },
                {
                    "id": "5650-010",
                    "name": "W/SCREEN WASHER PUMP [2 PIPE]"
                },
                {
                    "id": "FEB03940",
                    "name": "WINDSCREEN WASHER PUMP (2 PIPES) FEBI"
                },
                {
                    "id": "00268",
                    "name": "WINDSCREEN WASHER PUMP [2 PIPES] OSCCA/ATS"
                },
                {
                    "id": "OP6644",
                    "name": "OIL PRESSURE SWITCH [1-PIN] ECHLIN"
                },
                {
                    "id": "OP6644M",
                    "name": "OIL PRESSURE SWITCH [1-PIN] MP"
                },
                {
                    "id": "TS6066",
                    "name": "TEMP SENDER [M14 BLADE] ECHLIN"
                },
                {
                    "id": "TS6144",
                    "name": "TEMP SENDER [M16 2-BLADE] ECHLIN"
                },
                {
                    "id": "TS6066M",
                    "name": "TEMP SENDER UNIT [OIL]"
                },
                {
                    "id": "TFS10",
                    "name": "FAN SWITCH [92DEG-87DEG 2-PIN] ATS"
                },
                {
                    "id": "FS153",
                    "name": "FAN SWITCH [92DEG-87DEG 2-PIN] ECHLIN"
                },
                {
                    "id": "FS153M",
                    "name": "FAN SWITCH [92DEG-87DEG 2-PIN] MP"
                },
                {
                    "id": "FS7260",
                    "name": "FAN SWITCH [92DEG-87DEG 2-PIN] HELLA"
                },
                {
                    "id": "SL216",
                    "name": "STOP LIGHT SWITCH"
                }
            ]
        },
        {
            "id": "18",
            "category": "GASKETS ",
            "category_parts": [
                {
                    "id": "",
                    "name": ""
                },
                {
                    "id": "GW410",
                    "name": "FULL GASKET SETS [92-95]"
                },
                {
                    "id": "GW713",
                    "name": "FULL GASKET SETS [95-97]"
                },
                {
                    "id": "EW710",
                    "name": "CONVERSION SET GASKETS"
                },
                {
                    "id": "JD235",
                    "name": "INTAKE MANIFOLD GASKET"
                },
                {
                    "id": "JD015",
                    "name": "EXHAUST MANIFOLD GASKET"
                },
                {
                    "id": "DW410",
                    "name": "HEAD SET GASKETS [92-95]"
                },
                {
                    "id": "DW710",
                    "name": "HEAD SET GASKETS [95-98]"
                },
                {
                    "id": "AA5510",
                    "name": "CYL HEAD GASKET"
                },
                {
                    "id": "BW410",
                    "name": "CYL HEAD GASKET [92-95]"
                },
                {
                    "id": "BW710",
                    "name": "CYL HEAD GASKET [95-97] 1.65MM"
                },
                {
                    "id": "JN940",
                    "name": "VALVE COVER GASKET PAYEN"
                }
            ]
        },
        {
            "id": "20",
            "category": "SEALS ",
            "category_parts": [
                {
                    "id": "",
                    "name": ""
                },
                {
                    "id": "9960",
                    "name": "DRIVE SHAFT SEAL [LHS] PQ"
                },
                {
                    "id": "9959",
                    "name": "DRIVE SHAFT SEAL [RHS] PQ"
                },
                {
                    "id": "304208",
                    "name": "OIL SEAL TRANS FRNT PQ"
                },
                {
                    "id": "9570",
                    "name": "OIL SEAL G/BOX REAR"
                },
                {
                    "id": "9958",
                    "name": "MAIN BRG SEAL"
                },
                {
                    "id": "NF888",
                    "name": "MAIN BRG SEAL [9317212]"
                },
                {
                    "id": "304207",
                    "name": "CAMSHAFT OIL SEAL PQ"
                },
                {
                    "id": "NA5053",
                    "name": "CAMSHAFT OIL SEAL [304207] PAYEN"
                },
                {
                    "id": "9417",
                    "name": "CAMSHAFT SEAL FRNT PQ"
                },
                {
                    "id": "NA5069",
                    "name": "CAMSHAFT OIL SEAL FRNT PAYEN"
                },
                {
                    "id": "9957",
                    "name": "CRANKSHAFT OIL SEAL [FRNT]"
                },
                {
                    "id": "NA5070",
                    "name": "CRANKSHAFT OIL SEAL [FRNT]"
                },
                {
                    "id": "HR363",
                    "name": "VALVE STEM SEAL SET"
                }
            ]
        },
        {
            "id": "21",
            "category": "SENSORS \u0026 RELAYS",
            "category_parts": [
                {
                    "id": "",
                    "name": ""
                },
                {
                    "id": "00892",
                    "name": "FUEL PRESSURE CONTROL VALVE OSSCA/ATS"
                },
                {
                    "id": "81018000",
                    "name": "C/HEAD BOLT KIT [254MM] X10"
                }
            ]
        },
        {
            "id": "22",
            "category": "CABLES ",
            "category_parts": [
                {
                    "id": "",
                    "name": ""
                },
                {
                    "id": "HB1173",
                    "name": "CABLE HANDBRAKE FRNT PQ"
                },
                {
                    "id": "RW1011L",
                    "name": "CABLE H/BRAKE REAR PQ"
                },
                {
                    "id": "RW1011R",
                    "name": "CABLE H/BRAKE REAR PQ"
                }
            ]
        },
        {
            "id": "23",
            "category": "LUBRICANTS",
            "category_parts": [
                {
                    "id": "",
                    "name": ""
                },
                {
                    "id": "12118765",
                    "name": "G/BOX OIL [MAN] 75W-90 L/LIFE"
                },
                {
                    "id": "3433499",
                    "name": "ENGINE OIL CASTROL MAGNATEC 10W40 5L"
                },
                {
                    "id": "11333810",
                    "name": "ENGINE OIL EDGE 5W-40"
                },
                {
                    "id": "11293810",
                    "name": "ENGINE OIL MAGNETEC 10W-40"
                },
                {
                    "id": "550053709",
                    "name": "ENGINE OIL SHELL HELIX HX7 10W40 5L"
                }
            ]
        },
        {
            "id": "24",
            "category": "WHEEL BEARINGS",
            "category_parts": [
                {
                    "id": "",
                    "name": ""
                },
                {
                    "id": "VKBA1439",
                    "name": "WHEEL BRG FRNT [37X72X37] -ABS SKF"
                },
                {
                    "id": "ATC1005",
                    "name": "WHEEL BRG FRNT [37X72X37] -ABS TC"
                },
                {
                    "id": "12131",
                    "name": "WHEEL BRG KIT FRNT PQ"
                },
                {
                    "id": "12131ASB",
                    "name": "WHEEL BRG KIT FRNT PQ"
                },
                {
                    "id": "PQ472",
                    "name": "WHEEL BRG KIT FRONT PQ"
                },
                {
                    "id": "PQ474",
                    "name": "WHEEL BRG KIT FRONT ABS PQ"
                },
                {
                    "id": "FAG1507",
                    "name": "WHEEL BRG FRNT [35X68X37] -ABS FAG"
                },
                {
                    "id": "FAG9051",
                    "name": "WHEEL BRG FRNT [37X72X37] -ABS FAG"
                },
                {
                    "id": "VKBA1441",
                    "name": "WHEEL BRG KIT REAR [+ABS] SKF"
                },
                {
                    "id": "VKBA1440",
                    "name": "WHEEL BRG KIT REAR [+HUB -ABS] SKF"
                },
                {
                    "id": "ATC1007",
                    "name": "WHEEL BRG KIT REAR TC"
                },
                {
                    "id": "ATC1006",
                    "name": "WHEEL BRG KIT REAR [+HUB -ABS] TC"
                },
                {
                    "id": "PQ475",
                    "name": "WHEEL BRG KIT REAR PQ"
                },
                {
                    "id": "PQ476",
                    "name": "WHEEL BRG KIT REAR PQ"
                },
                {
                    "id": "RW476",
                    "name": "WHEEL BRG KIT REAR [+ABS] PQ"
                },
                {
                    "id": "RW475",
                    "name": "WHEEL BRG KIT REAR [-ABS] PQ"
                },
                {
                    "id": "FAG1006",
                    "name": "WHEEL BRG KIT REAR [+HUB -ABS] FAG"
                },
                {
                    "id": "FEB12117",
                    "name": "WHEEL BRG KIT REAR [+ABS] FEBI"
                },
                {
                    "id": "WBRW952",
                    "name": "WHEEL BRG KIT REAR [+ABS] GM"
                }
            ]
        },
        {
            "id": "26",
            "category": "STEERING",
            "category_parts": [
                {
                    "id": "",
                    "name": ""
                },
                {
                    "id": "SR79",
                    "name": "STEERING RACK BOOT"
                },
                {
                    "id": "SR79B",
                    "name": "STEERING RACK BOOT PQ"
                },
                {
                    "id": "12929AP",
                    "name": "STEERING RACK END L/R A-PLUS L270"
                },
                {
                    "id": "12058AP",
                    "name": "STEERING RACK END L/R A-PLUS L288"
                },
                {
                    "id": "TR5578",
                    "name": "STEERING RACK END [287/303MM] PQ"
                },
                {
                    "id": "AF1411",
                    "name": "RACK END FRNT L/R L270 TEKNOSA"
                },
                {
                    "id": "AF1410",
                    "name": "RACK END FRNT L/R L288 TEKNOSA"
                },
                {
                    "id": "VKDY312002",
                    "name": "TIE ROD END L106.5 SKF"
                },
                {
                    "id": "20927AP",
                    "name": "TIE ROD END OUTER LHS A-PLUS"
                },
                {
                    "id": "20928AP",
                    "name": "TIE ROD END OUTER RHS A-PLUS"
                },
                {
                    "id": "TR5577",
                    "name": "TIE ROD END OUTER PQ"
                },
                {
                    "id": "AF1315",
                    "name": "TIE ROD END OUTER FRNT L/R TEKNOSA"
                },
                {
                    "id": "AF1019",
                    "name": "TIE ROD END OUTER FRNT LHS TEKNOSA"
                },
                {
                    "id": "AF1020",
                    "name": "TIE ROD END OUTER FRNT RHS TEKNOSA"
                },
                {
                    "id": "12103765",
                    "name": "STEERING FLUID ATF DEX II"
                }
            ]
        },
        {
            "id": "27",
            "category": "BEARINGS",
            "category_parts": [
                {
                    "id": "",
                    "name": ""
                },
                {
                    "id": "RB9816",
                    "name": "CLUTCH RELEASE BRG PQ"
                },
                {
                    "id": "32009",
                    "name": "DIFF CARRIER BRG PQ"
                },
                {
                    "id": "VKBA1439",
                    "name": "WHEEL BRG FRNT [37X72X37] -ABS SKF"
                },
                {
                    "id": "ATC1005",
                    "name": "WHEEL BRG FRNT [37X72X37] -ABS TC"
                },
                {
                    "id": "12131",
                    "name": "WHEEL BRG KIT FRNT PQ"
                },
                {
                    "id": "12131ASB",
                    "name": "WHEEL BRG KIT FRNT PQ"
                },
                {
                    "id": "PQ472",
                    "name": "WHEEL BRG KIT FRONT PQ"
                },
                {
                    "id": "PQ474",
                    "name": "WHEEL BRG KIT FRONT ABS PQ"
                },
                {
                    "id": "FAG1507",
                    "name": "WHEEL BRG FRNT [35X68X37] -ABS FAG"
                },
                {
                    "id": "FAG9051",
                    "name": "WHEEL BRG FRNT [37X72X37] -ABS FAG"
                },
                {
                    "id": "VKBA1441",
                    "name": "WHEEL BRG KIT REAR [+ABS] SKF"
                },
                {
                    "id": "VKBA1440",
                    "name": "WHEEL BRG KIT REAR [+HUB -ABS] SKF"
                },
                {
                    "id": "ATC1007",
                    "name": "WHEEL BRG KIT REAR TC"
                },
                {
                    "id": "ATC1006",
                    "name": "WHEEL BRG KIT REAR [+HUB -ABS] TC"
                },
                {
                    "id": "PQ475",
                    "name": "WHEEL BRG KIT REAR PQ"
                },
                {
                    "id": "PQ476",
                    "name": "WHEEL BRG KIT REAR PQ"
                },
                {
                    "id": "RW476",
                    "name": "WHEEL BRG KIT REAR [+ABS] PQ"
                },
                {
                    "id": "RW475",
                    "name": "WHEEL BRG KIT REAR [-ABS] PQ"
                },
                {
                    "id": "FAG1006",
                    "name": "WHEEL BRG KIT REAR [+HUB -ABS] FAG"
                },
                {
                    "id": "FEB12117",
                    "name": "WHEEL BRG KIT REAR [+ABS] FEBI"
                },
                {
                    "id": "WBRW952",
                    "name": "WHEEL BRG KIT REAR [+ABS] GM"
                },
                {
                    "id": "VKDS322002B",
                    "name": "CONTROL ARM L* SKF"
                },
                {
                    "id": "VKDS322003B",
                    "name": "CONTROL ARM L* SKF"
                }
            ]
        },
        {
            "id": "27",
            "category": "BEARINGS",
            "category_parts": [
                {
                    "id": "",
                    "name": ""
                },
                {
                    "id": "RB9816",
                    "name": "CLUTCH RELEASE BRG PQ"
                },
                {
                    "id": "32009",
                    "name": "DIFF CARRIER BRG PQ"
                },
                {
                    "id": "VKBA1439",
                    "name": "WHEEL BRG FRNT [37X72X37] -ABS SKF"
                },
                {
                    "id": "ATC1005",
                    "name": "WHEEL BRG FRNT [37X72X37] -ABS TC"
                },
                {
                    "id": "12131",
                    "name": "WHEEL BRG KIT FRNT PQ"
                },
                {
                    "id": "12131ASB",
                    "name": "WHEEL BRG KIT FRNT PQ"
                },
                {
                    "id": "PQ472",
                    "name": "WHEEL BRG KIT FRONT PQ"
                },
                {
                    "id": "PQ474",
                    "name": "WHEEL BRG KIT FRONT ABS PQ"
                },
                {
                    "id": "FAG1507",
                    "name": "WHEEL BRG FRNT [35X68X37] -ABS FAG"
                },
                {
                    "id": "FAG9051",
                    "name": "WHEEL BRG FRNT [37X72X37] -ABS FAG"
                },
                {
                    "id": "VKBA1441",
                    "name": "WHEEL BRG KIT REAR [+ABS] SKF"
                },
                {
                    "id": "VKBA1440",
                    "name": "WHEEL BRG KIT REAR [+HUB -ABS] SKF"
                },
                {
                    "id": "ATC1007",
                    "name": "WHEEL BRG KIT REAR TC"
                },
                {
                    "id": "ATC1006",
                    "name": "WHEEL BRG KIT REAR [+HUB -ABS] TC"
                },
                {
                    "id": "PQ475",
                    "name": "WHEEL BRG KIT REAR PQ"
                },
                {
                    "id": "PQ476",
                    "name": "WHEEL BRG KIT REAR PQ"
                },
                {
                    "id": "RW476",
                    "name": "WHEEL BRG KIT REAR [+ABS] PQ"
                },
                {
                    "id": "RW475",
                    "name": "WHEEL BRG KIT REAR [-ABS] PQ"
                },
                {
                    "id": "FAG1006",
                    "name": "WHEEL BRG KIT REAR [+HUB -ABS] FAG"
                },
                {
                    "id": "FEB12117",
                    "name": "WHEEL BRG KIT REAR [+ABS] FEBI"
                },
                {
                    "id": "WBRW952",
                    "name": "WHEEL BRG KIT REAR [+ABS] GM"
                },
                {
                    "id": "VKDS322002B",
                    "name": "CONTROL ARM L* SKF"
                },
                {
                    "id": "VKDS322003B",
                    "name": "CONTROL ARM L* SKF"
                }
            ]
        }
    ]
}
