{
    "id": "29",
    "parts": [
        {
            "id": "1",
            "category": "SERVICE PARTS",
            "category_parts": [
                {
                    "id": "",
                    "name": ""
                },
                {
                    "id": "M28",
                    "name": "OIL FILTER GUD CARTRIDGE METAL FREE H93 OD62 IDB25"
                },
                {
                    "id": "CH9018ECO",
                    "name": "OIL FILTER FRAM"
                },
                {
                    "id": "39762",
                    "name": "OIL FILTER H93MM ID35MM OD61.5MM FEBI"
                },
                {
                    "id": "ADA102108",
                    "name": "OIL FITLER H93MM ID35MM OD61.5MM BLUEPRI"
                },
                {
                    "id": "WL7295",
                    "name": "OIL FILTER WIX"
                },
                {
                    "id": "AG1472",
                    "name": "AIR FILTER GUD PLASTIC OVAL H246"
                },
                {
                    "id": "AG1472",
                    "name": "AIR FILTER GUD PLASTIC OVAL H246"
                },
                {
                    "id": "CA10046",
                    "name": "AIR FILTER FRAM"
                },
                {
                    "id": "F026400039",
                    "name": "AIR FILTER BOSCH"
                },
                {
                    "id": "WA9566",
                    "name": "AIR FILTER WIX"
                },
                {
                    "id": "INTANK",
                    "name": "FUEL FILTER IN TANK LIFETIME"
                },
                {
                    "id": "FR5CP",
                    "name": "SPARK PLUG NGK"
                },
                {
                    "id": "NGK-BKR5E",
                    "name": "SPARK PLUG NGK [DENSO ALT]"
                },
                {
                    "id": "IK16",
                    "name": "SPARK PLUG DENSO IRIDIUM POWER [D14MM HEX16MM 22NM TL19]"
                },
                {
                    "id": "IK16TT",
                    "name": "SPARK PLUG DENSO IRIDIUM TT [D14MM HEX16MM 22NM TL19]"
                },
                {
                    "id": "K16TT",
                    "name": "SPARK PLUG DENSO NICKEL TT [D14MM HEX16MM 22NM TL19]"
                },
                {
                    "id": "OE143",
                    "name": "SPARK PLUG CHAMPION"
                },
                {
                    "id": "OE179",
                    "name": "SPARK PLUG CHAMPION IRIDIUM"
                },
                {
                    "id": "0242230500",
                    "name": "SPARK PLUG BOSCH"
                },
                {
                    "id": "0242236571",
                    "name": "SPARK PLUG BOSCH PLAT/IRIDIUM"
                },
                {
                    "id": "FR7KI332S",
                    "name": "SPARK PLUG BOSCH PLAT/IRIDIUM"
                },
                {
                    "id": "CF10200",
                    "name": "CABIN AIR FILTER FRAM"
                },
                {
                    "id": "CFA10199",
                    "name": "CABIN AIR FILTER FRAM"
                },
                {
                    "id": "1987432133",
                    "name": "CABIN AIR FILTER BOSCH"
                },
                {
                    "id": "WP9260",
                    "name": "CABIN AIR FILTER WIX"
                },
                {
                    "id": "ATE1095",
                    "name": "DISC PAD FRNT ATE L117 H50 T18"
                },
                {
                    "id": "ATE1094",
                    "name": "DISC PAD FRNT ATE L157 H72 T21"
                },
                {
                    "id": "FDB4206",
                    "name": "DISC PAD FRNT FERODO L110 H81 T16"
                },
                {
                    "id": "FDB1805",
                    "name": "DISC PAD FRNT FERODO L155 H69 T20"
                },
                {
                    "id": "0986494071",
                    "name": "DISC PAD FRNT BOSCH L155 H69 T20"
                },
                {
                    "id": "D3590",
                    "name": "DISC PAD FRNT SAFELINE L155 H69 T20"
                },
                {
                    "id": "OPT3590",
                    "name": "DISC PAD FRNT L/R OPTIMA"
                },
                {
                    "id": "OPT3591",
                    "name": "DISC PAD REAR L/R OPTIMA"
                },
                {
                    "id": "05P1552",
                    "name": "DISC PAD FRNT LPR L109 H80 T16"
                },
                {
                    "id": "05P1470",
                    "name": "DISC PAD FRNT LPR L155 H69 T20"
                },
                {
                    "id": "ADB11718",
                    "name": "DISC PAD FRNT NIPPON L156 H72 T21"
                },
                {
                    "id": "FDB1795",
                    "name": "DISC PAD REAR FERODO L117 H50 T18"
                },
                {
                    "id": "FDB1796",
                    "name": "DISC PAD REAR FERODO L117 H50 T18"
                },
                {
                    "id": "0986424775",
                    "name": "DISC PAD REAR BOSCH L117 H50 T18"
                },
                {
                    "id": "D3591",
                    "name": "DISC PAD REAR SAFELINE L117 H50 T17"
                },
                {
                    "id": "05P855",
                    "name": "DISC PAD REAR LPR L117 H50 T18"
                },
                {
                    "id": "05P855K",
                    "name": "DISC PAD REAR LPR L117 H50 T18"
                },
                {
                    "id": "ADB01769",
                    "name": "DISC PAD REAR NIPPON L117 H50 T17"
                },
                {
                    "id": "12625765",
                    "name": "GEARBOX OIL [MAN] BOT 402"
                },
                {
                    "id": "11333810",
                    "name": "ENGINE OIL EDGE 5W-40"
                },
                {
                    "id": "550053715",
                    "name": "ENGINE OIL SHELL HELIX ULTRA 5W40 5L"
                }
            ]
        },
        {
            "id": "2",
            "category": "BRAKES",
            "category_parts": [
                {
                    "id": "",
                    "name": ""
                },
                {
                    "id": "ATE1095",
                    "name": "DISC PAD FRNT ATE L117 H50 T18"
                },
                {
                    "id": "ATE1094",
                    "name": "DISC PAD FRNT ATE L157 H72 T21"
                },
                {
                    "id": "FDB4206",
                    "name": "DISC PAD FRNT FERODO L110 H81 T16"
                },
                {
                    "id": "FDB1805",
                    "name": "DISC PAD FRNT FERODO L155 H69 T20"
                },
                {
                    "id": "0986494071",
                    "name": "DISC PAD FRNT BOSCH L155 H69 T20"
                },
                {
                    "id": "D3590",
                    "name": "DISC PAD FRNT SAFELINE L155 H69 T20"
                },
                {
                    "id": "OPT3590",
                    "name": "DISC PAD FRNT L/R OPTIMA"
                },
                {
                    "id": "OPT3591",
                    "name": "DISC PAD REAR L/R OPTIMA"
                },
                {
                    "id": "05P1552",
                    "name": "DISC PAD FRNT LPR L109 H80 T16"
                },
                {
                    "id": "05P1470",
                    "name": "DISC PAD FRNT LPR L155 H69 T20"
                },
                {
                    "id": "ADB11718",
                    "name": "DISC PAD FRNT NIPPON L156 H72 T21"
                },
                {
                    "id": "FDB1795",
                    "name": "DISC PAD REAR FERODO L117 H50 T18"
                },
                {
                    "id": "FDB1796",
                    "name": "DISC PAD REAR FERODO L117 H50 T18"
                },
                {
                    "id": "0986424775",
                    "name": "DISC PAD REAR BOSCH L117 H50 T18"
                },
                {
                    "id": "D3591",
                    "name": "DISC PAD REAR SAFELINE L117 H50 T17"
                },
                {
                    "id": "05P855",
                    "name": "DISC PAD REAR LPR L117 H50 T18"
                },
                {
                    "id": "05P855K",
                    "name": "DISC PAD REAR LPR L117 H50 T18"
                },
                {
                    "id": "ADB01769",
                    "name": "DISC PAD REAR NIPPON L117 H50 T17"
                },
                {
                    "id": "DR6685",
                    "name": "BRAKE DISC FV ALFA D305 H39 S70 [5]"
                },
                {
                    "id": "128.0192",
                    "name": "BRAKE DISC FV D305 H40 S70 [5]"
                },
                {
                    "id": "DDF1449",
                    "name": "BRAKE DISC FV FERODO D305 H40 S70 [5]"
                },
                {
                    "id": "DDF1451",
                    "name": "BRAKE DISC FV FERODO D305 H40 S70 [5]"
                },
                {
                    "id": "DDF1451C",
                    "name": "BRAKE DISC FV FERODO D305 H40 S70 [5]"
                },
                {
                    "id": "DR6686",
                    "name": "BRAKE DISC RS ALFA D278 H43 S70 [5]"
                },
                {
                    "id": "DR7512",
                    "name": "BRAKE DISC RS ALFA D278 H43 S70 [5]"
                },
                {
                    "id": "112-0170",
                    "name": "BRAKE DISC RS ATE D278 H45 S70 5"
                },
                {
                    "id": "DDF1450",
                    "name": "BRAKE DISC RS FERODO D278 H43 S70 [5]"
                },
                {
                    "id": "DDF1450C",
                    "name": "BRAKE DISC RS FERODO D278 H43 S70 [5]"
                },
                {
                    "id": "DDF1452",
                    "name": "BRAKE DISC RS FERODO D278 H43 S70 [5]"
                },
                {
                    "id": "M2540117",
                    "name": "BRAKE M/CYL BETTABRAKE 25.40MM"
                },
                {
                    "id": "0986480858",
                    "name": "BRAKE M/CYL BOSCH"
                },
                {
                    "id": "0986480993",
                    "name": "BRAKE M/CYL BOSCH"
                },
                {
                    "id": "AM1154",
                    "name": "BRAKE M/CYL 25.40MM TC"
                },
                {
                    "id": "BM254.2414",
                    "name": "BRAKE M/CYL PQ"
                },
                {
                    "id": "SEA8587E",
                    "name": "BRAKE M/CYL KIT 25.4 MM CPD"
                },
                {
                    "id": "P8587X",
                    "name": "BRAKE M/CYL KIT 25.40MM PQ"
                },
                {
                    "id": "BMK254.8587",
                    "name": "BRAKE M/CYL KIT PQ"
                },
                {
                    "id": "CK38.2535",
                    "name": "CALIPER KIT REAR 38MM PQ"
                },
                {
                    "id": "CK60.2497",
                    "name": "W/CYL KIT REAR PQ"
                },
                {
                    "id": "P2497S",
                    "name": "CALIPER KIT FRNT 60MM ATE PQ"
                },
                {
                    "id": "P2535S",
                    "name": "CALIPER KIT REAR 38MM ATE PQ"
                },
                {
                    "id": "113-1306X",
                    "name": "BRAKE CALIPER GUIDE SLEEVE KIT QB"
                },
                {
                    "id": "113-1368X",
                    "name": "BRAKE CALIPER GUIDE SLEEVE KIT QB"
                }
            ]
        },
        {
            "id": "3",
            "category": "SUSPENSION COMPONENTS [FRONT]",
            "category_parts": [
                {
                    "id": "",
                    "name": ""
                },
                {
                    "id": "E2077",
                    "name": "SHOCK FRNT MONROE"
                },
                {
                    "id": "341700",
                    "name": "SHOCK FRNT KYB"
                },
                {
                    "id": "AF2813",
                    "name": "MOUNTING SHOCK FRNT L/R TEKNOSA"
                },
                {
                    "id": "AF2814",
                    "name": "MOUNTING SHOCK REAR L/R TEKNOSA"
                },
                {
                    "id": "FEB37581",
                    "name": "STRUT MOUNTING FRNT FEBI"
                },
                {
                    "id": "18083AP",
                    "name": "CONTROL ARM UPPER LHS A-PLUS"
                },
                {
                    "id": "18084AP",
                    "name": "CONTROL ARM UPPER RHS A-PLUS"
                },
                {
                    "id": "AF2014",
                    "name": "CONTROL ARM LOWER FRNT LHS TEKNOSA"
                },
                {
                    "id": "AF2015",
                    "name": "CONTROL ARM LOWER FRNT RHS TEKNOSA"
                },
                {
                    "id": "AF1712",
                    "name": "CONTROL ARM UPPER FRNT LHS TEKNOSA"
                },
                {
                    "id": "AF1713",
                    "name": "CONTROL ARM UPPER FRNT RHS TEKNOSA"
                },
                {
                    "id": "18085AP",
                    "name": "CONTROL ARM LOWER LHS A-PLUS"
                },
                {
                    "id": "18086AP",
                    "name": "CONTROL ARM LOWER RHS A-PLUS"
                },
                {
                    "id": "VKDS342003",
                    "name": "STABILIZER LINK L102 H* ID* OD* SKF"
                },
                {
                    "id": "VKDS342004",
                    "name": "STABILIZER LINK L102 H* ID* OD* SKF"
                },
                {
                    "id": "VKDS442001",
                    "name": "STABILIZER LINK L116 H* ID* OD* SKF"
                },
                {
                    "id": "VKDS442002",
                    "name": "STABILIZER LINK L116 H* ID* OD* SKF"
                },
                {
                    "id": "VKDS322008B",
                    "name": "CONTROL ARM L* SKF"
                },
                {
                    "id": "VKDS322009B",
                    "name": "CONTROL ARM L* SKF"
                },
                {
                    "id": "VKDS322010B",
                    "name": "CONTROL ARM L* SKF"
                },
                {
                    "id": "VKDS322011B",
                    "name": "CONTROL ARM L* SKF"
                },
                {
                    "id": "VKDS322013B",
                    "name": "CONTROL ARM L* SKF"
                },
                {
                    "id": "VKDS332028",
                    "name": "C/ARM BUSH L* H* ID* OD* SKF"
                },
                {
                    "id": "VKDS332029",
                    "name": "C/ARM BUSH L* H* ID* OD* SKF"
                },
                {
                    "id": "VKDS332032",
                    "name": "C/ARM BUSH L* H* ID* OD* SKF"
                },
                {
                    "id": "VKDS332000",
                    "name": "C/ARM BUSH L* H107 ID31 OD97.5 SKF"
                },
                {
                    "id": "VKDS332001",
                    "name": "C/ARM BUSH L* H107 ID31 OD97.5 SKF"
                },
                {
                    "id": "AF2117",
                    "name": "BUSH CONT ARM LOW FRNT LHS TEKNOSA"
                },
                {
                    "id": "AF2118",
                    "name": "BUSH CONT ARM LOW FRNT RHS TEKNOSA"
                }
            ]
        },
        {
            "id": "4",
            "category": "SUSPENSION COMPONENTS [REAR]",
            "category_parts": [
                {
                    "id": "",
                    "name": ""
                },
                {
                    "id": "E1366",
                    "name": "SHOCK REAR MONROE"
                },
                {
                    "id": "341702",
                    "name": "SHOCK REAR KYB [INCL WAGON]"
                },
                {
                    "id": "VKDS332028",
                    "name": "C/ARM BUSH L* H* ID* OD* SKF"
                },
                {
                    "id": "VKDS332029",
                    "name": "C/ARM BUSH L* H* ID* OD* SKF"
                },
                {
                    "id": "VKDS332032",
                    "name": "C/ARM BUSH L* H* ID* OD* SKF"
                },
                {
                    "id": "VKDS332000",
                    "name": "C/ARM BUSH L* H107 ID31 OD97.5 SKF"
                },
                {
                    "id": "VKDS332001",
                    "name": "C/ARM BUSH L* H107 ID31 OD97.5 SKF"
                },
                {
                    "id": "19729AP",
                    "name": "C/ARM BUSH LOWER LHS A-PLUS"
                },
                {
                    "id": "19730AP",
                    "name": "C/ARM BUSH LOWER RHS A-PLUS"
                },
                {
                    "id": "AF2117",
                    "name": "BUSH CONT ARM LOW FRNT LHS TEKNOSA"
                },
                {
                    "id": "AF2118",
                    "name": "BUSH CONT ARM LOW FRNT RHS TEKNOSA"
                },
                {
                    "id": "VKDS342003",
                    "name": "STABILIZER LINK L102 H* ID* OD* SKF"
                },
                {
                    "id": "VKDS342004",
                    "name": "STABILIZER LINK L102 H* ID* OD* SKF"
                },
                {
                    "id": "VKDS442001",
                    "name": "STABILIZER LINK L116 H* ID* OD* SKF"
                },
                {
                    "id": "VKDS442002",
                    "name": "STABILIZER LINK L116 H* ID* OD* SKF"
                },
                {
                    "id": "18053AP",
                    "name": "STABILIZER LINK LHS A-PLUS L102"
                },
                {
                    "id": "18055AP",
                    "name": "STABILIZER LINK LHS A-PLUS L116"
                },
                {
                    "id": "18054AP",
                    "name": "STABILIZER LINK RHS A-PLUS L102"
                },
                {
                    "id": "18056AP",
                    "name": "STABILIZER LINK RHS A-PLUS L116"
                },
                {
                    "id": "AF1515",
                    "name": "STABILIZER LINK FRNT LHS L102 TEKNOSA"
                },
                {
                    "id": "AF1517",
                    "name": "STABILIZER LINK FRNT LHS L116 TEKNOSA"
                },
                {
                    "id": "AF1516",
                    "name": "STABILIZER LINK FRNT RHS L102 TEKNOSA"
                },
                {
                    "id": "AF1518",
                    "name": "STABILIZER LINK FRNT RHS L116 TEKNOSA"
                },
                {
                    "id": "VKDS322008B",
                    "name": "CONTROL ARM L* SKF"
                },
                {
                    "id": "VKDS322009B",
                    "name": "CONTROL ARM L* SKF"
                },
                {
                    "id": "VKDS322010B",
                    "name": "CONTROL ARM L* SKF"
                },
                {
                    "id": "VKDS322011B",
                    "name": "CONTROL ARM L* SKF"
                },
                {
                    "id": "VKDS322013B",
                    "name": "CONTROL ARM L* SKF"
                }
            ]
        },
        {
            "id": "5",
            "category": "COOLING SYSTEM",
            "category_parts": [
                {
                    "id": "",
                    "name": ""
                },
                {
                    "id": "VKPC85308",
                    "name": "WATER PUMP SKF"
                },
                {
                    "id": "WP45199",
                    "name": "WATER PUMP AIRTEX"
                },
                {
                    "id": "PA957",
                    "name": "WATER PUMP GRAF"
                },
                {
                    "id": "NWP3545",
                    "name": "WATER PUMP PI"
                },
                {
                    "id": "W17342",
                    "name": "WATER PUMP AZ"
                },
                {
                    "id": "QCP1251",
                    "name": "WATER PUMP ECHLIN"
                },
                {
                    "id": "O-123",
                    "name": "WATER PUMP DOLZ"
                },
                {
                    "id": "534012430",
                    "name": "FAN BELT TENSIONER INA"
                },
                {
                    "id": "VKM34027",
                    "name": "TENSIONER V-BELT PULLEY [OD:82 W:22] SKF"
                },
                {
                    "id": "FEB21061",
                    "name": "FAN BELT TENSIONER FEBI"
                },
                {
                    "id": "06803",
                    "name": "FAN BELT TENSIONER OSSCA/ATS"
                }
            ]
        },
        {
            "id": "6",
            "category": "CLUTCH COMPONENTS",
            "category_parts": [
                {
                    "id": "",
                    "name": ""
                },
                {
                    "id": "M1590169",
                    "name": "CLUTCH M/CYL BETTABRAKE 15.87MM"
                },
                {
                    "id": "CM159.2411",
                    "name": "CLUTCH M/CYL PQ"
                },
                {
                    "id": "0986486591",
                    "name": "CONCENTRIC S/CYL BOSCH"
                },
                {
                    "id": "510010110",
                    "name": "CONCENTRIC S/CYL LUK"
                },
                {
                    "id": "510010410",
                    "name": "CONCENTRIC S/CYL LUK"
                },
                {
                    "id": "510018010",
                    "name": "CONCENTRIC S/CYL LUK"
                },
                {
                    "id": "SCSC0013",
                    "name": "CONCENTRIC S/CYL BETTABRAKE"
                },
                {
                    "id": "CSAL02",
                    "name": "CONCENTRIC S/CYL VALEO"
                },
                {
                    "id": "CPD.OPE2109C",
                    "name": "CONCENTRIC S/CYL CPD 34.00MM"
                },
                {
                    "id": "CS340.2407",
                    "name": "CLUTCH S/CYL PQ"
                },
                {
                    "id": "3000970006",
                    "name": "CLUTCH KIT SACHS [228X22.3-20]"
                }
            ]
        },
        {
            "id": "8",
            "category": "DRIVESHAFT COMPONENTS",
            "category_parts": [
                {
                    "id": "",
                    "name": ""
                },
                {
                    "id": "VKJP01001",
                    "name": "CV BOOT KIT OUTER SKF"
                },
                {
                    "id": "VKJP01001S",
                    "name": "CV BOOT KIT OUTER SKF"
                },
                {
                    "id": "CV334K",
                    "name": "CV BOOT KIT OUTER PQ"
                },
                {
                    "id": "CV407K",
                    "name": "CV BOOT KIT INNER PQ"
                }
            ]
        },
        {
            "id": "9",
            "category": "FUEL SYSTEM",
            "category_parts": [
                {
                    "id": "",
                    "name": ""
                },
                {
                    "id": "INTANK",
                    "name": "FUEL FILTER IN TANK LIFETIME"
                },
                {
                    "id": "0280218164",
                    "name": "AIR-MASS METER BOSCH"
                }
            ]
        },
        {
            "id": "10",
            "category": "TIMING COMPONENTS",
            "category_parts": [
                {
                    "id": "",
                    "name": ""
                },
                {
                    "id": "1987948406",
                    "name": "T/BELT KIT BOSCH"
                },
                {
                    "id": "VKMV3SK977",
                    "name": "MULTI-GROOVE BELT SKF"
                },
                {
                    "id": "VKMV5PK1072",
                    "name": "MULTI-GROOVE BELT SKF"
                },
                {
                    "id": "VKMV5PK1073",
                    "name": "MULTI-GROOVE BELT SKF"
                },
                {
                    "id": "5PK1080",
                    "name": "MULTI-GROOVE BELT [ALT PS +AC] RAM"
                },
                {
                    "id": "FEB33046",
                    "name": "TIMING CHAIN KIT"
                },
                {
                    "id": "VKM34027",
                    "name": "TENSIONER V-BELT PULLEY [OD:82 W:22] SKF"
                },
                {
                    "id": "T38177",
                    "name": "T/BELT TENSIONER GATES"
                }
            ]
        },
        {
            "id": "11",
            "category": "CYLINDER HEAD COMPONENTS",
            "category_parts": [
                {
                    "id": "",
                    "name": ""
                },
                {
                    "id": "15-38833-01",
                    "name": "CYL HEAD COVER GASKET VR"
                },
                {
                    "id": "94963",
                    "name": "VALVE EXHAUST AE [30.1X6X100.9]"
                },
                {
                    "id": "94962",
                    "name": "VALVE INLET [35.15X6X102.2]"
                },
                {
                    "id": "RVG45199",
                    "name": "VALVE GUIDE AE [10.03X6X36]"
                },
                {
                    "id": "HBS416",
                    "name": "CYL HEAD BOLT SET PAYEN"
                }
            ]
        },
        {
            "id": "12",
            "category": "ENGINE SUB ASSEMBLY",
            "category_parts": [
                {
                    "id": "",
                    "name": ""
                },
                {
                    "id": "B6154",
                    "name": "CONROD BEARING SET AE"
                }
            ]
        },
        {
            "id": "13",
            "category": "MOUNTINGS ",
            "category_parts": [
                {
                    "id": "",
                    "name": ""
                },
                {
                    "id": "FEB37581",
                    "name": "STRUT MOUNTING FRNT FEBI"
                },
                {
                    "id": "AF2813",
                    "name": "MOUNTING SHOCK FRNT L/R TEKNOSA"
                },
                {
                    "id": "AF2814",
                    "name": "MOUNTING SHOCK REAR L/R TEKNOSA"
                }
            ]
        },
        {
            "id": "15",
            "category": "ALTERNATOR COMPONENTS",
            "category_parts": [
                {
                    "id": "",
                    "name": ""
                },
                {
                    "id": "0124425112",
                    "name": "ALTERNATOR BOSCH"
                },
                {
                    "id": "VKM03205",
                    "name": "ALT PULLEY [G:5 W:42.8 ID:17 OD:60] SKF"
                },
                {
                    "id": "5PK1080",
                    "name": "MULTI-GROOVE BELT [ALT PS +AC] RAM"
                },
                {
                    "id": "534012430",
                    "name": "FAN BELT TENSIONER INA"
                },
                {
                    "id": "VKM34027",
                    "name": "TENSIONER V-BELT PULLEY [OD:82 W:22] SKF"
                },
                {
                    "id": "FEB21061",
                    "name": "FAN BELT TENSIONER FEBI"
                }
            ]
        },
        {
            "id": "16",
            "category": "BODY PARTS FRONT AND REAR",
            "category_parts": [
                {
                    "id": "",
                    "name": ""
                },
                {
                    "id": "G66144",
                    "name": "BULB H/LIGHT LOW BEAM [XENON]"
                },
                {
                    "id": "G64210",
                    "name": "BULB H/LIGHT LOW/HIGH [HALOGEN"
                },
                {
                    "id": "HB467",
                    "name": "BULB HEADLIGHT LOW BEAM ATS"
                },
                {
                    "id": "G64150",
                    "name": "BULB H/LIGHT HIGH BEAM [XENON]"
                },
                {
                    "id": "G5627",
                    "name": "BULB PARK LIGHT FRNT"
                },
                {
                    "id": "G1304",
                    "name": "BULB PARK LIGHT FRNT ATS"
                },
                {
                    "id": "G501",
                    "name": "BULB PARK LIGHT FRNT ATS"
                },
                {
                    "id": "G7507",
                    "name": "BULB FLASHER FRNT"
                },
                {
                    "id": "G64150",
                    "name": "BULB FOG LIGHT FRNT"
                },
                {
                    "id": "HB448",
                    "name": "BULB FOG LIGHT FRNT ATS"
                },
                {
                    "id": "G5007",
                    "name": "BULB SIDE MARKER"
                },
                {
                    "id": "G207",
                    "name": "BULB SIDE MARKER ATS"
                },
                {
                    "id": "G7528",
                    "name": "BULB TAILIGHT"
                },
                {
                    "id": "G7528",
                    "name": "BULB STOPLIGHT"
                },
                {
                    "id": "G7506",
                    "name": "BULB REVERSE LIGHT"
                },
                {
                    "id": "G7507",
                    "name": "BULB FLASHER REAR"
                },
                {
                    "id": "G7506",
                    "name": "BULB FOG LIGHT REAR"
                },
                {
                    "id": "G1073",
                    "name": "BULB FOG LIGHT REAR ATS"
                },
                {
                    "id": "G2825",
                    "name": "BULB LICENSE PLATE"
                },
                {
                    "id": "G2723",
                    "name": "BULB HI-MOUNT STOPLIGHT"
                }
            ]
        },
        {
            "id": "17",
            "category": "SWITCHES \u0026 ACCESSORIES",
            "category_parts": [
                {
                    "id": "",
                    "name": ""
                },
                {
                    "id": "S651",
                    "name": "BATTERY SABAT"
                },
                {
                    "id": "F651",
                    "name": "BATTERY EXIDE/MIDAS"
                },
                {
                    "id": "W651",
                    "name": "BATTERY WILLARD"
                },
                {
                    "id": "KF58E",
                    "name": "WIPER BLADE FRNT KIT [58/45] CHAMPION"
                },
                {
                    "id": "DXR45",
                    "name": "WIPER BLADE FRNT [PASS] CHAMPION"
                },
                {
                    "id": "DXR58A",
                    "name": "WIPER BLADE FRNT [PASS] CHAMPION"
                },
                {
                    "id": "EU45",
                    "name": "WIPER BLADE FRNT [PASS] CHAMPION"
                },
                {
                    "id": "EU58",
                    "name": "WIPER BLADE FRNT [PASS] CHAMPION"
                },
                {
                    "id": "3397007085",
                    "name": "WIPER BLADE KIT FRNT BOSCH"
                },
                {
                    "id": "KF58Z",
                    "name": "WIPER BLADE KIT FRNT CHAMPION"
                },
                {
                    "id": "3397008570",
                    "name": "WIPER BLADE FRNT BOSCH"
                },
                {
                    "id": "3397008565",
                    "name": "WIPER BLADE FRNT PASS BOSCH"
                }
            ]
        },
        {
            "id": "23",
            "category": "LUBRICANTS",
            "category_parts": [
                {
                    "id": "",
                    "name": ""
                },
                {
                    "id": "12625765",
                    "name": "GEARBOX OIL [MAN] BOT 402"
                },
                {
                    "id": "11333810",
                    "name": "ENGINE OIL EDGE 5W-40"
                },
                {
                    "id": "550053715",
                    "name": "ENGINE OIL SHELL HELIX ULTRA 5W40 5L"
                }
            ]
        },
        {
            "id": "24",
            "category": "WHEEL BEARINGS",
            "category_parts": [
                {
                    "id": "",
                    "name": ""
                },
                {
                    "id": "VKBA6582",
                    "name": "WHEEL BRG KIT FRNT SKF"
                },
                {
                    "id": "PQ560",
                    "name": "WHEEL BRG KIT FRONT PQ"
                },
                {
                    "id": "VKBA6584",
                    "name": "WHEEL BRG KIT REAR SKF"
                },
                {
                    "id": "HUB218",
                    "name": "WHEEL BRG KIT REAR PQ"
                },
                {
                    "id": "PQ219",
                    "name": "WHEEL BRG KIT REAR PQ"
                },
                {
                    "id": "PQ563",
                    "name": "WHEEL BRG KIT REAR PQ"
                },
                {
                    "id": "PQ590",
                    "name": "WHEEL BRG KIT REAR PQ"
                },
                {
                    "id": "HUB219",
                    "name": "WHEEL BRG REAR INNER PQ"
                }
            ]
        },
        {
            "id": "26",
            "category": "STEERING",
            "category_parts": [
                {
                    "id": "",
                    "name": ""
                },
                {
                    "id": "SR152",
                    "name": "STEERING RACK BOOT"
                },
                {
                    "id": "SR152B",
                    "name": "STEERING RACK BOOT PQ"
                },
                {
                    "id": "18089AP",
                    "name": "STEERING RACK END L/R A-PLUS L213"
                },
                {
                    "id": "AF1414",
                    "name": "RACK END FRNT L/R L213 TEKNOSA"
                },
                {
                    "id": "VKDY322009",
                    "name": "STEERING RACK END L230 SKF"
                },
                {
                    "id": "VKDY312008",
                    "name": "TIE ROD END L116 SKF"
                },
                {
                    "id": "VKDY312009",
                    "name": "TIE ROD END L116 SKF"
                },
                {
                    "id": "18087AP",
                    "name": "TIE ROD END OUTER LHS A-PLUS"
                },
                {
                    "id": "18088AP",
                    "name": "TIE ROD END OUTER RHS A-PLUS"
                },
                {
                    "id": "AF1316",
                    "name": "TIE ROD END OUTER FRNT L/R TEKNOSA"
                },
                {
                    "id": "AF1021",
                    "name": "TIE ROD END OUTER FRNT LHS TEKNOSA"
                },
                {
                    "id": "AF1022",
                    "name": "TIE ROD END OUTER FRNT RHS TEKNOSA"
                },
                {
                    "id": "12099765",
                    "name": "STEERING FLUID TRANSMAX DEX II"
                }
            ]
        },
        {
            "id": "27",
            "category": "BEARINGS",
            "category_parts": [
                {
                    "id": "",
                    "name": ""
                },
                {
                    "id": "VKBA6582",
                    "name": "WHEEL BRG KIT FRNT SKF"
                },
                {
                    "id": "PQ560",
                    "name": "WHEEL BRG KIT FRONT PQ"
                },
                {
                    "id": "VKBA6584",
                    "name": "WHEEL BRG KIT REAR SKF"
                },
                {
                    "id": "HUB218",
                    "name": "WHEEL BRG KIT REAR PQ"
                },
                {
                    "id": "PQ219",
                    "name": "WHEEL BRG KIT REAR PQ"
                },
                {
                    "id": "PQ563",
                    "name": "WHEEL BRG KIT REAR PQ"
                },
                {
                    "id": "PQ590",
                    "name": "WHEEL BRG KIT REAR PQ"
                },
                {
                    "id": "HUB219",
                    "name": "WHEEL BRG REAR INNER PQ"
                },
                {
                    "id": "VKDS322008B",
                    "name": "CONTROL ARM L* SKF"
                },
                {
                    "id": "VKDS322009B",
                    "name": "CONTROL ARM L* SKF"
                },
                {
                    "id": "VKDS322010B",
                    "name": "CONTROL ARM L* SKF"
                },
                {
                    "id": "VKDS322011B",
                    "name": "CONTROL ARM L* SKF"
                },
                {
                    "id": "VKDS322013B",
                    "name": "CONTROL ARM L* SKF"
                }
            ]
        },
        {
            "id": "27",
            "category": "BEARINGS",
            "category_parts": [
                {
                    "id": "",
                    "name": ""
                },
                {
                    "id": "VKBA6582",
                    "name": "WHEEL BRG KIT FRNT SKF"
                },
                {
                    "id": "PQ560",
                    "name": "WHEEL BRG KIT FRONT PQ"
                },
                {
                    "id": "VKBA6584",
                    "name": "WHEEL BRG KIT REAR SKF"
                },
                {
                    "id": "HUB218",
                    "name": "WHEEL BRG KIT REAR PQ"
                },
                {
                    "id": "PQ219",
                    "name": "WHEEL BRG KIT REAR PQ"
                },
                {
                    "id": "PQ563",
                    "name": "WHEEL BRG KIT REAR PQ"
                },
                {
                    "id": "PQ590",
                    "name": "WHEEL BRG KIT REAR PQ"
                },
                {
                    "id": "HUB219",
                    "name": "WHEEL BRG REAR INNER PQ"
                },
                {
                    "id": "VKDS322008B",
                    "name": "CONTROL ARM L* SKF"
                },
                {
                    "id": "VKDS322009B",
                    "name": "CONTROL ARM L* SKF"
                },
                {
                    "id": "VKDS322010B",
                    "name": "CONTROL ARM L* SKF"
                },
                {
                    "id": "VKDS322011B",
                    "name": "CONTROL ARM L* SKF"
                },
                {
                    "id": "VKDS322013B",
                    "name": "CONTROL ARM L* SKF"
                }
            ]
        }
    ]
}
