{
    "id": "35",
    "parts": [
        {
            "id": "1",
            "category": "SERVICE PARTS",
            "category_parts": [
                {
                    "id": "",
                    "name": ""
                },
                {
                    "id": "Z423",
                    "name": "OIL FILTER GUD OD76 H67 [M20 X 1.5MM]"
                },
                {
                    "id": "PH5752",
                    "name": "OIL FILTER FRAM"
                },
                {
                    "id": "COF101103S",
                    "name": "OIL FILTER CHAMPION"
                },
                {
                    "id": "0451103300",
                    "name": "OIL FILTER BOSCH"
                },
                {
                    "id": "ADL142112",
                    "name": "OIL FIL H76.3MM M20X1.5 OD77MM BLUEPRINT"
                },
                {
                    "id": "WL7083",
                    "name": "OIL FILTER WIX"
                },
                {
                    "id": "AG1210",
                    "name": "AIR FILTER GUD PLASTIC ROUND ID103 OD149 H258"
                },
                {
                    "id": "AG1210FRAM",
                    "name": "AIR FILTER FRAM"
                },
                {
                    "id": "1457433791",
                    "name": "AIR FILTER BOSCH"
                },
                {
                    "id": "WA6500",
                    "name": "AIR FILTER WIX"
                },
                {
                    "id": "WA6742",
                    "name": "AIR FILTER WIX"
                },
                {
                    "id": "MAF101",
                    "name": "AIR FILTER KAIZEN"
                },
                {
                    "id": "INTANK",
                    "name": "FUEL FILTER IN TANK LIFETIME"
                },
                {
                    "id": "BCPR5ES",
                    "name": "SPARK PLUG NGK"
                },
                {
                    "id": "BCPR5EY",
                    "name": "SPARK PLUG NGK"
                },
                {
                    "id": "BCPR6ES",
                    "name": "SPARK PLUG NGK"
                },
                {
                    "id": "BCPR6EY",
                    "name": "SPARK PLUG NGK"
                },
                {
                    "id": "BKR5E",
                    "name": "SPARK PLUG NGK"
                },
                {
                    "id": "BKR6E",
                    "name": "SPARK PLUG NGK"
                },
                {
                    "id": "BKR6EYA",
                    "name": "SPARK PLUG NGK"
                },
                {
                    "id": "PFR6B",
                    "name": "SPARK PLUG NGK"
                },
                {
                    "id": "ZFR6A",
                    "name": "SPARK PLUG NGK"
                },
                {
                    "id": "OE136",
                    "name": "SPARK PLUG CHAMPION"
                },
                {
                    "id": "RC9YCC",
                    "name": "SPARK PLUG CHAMPION"
                },
                {
                    "id": "0242245571",
                    "name": "SPARK PLUG BOSCH PLAT/IRIDIUM"
                },
                {
                    "id": "FR5KI332S",
                    "name": "SPARK PLUG BOSCH PLAT/IRIDIUM"
                },
                {
                    "id": "AC6GUD",
                    "name": "CABIN AIR FILTER GUD H17 L240 W170"
                },
                {
                    "id": "WP6870",
                    "name": "CABIN AIR FILTER WIX"
                },
                {
                    "id": "WP6871",
                    "name": "CABIN AIR FILTER WIX"
                },
                {
                    "id": "WP9092",
                    "name": "CABIN AIR FILTER WIX"
                },
                {
                    "id": "WP9093",
                    "name": "CABIN AIR FILTER WIX"
                },
                {
                    "id": "WP9125",
                    "name": "CABIN AIR FILTER WIX"
                },
                {
                    "id": "ATE882",
                    "name": "DISC PAD FRNT ATE L156 H59 T18"
                },
                {
                    "id": "ATE881",
                    "name": "DISC PAD FRNT ATE L157 H53 T18"
                },
                {
                    "id": "FDB1134",
                    "name": "DISC PAD FRNT FERODO L155 H59 T19"
                },
                {
                    "id": "FDB1052",
                    "name": "DISC PAD FRNT FERODO L156 H58 T18"
                },
                {
                    "id": "FDB1299",
                    "name": "DISC PAD FRNT FERODO L156 H58 T19"
                },
                {
                    "id": "0986424578",
                    "name": "DISC PAD FRNT BOSCH L155 H59 T19"
                },
                {
                    "id": "0986494004",
                    "name": "DISC PAD FRNT BOSCH L155 H59 T19"
                },
                {
                    "id": "0986424507",
                    "name": "DISC PAD FRNT BOSCH L156 H59 T19"
                },
                {
                    "id": "D3194",
                    "name": "DISC PAD FRNT SAFELINE L155 H58 T19"
                },
                {
                    "id": "D3217",
                    "name": "DISC PAD FRNT SAFELINE L155 H58 T19"
                },
                {
                    "id": "D3168",
                    "name": "DISC PAD FRNT SAFELINE L155 H62 T19"
                },
                {
                    "id": "OPT3217",
                    "name": "DISC PAD FRNT L/R OPTIMA"
                },
                {
                    "id": "05P1098",
                    "name": "DISC PAD FRNT LPR L155 H62 T19"
                },
                {
                    "id": "05P614",
                    "name": "DISC PAD FRNT LPR L155 H62 T19"
                },
                {
                    "id": "05P720",
                    "name": "DISC PAD FRNT LPR L155 H62 T19"
                },
                {
                    "id": "05P664",
                    "name": "DISC PAD FRNT LPR L156 H64 T19"
                },
                {
                    "id": "ADB1324",
                    "name": "DISC PAD FRNT NIPPON L0 H0 T0"
                },
                {
                    "id": "ADB11772",
                    "name": "DISC PAD FRNT NIPPON L155 H59 T19"
                },
                {
                    "id": "ADB1897",
                    "name": "DISC PAD FRNT NIPPON L155 H59 T19"
                },
                {
                    "id": "ADB11016",
                    "name": "DISC PAD FRNT NIPPON L156 H53 T17"
                },
                {
                    "id": "ATE883",
                    "name": "DISC PAD REAR ATE L95 H44 T16"
                },
                {
                    "id": "FDB995",
                    "name": "DISC PAD REAR FERODO L90 H54 T16"
                },
                {
                    "id": "FDB1324",
                    "name": "DISC PAD REAR FERODO L96 H44 T14"
                },
                {
                    "id": "FDB1349",
                    "name": "DISC PAD REAR FERODO L96 H44 T16"
                },
                {
                    "id": "0986424756",
                    "name": "DISC PAD REAR BOSCH L96 H44 T14"
                },
                {
                    "id": "0986495291",
                    "name": "DISC PAD REAR BOSCH L96 H44 T17"
                },
                {
                    "id": "D4201",
                    "name": "DISC PAD REAR SAFELINE L96 H44 T14"
                },
                {
                    "id": "D3079",
                    "name": "DISC PAD REAR SAFELINE L96 H44 T17"
                },
                {
                    "id": "05P298",
                    "name": "DISC PAD REAR LPR L90 H50 T17"
                },
                {
                    "id": "05P871",
                    "name": "DISC PAD REAR LPR L96 H44 T16"
                },
                {
                    "id": "ADB01559",
                    "name": "DISC PAD REAR NIPPON L96 H44 T16"
                },
                {
                    "id": "12133765",
                    "name": "GEARBOX OIL [MAN] 75W-90"
                },
                {
                    "id": "11333810",
                    "name": "ENGINE OIL EDGE 5W-40"
                },
                {
                    "id": "11293810",
                    "name": "ENGINE OIL MAGNETEC 10W-40"
                },
                {
                    "id": "550053709",
                    "name": "ENGINE OIL SHELL HELIX HX7 10W40 5L"
                }
            ]
        },
        {
            "id": "2",
            "category": "BRAKES",
            "category_parts": [
                {
                    "id": "",
                    "name": ""
                },
                {
                    "id": "ATE882",
                    "name": "DISC PAD FRNT ATE L156 H59 T18"
                },
                {
                    "id": "ATE881",
                    "name": "DISC PAD FRNT ATE L157 H53 T18"
                },
                {
                    "id": "FDB1134",
                    "name": "DISC PAD FRNT FERODO L155 H59 T19"
                },
                {
                    "id": "FDB1052",
                    "name": "DISC PAD FRNT FERODO L156 H58 T18"
                },
                {
                    "id": "FDB1299",
                    "name": "DISC PAD FRNT FERODO L156 H58 T19"
                },
                {
                    "id": "0986424578",
                    "name": "DISC PAD FRNT BOSCH L155 H59 T19"
                },
                {
                    "id": "0986494004",
                    "name": "DISC PAD FRNT BOSCH L155 H59 T19"
                },
                {
                    "id": "0986424507",
                    "name": "DISC PAD FRNT BOSCH L156 H59 T19"
                },
                {
                    "id": "D3194",
                    "name": "DISC PAD FRNT SAFELINE L155 H58 T19"
                },
                {
                    "id": "D3217",
                    "name": "DISC PAD FRNT SAFELINE L155 H58 T19"
                },
                {
                    "id": "D3168",
                    "name": "DISC PAD FRNT SAFELINE L155 H62 T19"
                },
                {
                    "id": "OPT3217",
                    "name": "DISC PAD FRNT L/R OPTIMA"
                },
                {
                    "id": "05P1098",
                    "name": "DISC PAD FRNT LPR L155 H62 T19"
                },
                {
                    "id": "05P614",
                    "name": "DISC PAD FRNT LPR L155 H62 T19"
                },
                {
                    "id": "05P720",
                    "name": "DISC PAD FRNT LPR L155 H62 T19"
                },
                {
                    "id": "05P664",
                    "name": "DISC PAD FRNT LPR L156 H64 T19"
                },
                {
                    "id": "ADB1324",
                    "name": "DISC PAD FRNT NIPPON L0 H0 T0"
                },
                {
                    "id": "ADB11772",
                    "name": "DISC PAD FRNT NIPPON L155 H59 T19"
                },
                {
                    "id": "ADB1897",
                    "name": "DISC PAD FRNT NIPPON L155 H59 T19"
                },
                {
                    "id": "ADB11016",
                    "name": "DISC PAD FRNT NIPPON L156 H53 T17"
                },
                {
                    "id": "ATE883",
                    "name": "DISC PAD REAR ATE L95 H44 T16"
                },
                {
                    "id": "FDB995",
                    "name": "DISC PAD REAR FERODO L90 H54 T16"
                },
                {
                    "id": "FDB1324",
                    "name": "DISC PAD REAR FERODO L96 H44 T14"
                },
                {
                    "id": "FDB1349",
                    "name": "DISC PAD REAR FERODO L96 H44 T16"
                },
                {
                    "id": "0986424756",
                    "name": "DISC PAD REAR BOSCH L96 H44 T14"
                },
                {
                    "id": "0986495291",
                    "name": "DISC PAD REAR BOSCH L96 H44 T17"
                },
                {
                    "id": "D4201",
                    "name": "DISC PAD REAR SAFELINE L96 H44 T14"
                },
                {
                    "id": "D3079",
                    "name": "DISC PAD REAR SAFELINE L96 H44 T17"
                },
                {
                    "id": "05P298",
                    "name": "DISC PAD REAR LPR L90 H50 T17"
                },
                {
                    "id": "05P871",
                    "name": "DISC PAD REAR LPR L96 H44 T16"
                },
                {
                    "id": "ADB01559",
                    "name": "DISC PAD REAR NIPPON L96 H44 T16"
                },
                {
                    "id": "DR6707",
                    "name": "BRAKE DISC FV ALFA D284 H43 S59 [5]"
                },
                {
                    "id": "DR7644",
                    "name": "BRAKE DISC FV ALFA D284 H43 S59 [5]"
                },
                {
                    "id": "122.0145",
                    "name": "BRAKE DISC FV ATE D284 H44 S59 ID127 [5]"
                },
                {
                    "id": "DDF156",
                    "name": "BRAKE DISC FV FERODO D284 H44 S59 [5]"
                },
                {
                    "id": "DDF156C",
                    "name": "BRAKE DISC FV FERODO D284 H44 S59 [5]"
                },
                {
                    "id": "DR6064",
                    "name": "BRAKE DISC RS ALFA D251 H50 S59 [5]"
                },
                {
                    "id": "DR6432",
                    "name": "BRAKE DISC RS ALFA D276 H46 S59 [5]"
                },
                {
                    "id": "110.0209",
                    "name": "BRAKE DISC RS ATE D251 H51 S59 ID128 [5]"
                },
                {
                    "id": "DDF067",
                    "name": "BRAKE DISC RS FERODO D251 H51 S59 [5]"
                },
                {
                    "id": "DDF067C",
                    "name": "BRAKE DISC RS FERODO D251 H51 S59 [5]"
                },
                {
                    "id": "DDF1138",
                    "name": "BRAKE DISC RS FERODO D276 H46 S59 [5]"
                },
                {
                    "id": "FWI205",
                    "name": "DISC PAD SENSOR FRNT [L776MM] FERODO"
                },
                {
                    "id": "F026003622",
                    "name": "BRAKE M/CYL BOSCH"
                },
                {
                    "id": "BM206.2405",
                    "name": "BRAKE M/CYL PQ"
                },
                {
                    "id": "BM222.2408",
                    "name": "BRAKE M/CYL PQ"
                },
                {
                    "id": "SEA8520E",
                    "name": "BRAKE M/CYL KIT 20.64 MM CPD"
                },
                {
                    "id": "SEA8497E",
                    "name": "BRAKE M/CYL KIT 22.22 MM CPD"
                },
                {
                    "id": "SEA8579E",
                    "name": "BRAKE M/CYL KIT 22.22 MM CPD"
                },
                {
                    "id": "K9301X",
                    "name": "BRAKE M/CYL KIT BPD"
                },
                {
                    "id": "P8520X",
                    "name": "BRAKE M/CYL KIT 20.64MM PQ"
                },
                {
                    "id": "P8579X",
                    "name": "BRAKE M/CYL KIT 22.22MM [+ESP] PQ"
                },
                {
                    "id": "P8497X",
                    "name": "BRAKE M/CYL KIT 22.22MM [-ESP] PQ"
                },
                {
                    "id": "BMK206.8520",
                    "name": "BRAKE M/CYL KIT PQ"
                },
                {
                    "id": "BMK222.8497",
                    "name": "BRAKE M/CYL KIT PQ"
                },
                {
                    "id": "BMK222.8579",
                    "name": "BRAKE M/CYL KIT PQ"
                },
                {
                    "id": "HB1173",
                    "name": "CABLE HANDBRAKE FRNT PQ"
                },
                {
                    "id": "RW1172L",
                    "name": "CABLE H/BRAKE REAR PQ"
                },
                {
                    "id": "RW1172R",
                    "name": "CABLE H/BRAKE REAR PQ"
                },
                {
                    "id": "CK54.2430",
                    "name": "CALIPER KIT FRNT 54MM PQ"
                },
                {
                    "id": "CK38.2535",
                    "name": "CALIPER KIT REAR 38MM PQ"
                },
                {
                    "id": "HUB061",
                    "name": "WHEEL HUB FRNT/REAR"
                },
                {
                    "id": "1180-1",
                    "name": "ANTI RATTLE CLIP FRNT BHCS"
                },
                {
                    "id": "SEA1315E",
                    "name": "CALIPER KIT FRNT 54.00MM CPD"
                },
                {
                    "id": "P2429S",
                    "name": "CALIPER KIT FRNT 48MM PQ"
                },
                {
                    "id": "P1315S",
                    "name": "CALIPER KIT FRNT 54MM LUCAS PQ"
                },
                {
                    "id": "CK54.1564",
                    "name": "CALIPER KIT FRNT 54MM PQ"
                },
                {
                    "id": "P1564S",
                    "name": "CALIPER KIT FRNT 54MM PQ"
                },
                {
                    "id": "P2430S",
                    "name": "CALIPER KIT FRNT 54MM PQ"
                },
                {
                    "id": "P2431S",
                    "name": "CALIPER KIT REAR 34MM LUCAS PQ"
                },
                {
                    "id": "P2304S",
                    "name": "CALIPER KIT REAR 38MM ATE PQ"
                },
                {
                    "id": "P2535S",
                    "name": "CALIPER KIT REAR 38MM ATE PQ"
                },
                {
                    "id": "113-1306X",
                    "name": "BRAKE CALIPER GUIDE SLEEVE KIT QB"
                },
                {
                    "id": "113-1432X",
                    "name": "BRAKE CALIPER GUIDE SLEEVE KIT QB"
                }
            ]
        },
        {
            "id": "3",
            "category": "SUSPENSION COMPONENTS [FRONT]",
            "category_parts": [
                {
                    "id": "",
                    "name": ""
                },
                {
                    "id": "E5091",
                    "name": "SHOCK FRNT MONROE"
                },
                {
                    "id": "G51231",
                    "name": "SHOCK FRNT GABRIEL"
                },
                {
                    "id": "340025",
                    "name": "SHOCK FRNT KYB FRNT"
                },
                {
                    "id": "VKDA35230",
                    "name": "TOP MOUNT FRNT SHOCK [SINGLE] FRNT SKF"
                },
                {
                    "id": "VKDA35230T",
                    "name": "TOP MOUNT SHOCK FRNT [TWIN PACK] FRNT SKF"
                },
                {
                    "id": "AF2812",
                    "name": "MOUNTING SHOCK FRNT L/R TEKNOSA"
                },
                {
                    "id": "FEB34391",
                    "name": "STRUT MOUNTING FRNT FEBI"
                },
                {
                    "id": "VKDP33207T",
                    "name": "DUST COVER KIT FRNT SKF"
                },
                {
                    "id": "PK092",
                    "name": "SHOCK PROTECTION KIT FRNT"
                },
                {
                    "id": "PK023",
                    "name": "SHOCK PROTECTION KIT REAR"
                },
                {
                    "id": "CS130",
                    "name": "CONT ARM UPPER LHS PQ"
                },
                {
                    "id": "CS129",
                    "name": "CONT ARM UPPER RHS PQ"
                },
                {
                    "id": "13902AP",
                    "name": "CONTROL ARM UPPER LHS A-PLUS"
                },
                {
                    "id": "13904AP",
                    "name": "CONTROL ARM UPPER RHS A-PLUS"
                },
                {
                    "id": "CJ147",
                    "name": "CONTROL ARM UPPER LHS AUTOCOM"
                },
                {
                    "id": "CJ148",
                    "name": "CONTROL ARM UPPER RHS AUTOCOM"
                },
                {
                    "id": "AF2012",
                    "name": "CONTROL ARM LOWER FRNT LHS TEKNOSA"
                },
                {
                    "id": "AF2013",
                    "name": "CONTROL ARM LOWER FRNT RHS TEKNOSA"
                },
                {
                    "id": "AF1710",
                    "name": "CONTROL ARM UPPER FRNT LHS TEKNOSA"
                },
                {
                    "id": "AF1711",
                    "name": "CONTROL ARM UPPER FRNT RHS TEKNOSA"
                },
                {
                    "id": "CS132",
                    "name": "CONTROL ARM LOWER LHS PQ"
                },
                {
                    "id": "CS131",
                    "name": "CONTROL ARM LOWER RHS PQ"
                },
                {
                    "id": "17990AP",
                    "name": "C/ARM BUSH LOWER L/R A-PLUS"
                },
                {
                    "id": "21085AP",
                    "name": "C/ARM BUSH LOWER LHS A-PLUS"
                },
                {
                    "id": "21086AP",
                    "name": "C/ARM BUSH LOWER RHS A-PLUS"
                },
                {
                    "id": "13905AP",
                    "name": "CONTROL ARM LOWER LHS A-PLUS"
                },
                {
                    "id": "13903AP",
                    "name": "CONTROL ARM LOWER RHS A-PLUS"
                },
                {
                    "id": "CJ600",
                    "name": "CONTROL ARM LOWER LHS AUTOCOM"
                },
                {
                    "id": "CJ601",
                    "name": "CONTROL ARM LOWER RHS AUTOCOM"
                },
                {
                    "id": "TR5583",
                    "name": "STABILISER LINK FRONT [124MM] PQ"
                },
                {
                    "id": "AR5675",
                    "name": "STABILIZER LINK ASSY FRNT PQ"
                },
                {
                    "id": "VKDS342002",
                    "name": "STABILIZER LINK L* H* ID* OD* SKF"
                },
                {
                    "id": "VKDS442000",
                    "name": "STABILIZER LINK L180 H* ID* OD* SKF"
                },
                {
                    "id": "VKDS322004B",
                    "name": "CONTROL ARM L* SKF"
                },
                {
                    "id": "VKDS322005B",
                    "name": "CONTROL ARM L* SKF"
                },
                {
                    "id": "VKDS322006B",
                    "name": "CONTROL ARM L* SKF"
                },
                {
                    "id": "VKDS322007B",
                    "name": "CONTROL ARM L* SKF"
                },
                {
                    "id": "VKDS422003",
                    "name": "CONTROL ARM L505 SKF"
                },
                {
                    "id": "VKDS422004",
                    "name": "CONTROL ARM L505 SKF"
                },
                {
                    "id": "VKDS422000",
                    "name": "CONTROL ARM L560 SKF"
                },
                {
                    "id": "VKDS422002",
                    "name": "CONTROL ARM L594 SKF"
                },
                {
                    "id": "VKDS332004",
                    "name": "C/ARM BUSH L* H* ID* OD* SKF"
                },
                {
                    "id": "VKDS332025",
                    "name": "C/ARM BUSH L* H* ID* OD* SKF"
                },
                {
                    "id": "VKDS332037",
                    "name": "C/ARM BUSH L* H* ID* OD* SKF"
                },
                {
                    "id": "VKDS432502",
                    "name": "C/ARM BUSH L* H30 ID20 OD40 SKF"
                },
                {
                    "id": "VKDS332041",
                    "name": "C/ARM BUSH L* H50 ID18.7 OD21.5 SKF"
                },
                {
                    "id": "VKDS332014",
                    "name": "C/ARM BUSH L* H92 ID47.5 OD58.5 SKF"
                },
                {
                    "id": "VKDS332013",
                    "name": "C/ARM BUSH L* H92 ID56.5 OD58.5 SKF"
                },
                {
                    "id": "VKDS432508",
                    "name": "C/ARM BUSH L32 H32.2 ID12 OD32.2 SKF"
                },
                {
                    "id": "AR5677L",
                    "name": "CONT ARM BUSH LOWER INNER [FRNT] PQ"
                },
                {
                    "id": "AR5677R",
                    "name": "CONT ARM BUSH LOWER INNER [FRNT] PQ"
                },
                {
                    "id": "AR5676L",
                    "name": "CONT ARM BUSH LOWER INNER [REAR] PQ"
                },
                {
                    "id": "AR5676R",
                    "name": "CONT ARM BUSH LOWER INNER [REAR] PQ"
                },
                {
                    "id": "AR5688",
                    "name": "CONT ARM BUSH LOWER OUTER PQ"
                },
                {
                    "id": "AR5678",
                    "name": "CONT ARM BUSH UPPER INNER PQ"
                },
                {
                    "id": "AF2112",
                    "name": "BUSH CONT ARM LOW FRNT L/R TEKNOSA"
                },
                {
                    "id": "AF2114",
                    "name": "BUSH CONT ARM LOW FRNT L/R TEKNOSA"
                },
                {
                    "id": "AF2115",
                    "name": "BUSH CONT ARM LOW FRNT LHS TEKNOSA"
                },
                {
                    "id": "AF2116",
                    "name": "BUSH CONT ARM LOW FRNT RHS TEKNOSA"
                },
                {
                    "id": "VKDS352011",
                    "name": "STAB BAR BUSH L37.8 H36.5 ID22 OD* SKF"
                },
                {
                    "id": "AR5679",
                    "name": "STAB BAR BUSH F/SUSP PQ"
                }
            ]
        },
        {
            "id": "4",
            "category": "SUSPENSION COMPONENTS [REAR]",
            "category_parts": [
                {
                    "id": "",
                    "name": ""
                },
                {
                    "id": "VKDP33207T",
                    "name": "DUST COVER KIT FRNT SKF"
                },
                {
                    "id": "16406",
                    "name": "SHOCK REAR MONROE"
                },
                {
                    "id": "E4879",
                    "name": "SHOCK REAR MONROE [EXL GTA]"
                },
                {
                    "id": "E4906",
                    "name": "SHOCK REAR MONROE [GTA/SPORTS]"
                },
                {
                    "id": "E4940",
                    "name": "SHOCK REAR MONROE [SPORTWAGON]"
                },
                {
                    "id": "G35288",
                    "name": "SHOCK REAR GABRIEL"
                },
                {
                    "id": "334932",
                    "name": "SHOCK REAR KYB [EXCL GTA]"
                },
                {
                    "id": "334613",
                    "name": "SHOCK REAR KYB [S/WAGON]"
                },
                {
                    "id": "VKDA40204T",
                    "name": "TOP MOUNT SHOCK REAR [TWIN PACK] SKF"
                },
                {
                    "id": "MK200",
                    "name": "STRUT MOUNTING REAR MONROE"
                },
                {
                    "id": "FEB34952",
                    "name": "STRUT MOUNTING REAR FEBI"
                },
                {
                    "id": "PK092",
                    "name": "SHOCK PROTECTION KIT FRNT"
                },
                {
                    "id": "PK023",
                    "name": "SHOCK PROTECTION KIT REAR"
                },
                {
                    "id": "VKDS332004",
                    "name": "C/ARM BUSH L* H* ID* OD* SKF"
                },
                {
                    "id": "VKDS332025",
                    "name": "C/ARM BUSH L* H* ID* OD* SKF"
                },
                {
                    "id": "VKDS332037",
                    "name": "C/ARM BUSH L* H* ID* OD* SKF"
                },
                {
                    "id": "VKDS432502",
                    "name": "C/ARM BUSH L* H30 ID20 OD40 SKF"
                },
                {
                    "id": "VKDS332041",
                    "name": "C/ARM BUSH L* H50 ID18.7 OD21.5 SKF"
                },
                {
                    "id": "VKDS332014",
                    "name": "C/ARM BUSH L* H92 ID47.5 OD58.5 SKF"
                },
                {
                    "id": "VKDS332013",
                    "name": "C/ARM BUSH L* H92 ID56.5 OD58.5 SKF"
                },
                {
                    "id": "VKDS432508",
                    "name": "C/ARM BUSH L32 H32.2 ID12 OD32.2 SKF"
                },
                {
                    "id": "14226AP",
                    "name": "C/ARM BUSH LOWER L/R A-PLUS"
                },
                {
                    "id": "AF2112",
                    "name": "BUSH CONT ARM LOW FRNT L/R TEKNOSA"
                },
                {
                    "id": "AF2114",
                    "name": "BUSH CONT ARM LOW FRNT L/R TEKNOSA"
                },
                {
                    "id": "AF2115",
                    "name": "BUSH CONT ARM LOW FRNT LHS TEKNOSA"
                },
                {
                    "id": "AF2116",
                    "name": "BUSH CONT ARM LOW FRNT RHS TEKNOSA"
                },
                {
                    "id": "VKDS352011",
                    "name": "STAB BAR BUSH L37.8 H36.5 ID22 OD* SKF"
                },
                {
                    "id": "AR5687",
                    "name": "STAB BAR BUSH REAR SUSP"
                },
                {
                    "id": "VKDS342002",
                    "name": "STABILIZER LINK L* H* ID* OD* SKF"
                },
                {
                    "id": "VKDS442000",
                    "name": "STABILIZER LINK L180 H* ID* OD* SKF"
                },
                {
                    "id": "TR5584",
                    "name": "STABILISER LINK REAR L/R [180MM] PQ"
                },
                {
                    "id": "12881AP",
                    "name": "STABILIZER LINK L/R A-PLUS L124"
                },
                {
                    "id": "13119AP",
                    "name": "STABILIZER LINK L/R A-PLUS L180"
                },
                {
                    "id": "14160AP",
                    "name": "STABILIZER LINK L/R A-PLUS L560"
                },
                {
                    "id": "14161AP",
                    "name": "STABILIZER LINK L/R A-PLUS L594"
                },
                {
                    "id": "AF1511",
                    "name": "STABILIZER LINK FRNT L/R L124 TEKNOSA"
                },
                {
                    "id": "AF1512",
                    "name": "STABILIZER LINK REAR L/R L180 TEKNOSA"
                },
                {
                    "id": "AF1514",
                    "name": "STABILIZER LINK REAR L/R L560 TEKNOSA"
                },
                {
                    "id": "AF1513",
                    "name": "STABILIZER LINK REAR L/R L594 TEKNOSA"
                },
                {
                    "id": "VKDS322004B",
                    "name": "CONTROL ARM L* SKF"
                },
                {
                    "id": "VKDS322005B",
                    "name": "CONTROL ARM L* SKF"
                },
                {
                    "id": "VKDS322006B",
                    "name": "CONTROL ARM L* SKF"
                },
                {
                    "id": "VKDS322007B",
                    "name": "CONTROL ARM L* SKF"
                },
                {
                    "id": "VKDS422003",
                    "name": "CONTROL ARM L505 SKF"
                },
                {
                    "id": "VKDS422004",
                    "name": "CONTROL ARM L505 SKF"
                },
                {
                    "id": "VKDS422000",
                    "name": "CONTROL ARM L560 SKF"
                },
                {
                    "id": "VKDS422002",
                    "name": "CONTROL ARM L594 SKF"
                }
            ]
        },
        {
            "id": "5",
            "category": "COOLING SYSTEM",
            "category_parts": [
                {
                    "id": "",
                    "name": ""
                },
                {
                    "id": "06820",
                    "name": "RADIATOR CAP OSSCA/ATS"
                },
                {
                    "id": "TP6-20",
                    "name": "RADIATOR CAP RAM"
                },
                {
                    "id": "TP6-20M",
                    "name": "RADIATOR CAP MP"
                },
                {
                    "id": "VKPC82540",
                    "name": "WATER PUMP SKF"
                },
                {
                    "id": "VKPC82621",
                    "name": "WATER PUMP SKF"
                },
                {
                    "id": "NWP1065",
                    "name": "WATER PUMP PI"
                },
                {
                    "id": "NWP1065M",
                    "name": "WATER PUMP"
                },
                {
                    "id": "W17402",
                    "name": "WATER PUMP AZ"
                },
                {
                    "id": "W17409",
                    "name": "WATER PUMP AZ"
                },
                {
                    "id": "QCP3371",
                    "name": "WATER PUMP ECHLIN"
                },
                {
                    "id": "A-146",
                    "name": "WATER PUMP DOLZ"
                },
                {
                    "id": "VKM32030",
                    "name": "TENSIONER V-BELT PULLEY [OD:65 W:29] SKF"
                },
                {
                    "id": "VKM32082",
                    "name": "TENSIONER V-BELT PULLEY [OD:80 W:26] SKF"
                },
                {
                    "id": "VKM32083",
                    "name": "TENSIONER V-BELT PULLEY [OD:80 W:26] SKF"
                },
                {
                    "id": "TS6133",
                    "name": "FAN SWITCH ECHLIN"
                },
                {
                    "id": "437100-5500",
                    "name": "COMPRESSOR / AIR CONDITIONER DENSO"
                }
            ]
        },
        {
            "id": "6",
            "category": "CLUTCH COMPONENTS",
            "category_parts": [
                {
                    "id": "",
                    "name": ""
                },
                {
                    "id": "F026005092",
                    "name": "CLUTCH M/CYL BOSCH"
                },
                {
                    "id": "F026005119",
                    "name": "CLUTCH M/CYL BOSCH"
                },
                {
                    "id": "CM159.2409",
                    "name": "CLUTCH M/CYL PQ"
                },
                {
                    "id": "SEA8499E",
                    "name": "CLUTCH M/CYL KIT 19.05 MM CPD"
                },
                {
                    "id": "P8499X",
                    "name": "CLUTCH M/CYL KIT 19.05MM PQ"
                },
                {
                    "id": "CS9989",
                    "name": "CLUTCH S/CYL TC"
                },
                {
                    "id": "F026005580",
                    "name": "CLUTCH S/CYL BOSCH"
                },
                {
                    "id": "CPD.FIA202",
                    "name": "CLUTCH S/CYL 25.40MM CPD"
                },
                {
                    "id": "SEA1014E",
                    "name": "CLUTCH S/CYL KIT 25.40MM CPD"
                },
                {
                    "id": "31.254.0006",
                    "name": "CLUTCH S/CYL HYDRADRIVE 25.40MM"
                },
                {
                    "id": "S2540006",
                    "name": "CLUTCH S/CYL BETTABRAKE 25.40MM"
                },
                {
                    "id": "CS254.3800",
                    "name": "CLUTCH S/CYL [CLIP TYPE] PQ"
                },
                {
                    "id": "CY8102",
                    "name": "CLUTCH S/CYL [CLIP TYPE] ATS"
                },
                {
                    "id": "P1014S",
                    "name": "CLUTCH S/CYL KIT 25.40 [-PIST] PQ"
                },
                {
                    "id": "P2433S",
                    "name": "CLUTCH S/CYL KIT 25.4MM PQ"
                },
                {
                    "id": "RB9819",
                    "name": "CLUTCH RELEASE BRG [R143MK] PQ"
                },
                {
                    "id": "286860",
                    "name": "PRESSURE PLATE LUK"
                },
                {
                    "id": "624300600",
                    "name": "CLUTCH KIT LUK D235 S22.3 ST20"
                },
                {
                    "id": "R372MK",
                    "name": "CLUTCH KIT LUK D235 S22.3 ST20"
                },
                {
                    "id": "3000951277",
                    "name": "CLUTCH KIT SACHS [235X22.9-20]"
                },
                {
                    "id": "AR03",
                    "name": "CLUTCH KIT VALEO [PULL TYPE]OE"
                }
            ]
        },
        {
            "id": "7",
            "category": "IGNITION SYSTEM",
            "category_parts": [
                {
                    "id": "",
                    "name": ""
                },
                {
                    "id": "IC213",
                    "name": "IGNITION COIL ECHLIN [3 PIN]"
                },
                {
                    "id": "155095",
                    "name": "IGNITION COIL BOUGICORD"
                },
                {
                    "id": "BC5095",
                    "name": "IGNITION COIL BOUGICORD"
                },
                {
                    "id": "0221504456",
                    "name": "IGNITION COIL BOSCH [3 PIN]"
                },
                {
                    "id": "IGC343",
                    "name": "IGNITION COIL MOBILETRON"
                }
            ]
        },
        {
            "id": "8",
            "category": "DRIVESHAFT COMPONENTS",
            "category_parts": [
                {
                    "id": "",
                    "name": ""
                },
                {
                    "id": "PJ802003",
                    "name": "CV JOINT OUTER 25X25X52X90 O PQ"
                },
                {
                    "id": "PJ802012",
                    "name": "CV JOINT OUTER 25X28X29X98 O PQ"
                },
                {
                    "id": "PJ802006",
                    "name": "CV JOINT OUTER 44T 25X25X52X90 O PQ"
                },
                {
                    "id": "PJ817013",
                    "name": "CV JOINT OUTER 44T 27X25X5690 I PQ"
                },
                {
                    "id": "PJ602006",
                    "name": "CV JOINT INNER 0X25X0X100 PQ"
                },
                {
                    "id": "VKJP01001",
                    "name": "CV BOOT KIT OUTER SKF"
                },
                {
                    "id": "VKJP01001S",
                    "name": "CV BOOT KIT OUTER SKF"
                },
                {
                    "id": "VKJP1146",
                    "name": "CV BOOT KIT OUTER SKF"
                },
                {
                    "id": "CV185K",
                    "name": "CV BOOT KIT OUTER"
                },
                {
                    "id": "CV186K",
                    "name": "CV BOOT KIT OUTER"
                },
                {
                    "id": "VKJP8076",
                    "name": "CV BOOT KIT INNER SKF"
                },
                {
                    "id": "VKJC1807",
                    "name": "DRIVESHAFT KIT SKF"
                },
                {
                    "id": "9959",
                    "name": "DRIVE SHAFT SEAL [LHS] PQ"
                },
                {
                    "id": "9961",
                    "name": "DRIVE SHAFT SEAL [RHS] PQ"
                }
            ]
        },
        {
            "id": "9",
            "category": "FUEL SYSTEM",
            "category_parts": [
                {
                    "id": "",
                    "name": ""
                },
                {
                    "id": "INTANK",
                    "name": "FUEL FILTER IN TANK LIFETIME"
                },
                {
                    "id": "0280218054",
                    "name": "AIR-MASS METER BOSCH"
                },
                {
                    "id": "0280156039",
                    "name": "INJECTORS BOSCH"
                },
                {
                    "id": "1002",
                    "name": "FUEL TANK CAP LOCKING ECHLIN"
                },
                {
                    "id": "5601-023",
                    "name": "FUEL TANK CAP LOCKING PI"
                },
                {
                    "id": "3013",
                    "name": "FUEL TANK CAP [-LOCKING] ECHLIN"
                },
                {
                    "id": "FEB02211",
                    "name": "FUEL TANK CAP LOCKING FEBI"
                },
                {
                    "id": "01173",
                    "name": "FUEL TANK CAP LOCKING OSSCA/ATS"
                }
            ]
        },
        {
            "id": "10",
            "category": "TIMING COMPONENTS",
            "category_parts": [
                {
                    "id": "",
                    "name": ""
                },
                {
                    "id": "VKMA02540",
                    "name": "T/BELT KIT [ALF185] SKF"
                },
                {
                    "id": "1987946028",
                    "name": "T/BELT KIT BOSCH"
                },
                {
                    "id": "1987948280",
                    "name": "TIM BELT KIT BOSCH [ALF185]"
                },
                {
                    "id": "K015476XS",
                    "name": "TIM BELT KIT GATES [ALF185]"
                },
                {
                    "id": "ALF185-FSD",
                    "name": "TIM BELT [185X28MM] 5476XS AUTOBAX"
                },
                {
                    "id": "VKMV6PK1980",
                    "name": "MULTI-GROOVE BELT SKF"
                },
                {
                    "id": "VKMV6PK1983",
                    "name": "MULTI-GROOVE BELT SKF"
                },
                {
                    "id": "VKMV6PK1990",
                    "name": "MULTI-GROOVE BELT SKF"
                },
                {
                    "id": "G1461H",
                    "name": "TIM BELT [185X28MM] RAM"
                },
                {
                    "id": "QTB603",
                    "name": "TIM BELT [185X28MM] ECHLIN"
                },
                {
                    "id": "VKM32030",
                    "name": "TENSIONER V-BELT PULLEY [OD:65 W:29] SKF"
                },
                {
                    "id": "VKM32082",
                    "name": "TENSIONER V-BELT PULLEY [OD:80 W:26] SKF"
                },
                {
                    "id": "VKM32083",
                    "name": "TENSIONER V-BELT PULLEY [OD:80 W:26] SKF"
                },
                {
                    "id": "BT-ALF09",
                    "name": "T/BELT TENSIONER [68X34] AUTOBAX"
                },
                {
                    "id": "T38473",
                    "name": "T/BELT TENSIONER GATES"
                },
                {
                    "id": "VKMC02540",
                    "name": "T/BELT PULLEY SKF"
                },
                {
                    "id": "VKM12541",
                    "name": "T/BELT TENSIONER [D:62.25 W:31] SKF"
                },
                {
                    "id": "VKM22540",
                    "name": "TIM BELT GUIDE [68X34] SKF"
                }
            ]
        },
        {
            "id": "11",
            "category": "CYLINDER HEAD COMPONENTS",
            "category_parts": [
                {
                    "id": "",
                    "name": ""
                },
                {
                    "id": "CY620",
                    "name": "HEAD SET GASKETS"
                },
                {
                    "id": "BT380",
                    "name": "CYL HEAD GASKET LHS"
                },
                {
                    "id": "AY640",
                    "name": "CYL HEAD GASKET RHS"
                },
                {
                    "id": "JP071",
                    "name": "VALVE COVER GASKET PAYEN LHS"
                },
                {
                    "id": "JP070",
                    "name": "VALVE COVER GASKET PAYEN RHS"
                },
                {
                    "id": "FY620",
                    "name": "FULL GASKET SETS"
                },
                {
                    "id": "15-38207-01",
                    "name": "CYL HEAD COVER GASKET VR"
                },
                {
                    "id": "15-38208-01",
                    "name": "CYL HEAD COVER GASKET VR"
                },
                {
                    "id": "HR800",
                    "name": "VALVE STEM SEAL SET"
                },
                {
                    "id": "324710",
                    "name": "CAMSHAFT OIL SEAL"
                },
                {
                    "id": "NA5163",
                    "name": "CAMSHAFT OIL SEAL [324710]"
                },
                {
                    "id": "9417",
                    "name": "CAMSHAFT SEAL FRNT PQ"
                }
            ]
        },
        {
            "id": "12",
            "category": "ENGINE SUB ASSEMBLY",
            "category_parts": [
                {
                    "id": "",
                    "name": ""
                },
                {
                    "id": "2C4290-000",
                    "name": "RINGSET 88MM ALFA 1.5/1.75/4MM"
                },
                {
                    "id": "9962",
                    "name": "MAIN BRG SEAL"
                },
                {
                    "id": "9959",
                    "name": "DRIVE SHAFT SEAL [LHS] PQ"
                },
                {
                    "id": "9961",
                    "name": "DRIVE SHAFT SEAL [RHS] PQ"
                },
                {
                    "id": "9957",
                    "name": "CRANKSHAFT OIL SEAL [FRNT]"
                },
                {
                    "id": "324710",
                    "name": "CAMSHAFT OIL SEAL"
                },
                {
                    "id": "NA5163",
                    "name": "CAMSHAFT OIL SEAL [324710]"
                },
                {
                    "id": "9417",
                    "name": "CAMSHAFT SEAL FRNT PQ"
                }
            ]
        },
        {
            "id": "13",
            "category": "MOUNTINGS ",
            "category_parts": [
                {
                    "id": "",
                    "name": ""
                },
                {
                    "id": "FEB34391",
                    "name": "STRUT MOUNTING FRNT FEBI"
                },
                {
                    "id": "AF2812",
                    "name": "MOUNTING SHOCK FRNT L/R TEKNOSA"
                },
                {
                    "id": "MK200",
                    "name": "STRUT MOUNTING REAR MONROE"
                },
                {
                    "id": "FEB34952",
                    "name": "STRUT MOUNTING REAR FEBI"
                }
            ]
        },
        {
            "id": "14",
            "category": "STARTER COMPONENTS",
            "category_parts": [
                {
                    "id": "",
                    "name": ""
                },
                {
                    "id": "F042002037",
                    "name": "STARTER MOTOR BOSCH"
                }
            ]
        },
        {
            "id": "15",
            "category": "ALTERNATOR COMPONENTS",
            "category_parts": [
                {
                    "id": "",
                    "name": ""
                },
                {
                    "id": "0124515087",
                    "name": "ALTERNATOR BOSCH"
                },
                {
                    "id": "0124515090",
                    "name": "ALTERNATOR BOSCH"
                },
                {
                    "id": "VKM32030",
                    "name": "TENSIONER V-BELT PULLEY [OD:65 W:29] SKF"
                },
                {
                    "id": "VKM32082",
                    "name": "TENSIONER V-BELT PULLEY [OD:80 W:26] SKF"
                },
                {
                    "id": "VKM32083",
                    "name": "TENSIONER V-BELT PULLEY [OD:80 W:26] SKF"
                }
            ]
        },
        {
            "id": "16",
            "category": "BODY PARTS FRONT AND REAR",
            "category_parts": [
                {
                    "id": "",
                    "name": ""
                },
                {
                    "id": "G64210",
                    "name": "BULB H/LIGHT LOW BEAM [HALOGEN"
                },
                {
                    "id": "G66240",
                    "name": "BULB H/LIGHT LOW BEAM [XENON]"
                },
                {
                    "id": "HB467",
                    "name": "BULB HEADLIGHT LOW BEAM ATS"
                },
                {
                    "id": "G64150",
                    "name": "BULB HEADLIGHT HIGH BEAM"
                },
                {
                    "id": "G64132",
                    "name": "BULB PARK LIGHT FRNT"
                },
                {
                    "id": "G501",
                    "name": "BULB PARK LIGHT FRNT ATS"
                },
                {
                    "id": "G7507",
                    "name": "BULB FLASHER FRNT"
                },
                {
                    "id": "G64150",
                    "name": "BULB FOG LIGHT FRNT"
                },
                {
                    "id": "HB448",
                    "name": "BULB FOG LIGHT FRNT ATS"
                },
                {
                    "id": "G2825",
                    "name": "BULB SIDE MARKER"
                },
                {
                    "id": "G7528",
                    "name": "BULB TAILIGHT"
                },
                {
                    "id": "G7528",
                    "name": "BULB STOPLIGHT"
                },
                {
                    "id": "G7506",
                    "name": "BULB REVERSE LIGHT"
                },
                {
                    "id": "G7506",
                    "name": "BULB FLASHER REAR"
                },
                {
                    "id": "G7506",
                    "name": "BULB FOG LIGHT REAR"
                },
                {
                    "id": "G1073",
                    "name": "BULB FOG LIGHT REAR ATS"
                },
                {
                    "id": "G2825",
                    "name": "BULB LICENSE PLATE"
                },
                {
                    "id": "SL215",
                    "name": "STOP LIGHT SWITCH [4-PIN]"
                }
            ]
        },
        {
            "id": "17",
            "category": "SWITCHES \u0026 ACCESSORIES",
            "category_parts": [
                {
                    "id": "",
                    "name": ""
                },
                {
                    "id": "S652",
                    "name": "BATTERY SABAT"
                },
                {
                    "id": "F652",
                    "name": "BATTERY EXIDE/MIDAS"
                },
                {
                    "id": "W652",
                    "name": "BATTERY WILLARD"
                },
                {
                    "id": "B19-1",
                    "name": "WIPER BLADE FRNT DR/PASS OSSCA/ATS (PAIR)"
                },
                {
                    "id": "3397007044",
                    "name": "WIPER BLADE FRNT KIT BOSCH"
                },
                {
                    "id": "SK55R",
                    "name": "WIPER BLADE FRNT KIT [55/53] HUCO"
                },
                {
                    "id": "EU55",
                    "name": "WIPER BLADE FRNT [DR/PASS] CHAMPION"
                },
                {
                    "id": "B10-21",
                    "name": "WIPER BLADE FRNT [DRIVER] CHAMPION"
                },
                {
                    "id": "BU19-22",
                    "name": "WIPER BLADE FRNT [DRIVER] CHAMPION"
                },
                {
                    "id": "EU53",
                    "name": "WIPER BLADE FRNT [DRIVER] CHAMPION"
                },
                {
                    "id": "3397004915",
                    "name": "WIPER BLADE FRNT DR/PASS BOSCH 19 IN"
                },
                {
                    "id": "3397004917",
                    "name": "WIPER BLADE FRNT [DRIVER] BOSCH"
                },
                {
                    "id": "B21-1",
                    "name": "WIPER BLADE FRNT DR/PASS PAIR OSSCA/ATS"
                },
                {
                    "id": "A380R",
                    "name": "WIPER ARM REAR 38CM CHAMPION"
                },
                {
                    "id": "VW249",
                    "name": "W/SCREEN WASHER MOTOR GLOBAL"
                },
                {
                    "id": "5650-010",
                    "name": "W/SCREEN WASHER PUMP [2 PIPE]"
                },
                {
                    "id": "FEB03940",
                    "name": "WINDSCREEN WASHER PUMP (2 PIPES) FEBI"
                },
                {
                    "id": "00268",
                    "name": "WINDSCREEN WASHER PUMP [2 PIPES] OSCCA/ATS"
                },
                {
                    "id": "OP6644",
                    "name": "OIL PRESSURE SWITCH [1-PIN] ECHLIN"
                },
                {
                    "id": "OP6644M",
                    "name": "OIL PRESSURE SWITCH [1-PIN] MP"
                },
                {
                    "id": "TS6133",
                    "name": "TEMP SENDER UNIT [4-PIN] ECHLIN"
                },
                {
                    "id": "TS6144",
                    "name": "TEMP SENDER [2-BLADE] ECHLIN"
                },
                {
                    "id": "TS6133",
                    "name": "FAN SWITCH ECHLIN"
                },
                {
                    "id": "RS167",
                    "name": "REVERSE LIGHT SWITCH ECHLIN"
                },
                {
                    "id": "SL215",
                    "name": "STOP LIGHT SWITCH [4-PIN]"
                }
            ]
        },
        {
            "id": "18",
            "category": "GASKETS ",
            "category_parts": [
                {
                    "id": "",
                    "name": ""
                },
                {
                    "id": "FY620",
                    "name": "FULL GASKET SETS"
                },
                {
                    "id": "CY620",
                    "name": "HEAD SET GASKETS"
                },
                {
                    "id": "BT380",
                    "name": "CYL HEAD GASKET LHS"
                },
                {
                    "id": "AY640",
                    "name": "CYL HEAD GASKET RHS"
                },
                {
                    "id": "JP071",
                    "name": "VALVE COVER GASKET PAYEN LHS"
                },
                {
                    "id": "JP070",
                    "name": "VALVE COVER GASKET PAYEN RHS"
                }
            ]
        },
        {
            "id": "20",
            "category": "SEALS ",
            "category_parts": [
                {
                    "id": "",
                    "name": ""
                },
                {
                    "id": "9959",
                    "name": "DRIVE SHAFT SEAL [LHS] PQ"
                },
                {
                    "id": "9961",
                    "name": "DRIVE SHAFT SEAL [RHS] PQ"
                },
                {
                    "id": "9962",
                    "name": "MAIN BRG SEAL"
                },
                {
                    "id": "324710",
                    "name": "CAMSHAFT OIL SEAL"
                },
                {
                    "id": "NA5163",
                    "name": "CAMSHAFT OIL SEAL [324710]"
                },
                {
                    "id": "9417",
                    "name": "CAMSHAFT SEAL FRNT PQ"
                },
                {
                    "id": "9957",
                    "name": "CRANKSHAFT OIL SEAL [FRNT]"
                },
                {
                    "id": "HR800",
                    "name": "VALVE STEM SEAL SET"
                }
            ]
        },
        {
            "id": "22",
            "category": "CABLES ",
            "category_parts": [
                {
                    "id": "",
                    "name": ""
                },
                {
                    "id": "HB1173",
                    "name": "CABLE HANDBRAKE FRNT PQ"
                },
                {
                    "id": "RW1172L",
                    "name": "CABLE H/BRAKE REAR PQ"
                },
                {
                    "id": "RW1172R",
                    "name": "CABLE H/BRAKE REAR PQ"
                }
            ]
        },
        {
            "id": "23",
            "category": "LUBRICANTS",
            "category_parts": [
                {
                    "id": "",
                    "name": ""
                },
                {
                    "id": "12133765",
                    "name": "GEARBOX OIL [MAN] 75W-90"
                },
                {
                    "id": "11333810",
                    "name": "ENGINE OIL EDGE 5W-40"
                },
                {
                    "id": "11293810",
                    "name": "ENGINE OIL MAGNETEC 10W-40"
                },
                {
                    "id": "550053709",
                    "name": "ENGINE OIL SHELL HELIX HX7 10W40 5L"
                }
            ]
        },
        {
            "id": "24",
            "category": "WHEEL BEARINGS",
            "category_parts": [
                {
                    "id": "",
                    "name": ""
                },
                {
                    "id": "VKBA3502",
                    "name": "WHEEL BRG KIT FRNT SKF"
                },
                {
                    "id": "ATC1029",
                    "name": "WHEEL BRG KIT FRNT TC"
                },
                {
                    "id": "ATC1031",
                    "name": "WHEEL BRG KIT FRNT TC"
                },
                {
                    "id": "FW517",
                    "name": "WHEEL BRG KIT FRNT PQ"
                },
                {
                    "id": "HUB215",
                    "name": "WHEEL BRG KIT FRNT PQ"
                },
                {
                    "id": "PQ555",
                    "name": "WHEEL BRG KIT FRNT PQ"
                },
                {
                    "id": "VKBA3691",
                    "name": "WHEEL BRG KIT REAR SKF [04-06] SKF"
                },
                {
                    "id": "VKBA3503",
                    "name": "WHEEL BRG KIT REAR SKF [98-04] SKF"
                },
                {
                    "id": "ATC1024",
                    "name": "WHEEL BTG KIT REAR TC"
                },
                {
                    "id": "PQ517",
                    "name": "WHEEL BRG KIT REAR PQ"
                },
                {
                    "id": "PQ590",
                    "name": "WHEEL BRG KIT REAR PQ"
                },
                {
                    "id": "HUB044",
                    "name": "WHEEL BRG REAR INNER ID35 PQ"
                },
                {
                    "id": "FAG1024",
                    "name": "WHEEL BRG KIT REAR FAG [98-04] FAG"
                }
            ]
        },
        {
            "id": "26",
            "category": "STEERING",
            "category_parts": [
                {
                    "id": "",
                    "name": ""
                },
                {
                    "id": "SR112",
                    "name": "STEERING RACK BOOT"
                },
                {
                    "id": "13651AP",
                    "name": "STEERING RACK END L/R A-PLUS L205"
                },
                {
                    "id": "TR5582",
                    "name": "STEERING RACK END [324/340MM] PQ"
                },
                {
                    "id": "AF1413",
                    "name": "RACK END FRNT L/R L205 TEKNOSA"
                },
                {
                    "id": "VKDY322003",
                    "name": "STEERING RACK END L219 SKF"
                },
                {
                    "id": "VKDY312004",
                    "name": "TIE ROD END L* SKF"
                },
                {
                    "id": "VKDY312005",
                    "name": "TIE ROD END L* SKF"
                },
                {
                    "id": "12839AP",
                    "name": "TIE ROD END OUTER LHS A-PLUS"
                },
                {
                    "id": "12048AP",
                    "name": "TIE ROD END OUTER RHS A-PLUS"
                },
                {
                    "id": "TR5581",
                    "name": "TIE ROD END OUTER L/R PQ"
                },
                {
                    "id": "AF1017",
                    "name": "TIE ROD END OUTER FRNT LHS TEKNOSA"
                },
                {
                    "id": "AF1018",
                    "name": "TIE ROD END OUTER FRNT RHS TEKNOSA"
                },
                {
                    "id": "AF1314",
                    "name": "TIE ROD END SET OUTER FRNT L/R TEKNOSA"
                },
                {
                    "id": "12103765",
                    "name": "STEERING FLUID ATF DEX II"
                }
            ]
        },
        {
            "id": "27",
            "category": "BEARINGS",
            "category_parts": [
                {
                    "id": "",
                    "name": ""
                },
                {
                    "id": "RB9819",
                    "name": "CLUTCH RELEASE BRG [R143MK] PQ"
                },
                {
                    "id": "VKBA3502",
                    "name": "WHEEL BRG KIT FRNT SKF"
                },
                {
                    "id": "ATC1029",
                    "name": "WHEEL BRG KIT FRNT TC"
                },
                {
                    "id": "ATC1031",
                    "name": "WHEEL BRG KIT FRNT TC"
                },
                {
                    "id": "FW517",
                    "name": "WHEEL BRG KIT FRNT PQ"
                },
                {
                    "id": "HUB215",
                    "name": "WHEEL BRG KIT FRNT PQ"
                },
                {
                    "id": "PQ555",
                    "name": "WHEEL BRG KIT FRNT PQ"
                },
                {
                    "id": "VKBA3691",
                    "name": "WHEEL BRG KIT REAR SKF [04-06] SKF"
                },
                {
                    "id": "VKBA3503",
                    "name": "WHEEL BRG KIT REAR SKF [98-04] SKF"
                },
                {
                    "id": "ATC1024",
                    "name": "WHEEL BTG KIT REAR TC"
                },
                {
                    "id": "PQ517",
                    "name": "WHEEL BRG KIT REAR PQ"
                },
                {
                    "id": "PQ590",
                    "name": "WHEEL BRG KIT REAR PQ"
                },
                {
                    "id": "HUB044",
                    "name": "WHEEL BRG REAR INNER ID35 PQ"
                },
                {
                    "id": "FAG1024",
                    "name": "WHEEL BRG KIT REAR FAG [98-04] FAG"
                },
                {
                    "id": "VKDS322004B",
                    "name": "CONTROL ARM L* SKF"
                },
                {
                    "id": "VKDS322005B",
                    "name": "CONTROL ARM L* SKF"
                },
                {
                    "id": "VKDS322006B",
                    "name": "CONTROL ARM L* SKF"
                },
                {
                    "id": "VKDS322007B",
                    "name": "CONTROL ARM L* SKF"
                },
                {
                    "id": "VKDS422003",
                    "name": "CONTROL ARM L505 SKF"
                },
                {
                    "id": "VKDS422004",
                    "name": "CONTROL ARM L505 SKF"
                },
                {
                    "id": "VKDS422000",
                    "name": "CONTROL ARM L560 SKF"
                },
                {
                    "id": "VKDS422002",
                    "name": "CONTROL ARM L594 SKF"
                }
            ]
        },
        {
            "id": "28",
            "category": "AIR CONDITIONING",
            "category_parts": [
                {
                    "id": "",
                    "name": ""
                },
                {
                    "id": "437100-5500",
                    "name": "COMPRESSOR / AIR CONDITIONER DENSO"
                }
            ]
        },
        {
            "id": "28",
            "category": "AIR CONDITIONING",
            "category_parts": [
                {
                    "id": "",
                    "name": ""
                },
                {
                    "id": "437100-5500",
                    "name": "COMPRESSOR / AIR CONDITIONER DENSO"
                }
            ]
        }
    ]
}
