{
    "id": "41",
    "parts": [
        {
            "id": "1",
            "category": "SERVICE PARTS",
            "category_parts": [
                {
                    "id": "",
                    "name": ""
                },
                {
                    "id": "Z147",
                    "name": "OIL FILTER GUD OD93 H97 [3/4 - 16UNF]"
                },
                {
                    "id": "PH2863",
                    "name": "OIL FILTER FRAM"
                },
                {
                    "id": "CA4767GUD",
                    "name": "AIR FILTER FRAM"
                },
                {
                    "id": "CA4767",
                    "name": "AIR FILTER FRAM"
                },
                {
                    "id": "E20",
                    "name": "FUEL FILTER GUD"
                },
                {
                    "id": "G3829",
                    "name": "FUEL FILTER FRAM"
                },
                {
                    "id": "0450905030",
                    "name": "FUEL FILTER BOSCH"
                },
                {
                    "id": "IF8102",
                    "name": "FUEL FILTER CGI"
                },
                {
                    "id": "LF8",
                    "name": "FUEL FILTER CGI"
                },
                {
                    "id": "WF8040",
                    "name": "FUEL FILTER WIX"
                },
                {
                    "id": "IE1",
                    "name": "FUEL FILTER KAIZEN"
                },
                {
                    "id": "B7ES",
                    "name": "SPARK PLUG NGK"
                },
                {
                    "id": "BR7ES",
                    "name": "SPARK PLUG NGK"
                },
                {
                    "id": "OE008",
                    "name": "SPARK PLUG CHAMPION"
                },
                {
                    "id": "0242242505",
                    "name": "SPARK PLUG BOSCH"
                },
                {
                    "id": "0242245519",
                    "name": "SPARK PLUG BOSCH"
                },
                {
                    "id": "0242245552",
                    "name": "SPARK PLUG BOSCH"
                },
                {
                    "id": "WR5DC+",
                    "name": "SPARK PLUG BOSCH SUPER +"
                },
                {
                    "id": "WR56",
                    "name": "SPARK PLUG BOSCH SUPER 4"
                },
                {
                    "id": "ATE102",
                    "name": "DISC PAD FRNT ATE L62 H57 T15"
                },
                {
                    "id": "FDB2H",
                    "name": "DISC PAD FRNT FERODO L62 H56 T15"
                },
                {
                    "id": "FDB2M",
                    "name": "DISC PAD FRNT FERODO L62 H56 T15"
                },
                {
                    "id": "FDB348",
                    "name": "DISC PAD FRNT FERODO L62 H56 T15"
                },
                {
                    "id": "D102",
                    "name": "DISC PAD FRNT SAFELINE L62 H56 T15"
                },
                {
                    "id": "05P023",
                    "name": "DISC PAD FRNT LPR L62 H57 T15"
                },
                {
                    "id": "ATE232",
                    "name": "DISC PAD REAR ATE L56 H53 T15"
                },
                {
                    "id": "FDB347",
                    "name": "DISC PAD REAR FERODO L56 H53 T15"
                },
                {
                    "id": "FDB93",
                    "name": "DISC PAD REAR FERODO L56 H53 T15"
                },
                {
                    "id": "FDB704",
                    "name": "DISC PAD REAR FERODO L62 H56 T15"
                },
                {
                    "id": "0986495141",
                    "name": "DISC PAD REAR BOSCH L62 H57 T15"
                },
                {
                    "id": "0986495078",
                    "name": "DISC PAD REAR BOSCH L62 H57 T16"
                },
                {
                    "id": "D4053",
                    "name": "DISC PAD REAR SAFELINE L62 H57 T15"
                },
                {
                    "id": "05P031",
                    "name": "DISC PAD REAR LPR L56 H53 T15"
                },
                {
                    "id": "05P362",
                    "name": "DISC PAD REAR LPR L62 H57 T15"
                },
                {
                    "id": "ADB0126",
                    "name": "DISC PAD REAR NIPPON L0 H0 T0"
                },
                {
                    "id": "12108765",
                    "name": "GEARBOX OIL [MAN]"
                },
                {
                    "id": "12103765",
                    "name": "G/BOX OIL [AUTO] ATF DEX 2"
                },
                {
                    "id": "12109765",
                    "name": "DIFFERENTIAL OIL EPX 85W-140"
                },
                {
                    "id": "3359766",
                    "name": "ENGINE OIL CASTROL GTX 20W50 5L"
                },
                {
                    "id": "11281810",
                    "name": "ENGINE OIL GTX HIGH MILEAGE"
                },
                {
                    "id": "550039899",
                    "name": "ENGINE OIL SHELL HELIX HX3 20W50 5L"
                },
                {
                    "id": "MRL",
                    "name": "ENGINE OIL [1] AGENTS ONLY"
                }
            ]
        },
        {
            "id": "2",
            "category": "BRAKES",
            "category_parts": [
                {
                    "id": "",
                    "name": ""
                },
                {
                    "id": "ATE102",
                    "name": "DISC PAD FRNT ATE L62 H57 T15"
                },
                {
                    "id": "FDB2H",
                    "name": "DISC PAD FRNT FERODO L62 H56 T15"
                },
                {
                    "id": "FDB2M",
                    "name": "DISC PAD FRNT FERODO L62 H56 T15"
                },
                {
                    "id": "FDB348",
                    "name": "DISC PAD FRNT FERODO L62 H56 T15"
                },
                {
                    "id": "D102",
                    "name": "DISC PAD FRNT SAFELINE L62 H56 T15"
                },
                {
                    "id": "05P023",
                    "name": "DISC PAD FRNT LPR L62 H57 T15"
                },
                {
                    "id": "ATE232",
                    "name": "DISC PAD REAR ATE L56 H53 T15"
                },
                {
                    "id": "FDB347",
                    "name": "DISC PAD REAR FERODO L56 H53 T15"
                },
                {
                    "id": "FDB93",
                    "name": "DISC PAD REAR FERODO L56 H53 T15"
                },
                {
                    "id": "FDB704",
                    "name": "DISC PAD REAR FERODO L62 H56 T15"
                },
                {
                    "id": "0986495141",
                    "name": "DISC PAD REAR BOSCH L62 H57 T15"
                },
                {
                    "id": "0986495078",
                    "name": "DISC PAD REAR BOSCH L62 H57 T16"
                },
                {
                    "id": "D4053",
                    "name": "DISC PAD REAR SAFELINE L62 H57 T15"
                },
                {
                    "id": "05P031",
                    "name": "DISC PAD REAR LPR L56 H53 T15"
                },
                {
                    "id": "05P362",
                    "name": "DISC PAD REAR LPR L62 H57 T15"
                },
                {
                    "id": "ADB0126",
                    "name": "DISC PAD REAR NIPPON L0 H0 T0"
                },
                {
                    "id": "DR6302",
                    "name": "BRAKE DISC FS ALFA D261 H51 S72 [4]"
                },
                {
                    "id": "DR6705",
                    "name": "BRAKE DISC FS ALFA D261 H52 S72 [4]"
                },
                {
                    "id": "DDF101",
                    "name": "BRAKE DISC FS FERODO D261 H52 S72 [4]"
                },
                {
                    "id": "DR6704",
                    "name": "BRAKE DISC RS ALFA D250 H22 S62 [6]"
                },
                {
                    "id": "DDF090",
                    "name": "BRAKE DISC RS FERODO D250 H21 S62 [6]"
                },
                {
                    "id": "FWI227",
                    "name": "DISC PAD SENSOR FRNT [L94MM] FERODO"
                },
                {
                    "id": "30.222.0074",
                    "name": "BRAKE M/CYL HYDRADRIVE 22.22MM"
                },
                {
                    "id": "M2220074",
                    "name": "BRAKE M/CYL BETTABRAKE 22.22MM"
                },
                {
                    "id": "BM222.2400",
                    "name": "BRAKE M/CYL PQ"
                },
                {
                    "id": "SEA7383E",
                    "name": "BRAKE M/CYL KIT 20.64MM CPD"
                },
                {
                    "id": "SEA7623E",
                    "name": "BRAKE M/CYL KIT 20.64MM CPD"
                },
                {
                    "id": "SEA7693E",
                    "name": "BRAKE M/CYL KIT 20.64MM CPD"
                },
                {
                    "id": "SEA7750E",
                    "name": "BRAKE M/CYL KIT 20.64MM CPD"
                },
                {
                    "id": "SEA7947E",
                    "name": "BRAKE M/CYL KIT 20.64MM CPD"
                },
                {
                    "id": "SEA7598E",
                    "name": "BRAKE M/CYL KIT 22.22MM CPD"
                },
                {
                    "id": "RK2.20.05",
                    "name": "BRAKE M/CYL KIT [TANDEM] LMB"
                },
                {
                    "id": "P7623X",
                    "name": "BRAKE M/CYL KIT 20.64MM PQ"
                },
                {
                    "id": "P7598X-PIST",
                    "name": "BRAKE M/CYL KIT 22.22 [+PIST] PQ"
                },
                {
                    "id": "P7598X",
                    "name": "BRAKE M/CYL KIT 22.22 [-PIST] PQ"
                },
                {
                    "id": "P7891X",
                    "name": "BRAKE M/CYL KIT 22.22MM GIRLIN PQ"
                },
                {
                    "id": "BMK206.7693",
                    "name": "BRAKE M/CYL KIT PQ"
                },
                {
                    "id": "BMK222.7598",
                    "name": "BRAKE M/CYL KIT PQ"
                },
                {
                    "id": "BMK222.7598P",
                    "name": "BRAKE M/CYL KIT PQ [+PIST]"
                },
                {
                    "id": "P7808X",
                    "name": "USE K7520X PQ"
                },
                {
                    "id": "SEA541E",
                    "name": "W/CYL KIT REAR 23.81MM CPD"
                },
                {
                    "id": "SEA642E",
                    "name": "W/CYL KIT REAR 44.45MM CPD"
                },
                {
                    "id": "CK38.0641",
                    "name": "W/CYL KIT REAR PQ"
                },
                {
                    "id": "903-1",
                    "name": "ANTI-RATTLE CLIP FRNT BHCS"
                },
                {
                    "id": "SEA1038E",
                    "name": "CALIPER KIT FRNT 48.00MM CPD"
                },
                {
                    "id": "SEA535E",
                    "name": "CALIPER KIT FRNT 48.00MM CPD"
                },
                {
                    "id": "SEA1039E",
                    "name": "CALIPER KIT FRNT 60.00MM CPD"
                },
                {
                    "id": "P535S",
                    "name": "CALIPER KIT FRNT 48MM PQ"
                },
                {
                    "id": "RK5.48.02",
                    "name": "CALIPER KIT LMB"
                },
                {
                    "id": "RK5.38.02",
                    "name": "CALIPER KIT [REAR] LMB"
                },
                {
                    "id": "968-1",
                    "name": "ANTI-RATTLE CLIP REAR BHCS"
                },
                {
                    "id": "SEA641E",
                    "name": "CALIPER KIT REAR 38.00MM CPD"
                },
                {
                    "id": "SEA691E",
                    "name": "CALIPER KIT REAR 38.00MM CPD"
                },
                {
                    "id": "P641S",
                    "name": "CALIPER KIT REAR 38MM PQ"
                }
            ]
        },
        {
            "id": "3",
            "category": "SUSPENSION COMPONENTS [FRONT]",
            "category_parts": [
                {
                    "id": "",
                    "name": ""
                },
                {
                    "id": "GA2070",
                    "name": "SHOCK FRNT MONROE"
                },
                {
                    "id": "G45666",
                    "name": "SHOCK FRNT GABRIEL"
                },
                {
                    "id": "BJ801",
                    "name": "BALL JOINT UPPER PQ"
                },
                {
                    "id": "CJ801",
                    "name": "BALL JOINT UPPER AUTOCOM"
                },
                {
                    "id": "BJ802",
                    "name": "BALL JOINT LOWER PQ"
                },
                {
                    "id": "CJ802",
                    "name": "BALL JOINT LOWER AUTOCOM"
                },
                {
                    "id": "VKDS312015",
                    "name": "BALL JOINT LOWER L* H* ID* OD44.6 SKF"
                }
            ]
        },
        {
            "id": "4",
            "category": "SUSPENSION COMPONENTS [REAR]",
            "category_parts": [
                {
                    "id": "",
                    "name": ""
                },
                {
                    "id": "GA2071",
                    "name": "SHOCK REAR MONROE"
                },
                {
                    "id": "G45667",
                    "name": "SHOCK REAR GABRIEL"
                }
            ]
        },
        {
            "id": "5",
            "category": "COOLING SYSTEM",
            "category_parts": [
                {
                    "id": "",
                    "name": ""
                },
                {
                    "id": "RG3-10",
                    "name": "RADIATOR CAP DOUBLE SEAL ECHLIN"
                },
                {
                    "id": "41901",
                    "name": "RADIATOR CAP PRES/BUTTON 70 KP OSSCA/ATS"
                },
                {
                    "id": "TG3-10",
                    "name": "RADIATOR CAP [DOUBLE SEAL] RAM"
                },
                {
                    "id": "TG3-10M",
                    "name": "RADIATOR CAP MP"
                },
                {
                    "id": "RH7185",
                    "name": "HOSE RADIATOR UPPER RAM"
                },
                {
                    "id": "RH7230",
                    "name": "HOSE RADIATOR LOWER RAM"
                },
                {
                    "id": "6255",
                    "name": "THERMOSTAT [54MM 83C] ECHLIN"
                },
                {
                    "id": "6255M",
                    "name": "THERMOSTAT [54MM 83C] MOTOPART"
                },
                {
                    "id": "235.82",
                    "name": "THERMOSTAT [54MM 83C] HELLA"
                },
                {
                    "id": "NWP1030",
                    "name": "WATER PUMP PI"
                },
                {
                    "id": "NWP1030M",
                    "name": "WATER PUMP"
                },
                {
                    "id": "W17190",
                    "name": "WATER PUMP AZ"
                },
                {
                    "id": "QCP4030",
                    "name": "WATER PUMP ECHLIN"
                },
                {
                    "id": "WP0387",
                    "name": "WATER PUMP LPR"
                },
                {
                    "id": "PG483",
                    "name": "AIR CON BELT RAM"
                },
                {
                    "id": "PG215",
                    "name": "ALTERNATOR BELT [AEE ALT] RAM"
                },
                {
                    "id": "PG213",
                    "name": "ALTERNATOR BELT [BOSCH ALT] RAM"
                },
                {
                    "id": "FS160",
                    "name": "FAN SWITCH [M22 2-SPADE] ECHLIN"
                },
                {
                    "id": "FS160M",
                    "name": "FAN SWITCH [M22 2-SPADE] MP"
                },
                {
                    "id": "FS7052",
                    "name": "FAN SWITCH [M22 2-SPADE] HELLA"
                },
                {
                    "id": "TFS15",
                    "name": "FAN SWITCH [M22 2-SPADE] ATS"
                }
            ]
        },
        {
            "id": "6",
            "category": "CLUTCH COMPONENTS",
            "category_parts": [
                {
                    "id": "",
                    "name": ""
                },
                {
                    "id": "CM9989",
                    "name": "CLUTCH M/CYL TC"
                },
                {
                    "id": "CPD.FIA301",
                    "name": "CLUTCH M/CYL 19.05MM CPD"
                },
                {
                    "id": "CPD.PEU302",
                    "name": "CLUTCH M/CYL CPD"
                },
                {
                    "id": "SEA7520E",
                    "name": "CLUTCH M/CYL KIT 19.05MM CPD"
                },
                {
                    "id": "SEA7912E",
                    "name": "CLUTCH M/CYL KIT 19.05MM CPD"
                },
                {
                    "id": "SEA8363E",
                    "name": "CLUTCH M/CYL KIT 19.05MM CPD"
                },
                {
                    "id": "30.190.0070",
                    "name": "CLUTCH M/CYL HYDRADRIVE 19.05MM"
                },
                {
                    "id": "30.190.0105",
                    "name": "CLUTCH M/CYL HYDRADRIVE 19.05MM"
                },
                {
                    "id": "M1900070",
                    "name": "CLUTCH M/CYL BETTABRAKE 19.05MM"
                },
                {
                    "id": "M1900105",
                    "name": "CLUTCH M/CYL BETTABRAKE 19.05MM"
                },
                {
                    "id": "FEB14126",
                    "name": "CLUTCH M/CYL [BOLT IN LINE] FEBI"
                },
                {
                    "id": "CM190.2000",
                    "name": "CLUTCH M/CYL [BOLT IN LINE] PQ"
                },
                {
                    "id": "CM190.2402",
                    "name": "CLUTCH M/CYL [LATER MODELS] PQ"
                },
                {
                    "id": "CMK190.7912",
                    "name": "CLUTCH M/CYL KIT 19.05MM PQ"
                },
                {
                    "id": "P7520X",
                    "name": "CLUTCH M/CYL KIT 19.05MM PQ"
                },
                {
                    "id": "RK7.19.04",
                    "name": "CLUTCH M/CYL KIT [ATE/FAG] LMB"
                },
                {
                    "id": "RK7.19.02",
                    "name": "CLUTCH M/CYL KIT [BEN] LMB"
                },
                {
                    "id": "SEA1014E",
                    "name": "CLUTCH S/CYL KIT 25.40MM CPD"
                },
                {
                    "id": "SEA689E",
                    "name": "CLUTCH S/CYL KIT 25.40MM CPD"
                },
                {
                    "id": "31.254.0004",
                    "name": "CLUTCH S/CYL HYDRADRIVE 25.40MM"
                },
                {
                    "id": "S2540004",
                    "name": "CLUTCH S/CYL BETTABRAKE 25.40MM"
                },
                {
                    "id": "CS254.2401",
                    "name": "CLUTCH S/CYL PQ"
                },
                {
                    "id": "CSK254.1014P",
                    "name": "CLUTCH S/CYL KIT 25.40 [+PIST] PQ"
                },
                {
                    "id": "P1014S-PIST",
                    "name": "CLUTCH S/CYL KIT 25.40 [+PIST] PQ"
                },
                {
                    "id": "P1014S",
                    "name": "CLUTCH S/CYL KIT 25.40 [-PIST] PQ"
                },
                {
                    "id": "RK8.25.03",
                    "name": "CLUTCH S/CYL KIT ATE"
                },
                {
                    "id": "RK8.25.10",
                    "name": "CLUTCH S/CYL KIT [BENDIX]"
                },
                {
                    "id": "6201ZZ",
                    "name": "SPIGOT SHAFT BRG"
                },
                {
                    "id": "RB9033",
                    "name": "CLUTCH RELEASE BRG PQ"
                },
                {
                    "id": "3000009003",
                    "name": "CLUTCH KIT SACHS [215X22.0-19]"
                }
            ]
        },
        {
            "id": "7",
            "category": "IGNITION SYSTEM",
            "category_parts": [
                {
                    "id": "",
                    "name": ""
                },
                {
                    "id": "EP143",
                    "name": "DISTRIBUTOR ROTOR ECHLIN"
                },
                {
                    "id": "DC472A",
                    "name": "DISTRIBUTOR CAP ATS"
                },
                {
                    "id": "EP274",
                    "name": "DISTRIBUTOR CAP ECHLIN"
                },
                {
                    "id": "TP45",
                    "name": "DISTRIBUTOR MODULE [4 PIN] ECHLIN"
                },
                {
                    "id": "IM300",
                    "name": "DISTRIBUTOR MODULE [7 PIN] ECHLIN"
                },
                {
                    "id": "TP300",
                    "name": "DISTRIBUTOR MODULE [7 PIN] ECHLIN"
                },
                {
                    "id": "138021",
                    "name": "DISTRIBUTOR MODULE [4 PIN] HUCO"
                },
                {
                    "id": "138001",
                    "name": "DISTRIBUTOR MODULE [7 PIN] HUCO"
                },
                {
                    "id": "IM16",
                    "name": "DISTRIBUTOR MODULE [4 PIN] ATS"
                },
                {
                    "id": "IM4",
                    "name": "DISTRIBUTOR MODULE [7 PIN] ATS"
                },
                {
                    "id": "IM135",
                    "name": "DISTRIBUTOR MODULE KAIZEN"
                },
                {
                    "id": "IM900",
                    "name": "DISTRIBUTOR MODULE KAIZEN"
                },
                {
                    "id": "S00-215",
                    "name": "PLUG WIRE SET BOUGICORD"
                },
                {
                    "id": "08-132",
                    "name": "PLUG WIRE SET"
                },
                {
                    "id": "IC15",
                    "name": "IGN COIL ELEC [2 PIN]"
                },
                {
                    "id": "IC90",
                    "name": "IGN COIL ELEC [BOSCH +PIN] ECHLIN"
                },
                {
                    "id": "IC70",
                    "name": "IGN COIL ELEC [BOSCH STD -PIN]"
                },
                {
                    "id": "110003",
                    "name": "IGN COIL ELEC [BOSCH +PIN] HUCO"
                },
                {
                    "id": "110006",
                    "name": "IGN COIL ELEC [BOSCH STD -PIN]"
                },
                {
                    "id": "110005",
                    "name": "IGN COIL ELEC [LUCAS]"
                },
                {
                    "id": "ICU15",
                    "name": "IGNITION COIL OSSCA/ATS"
                },
                {
                    "id": "IC330009",
                    "name": "IGNITION COIL KAIZEN"
                }
            ]
        },
        {
            "id": "8",
            "category": "DRIVESHAFT COMPONENTS",
            "category_parts": [
                {
                    "id": "",
                    "name": ""
                },
                {
                    "id": "VKJP01001",
                    "name": "CV BOOT KIT OUTER SKF"
                },
                {
                    "id": "VKJP01001S",
                    "name": "CV BOOT KIT OUTER SKF"
                },
                {
                    "id": "VKJP1139",
                    "name": "CV BOOT KIT OUTER SKF"
                },
                {
                    "id": "RK200M",
                    "name": "CV BOOT KIT OUTER"
                },
                {
                    "id": "CV21K",
                    "name": "CV BOOT KIT OUTER PQ"
                },
                {
                    "id": "RK601M",
                    "name": "CV BOOT KIT INNER"
                },
                {
                    "id": "CV12K",
                    "name": "CV BOOT KIT INNER PQ"
                },
                {
                    "id": "62052RS",
                    "name": "DRIVESHAFT SUPPORT BRG PQ"
                },
                {
                    "id": "501310",
                    "name": "DIFF CARRIER BRG PQ"
                },
                {
                    "id": "501310/49",
                    "name": "DIFF CARRIER BRG PQ"
                },
                {
                    "id": "501349",
                    "name": "DIFF CARRIER BRG PQ"
                },
                {
                    "id": "365609",
                    "name": "PINION OIL SEAL PQ"
                }
            ]
        },
        {
            "id": "9",
            "category": "FUEL SYSTEM",
            "category_parts": [
                {
                    "id": "",
                    "name": ""
                },
                {
                    "id": "EP50121A",
                    "name": "FUEL INJ PUMP [3 BAR 155 L/H]"
                },
                {
                    "id": "EP43280A",
                    "name": "FUEL INJ PUMP [4 BAR 120 L/H]"
                },
                {
                    "id": "443097",
                    "name": "FUEL INJ PUMP [4 BAR 120 L/H]"
                },
                {
                    "id": "0580464070",
                    "name": "FUEL INJECTION PUMP"
                },
                {
                    "id": "FP3097",
                    "name": "FUEL INJECTION PUMP"
                },
                {
                    "id": "18676",
                    "name": "FUEL INJECTION PUMP OSSCA/ATS"
                },
                {
                    "id": "E20",
                    "name": "FUEL FILTER GUD"
                },
                {
                    "id": "G3829",
                    "name": "FUEL FILTER FRAM"
                },
                {
                    "id": "0450905030",
                    "name": "FUEL FILTER BOSCH"
                },
                {
                    "id": "IF8102",
                    "name": "FUEL FILTER CGI"
                },
                {
                    "id": "LF8",
                    "name": "FUEL FILTER CGI"
                },
                {
                    "id": "WF8040",
                    "name": "FUEL FILTER WIX"
                },
                {
                    "id": "IE1",
                    "name": "FUEL FILTER KAIZEN"
                },
                {
                    "id": "CK68WE",
                    "name": "CARBURETTOR KIT [WEBER 40DCOE]"
                },
                {
                    "id": "3000",
                    "name": "FUEL CAP [NON-LOCKING] ECHLIN"
                }
            ]
        },
        {
            "id": "10",
            "category": "TIMING COMPONENTS",
            "category_parts": [
                {
                    "id": "",
                    "name": ""
                },
                {
                    "id": "DR112",
                    "name": "TIMING CHAIN"
                },
                {
                    "id": "DR48",
                    "name": "TIMING CHAIN"
                },
                {
                    "id": "DR112M",
                    "name": "TIMING CHAIN MP"
                },
                {
                    "id": "DR48M",
                    "name": "TIMING CHAIN MP"
                }
            ]
        },
        {
            "id": "11",
            "category": "CYLINDER HEAD COMPONENTS",
            "category_parts": [
                {
                    "id": "",
                    "name": ""
                },
                {
                    "id": "CN306",
                    "name": "HEAD SET GASKETS"
                },
                {
                    "id": "AN300",
                    "name": "CYL HEAD GASKET"
                },
                {
                    "id": "AN300X",
                    "name": "CYL HEAD GASKET"
                },
                {
                    "id": "JM664",
                    "name": "VALVE COVER GASKET PAYEN"
                },
                {
                    "id": "JA840",
                    "name": "INTAKE MANIFOLD GASKET"
                },
                {
                    "id": "JA829",
                    "name": "EXHAUST MANIFOLD GASKET"
                },
                {
                    "id": "MMG0016",
                    "name": "EXHAUST MANIFOLD GASKET"
                },
                {
                    "id": "256-315",
                    "name": "FLANGE GASKET ALFETTA/GIULIETTA BOSAL"
                },
                {
                    "id": "FN309",
                    "name": "FULL GASKET SETS"
                },
                {
                    "id": "OFC-79",
                    "name": "OIL FILLER CAP"
                },
                {
                    "id": "5625-003",
                    "name": "OIL FILLER CAP ECHLIN"
                },
                {
                    "id": "00484",
                    "name": "OIL FILLER CAP OSSCA/ATS"
                },
                {
                    "id": "FEB02113",
                    "name": "OIL FILLER CAP FEBI"
                }
            ]
        },
        {
            "id": "12",
            "category": "ENGINE SUB ASSEMBLY",
            "category_parts": [
                {
                    "id": "",
                    "name": ""
                },
                {
                    "id": "RR12009-000",
                    "name": "RINGSET 84MM 1.5/1.75/4.5MM"
                },
                {
                    "id": "B4515-000",
                    "name": "CONROD BRG SET"
                },
                {
                    "id": "B4515-010",
                    "name": "CONROD BRG SET"
                },
                {
                    "id": "B4515-020",
                    "name": "CONROD BRG SET"
                },
                {
                    "id": "B4515-030",
                    "name": "CONROD BRG SET"
                },
                {
                    "id": "B4515-040",
                    "name": "CONROD BRG SET"
                },
                {
                    "id": "M5169-000",
                    "name": "MAIN BRG SET"
                },
                {
                    "id": "M5169-010",
                    "name": "MAIN BRG SET"
                },
                {
                    "id": "M5169-020",
                    "name": "MAIN BRG SET"
                },
                {
                    "id": "M5169-030",
                    "name": "MAIN BRG SET"
                },
                {
                    "id": "M5169-040",
                    "name": "MAIN BRG SET"
                },
                {
                    "id": "NOP1005",
                    "name": "OIL PUMP"
                },
                {
                    "id": "JH564",
                    "name": "OIL PAN GASKET PAYEN"
                },
                {
                    "id": "223810",
                    "name": "OIL SEAL G/BOX FRNT PQ"
                },
                {
                    "id": "183208",
                    "name": "OIL SEAL G/BOX REAR PQ"
                },
                {
                    "id": "8210512",
                    "name": "MAIN BRG SEAL"
                },
                {
                    "id": "NB733",
                    "name": "MAIN BRG SEAL [8210512]"
                },
                {
                    "id": "355010",
                    "name": "TIMING COVER SEAL"
                },
                {
                    "id": "NB724",
                    "name": "TIMING COVER SEAL"
                }
            ]
        },
        {
            "id": "14",
            "category": "STARTER COMPONENTS",
            "category_parts": [
                {
                    "id": "",
                    "name": ""
                },
                {
                    "id": "SOL033",
                    "name": "STARTER SOLENOID AUTOZONE"
                },
                {
                    "id": "SS1752",
                    "name": "STARTER SOLENOID AUTOZONE"
                },
                {
                    "id": "17830",
                    "name": "STARTER SOLENOID OSSCA/ATS"
                },
                {
                    "id": "SD412",
                    "name": "STARTER BENDIX [9T BOSCH]"
                },
                {
                    "id": "SD424",
                    "name": "STARTER BENDIX [9T BOSCH]"
                },
                {
                    "id": "SRK25",
                    "name": "STARTER REPAIR KIT"
                },
                {
                    "id": "B220",
                    "name": "STARTER MOTOR BUSH"
                }
            ]
        },
        {
            "id": "15",
            "category": "ALTERNATOR COMPONENTS",
            "category_parts": [
                {
                    "id": "",
                    "name": ""
                },
                {
                    "id": "PG483",
                    "name": "AIR CON BELT RAM"
                },
                {
                    "id": "PG215",
                    "name": "ALTERNATOR BELT [AEE ALT] RAM"
                },
                {
                    "id": "PG213",
                    "name": "ALTERNATOR BELT [BOSCH ALT] RAM"
                },
                {
                    "id": "62032RS",
                    "name": "ALTERNATOR BRG FRNT"
                },
                {
                    "id": "6203ZZ",
                    "name": "ALTERNATOR BRG FRNT"
                },
                {
                    "id": "BSX98",
                    "name": "ALTERNATOR BRUSH SET"
                },
                {
                    "id": "BX185",
                    "name": "BRUSH SET BOSCH"
                },
                {
                    "id": "AVR370",
                    "name": "VOLTAGE REGULATOR ATS"
                },
                {
                    "id": "1197311090",
                    "name": "VOLTAGE REGULATOR BOSCH"
                },
                {
                    "id": "VR506",
                    "name": "VOLTAGE REGULATOR ECHLIN"
                },
                {
                    "id": "91370M",
                    "name": "VOLTAGE REGULATOR [PI] ECHLIN"
                }
            ]
        },
        {
            "id": "16",
            "category": "BODY PARTS FRONT AND REAR",
            "category_parts": [
                {
                    "id": "",
                    "name": ""
                },
                {
                    "id": "SL171",
                    "name": "SWITCH STOP LIGHT"
                },
                {
                    "id": "4125",
                    "name": "GASLIFT TRUNK/TAILGATE"
                },
                {
                    "id": "HF1009",
                    "name": "ROOF RACKS"
                }
            ]
        },
        {
            "id": "17",
            "category": "SWITCHES \u0026 ACCESSORIES",
            "category_parts": [
                {
                    "id": "",
                    "name": ""
                },
                {
                    "id": "S639",
                    "name": "BATTERY SABAT"
                },
                {
                    "id": "F639",
                    "name": "BATTERY EXIDE/MIDAS"
                },
                {
                    "id": "W639",
                    "name": "BATTERY WILLARD"
                },
                {
                    "id": "B16-1",
                    "name": "WIPER BLADE FRNT DRIV/PASS OSSCA/ATS"
                },
                {
                    "id": "BRS16",
                    "name": "WIPER BLADE FRNT [DR/PASS] CHAMPION"
                },
                {
                    "id": "AVR370",
                    "name": "VOLTAGE REGULATOR ATS"
                },
                {
                    "id": "1197311090",
                    "name": "VOLTAGE REGULATOR BOSCH"
                },
                {
                    "id": "VR506",
                    "name": "VOLTAGE REGULATOR ECHLIN"
                },
                {
                    "id": "91370M",
                    "name": "VOLTAGE REGULATOR [PI] ECHLIN"
                },
                {
                    "id": "OPS13",
                    "name": "OIL SWITCH [BROWN ON CYL HEAD] ATS"
                },
                {
                    "id": "OP6080",
                    "name": "OIL PRESSURE SWITCH [BROWN] ECHLIN"
                },
                {
                    "id": "OP6080M",
                    "name": "OIL SWITCH [BROWN ON CYL HEAD] MP"
                },
                {
                    "id": "TS911SA",
                    "name": "TEMP SENDER UNIT [RED TOP] ECHLIN"
                },
                {
                    "id": "TS911SAM",
                    "name": "TEMP SENDER UNIT [RED TOP]"
                },
                {
                    "id": "TFS15",
                    "name": "FAN SWITCH [M22 2-SPADE] ATS"
                },
                {
                    "id": "FS160",
                    "name": "FAN SWITCH [M22 2-SPADE] ECHLIN"
                },
                {
                    "id": "FS160M",
                    "name": "FAN SWITCH [M22 2-SPADE] MP"
                },
                {
                    "id": "FS7052",
                    "name": "FAN SWITCH [M22 2-SPADE] HELLA"
                },
                {
                    "id": "RS117",
                    "name": "SWITCH REVERSE LIGHT ECHLIN"
                },
                {
                    "id": "SL171",
                    "name": "SWITCH STOP LIGHT"
                }
            ]
        },
        {
            "id": "18",
            "category": "GASKETS ",
            "category_parts": [
                {
                    "id": "",
                    "name": ""
                },
                {
                    "id": "FN309",
                    "name": "FULL GASKET SETS"
                },
                {
                    "id": "JA840",
                    "name": "INTAKE MANIFOLD GASKET"
                },
                {
                    "id": "JA829",
                    "name": "EXHAUST MANIFOLD GASKET"
                },
                {
                    "id": "MMG0016",
                    "name": "EXHAUST MANIFOLD GASKET"
                },
                {
                    "id": "256-315",
                    "name": "FLANGE GASKET ALFETTA/GIULIETTA BOSAL"
                },
                {
                    "id": "CN306",
                    "name": "HEAD SET GASKETS"
                },
                {
                    "id": "AN300",
                    "name": "CYL HEAD GASKET"
                },
                {
                    "id": "AN300X",
                    "name": "CYL HEAD GASKET"
                },
                {
                    "id": "JM664",
                    "name": "VALVE COVER GASKET PAYEN"
                },
                {
                    "id": "JH564",
                    "name": "OIL PAN GASKET PAYEN"
                }
            ]
        },
        {
            "id": "20",
            "category": "SEALS ",
            "category_parts": [
                {
                    "id": "",
                    "name": ""
                },
                {
                    "id": "4245607",
                    "name": "OIL SEAL FRNT WHEEL"
                },
                {
                    "id": "425607",
                    "name": "OIL SEAL FRNT WHEEL OUTER PQ"
                },
                {
                    "id": "223810",
                    "name": "OIL SEAL G/BOX FRNT PQ"
                },
                {
                    "id": "183208",
                    "name": "OIL SEAL G/BOX REAR PQ"
                },
                {
                    "id": "8210512",
                    "name": "MAIN BRG SEAL"
                },
                {
                    "id": "NB733",
                    "name": "MAIN BRG SEAL [8210512]"
                },
                {
                    "id": "365609",
                    "name": "PINION OIL SEAL PQ"
                },
                {
                    "id": "355010",
                    "name": "TIMING COVER SEAL"
                },
                {
                    "id": "NB724",
                    "name": "TIMING COVER SEAL"
                }
            ]
        },
        {
            "id": "23",
            "category": "LUBRICANTS",
            "category_parts": [
                {
                    "id": "",
                    "name": ""
                },
                {
                    "id": "12108765",
                    "name": "GEARBOX OIL [MAN]"
                },
                {
                    "id": "12103765",
                    "name": "G/BOX OIL [AUTO] ATF DEX 2"
                },
                {
                    "id": "12109765",
                    "name": "DIFFERENTIAL OIL EPX 85W-140"
                },
                {
                    "id": "3359766",
                    "name": "ENGINE OIL CASTROL GTX 20W50 5L"
                },
                {
                    "id": "11281810",
                    "name": "ENGINE OIL GTX HIGH MILEAGE"
                },
                {
                    "id": "550039899",
                    "name": "ENGINE OIL SHELL HELIX HX3 20W50 5L"
                },
                {
                    "id": "MRL",
                    "name": "ENGINE OIL [1] AGENTS ONLY"
                }
            ]
        },
        {
            "id": "24",
            "category": "WHEEL BEARINGS",
            "category_parts": [
                {
                    "id": "",
                    "name": ""
                },
                {
                    "id": "VKBA1487",
                    "name": "WHEEL BRG KIT FRNT SKF"
                },
                {
                    "id": "ATC1018",
                    "name": "WHEEL BRG KIT FRNT TC"
                },
                {
                    "id": "309245",
                    "name": "WHEEL BEARING FRNT"
                },
                {
                    "id": "331274",
                    "name": "WHEEL BRG FRNT INNER"
                },
                {
                    "id": "FW194",
                    "name": "WHEEL BRG KIT FRNT PQ"
                },
                {
                    "id": "PQ194",
                    "name": "WHEEL BRG KIT FRNT PQ"
                },
                {
                    "id": "WBFW388",
                    "name": "WHEEL BRG KIT FRNT GM"
                },
                {
                    "id": "VKBA725",
                    "name": "WHEEL BRG KIT REAR [LHS] SKF"
                },
                {
                    "id": "VKBA726",
                    "name": "WHEEL BRG KIT REAR [RHS] SKF"
                },
                {
                    "id": "ATC1004L",
                    "name": "WHEEL BRG KIT REAR [LHS] TC"
                },
                {
                    "id": "ATC1004R",
                    "name": "WHEEL BRG KIT REAR [RHS] TC"
                },
                {
                    "id": "11910",
                    "name": "WHEEL BRG KIT REAR PQ"
                },
                {
                    "id": "11949",
                    "name": "WHEEL BRG KIT REAR PQ"
                },
                {
                    "id": "PQ197",
                    "name": "WHEEL BRG KIT REAR PQ"
                },
                {
                    "id": "197M",
                    "name": "WHEEL BRG KIT REAR [+ABS] MP"
                },
                {
                    "id": "WBRW394",
                    "name": "WHEEL BRG KIT REAR [+ABS] GM"
                }
            ]
        },
        {
            "id": "26",
            "category": "STEERING",
            "category_parts": [
                {
                    "id": "",
                    "name": ""
                },
                {
                    "id": "TR5145",
                    "name": "T/ROD ENDS OUTER PQ"
                },
                {
                    "id": "CTR5145",
                    "name": "T/ROD ENDS O FIAT 131 AUTOCOM"
                },
                {
                    "id": "MRL",
                    "name": "STEERING FLUID MRL"
                }
            ]
        },
        {
            "id": "27",
            "category": "BEARINGS",
            "category_parts": [
                {
                    "id": "",
                    "name": ""
                },
                {
                    "id": "RB9033",
                    "name": "CLUTCH RELEASE BRG PQ"
                },
                {
                    "id": "62052RS",
                    "name": "DRIVESHAFT SUPPORT BRG PQ"
                },
                {
                    "id": "617312",
                    "name": "DIFF PINION BRG FRNT PQ"
                },
                {
                    "id": "NJ205E/C3",
                    "name": "DIFF PINION BRG REAR PQ"
                },
                {
                    "id": "501310",
                    "name": "DIFF CARRIER BRG PQ"
                },
                {
                    "id": "501310/49",
                    "name": "DIFF CARRIER BRG PQ"
                },
                {
                    "id": "501349",
                    "name": "DIFF CARRIER BRG PQ"
                },
                {
                    "id": "B4515-000",
                    "name": "CONROD BRG SET"
                },
                {
                    "id": "B4515-010",
                    "name": "CONROD BRG SET"
                },
                {
                    "id": "B4515-020",
                    "name": "CONROD BRG SET"
                },
                {
                    "id": "B4515-030",
                    "name": "CONROD BRG SET"
                },
                {
                    "id": "B4515-040",
                    "name": "CONROD BRG SET"
                },
                {
                    "id": "M5169-000",
                    "name": "MAIN BRG SET"
                },
                {
                    "id": "M5169-010",
                    "name": "MAIN BRG SET"
                },
                {
                    "id": "M5169-020",
                    "name": "MAIN BRG SET"
                },
                {
                    "id": "M5169-030",
                    "name": "MAIN BRG SET"
                },
                {
                    "id": "M5169-040",
                    "name": "MAIN BRG SET"
                },
                {
                    "id": "VKBA1487",
                    "name": "WHEEL BRG KIT FRNT SKF"
                },
                {
                    "id": "ATC1018",
                    "name": "WHEEL BRG KIT FRNT TC"
                },
                {
                    "id": "309245",
                    "name": "WHEEL BEARING FRNT"
                },
                {
                    "id": "331274",
                    "name": "WHEEL BRG FRNT INNER"
                },
                {
                    "id": "FW194",
                    "name": "WHEEL BRG KIT FRNT PQ"
                },
                {
                    "id": "PQ194",
                    "name": "WHEEL BRG KIT FRNT PQ"
                },
                {
                    "id": "WBFW388",
                    "name": "WHEEL BRG KIT FRNT GM"
                },
                {
                    "id": "VKBA725",
                    "name": "WHEEL BRG KIT REAR [LHS] SKF"
                },
                {
                    "id": "VKBA726",
                    "name": "WHEEL BRG KIT REAR [RHS] SKF"
                },
                {
                    "id": "ATC1004L",
                    "name": "WHEEL BRG KIT REAR [LHS] TC"
                },
                {
                    "id": "ATC1004R",
                    "name": "WHEEL BRG KIT REAR [RHS] TC"
                },
                {
                    "id": "11910",
                    "name": "WHEEL BRG KIT REAR PQ"
                },
                {
                    "id": "11949",
                    "name": "WHEEL BRG KIT REAR PQ"
                },
                {
                    "id": "PQ197",
                    "name": "WHEEL BRG KIT REAR PQ"
                },
                {
                    "id": "197M",
                    "name": "WHEEL BRG KIT REAR [+ABS] MP"
                },
                {
                    "id": "WBRW394",
                    "name": "WHEEL BRG KIT REAR [+ABS] GM"
                }
            ]
        },
        {
            "id": "27",
            "category": "BEARINGS",
            "category_parts": [
                {
                    "id": "",
                    "name": ""
                },
                {
                    "id": "RB9033",
                    "name": "CLUTCH RELEASE BRG PQ"
                },
                {
                    "id": "62052RS",
                    "name": "DRIVESHAFT SUPPORT BRG PQ"
                },
                {
                    "id": "617312",
                    "name": "DIFF PINION BRG FRNT PQ"
                },
                {
                    "id": "NJ205E/C3",
                    "name": "DIFF PINION BRG REAR PQ"
                },
                {
                    "id": "501310",
                    "name": "DIFF CARRIER BRG PQ"
                },
                {
                    "id": "501310/49",
                    "name": "DIFF CARRIER BRG PQ"
                },
                {
                    "id": "501349",
                    "name": "DIFF CARRIER BRG PQ"
                },
                {
                    "id": "B4515-000",
                    "name": "CONROD BRG SET"
                },
                {
                    "id": "B4515-010",
                    "name": "CONROD BRG SET"
                },
                {
                    "id": "B4515-020",
                    "name": "CONROD BRG SET"
                },
                {
                    "id": "B4515-030",
                    "name": "CONROD BRG SET"
                },
                {
                    "id": "B4515-040",
                    "name": "CONROD BRG SET"
                },
                {
                    "id": "M5169-000",
                    "name": "MAIN BRG SET"
                },
                {
                    "id": "M5169-010",
                    "name": "MAIN BRG SET"
                },
                {
                    "id": "M5169-020",
                    "name": "MAIN BRG SET"
                },
                {
                    "id": "M5169-030",
                    "name": "MAIN BRG SET"
                },
                {
                    "id": "M5169-040",
                    "name": "MAIN BRG SET"
                },
                {
                    "id": "VKBA1487",
                    "name": "WHEEL BRG KIT FRNT SKF"
                },
                {
                    "id": "ATC1018",
                    "name": "WHEEL BRG KIT FRNT TC"
                },
                {
                    "id": "309245",
                    "name": "WHEEL BEARING FRNT"
                },
                {
                    "id": "331274",
                    "name": "WHEEL BRG FRNT INNER"
                },
                {
                    "id": "FW194",
                    "name": "WHEEL BRG KIT FRNT PQ"
                },
                {
                    "id": "PQ194",
                    "name": "WHEEL BRG KIT FRNT PQ"
                },
                {
                    "id": "WBFW388",
                    "name": "WHEEL BRG KIT FRNT GM"
                },
                {
                    "id": "VKBA725",
                    "name": "WHEEL BRG KIT REAR [LHS] SKF"
                },
                {
                    "id": "VKBA726",
                    "name": "WHEEL BRG KIT REAR [RHS] SKF"
                },
                {
                    "id": "ATC1004L",
                    "name": "WHEEL BRG KIT REAR [LHS] TC"
                },
                {
                    "id": "ATC1004R",
                    "name": "WHEEL BRG KIT REAR [RHS] TC"
                },
                {
                    "id": "11910",
                    "name": "WHEEL BRG KIT REAR PQ"
                },
                {
                    "id": "11949",
                    "name": "WHEEL BRG KIT REAR PQ"
                },
                {
                    "id": "PQ197",
                    "name": "WHEEL BRG KIT REAR PQ"
                },
                {
                    "id": "197M",
                    "name": "WHEEL BRG KIT REAR [+ABS] MP"
                },
                {
                    "id": "WBRW394",
                    "name": "WHEEL BRG KIT REAR [+ABS] GM"
                }
            ]
        }
    ]
}
