{
    "id": "50",
    "parts": [
        {
            "id": "1",
            "category": "SERVICE PARTS",
            "category_parts": [
                {
                    "id": "",
                    "name": ""
                },
                {
                    "id": "Z460",
                    "name": "OIL FILTER GUD OD76 H79 [3/4 - 16UNF]"
                },
                {
                    "id": "Z217A",
                    "name": "OIL FILTER GUD H89 OD76 3/4-16UNF"
                },
                {
                    "id": "PH4985",
                    "name": "OIL FILTER FRAM"
                },
                {
                    "id": "0451103351",
                    "name": "OIL FILTER BOSCH"
                },
                {
                    "id": "0986452044",
                    "name": "OIL FILTER BOSCH"
                },
                {
                    "id": "FEB27289",
                    "name": "OIL FILTER FEBI"
                },
                {
                    "id": "39763",
                    "name": "OIL FILTER H79.5MM OD78.4MM FEBI"
                },
                {
                    "id": "WL7074",
                    "name": "OIL FILTER WIX"
                },
                {
                    "id": "MAF610",
                    "name": "OIL FILTER KAIZEN"
                },
                {
                    "id": "1457433295",
                    "name": "AIR FILTER BOSCH"
                },
                {
                    "id": "WA6500",
                    "name": "AIR FILTER WIX"
                },
                {
                    "id": "E98",
                    "name": "FUEL INJECTION FILTER GUD"
                },
                {
                    "id": "G3747",
                    "name": "FUEL FILTER FRAM"
                },
                {
                    "id": "0450905087",
                    "name": "FUEL FILTER BOSCH"
                },
                {
                    "id": "WF8029",
                    "name": "FUEL FILTER WIX"
                },
                {
                    "id": "BCPR5ES",
                    "name": "SPARK PLUG NGK"
                },
                {
                    "id": "BCPR5EY",
                    "name": "SPARK PLUG NGK"
                },
                {
                    "id": "BCPR6E-11",
                    "name": "SPARK PLUG NGK"
                },
                {
                    "id": "BCPR6ES",
                    "name": "SPARK PLUG NGK"
                },
                {
                    "id": "BCPR6EY",
                    "name": "SPARK PLUG NGK"
                },
                {
                    "id": "BKR5E",
                    "name": "SPARK PLUG NGK"
                },
                {
                    "id": "BKR6E",
                    "name": "SPARK PLUG NGK"
                },
                {
                    "id": "BKR6EYA",
                    "name": "SPARK PLUG NGK"
                },
                {
                    "id": "PFR6B",
                    "name": "SPARK PLUG NGK"
                },
                {
                    "id": "ZFR6A",
                    "name": "SPARK PLUG NGK"
                },
                {
                    "id": "IK20TT",
                    "name": "SPARK PLUG DENSO IRIDIUM TT [D14MM HEX16MM 22NM TL19]"
                },
                {
                    "id": "PK20PRP8",
                    "name": "SPARK PLUG DENSO PLATINUM [D14MM HEX16MM 22NM TL19]"
                },
                {
                    "id": "OE136",
                    "name": "SPARK PLUG CHAMPION"
                },
                {
                    "id": "RC9YCC",
                    "name": "SPARK PLUG CHAMPION"
                },
                {
                    "id": "OE179",
                    "name": "SPARK PLUG CHAMPION IRIDIUM"
                },
                {
                    "id": "0242245571",
                    "name": "SPARK PLUG BOSCH PLAT/IRIDIUM"
                },
                {
                    "id": "FR5KI332S",
                    "name": "SPARK PLUG BOSCH PLAT/IRIDIUM"
                },
                {
                    "id": "AC13GUD",
                    "name": "CABIN AIR FILTER GUD H17 L383 W170"
                },
                {
                    "id": "1987432014",
                    "name": "CABIN AIR FILTER BOSCH"
                },
                {
                    "id": "WP6866",
                    "name": "CABIN AIR FILTER WIX"
                },
                {
                    "id": "ATE1028",
                    "name": "DISC PAD FRNT ATE L110 H69 T18"
                },
                {
                    "id": "FDB1508",
                    "name": "DISC PAD FRNT FERODO L110 H69 T18"
                },
                {
                    "id": "0986494004",
                    "name": "DISC PAD FRNT BOSCH L155 H59 T19"
                },
                {
                    "id": "D3909",
                    "name": "DISC PAD FRNT SAFELINE L110 H69 T15"
                },
                {
                    "id": "D3387",
                    "name": "DISC PAD FRNT SAFELINE L110 H69 T17"
                },
                {
                    "id": "05P1665",
                    "name": "DISC PAD FRNT LPR L110 H69 T18"
                },
                {
                    "id": "ADB11737",
                    "name": "DISC PAD FRNT NIPPON L109 H69 T15"
                },
                {
                    "id": "ATE1021",
                    "name": "DISC PAD REAR ATE L87 H44 T14"
                },
                {
                    "id": "FDB1949",
                    "name": "DISC PAD REAR FERODO L110 H69 T15"
                },
                {
                    "id": "FDB1113",
                    "name": "DISC PAD REAR FERODO L87 H45 T15"
                },
                {
                    "id": "0986494393",
                    "name": "DISC PAD REAR BOSCH L110 H69 T15"
                },
                {
                    "id": "0986424545",
                    "name": "DISC PAD REAR BOSCH L87 H45 T14"
                },
                {
                    "id": "D3836",
                    "name": "DISC PAD REAR SAFELINE L110 H69 T18"
                },
                {
                    "id": "D3218",
                    "name": "DISC PAD REAR SAFELINE L87 H44 T15"
                },
                {
                    "id": "05P736",
                    "name": "DISC PAD REAR LPR L87 H45 T14"
                },
                {
                    "id": "3359202",
                    "name": "ENGINE OIL CASTROL GTX 15W40 5L"
                },
                {
                    "id": "3359766",
                    "name": "ENGINE OIL CASTROL GTX 20W50 5L"
                },
                {
                    "id": "550039899",
                    "name": "ENGINE OIL SHELL HELIX HX3 20W50 5L"
                },
                {
                    "id": "550074134",
                    "name": "ENGINE OIL SHELL HELIX HX5 15W40 5L"
                }
            ]
        },
        {
            "id": "2",
            "category": "BRAKES",
            "category_parts": [
                {
                    "id": "",
                    "name": ""
                },
                {
                    "id": "ATE1028",
                    "name": "DISC PAD FRNT ATE L110 H69 T18"
                },
                {
                    "id": "FDB1508",
                    "name": "DISC PAD FRNT FERODO L110 H69 T18"
                },
                {
                    "id": "0986494004",
                    "name": "DISC PAD FRNT BOSCH L155 H59 T19"
                },
                {
                    "id": "D3909",
                    "name": "DISC PAD FRNT SAFELINE L110 H69 T15"
                },
                {
                    "id": "D3387",
                    "name": "DISC PAD FRNT SAFELINE L110 H69 T17"
                },
                {
                    "id": "05P1665",
                    "name": "DISC PAD FRNT LPR L110 H69 T18"
                },
                {
                    "id": "ADB11737",
                    "name": "DISC PAD FRNT NIPPON L109 H69 T15"
                },
                {
                    "id": "ATE1021",
                    "name": "DISC PAD REAR ATE L87 H44 T14"
                },
                {
                    "id": "FDB1949",
                    "name": "DISC PAD REAR FERODO L110 H69 T15"
                },
                {
                    "id": "FDB1113",
                    "name": "DISC PAD REAR FERODO L87 H45 T15"
                },
                {
                    "id": "0986494393",
                    "name": "DISC PAD REAR BOSCH L110 H69 T15"
                },
                {
                    "id": "0986424545",
                    "name": "DISC PAD REAR BOSCH L87 H45 T14"
                },
                {
                    "id": "D3836",
                    "name": "DISC PAD REAR SAFELINE L110 H69 T18"
                },
                {
                    "id": "D3218",
                    "name": "DISC PAD REAR SAFELINE L87 H44 T15"
                },
                {
                    "id": "05P736",
                    "name": "DISC PAD REAR LPR L87 H45 T14"
                },
                {
                    "id": "DR6836S",
                    "name": "BRAKE DISC FS ALFA D304 H44 S59 [5]"
                },
                {
                    "id": "DR6836",
                    "name": "BRAKE DISC FV ALFA D304 H44 S59 [5]"
                },
                {
                    "id": "128-0119",
                    "name": "BRAKE DISC FS D261 H52 S72 4 ATE"
                },
                {
                    "id": "DDF1001",
                    "name": "BRAKE DISC FV FERODO D305 H45 S59 [5]"
                },
                {
                    "id": "DDF1001C",
                    "name": "BRAKE DISC FV FERODO D305 H45 S59 [5]"
                },
                {
                    "id": "DR6702",
                    "name": "BRAKE DISC RS ALFA D240 H40 S59 [5]"
                },
                {
                    "id": "111-0142",
                    "name": "BRAKE DISC REAR ATE [S] 240.5MM"
                },
                {
                    "id": "DDF818",
                    "name": "BRAKE DISC RS FERODO D240 H40 S59 [5]"
                },
                {
                    "id": "BM222.2404",
                    "name": "BRAKE M/CYL PQ"
                },
                {
                    "id": "SEA8497E",
                    "name": "BRAKE M/CYL KIT 22.22 MM CPD"
                },
                {
                    "id": "SEA8579E",
                    "name": "BRAKE M/CYL KIT 22.22 MM CPD"
                },
                {
                    "id": "P8579X",
                    "name": "BRAKE M/CYL KIT 22.22MM [+ESP] PQ"
                },
                {
                    "id": "P8497X",
                    "name": "BRAKE M/CYL KIT 22.22MM [-ESP] PQ"
                },
                {
                    "id": "BMK222.8497",
                    "name": "BRAKE M/CYL KIT PQ"
                },
                {
                    "id": "BMK222.8579",
                    "name": "BRAKE M/CYL KIT PQ"
                },
                {
                    "id": "RW1387L",
                    "name": "CABLE H/BRAKE REAR PQ"
                },
                {
                    "id": "RW1387R",
                    "name": "CABLE H/BRAKE REAR PQ"
                },
                {
                    "id": "CK54.2430",
                    "name": "CALIPER KIT FRNT 54MM PQ"
                },
                {
                    "id": "P2430S",
                    "name": "CALIPER KIT FRNT 54MM PQ"
                },
                {
                    "id": "P2304S",
                    "name": "CALIPER KIT REAR 38MM ATE PQ"
                },
                {
                    "id": "113-1302X",
                    "name": "BRAKE CALIPER GUIDE SLEEVE KIT QB"
                }
            ]
        },
        {
            "id": "3",
            "category": "SUSPENSION COMPONENTS [FRONT]",
            "category_parts": [
                {
                    "id": "",
                    "name": ""
                },
                {
                    "id": "G35217",
                    "name": "SHOCK FRNT GABRIEL"
                },
                {
                    "id": "AR5652",
                    "name": "STRUT MOUNTING F/SUSP [LHS] PQ"
                },
                {
                    "id": "AR5653",
                    "name": "STRUT MOUNTING F/SUSP [RHS] PQ"
                },
                {
                    "id": "AF2810",
                    "name": "MOUNTING SHOCK FRNT LHS TEKNOSA"
                },
                {
                    "id": "AF2811",
                    "name": "MOUNTING SHOCK FRNT RHS TEKNOSA"
                },
                {
                    "id": "VKDS412501",
                    "name": "BALL JOINT LOWER L* H* ID* OD* SKF"
                },
                {
                    "id": "AF2010",
                    "name": "CONTROL ARM LOWER FRNT LHS TEKNOSA"
                },
                {
                    "id": "AF2011",
                    "name": "CONTROL ARM LOWER FRNT RHS TEKNOSA"
                },
                {
                    "id": "AR5675",
                    "name": "STABILIZER LINK ASSY FRNT PQ"
                },
                {
                    "id": "VKDS342001",
                    "name": "STABILIZER LINK L99 H* ID* OD* SKF"
                },
                {
                    "id": "VKDS322002B",
                    "name": "CONTROL ARM L* SKF"
                },
                {
                    "id": "VKDS322003B",
                    "name": "CONTROL ARM L* SKF"
                },
                {
                    "id": "AR5673L",
                    "name": "CONT ARM BUSH LOWER INNER [FRNT] PQ"
                },
                {
                    "id": "AR5673R",
                    "name": "CONT ARM BUSH LOWER INNER [FRNT] PQ"
                },
                {
                    "id": "AR5674L",
                    "name": "CONT ARM BUSH LOWER INNER [REAR] PQ"
                },
                {
                    "id": "AR5674R",
                    "name": "CONT ARM BUSH LOWER INNER [REAR] PQ"
                },
                {
                    "id": "AR5688",
                    "name": "CONT ARM BUSH LOWER OUTER PQ"
                },
                {
                    "id": "AR5678",
                    "name": "CONT ARM BUSH UPPER INNER [2] PQ"
                },
                {
                    "id": "AF2112",
                    "name": "BUSH CONT ARM LOW FRNT L/R TEKNOSA"
                },
                {
                    "id": "AF2113",
                    "name": "BUSH CONT ARM LOW FRNT L/R TEKNOSA"
                },
                {
                    "id": "AF2110",
                    "name": "BUSH CONT ARM LOW FRNT LHS TEKNOSA"
                },
                {
                    "id": "AF2111",
                    "name": "BUSH CONT ARM LOW FRNT RHS TEKNOSA"
                },
                {
                    "id": "AR5679",
                    "name": "STAB BAR BUSH F/SUSP [2] PQ"
                }
            ]
        },
        {
            "id": "4",
            "category": "SUSPENSION COMPONENTS [REAR]",
            "category_parts": [
                {
                    "id": "",
                    "name": ""
                },
                {
                    "id": "E5075",
                    "name": "SHOCK REAR MONROE REFLEX [DISCONTINUED]"
                },
                {
                    "id": "69983",
                    "name": "SHOCK REAR GABRIEL"
                },
                {
                    "id": "553205",
                    "name": "SHOCK REAR KYB"
                },
                {
                    "id": "AF2112",
                    "name": "BUSH CONT ARM LOW FRNT L/R TEKNOSA"
                },
                {
                    "id": "AF2113",
                    "name": "BUSH CONT ARM LOW FRNT L/R TEKNOSA"
                },
                {
                    "id": "AF2110",
                    "name": "BUSH CONT ARM LOW FRNT LHS TEKNOSA"
                },
                {
                    "id": "AF2111",
                    "name": "BUSH CONT ARM LOW FRNT RHS TEKNOSA"
                },
                {
                    "id": "VKDS342001",
                    "name": "STABILIZER LINK L99 H* ID* OD* SKF"
                },
                {
                    "id": "AF1510",
                    "name": "STABILIZER LINK FRNT L/R L99 TEKNOSA"
                },
                {
                    "id": "VKDS322002B",
                    "name": "CONTROL ARM L* SKF"
                },
                {
                    "id": "VKDS322003B",
                    "name": "CONTROL ARM L* SKF"
                }
            ]
        },
        {
            "id": "5",
            "category": "COOLING SYSTEM",
            "category_parts": [
                {
                    "id": "",
                    "name": ""
                },
                {
                    "id": "VKPC82621",
                    "name": "WATER PUMP SKF"
                },
                {
                    "id": "NWP1065",
                    "name": "WATER PUMP PARTS PI"
                },
                {
                    "id": "W17402",
                    "name": "WATER PUMP AZ"
                },
                {
                    "id": "W17409",
                    "name": "WATER PUMP AZ"
                },
                {
                    "id": "QCP3371",
                    "name": "WATER PUMP ECHLIN"
                },
                {
                    "id": "A-146",
                    "name": "WATER PUMP DOLZ"
                },
                {
                    "id": "VKM32030",
                    "name": "TENSIONER V-BELT PULLEY [OD:65 W:29] SKF"
                },
                {
                    "id": "VKM32082",
                    "name": "TENSIONER V-BELT PULLEY [OD:80 W:26] SKF"
                },
                {
                    "id": "VKM32083",
                    "name": "TENSIONER V-BELT PULLEY [OD:80 W:26] SKF"
                }
            ]
        },
        {
            "id": "6",
            "category": "CLUTCH COMPONENTS",
            "category_parts": [
                {
                    "id": "",
                    "name": ""
                },
                {
                    "id": "F026005095",
                    "name": "CLUTCH M/CYL BOSCH"
                },
                {
                    "id": "SEA8498E",
                    "name": "CLUTCH M/CYL KIT 19.05 MM CPD"
                },
                {
                    "id": "P8498X",
                    "name": "CLUTCH M/CYL KIT 19.05MM PQ"
                },
                {
                    "id": "FT05.25.01",
                    "name": "CLUTCH S/CYL 25.4MM [NABCO]"
                },
                {
                    "id": "CS9989",
                    "name": "CLUTCH S/CYL TC"
                },
                {
                    "id": "F026005580",
                    "name": "CLUTCH S/CYL BOSCH"
                },
                {
                    "id": "CPD.FIA202",
                    "name": "CLUTCH S/CYL 25.40MM CPD"
                },
                {
                    "id": "SEA1014E",
                    "name": "CLUTCH S/CYL KIT 25.40MM CPD"
                },
                {
                    "id": "31.254.0006",
                    "name": "CLUTCH S/CYL HYDRADRIVE 25.40MM"
                },
                {
                    "id": "31.254.0024",
                    "name": "CLUTCH S/CYL HYDRADRIVE 25.40MM"
                },
                {
                    "id": "S2540006",
                    "name": "CLUTCH S/CYL BETTABRAKE 25.40MM"
                },
                {
                    "id": "S2540024",
                    "name": "CLUTCH S/CYL BETTABRAKE 25.40MM"
                },
                {
                    "id": "CS254.3800",
                    "name": "CLUTCH S/CYL [CLIP TYPE] PQ"
                },
                {
                    "id": "CY8102",
                    "name": "CLUTCH S/CYL [CLIP TYPE] ATS"
                },
                {
                    "id": "P1014S",
                    "name": "CLUTCH S/CYL KIT 25.40 [-PIST] PQ"
                },
                {
                    "id": "P2433S",
                    "name": "CLUTCH S/CYL KIT 25.4MM PQ"
                },
                {
                    "id": "RB9816",
                    "name": "CLUTCH RELEASE BRG PQ"
                },
                {
                    "id": "3000951310",
                    "name": "CLUTCH KIT SACHS [235X23.7-20]"
                },
                {
                    "id": "AR05",
                    "name": "CLUTCH KIT VALEO"
                }
            ]
        },
        {
            "id": "7",
            "category": "IGNITION SYSTEM",
            "category_parts": [
                {
                    "id": "",
                    "name": ""
                },
                {
                    "id": "IC213",
                    "name": "IGNITION COIL ECHLIN [3 PIN]"
                },
                {
                    "id": "155095",
                    "name": "IGNITION COIL BOUGICORD"
                },
                {
                    "id": "0221504456",
                    "name": "IGNITION COIL BOSCH [3 PIN]"
                }
            ]
        },
        {
            "id": "8",
            "category": "DRIVESHAFT COMPONENTS",
            "category_parts": [
                {
                    "id": "",
                    "name": ""
                },
                {
                    "id": "VKJA3083",
                    "name": "CV JOINT OUTER SKF"
                },
                {
                    "id": "VKJP01001",
                    "name": "CV BOOT KIT OUTER SKF"
                },
                {
                    "id": "VKJP01001S",
                    "name": "CV BOOT KIT OUTER SKF"
                },
                {
                    "id": "VKJP1146",
                    "name": "CV BOOT KIT OUTER SKF"
                },
                {
                    "id": "CV13K",
                    "name": "CV BOOT INNER \u0026 OUTER 100MM"
                },
                {
                    "id": "CV184K",
                    "name": "CV BOOT KIT OUTER"
                },
                {
                    "id": "CV183K",
                    "name": "CV BOOT KIT OUTER PQ"
                },
                {
                    "id": "RK601M",
                    "name": "CV BOOT KIT INNER"
                },
                {
                    "id": "CV182K",
                    "name": "CV BOOT KIT INNER"
                },
                {
                    "id": "CV12K",
                    "name": "CV BOOT KIT INNER PQ"
                }
            ]
        },
        {
            "id": "9",
            "category": "FUEL SYSTEM",
            "category_parts": [
                {
                    "id": "",
                    "name": ""
                },
                {
                    "id": "E98",
                    "name": "FUEL INJECTION FILTER GUD"
                },
                {
                    "id": "G3747",
                    "name": "FUEL FILTER FRAM"
                },
                {
                    "id": "0450905087",
                    "name": "FUEL FILTER BOSCH"
                },
                {
                    "id": "WF8029",
                    "name": "FUEL FILTER WIX"
                },
                {
                    "id": "0280218054",
                    "name": "AIR-MASS METER BOSCH"
                },
                {
                    "id": "0280156038",
                    "name": "INJECTORS BOSCH"
                }
            ]
        },
        {
            "id": "10",
            "category": "TIMING COMPONENTS",
            "category_parts": [
                {
                    "id": "",
                    "name": ""
                },
                {
                    "id": "VKMA02540",
                    "name": "T/BELT KIT [ALF185] SKF"
                },
                {
                    "id": "1987946028",
                    "name": "T/BELT KIT BOSCH"
                },
                {
                    "id": "1987948280",
                    "name": "TIM BELT KIT BOSCH [ALF185]"
                },
                {
                    "id": "K015476XS",
                    "name": "TIM BELT KIT GATES [ALF185]"
                },
                {
                    "id": "ALF185-FSD",
                    "name": "TIM BELT [185X28MM] 5476XS AUTOBAX"
                },
                {
                    "id": "VKMV6PK1983",
                    "name": "MULTI-GROOVE BELT SKF"
                },
                {
                    "id": "VKMV6PK1990",
                    "name": "MULTI-GROOVE BELT SKF"
                },
                {
                    "id": "G1461H",
                    "name": "TIM BELT [185X28MM] RAM"
                },
                {
                    "id": "QTB603",
                    "name": "TIM BELT [185X28MM] ECHLIN"
                },
                {
                    "id": "VKM32030",
                    "name": "TENSIONER V-BELT PULLEY [OD:65 W:29] SKF"
                },
                {
                    "id": "VKM32082",
                    "name": "TENSIONER V-BELT PULLEY [OD:80 W:26] SKF"
                },
                {
                    "id": "VKM32083",
                    "name": "TENSIONER V-BELT PULLEY [OD:80 W:26] SKF"
                },
                {
                    "id": "T38473",
                    "name": "T/BELT TENSIONER GATES"
                },
                {
                    "id": "VKM22540",
                    "name": "T/BELT GUIDE [68X34] SKF"
                },
                {
                    "id": "VKMC02540",
                    "name": "T/BELT PULLEY SKF"
                },
                {
                    "id": "VKM12541",
                    "name": "T/BELT TENSIONER [D:62.25 W:31] SKF"
                },
                {
                    "id": "GTA0270",
                    "name": "PULLEY GMB"
                }
            ]
        },
        {
            "id": "11",
            "category": "CYLINDER HEAD COMPONENTS",
            "category_parts": [
                {
                    "id": "",
                    "name": ""
                },
                {
                    "id": "CY640",
                    "name": "HEAD SET GASKETS"
                },
                {
                    "id": "BT380",
                    "name": "CYL HEAD GASKET LHS"
                },
                {
                    "id": "AY640",
                    "name": "CYL HEAD GASKET RHS"
                },
                {
                    "id": "JP071",
                    "name": "VALVE COVER GASKET PAYEN LHS"
                },
                {
                    "id": "JP070",
                    "name": "VALVE COVER GASKET PAYEN RHS"
                },
                {
                    "id": "JD586",
                    "name": "INTAKE MANIFOLD GASKET"
                },
                {
                    "id": "JD587",
                    "name": "EXHAUST MANIFOLD GASKET"
                },
                {
                    "id": "FY640",
                    "name": "FULL GASKET SETS"
                },
                {
                    "id": "15-38207-01",
                    "name": "CYL HEAD COVER GASKET VR"
                },
                {
                    "id": "15-38208-01",
                    "name": "CYL HEAD COVER GASKET VR"
                },
                {
                    "id": "HR662",
                    "name": "VALVE STEM SEAL SET"
                },
                {
                    "id": "324710",
                    "name": "CAMSHAFT OIL SEAL"
                },
                {
                    "id": "NA5163",
                    "name": "CAMSHAFT OIL SEAL [324710]"
                }
            ]
        },
        {
            "id": "12",
            "category": "ENGINE SUB ASSEMBLY",
            "category_parts": [
                {
                    "id": "",
                    "name": ""
                },
                {
                    "id": "4746-000",
                    "name": "RINGSET 93MM ALFA 1.5/1.5/3.5"
                },
                {
                    "id": "486510",
                    "name": "OIL SEAL TRANS FRNT AUTO PQ"
                },
                {
                    "id": "9962",
                    "name": "MAIN BRG SEAL"
                },
                {
                    "id": "324710",
                    "name": "CAMSHAFT OIL SEAL"
                },
                {
                    "id": "NA5163",
                    "name": "CAMSHAFT OIL SEAL [324710]"
                }
            ]
        },
        {
            "id": "13",
            "category": "MOUNTINGS ",
            "category_parts": [
                {
                    "id": "",
                    "name": ""
                },
                {
                    "id": "AR5652",
                    "name": "STRUT MOUNTING F/SUSP [LHS] PQ"
                },
                {
                    "id": "AR5653",
                    "name": "STRUT MOUNTING F/SUSP [RHS] PQ"
                },
                {
                    "id": "AF2810",
                    "name": "MOUNTING SHOCK FRNT LHS TEKNOSA"
                },
                {
                    "id": "AF2811",
                    "name": "MOUNTING SHOCK FRNT RHS TEKNOSA"
                }
            ]
        },
        {
            "id": "14",
            "category": "STARTER COMPONENTS",
            "category_parts": [
                {
                    "id": "",
                    "name": ""
                },
                {
                    "id": "F042002037",
                    "name": "STARTER MOTOR BOSCH"
                }
            ]
        },
        {
            "id": "15",
            "category": "ALTERNATOR COMPONENTS",
            "category_parts": [
                {
                    "id": "",
                    "name": ""
                },
                {
                    "id": "0123510095",
                    "name": "ALTERNATOR BOSCH"
                },
                {
                    "id": "VKM32030",
                    "name": "TENSIONER V-BELT PULLEY [OD:65 W:29] SKF"
                },
                {
                    "id": "VKM32082",
                    "name": "TENSIONER V-BELT PULLEY [OD:80 W:26] SKF"
                },
                {
                    "id": "VKM32083",
                    "name": "TENSIONER V-BELT PULLEY [OD:80 W:26] SKF"
                }
            ]
        },
        {
            "id": "16",
            "category": "BODY PARTS FRONT AND REAR",
            "category_parts": [
                {
                    "id": "",
                    "name": ""
                },
                {
                    "id": "G9005",
                    "name": "BULB H/LIGHT HIGH BEAM"
                },
                {
                    "id": "G501",
                    "name": "BULB PARK LIGHT FRNT ATS"
                },
                {
                    "id": "G2825",
                    "name": "BULB PARK LIGHT FRNT"
                },
                {
                    "id": "G7507",
                    "name": "BULB FLASHER FRNT [CLEAR LENS]"
                },
                {
                    "id": "G7506",
                    "name": "BULB FLASHER FRNT [AMBER LENS]"
                },
                {
                    "id": "G64151",
                    "name": "BULB FOG LIGHT FRNT"
                },
                {
                    "id": "HB456",
                    "name": "BULB FOG LIGHT FRNT ATS"
                },
                {
                    "id": "G2827",
                    "name": "BULB SIDE MARKER [CLEAR LENS]"
                },
                {
                    "id": "G2825",
                    "name": "BULB SIDE MARKER [AMBER LENS]"
                },
                {
                    "id": "G7528",
                    "name": "BULB TAILIGHT"
                },
                {
                    "id": "G7528",
                    "name": "BULB STOPLIGHT"
                },
                {
                    "id": "G9005",
                    "name": "BULB REVERSE LIGHT"
                },
                {
                    "id": "G7506",
                    "name": "BULB REVERSE LIGHT"
                },
                {
                    "id": "G7506",
                    "name": "BULB FLASHER REAR"
                },
                {
                    "id": "G7506",
                    "name": "BULB FOG LIGHT REAR"
                },
                {
                    "id": "G1073",
                    "name": "BULB FOG LIGHT REAR ATS"
                },
                {
                    "id": "G2825",
                    "name": "BULB LICENSE PLATE"
                },
                {
                    "id": "G2825",
                    "name": "BULB HI-MOUNT STOPLIGHT"
                }
            ]
        },
        {
            "id": "17",
            "category": "SWITCHES \u0026 ACCESSORIES",
            "category_parts": [
                {
                    "id": "",
                    "name": ""
                },
                {
                    "id": "S646",
                    "name": "BATTERY SABAT"
                },
                {
                    "id": "F646",
                    "name": "BATTERY EXIDE/MIDAS"
                },
                {
                    "id": "W646",
                    "name": "BATTERY WILLARD"
                },
                {
                    "id": "SK55B",
                    "name": "WIPER BLADE FRNT KIT [55/50] CHAMPION"
                },
                {
                    "id": "EU50",
                    "name": "WIPER BLADE FRNT PASS CHAMPION"
                },
                {
                    "id": "EU55",
                    "name": "WIPER BLADE FRNT [DR/PASS] CHAMPION"
                },
                {
                    "id": "BU19-22",
                    "name": "WIPER BLADE FRNT [DRIVER] CHAMPION"
                },
                {
                    "id": "BU10-20",
                    "name": "WIPER BLADE FRNT [PASS] CHAMPION"
                },
                {
                    "id": "B20-1",
                    "name": "WIPER BLADE FRONT DR/PASS OSSCA/ATS"
                },
                {
                    "id": "VW249",
                    "name": "W/SCREEN WASHER MOTOR GLOBAL"
                },
                {
                    "id": "5650-010",
                    "name": "W/SCREEN WASHER PUMP [2 PIPE]"
                },
                {
                    "id": "FEB03940",
                    "name": "WINDSCREEN WASHER PUMP (2 PIPES) FEBI"
                },
                {
                    "id": "00268",
                    "name": "WINDSCREEN WASHER PUMP [2 PIPES] OSCCA/ATS"
                }
            ]
        },
        {
            "id": "18",
            "category": "GASKETS ",
            "category_parts": [
                {
                    "id": "",
                    "name": ""
                },
                {
                    "id": "FY640",
                    "name": "FULL GASKET SETS"
                },
                {
                    "id": "JD586",
                    "name": "INTAKE MANIFOLD GASKET"
                },
                {
                    "id": "JD587",
                    "name": "EXHAUST MANIFOLD GASKET"
                },
                {
                    "id": "CY640",
                    "name": "HEAD SET GASKETS"
                },
                {
                    "id": "BT380",
                    "name": "CYL HEAD GASKET LHS"
                },
                {
                    "id": "AY640",
                    "name": "CYL HEAD GASKET RHS"
                },
                {
                    "id": "JP071",
                    "name": "VALVE COVER GASKET PAYEN LHS"
                },
                {
                    "id": "JP070",
                    "name": "VALVE COVER GASKET PAYEN RHS"
                }
            ]
        },
        {
            "id": "20",
            "category": "SEALS ",
            "category_parts": [
                {
                    "id": "",
                    "name": ""
                },
                {
                    "id": "486510",
                    "name": "OIL SEAL TRANS FRNT AUTO PQ"
                },
                {
                    "id": "9962",
                    "name": "MAIN BRG SEAL"
                },
                {
                    "id": "324710",
                    "name": "CAMSHAFT OIL SEAL"
                },
                {
                    "id": "NA5163",
                    "name": "CAMSHAFT OIL SEAL [324710]"
                },
                {
                    "id": "HR662",
                    "name": "VALVE STEM SEAL SET"
                }
            ]
        },
        {
            "id": "22",
            "category": "CABLES ",
            "category_parts": [
                {
                    "id": "",
                    "name": ""
                },
                {
                    "id": "RW1387L",
                    "name": "CABLE H/BRAKE REAR PQ"
                },
                {
                    "id": "RW1387R",
                    "name": "CABLE H/BRAKE REAR PQ"
                }
            ]
        },
        {
            "id": "23",
            "category": "LUBRICANTS",
            "category_parts": [
                {
                    "id": "",
                    "name": ""
                },
                {
                    "id": "3359202",
                    "name": "ENGINE OIL CASTROL GTX 15W40 5L"
                },
                {
                    "id": "3359766",
                    "name": "ENGINE OIL CASTROL GTX 20W50 5L"
                },
                {
                    "id": "550039899",
                    "name": "ENGINE OIL SHELL HELIX HX3 20W50 5L"
                },
                {
                    "id": "550074134",
                    "name": "ENGINE OIL SHELL HELIX HX5 15W40 5L"
                }
            ]
        },
        {
            "id": "24",
            "category": "WHEEL BEARINGS",
            "category_parts": [
                {
                    "id": "",
                    "name": ""
                },
                {
                    "id": "VKBA3578",
                    "name": "WHEEL BRG KIT FRNT SKF"
                },
                {
                    "id": "VKBA3580",
                    "name": "WHEEL BRG KIT FRNT [+HUB] SKF"
                },
                {
                    "id": "VKBA1488",
                    "name": "WHEEL BRG KIT FRNT [-HUB] SKF"
                },
                {
                    "id": "ATC1028",
                    "name": "WHEEL BRG KIT FRNT [+HUB] TC"
                },
                {
                    "id": "ATC1602",
                    "name": "WHEEL BRG KIT FRNT [-HUB]"
                },
                {
                    "id": "PQ477",
                    "name": "WHEEL BRG KIT FRNT [-HUB] PQ"
                },
                {
                    "id": "FAG1008",
                    "name": "WHEEL BRG KIT FRNT [-HUB]"
                },
                {
                    "id": "VKBA3459",
                    "name": "WHEEL BRG KIT REAR SKF"
                },
                {
                    "id": "VKBA3597",
                    "name": "WHEEL BRG KIT REAR SKF"
                },
                {
                    "id": "RW529",
                    "name": "WHEEL BRG KIT REAR PQ"
                }
            ]
        },
        {
            "id": "26",
            "category": "STEERING",
            "category_parts": [
                {
                    "id": "",
                    "name": ""
                },
                {
                    "id": "SR79",
                    "name": "STEERING RACK BOOT"
                },
                {
                    "id": "SR79B",
                    "name": "STEERING RACK BOOT PQ"
                },
                {
                    "id": "AF1411",
                    "name": "RACK END FRNT L/R L270 TEKNOSA"
                },
                {
                    "id": "AF1410",
                    "name": "RACK END FRNT L/R L288 TEKNOSA"
                },
                {
                    "id": "VKDY312003",
                    "name": "TIE ROD END L111 SKF"
                },
                {
                    "id": "AF1315",
                    "name": "TIE ROD END OUTER FRNT L/R TEKNOSA"
                },
                {
                    "id": "AF1019",
                    "name": "TIE ROD END OUTER FRNT LHS TEKNOSA"
                },
                {
                    "id": "AF1020",
                    "name": "TIE ROD END OUTER FRNT RHS TEKNOSA"
                }
            ]
        },
        {
            "id": "27",
            "category": "BEARINGS",
            "category_parts": [
                {
                    "id": "",
                    "name": ""
                },
                {
                    "id": "RB9816",
                    "name": "CLUTCH RELEASE BRG PQ"
                },
                {
                    "id": "VKBA3578",
                    "name": "WHEEL BRG KIT FRNT SKF"
                },
                {
                    "id": "VKBA3580",
                    "name": "WHEEL BRG KIT FRNT [+HUB] SKF"
                },
                {
                    "id": "VKBA1488",
                    "name": "WHEEL BRG KIT FRNT [-HUB] SKF"
                },
                {
                    "id": "ATC1028",
                    "name": "WHEEL BRG KIT FRNT [+HUB] TC"
                },
                {
                    "id": "ATC1602",
                    "name": "WHEEL BRG KIT FRNT [-HUB]"
                },
                {
                    "id": "PQ477",
                    "name": "WHEEL BRG KIT FRNT [-HUB] PQ"
                },
                {
                    "id": "FAG1008",
                    "name": "WHEEL BRG KIT FRNT [-HUB]"
                },
                {
                    "id": "VKBA3459",
                    "name": "WHEEL BRG KIT REAR SKF"
                },
                {
                    "id": "VKBA3597",
                    "name": "WHEEL BRG KIT REAR SKF"
                },
                {
                    "id": "RW529",
                    "name": "WHEEL BRG KIT REAR PQ"
                },
                {
                    "id": "VKDS322002B",
                    "name": "CONTROL ARM L* SKF"
                },
                {
                    "id": "VKDS322003B",
                    "name": "CONTROL ARM L* SKF"
                }
            ]
        },
        {
            "id": "27",
            "category": "BEARINGS",
            "category_parts": [
                {
                    "id": "",
                    "name": ""
                },
                {
                    "id": "RB9816",
                    "name": "CLUTCH RELEASE BRG PQ"
                },
                {
                    "id": "VKBA3578",
                    "name": "WHEEL BRG KIT FRNT SKF"
                },
                {
                    "id": "VKBA3580",
                    "name": "WHEEL BRG KIT FRNT [+HUB] SKF"
                },
                {
                    "id": "VKBA1488",
                    "name": "WHEEL BRG KIT FRNT [-HUB] SKF"
                },
                {
                    "id": "ATC1028",
                    "name": "WHEEL BRG KIT FRNT [+HUB] TC"
                },
                {
                    "id": "ATC1602",
                    "name": "WHEEL BRG KIT FRNT [-HUB]"
                },
                {
                    "id": "PQ477",
                    "name": "WHEEL BRG KIT FRNT [-HUB] PQ"
                },
                {
                    "id": "FAG1008",
                    "name": "WHEEL BRG KIT FRNT [-HUB]"
                },
                {
                    "id": "VKBA3459",
                    "name": "WHEEL BRG KIT REAR SKF"
                },
                {
                    "id": "VKBA3597",
                    "name": "WHEEL BRG KIT REAR SKF"
                },
                {
                    "id": "RW529",
                    "name": "WHEEL BRG KIT REAR PQ"
                },
                {
                    "id": "VKDS322002B",
                    "name": "CONTROL ARM L* SKF"
                },
                {
                    "id": "VKDS322003B",
                    "name": "CONTROL ARM L* SKF"
                }
            ]
        }
    ]
}
