{
    "id": "58",
    "parts": [
        {
            "id": "1",
            "category": "SERVICE PARTS",
            "category_parts": [
                {
                    "id": "",
                    "name": ""
                },
                {
                    "id": "M28",
                    "name": "OIL FILTER GUD CARTRIDGE METAL FREE H93 OD62 IDB25"
                },
                {
                    "id": "CH9018ECO",
                    "name": "OIL FILTER FRAM"
                },
                {
                    "id": "39762",
                    "name": "OIL FILTER H93MM ID35MM OD61.5MM FEBI"
                },
                {
                    "id": "ADA102108",
                    "name": "OIL FITLER H93MM ID35MM OD61.5MM BLUEPRI"
                },
                {
                    "id": "WL7295",
                    "name": "OIL FILTER WIX"
                },
                {
                    "id": "AG1472",
                    "name": "AIR FILTER GUD PLASTIC OVAL H246"
                },
                {
                    "id": "CA10046",
                    "name": "AIR FILTER FRAM"
                },
                {
                    "id": "F026400039",
                    "name": "AIR FILTER BOSCH"
                },
                {
                    "id": "INTANK",
                    "name": "FUEL FILTER IN TANK LIFETIME"
                },
                {
                    "id": "FR5CP",
                    "name": "SPARK PLUG NGK"
                },
                {
                    "id": "NGK-BKR5E",
                    "name": "SPARK PLUG NGK [DENSO ALT]"
                },
                {
                    "id": "1K16TT",
                    "name": "SPARK PLUG DENSO"
                },
                {
                    "id": "IK16",
                    "name": "SPARK PLUG DENSO IRIDIUM POWER [D14MM HEX16MM 22NM TL19]"
                },
                {
                    "id": "IK16TT",
                    "name": "SPARK PLUG DENSO IRIDIUM TT [D14MM HEX16MM 22NM TL19]"
                },
                {
                    "id": "K16TT",
                    "name": "SPARK PLUG DENSO NICKEL TT [D14MM HEX16MM 22NM TL19]"
                },
                {
                    "id": "OE143",
                    "name": "SPARK PLUG CHAMPION"
                },
                {
                    "id": "OE179",
                    "name": "SPARK PLUG CHAMPION IRIDIUM"
                },
                {
                    "id": "0242230500",
                    "name": "SPARK PLUG BOSCH"
                },
                {
                    "id": "0242236571",
                    "name": "SPARK PLUG BOSCH PLAT/IRIDIUM"
                },
                {
                    "id": "FR7KI332S",
                    "name": "SPARK PLUG BOSCH PLAT/IRIDIUM"
                },
                {
                    "id": "CF10199",
                    "name": "CABIN AIR FILTER FRAM"
                },
                {
                    "id": "CFA10199",
                    "name": "CABIN AIR FILTER FRAM"
                },
                {
                    "id": "1987432133",
                    "name": "CABIN AIR FILTER BOSCH"
                },
                {
                    "id": "WP9260",
                    "name": "CABIN AIR FILTER WIX"
                },
                {
                    "id": "ATE1095",
                    "name": "DISC PAD FRNT ATE L117 H50 T18"
                },
                {
                    "id": "ATE1094",
                    "name": "DISC PAD FRNT ATE L157 H72 T21"
                },
                {
                    "id": "FDB4206",
                    "name": "DISC PAD FRNT FERODO L110 H81 T16"
                },
                {
                    "id": "FDB1334",
                    "name": "DISC PAD FRNT FERODO L132 H77 T16"
                },
                {
                    "id": "FDB1663",
                    "name": "DISC PAD FRNT FERODO L132 H77 T16"
                },
                {
                    "id": "FDB1805",
                    "name": "DISC PAD FRNT FERODO L155 H69 T20"
                },
                {
                    "id": "0986494071",
                    "name": "DISC PAD FRNT BOSCH L155 H69 T20"
                },
                {
                    "id": "D3590",
                    "name": "DISC PAD FRNT SAFELINE L155 H69 T20"
                },
                {
                    "id": "OPT3590",
                    "name": "DISC PAD FRNT L/R OPTIMA"
                },
                {
                    "id": "OPT3591",
                    "name": "DISC PAD REAR L/R OPTIMA"
                },
                {
                    "id": "05P1552",
                    "name": "DISC PAD FRNT LPR L109 H80 T16"
                },
                {
                    "id": "05P1393",
                    "name": "DISC PAD FRNT LPR L132 H77 T16"
                },
                {
                    "id": "05P674",
                    "name": "DISC PAD FRNT LPR L132 H77 T16"
                },
                {
                    "id": "05P1470",
                    "name": "DISC PAD FRNT LPR L155 H69 T20"
                },
                {
                    "id": "ADB11718",
                    "name": "DISC PAD FRNT NIPPON L156 H72 T21"
                },
                {
                    "id": "FDB1795",
                    "name": "DISC PAD REAR FERODO L117 H50 T18"
                },
                {
                    "id": "FDB1796",
                    "name": "DISC PAD REAR FERODO L117 H50 T18"
                },
                {
                    "id": "0986424775",
                    "name": "DISC PAD REAR BOSCH L117 H50 T18"
                },
                {
                    "id": "D3591",
                    "name": "DISC PAD REAR SAFELINE L117 H50 T17"
                },
                {
                    "id": "05P855",
                    "name": "DISC PAD REAR LPR L117 H50 T18"
                },
                {
                    "id": "05P855K",
                    "name": "DISC PAD REAR LPR L117 H50 T18"
                },
                {
                    "id": "ADB01769",
                    "name": "DISC PAD REAR NIPPON L117 H50 T17"
                },
                {
                    "id": "550053715",
                    "name": "ENGINE OIL SHELL HELIX ULTRA 5W40 5L"
                }
            ]
        },
        {
            "id": "2",
            "category": "BRAKES",
            "category_parts": [
                {
                    "id": "",
                    "name": ""
                },
                {
                    "id": "ATE1095",
                    "name": "DISC PAD FRNT ATE L117 H50 T18"
                },
                {
                    "id": "ATE1094",
                    "name": "DISC PAD FRNT ATE L157 H72 T21"
                },
                {
                    "id": "FDB4206",
                    "name": "DISC PAD FRNT FERODO L110 H81 T16"
                },
                {
                    "id": "FDB1334",
                    "name": "DISC PAD FRNT FERODO L132 H77 T16"
                },
                {
                    "id": "FDB1663",
                    "name": "DISC PAD FRNT FERODO L132 H77 T16"
                },
                {
                    "id": "FDB1805",
                    "name": "DISC PAD FRNT FERODO L155 H69 T20"
                },
                {
                    "id": "0986494071",
                    "name": "DISC PAD FRNT BOSCH L155 H69 T20"
                },
                {
                    "id": "D3590",
                    "name": "DISC PAD FRNT SAFELINE L155 H69 T20"
                },
                {
                    "id": "OPT3590",
                    "name": "DISC PAD FRNT L/R OPTIMA"
                },
                {
                    "id": "OPT3591",
                    "name": "DISC PAD REAR L/R OPTIMA"
                },
                {
                    "id": "05P1552",
                    "name": "DISC PAD FRNT LPR L109 H80 T16"
                },
                {
                    "id": "05P1393",
                    "name": "DISC PAD FRNT LPR L132 H77 T16"
                },
                {
                    "id": "05P674",
                    "name": "DISC PAD FRNT LPR L132 H77 T16"
                },
                {
                    "id": "05P1470",
                    "name": "DISC PAD FRNT LPR L155 H69 T20"
                },
                {
                    "id": "ADB11718",
                    "name": "DISC PAD FRNT NIPPON L156 H72 T21"
                },
                {
                    "id": "FDB1795",
                    "name": "DISC PAD REAR FERODO L117 H50 T18"
                },
                {
                    "id": "FDB1796",
                    "name": "DISC PAD REAR FERODO L117 H50 T18"
                },
                {
                    "id": "0986424775",
                    "name": "DISC PAD REAR BOSCH L117 H50 T18"
                },
                {
                    "id": "D3591",
                    "name": "DISC PAD REAR SAFELINE L117 H50 T17"
                },
                {
                    "id": "05P855",
                    "name": "DISC PAD REAR LPR L117 H50 T18"
                },
                {
                    "id": "05P855K",
                    "name": "DISC PAD REAR LPR L117 H50 T18"
                },
                {
                    "id": "ADB01769",
                    "name": "DISC PAD REAR NIPPON L117 H50 T17"
                },
                {
                    "id": "DR6685",
                    "name": "BRAKE DISC FV ALFA D305 H39 S70 [5]"
                },
                {
                    "id": "128.0192",
                    "name": "BRAKE DISC FV D305 H40 S70 [5]"
                },
                {
                    "id": "DDF1449",
                    "name": "BRAKE DISC FV FERODO D305 H40 S70 [5]"
                },
                {
                    "id": "DDF1451",
                    "name": "BRAKE DISC FV FERODO D305 H40 S70 [5]"
                },
                {
                    "id": "DDF1451C",
                    "name": "BRAKE DISC FV FERODO D305 H40 S70 [5]"
                },
                {
                    "id": "112-0170",
                    "name": "BRAKE DISC RS ATE D278 H45 S70 5"
                },
                {
                    "id": "DDF1452",
                    "name": "BRAKE DISC RS FERODO D278 H43 S70 [5]"
                },
                {
                    "id": "M2540117",
                    "name": "BRAKE M/CYL BETTABRAKE 25.40MM"
                },
                {
                    "id": "0986480858",
                    "name": "BRAKE M/CYL BOSCH"
                },
                {
                    "id": "0986480993",
                    "name": "BRAKE M/CYL BOSCH"
                },
                {
                    "id": "AM1154",
                    "name": "BRAKE M/CYL 25.40MM TC"
                },
                {
                    "id": "113-1306X",
                    "name": "BRAKE CALIPER GUIDE SLEEVE KIT QB"
                },
                {
                    "id": "113-1368X",
                    "name": "BRAKE CALIPER GUIDE SLEEVE KIT QB"
                }
            ]
        },
        {
            "id": "3",
            "category": "SUSPENSION COMPONENTS [FRONT]",
            "category_parts": [
                {
                    "id": "",
                    "name": ""
                },
                {
                    "id": "AF2813",
                    "name": "MOUNTING SHOCK FRNT L/R TEKNOSA"
                },
                {
                    "id": "AF2814",
                    "name": "MOUNTING SHOCK REAR L/R TEKNOSA"
                },
                {
                    "id": "VKDS342003",
                    "name": "STABILIZER LINK L102 H* ID* OD* SKF"
                },
                {
                    "id": "VKDS342004",
                    "name": "STABILIZER LINK L102 H* ID* OD* SKF"
                },
                {
                    "id": "VKDS442001",
                    "name": "STABILIZER LINK L116 H* ID* OD* SKF"
                },
                {
                    "id": "VKDS442002",
                    "name": "STABILIZER LINK L116 H* ID* OD* SKF"
                },
                {
                    "id": "VKDS322008B",
                    "name": "CONTROL ARM L* SKF"
                },
                {
                    "id": "VKDS322009B",
                    "name": "CONTROL ARM L* SKF"
                },
                {
                    "id": "VKDS322010B",
                    "name": "CONTROL ARM L* SKF"
                },
                {
                    "id": "VKDS322011B",
                    "name": "CONTROL ARM L* SKF"
                },
                {
                    "id": "VKDS322013B",
                    "name": "CONTROL ARM L* SKF"
                },
                {
                    "id": "VKDS332028",
                    "name": "C/ARM BUSH L* H* ID* OD* SKF"
                },
                {
                    "id": "VKDS332029",
                    "name": "C/ARM BUSH L* H* ID* OD* SKF"
                },
                {
                    "id": "VKDS332032",
                    "name": "C/ARM BUSH L* H* ID* OD* SKF"
                },
                {
                    "id": "VKDS332000",
                    "name": "C/ARM BUSH L* H107 ID31 OD97.5 SKF"
                },
                {
                    "id": "VKDS332001",
                    "name": "C/ARM BUSH L* H107 ID31 OD97.5 SKF"
                }
            ]
        },
        {
            "id": "4",
            "category": "SUSPENSION COMPONENTS [REAR]",
            "category_parts": [
                {
                    "id": "",
                    "name": ""
                },
                {
                    "id": "341701",
                    "name": "SHOCK REAR KYB"
                },
                {
                    "id": "FEB38584",
                    "name": "STRUT MOUNTING REAR FEBI"
                },
                {
                    "id": "VKDS332028",
                    "name": "C/ARM BUSH L* H* ID* OD* SKF"
                },
                {
                    "id": "VKDS332029",
                    "name": "C/ARM BUSH L* H* ID* OD* SKF"
                },
                {
                    "id": "VKDS332032",
                    "name": "C/ARM BUSH L* H* ID* OD* SKF"
                },
                {
                    "id": "VKDS332000",
                    "name": "C/ARM BUSH L* H107 ID31 OD97.5 SKF"
                },
                {
                    "id": "VKDS332001",
                    "name": "C/ARM BUSH L* H107 ID31 OD97.5 SKF"
                },
                {
                    "id": "VKDS342003",
                    "name": "STABILIZER LINK L102 H* ID* OD* SKF"
                },
                {
                    "id": "VKDS342004",
                    "name": "STABILIZER LINK L102 H* ID* OD* SKF"
                },
                {
                    "id": "VKDS442001",
                    "name": "STABILIZER LINK L116 H* ID* OD* SKF"
                },
                {
                    "id": "VKDS442002",
                    "name": "STABILIZER LINK L116 H* ID* OD* SKF"
                },
                {
                    "id": "VKDS322008B",
                    "name": "CONTROL ARM L* SKF"
                },
                {
                    "id": "VKDS322009B",
                    "name": "CONTROL ARM L* SKF"
                },
                {
                    "id": "VKDS322010B",
                    "name": "CONTROL ARM L* SKF"
                },
                {
                    "id": "VKDS322011B",
                    "name": "CONTROL ARM L* SKF"
                },
                {
                    "id": "VKDS322013B",
                    "name": "CONTROL ARM L* SKF"
                }
            ]
        },
        {
            "id": "5",
            "category": "COOLING SYSTEM",
            "category_parts": [
                {
                    "id": "",
                    "name": ""
                },
                {
                    "id": "VKPC85308",
                    "name": "WATER PUMP SKF"
                },
                {
                    "id": "WP45199",
                    "name": "WATER PUMP AIRTEX"
                },
                {
                    "id": "PA957",
                    "name": "WATER PUMP GRAF"
                },
                {
                    "id": "W17342",
                    "name": "WATER PUMP AZ"
                },
                {
                    "id": "QCP1251",
                    "name": "WATER PUMP ECHLIN"
                },
                {
                    "id": "O-123",
                    "name": "WATER PUMP DOLZ"
                },
                {
                    "id": "534012430",
                    "name": "FAN BELT TENSIONER INA"
                },
                {
                    "id": "VKM34027",
                    "name": "TENSIONER V-BELT PULLEY [OD:82 W:22] SKF"
                },
                {
                    "id": "FEB21061",
                    "name": "FAN BELT TENSIONER FEBI"
                },
                {
                    "id": "06803",
                    "name": "FAN BELT TENSIONER OSSCA/ATS"
                }
            ]
        },
        {
            "id": "6",
            "category": "CLUTCH COMPONENTS",
            "category_parts": [
                {
                    "id": "",
                    "name": ""
                },
                {
                    "id": "M1590169",
                    "name": "CLUTCH M/CYL BETTABRAKE 15.87MM"
                },
                {
                    "id": "CM159.2411",
                    "name": "CLUTCH M/CYL PQ"
                },
                {
                    "id": "0986486589",
                    "name": "CONCENTRIC S/CYL BOSCH"
                },
                {
                    "id": "0986486591",
                    "name": "CONCENTRIC S/CYL BOSCH"
                },
                {
                    "id": "510010110",
                    "name": "CONCENTRIC S/CYL LUK"
                },
                {
                    "id": "510010410",
                    "name": "CONCENTRIC S/CYL LUK"
                },
                {
                    "id": "510018010",
                    "name": "CONCENTRIC S/CYL LUK"
                },
                {
                    "id": "31.CSC.0013",
                    "name": "CONCENTRIC S/CYL HYDRADRIVE"
                },
                {
                    "id": "SCSC0039",
                    "name": "CLUTCH CONCENTRIC S/CYL BETTABRAKE"
                },
                {
                    "id": "SCSC0013",
                    "name": "CONCENTRIC S/CYL BETTABRAKE"
                },
                {
                    "id": "CSAL02",
                    "name": "CONCENTRIC S/CYL VALEO"
                },
                {
                    "id": "CPD.OPE2109C",
                    "name": "CONCENTRIC S/CYL CPD 34.00MM"
                },
                {
                    "id": "CS340.2407",
                    "name": "CLUTCH S/CYL PQ"
                },
                {
                    "id": "3000970016",
                    "name": "CLUTCH KIT SACHS"
                }
            ]
        },
        {
            "id": "8",
            "category": "DRIVESHAFT COMPONENTS",
            "category_parts": [
                {
                    "id": "",
                    "name": ""
                },
                {
                    "id": "VKJP01001",
                    "name": "CV BOOT KIT OUTER SKF"
                },
                {
                    "id": "VKJP01001S",
                    "name": "CV BOOT KIT OUTER SKF"
                },
                {
                    "id": "VKJP01019",
                    "name": "CV BOOT KIT OUTER SKF"
                },
                {
                    "id": "VKJP3339",
                    "name": "CV BOOT KIT OUTER SKF"
                },
                {
                    "id": "VKJP01021",
                    "name": "DRIVESHAFT KIT SKF"
                },
                {
                    "id": "VKJC1907",
                    "name": "DRIVESHAFT KIT SKF"
                }
            ]
        },
        {
            "id": "9",
            "category": "FUEL SYSTEM",
            "category_parts": [
                {
                    "id": "",
                    "name": ""
                },
                {
                    "id": "INTANK",
                    "name": "FUEL FILTER IN TANK LIFETIME"
                },
                {
                    "id": "0280218164",
                    "name": "AIR-MASS METER BOSCH"
                }
            ]
        },
        {
            "id": "10",
            "category": "TIMING COMPONENTS",
            "category_parts": [
                {
                    "id": "",
                    "name": ""
                },
                {
                    "id": "1987948406",
                    "name": "T/BELT KIT BOSCH"
                },
                {
                    "id": "VKMV3SK977",
                    "name": "MULTI-GROOVE BELT SKF"
                },
                {
                    "id": "VKMV5PK1072",
                    "name": "MULTI-GROOVE BELT SKF"
                },
                {
                    "id": "VKMV5PK1073",
                    "name": "MULTI-GROOVE BELT SKF"
                },
                {
                    "id": "FEB33046",
                    "name": "TIMING CHAIN KIT"
                },
                {
                    "id": "VKM34027",
                    "name": "TENSIONER V-BELT PULLEY [OD:82 W:22] SKF"
                },
                {
                    "id": "T38177",
                    "name": "T/BELT TENSIONER GATES"
                }
            ]
        },
        {
            "id": "11",
            "category": "CYLINDER HEAD COMPONENTS",
            "category_parts": [
                {
                    "id": "",
                    "name": ""
                },
                {
                    "id": "AG9580",
                    "name": "CYL HEAD GASKET"
                },
                {
                    "id": "KG5337",
                    "name": "INTAKE MANIFOLD GASKET"
                },
                {
                    "id": "JD5868",
                    "name": "EXHAUST MANIFOLD GASKET"
                },
                {
                    "id": "GV380",
                    "name": "FULL GASKET SET"
                },
                {
                    "id": "15-38833-01",
                    "name": "CYL HEAD COVER GASKET VR"
                },
                {
                    "id": "94963",
                    "name": "VALVE EXHAUST AE [30.1X6X100.9]"
                },
                {
                    "id": "94962",
                    "name": "VALVE INLET [35.15X6X102.2]"
                },
                {
                    "id": "RVG45199",
                    "name": "VALVE GUIDE AE [10.03X6X36]"
                }
            ]
        },
        {
            "id": "12",
            "category": "ENGINE SUB ASSEMBLY",
            "category_parts": [
                {
                    "id": "",
                    "name": ""
                },
                {
                    "id": "RR61020",
                    "name": "RINGSET FED 84MM 1.2/1.5/3MM"
                },
                {
                    "id": "W2920",
                    "name": "THRUST WASHER SET AE"
                },
                {
                    "id": "9914",
                    "name": "MAIN BRG SEAL"
                },
                {
                    "id": "NB806",
                    "name": "MAIN BRG SEAL [9010411]"
                }
            ]
        },
        {
            "id": "13",
            "category": "MOUNTINGS ",
            "category_parts": [
                {
                    "id": "",
                    "name": ""
                },
                {
                    "id": "AF2813",
                    "name": "MOUNTING SHOCK FRNT L/R TEKNOSA"
                },
                {
                    "id": "AF2814",
                    "name": "MOUNTING SHOCK REAR L/R TEKNOSA"
                },
                {
                    "id": "FEB38584",
                    "name": "STRUT MOUNTING REAR FEBI"
                }
            ]
        },
        {
            "id": "15",
            "category": "ALTERNATOR COMPONENTS",
            "category_parts": [
                {
                    "id": "",
                    "name": ""
                },
                {
                    "id": "0124425112",
                    "name": "ALTERNATOR BOSCH"
                },
                {
                    "id": "VKM03205",
                    "name": "ALT PULLEY [G:5 W:42.8 ID:17 OD:60] SKF"
                },
                {
                    "id": "534012430",
                    "name": "FAN BELT TENSIONER INA"
                },
                {
                    "id": "VKM34027",
                    "name": "TENSIONER V-BELT PULLEY [OD:82 W:22] SKF"
                },
                {
                    "id": "FEB21061",
                    "name": "FAN BELT TENSIONER FEBI"
                }
            ]
        },
        {
            "id": "16",
            "category": "BODY PARTS FRONT AND REAR",
            "category_parts": [
                {
                    "id": "",
                    "name": ""
                },
                {
                    "id": "G66144",
                    "name": "BULB H/LIGHT LOW BEAM [XENON]"
                },
                {
                    "id": "G64210",
                    "name": "BULB HEADLIGHT LOW BEAM"
                },
                {
                    "id": "HB467",
                    "name": "BULB HEADLIGHT LOW BEAM ATS"
                },
                {
                    "id": "G64210",
                    "name": "BULB HEADLIGHT HIGH BEAM"
                },
                {
                    "id": "G64150",
                    "name": "BULB H/LIGHT HIGH BEAM [XENON]"
                },
                {
                    "id": "G2825",
                    "name": "BULB PARK LIGHT FRNT"
                },
                {
                    "id": "G501",
                    "name": "BULB PARK LIGHT FRNT ATS"
                },
                {
                    "id": "G7507",
                    "name": "BULB FLASHER FRNT"
                },
                {
                    "id": "G64150",
                    "name": "BULB FOG LIGHT FRNT"
                },
                {
                    "id": "HB448",
                    "name": "BULB FOG LIGHT FRNT ATS"
                },
                {
                    "id": "G2827",
                    "name": "BULB SIDE MARKER"
                },
                {
                    "id": "G7506",
                    "name": "BULB TAILIGHT"
                },
                {
                    "id": "G7528",
                    "name": "BULB STOPLIGHT"
                },
                {
                    "id": "G7506",
                    "name": "BULB REVERSE LIGHT"
                },
                {
                    "id": "G7507",
                    "name": "BULB FLASHER REAR"
                },
                {
                    "id": "G7506",
                    "name": "BULB FOG LIGHT REAR"
                },
                {
                    "id": "G1073",
                    "name": "BULB FOG LIGHT REAR ATS"
                },
                {
                    "id": "G2825",
                    "name": "BULB LICENSE PLATE"
                },
                {
                    "id": "LED",
                    "name": "BULB HI-MOUNT STOPLIGHT"
                }
            ]
        },
        {
            "id": "17",
            "category": "SWITCHES \u0026 ACCESSORIES",
            "category_parts": [
                {
                    "id": "",
                    "name": ""
                },
                {
                    "id": "S646",
                    "name": "BATTERY SABAT"
                },
                {
                    "id": "F646",
                    "name": "BATTERY EXIDE/MIDAS"
                },
                {
                    "id": "W646",
                    "name": "BATTERY WILLARD"
                },
                {
                    "id": "3397004914",
                    "name": "WIPER BLADE FRNT PASS BOSCH"
                },
                {
                    "id": "DXR45",
                    "name": "WIPER BLADE FRNT [PASS] CHAMPION"
                },
                {
                    "id": "DXR58A",
                    "name": "WIPER BLADE FRNT [PASS] CHAMPION"
                },
                {
                    "id": "EU45",
                    "name": "WIPER BLADE FRNT [PASS] CHAMPION"
                },
                {
                    "id": "EU58",
                    "name": "WIPER BLADE FRNT [PASS] CHAMPION"
                },
                {
                    "id": "KF58Z",
                    "name": "WIPER BLADE KIT FRNT CHAMPION"
                },
                {
                    "id": "3397005822",
                    "name": "WIPER BLADE KIT FRNT BOSCH"
                }
            ]
        },
        {
            "id": "18",
            "category": "GASKETS ",
            "category_parts": [
                {
                    "id": "",
                    "name": ""
                },
                {
                    "id": "GV380",
                    "name": "FULL GASKET SET"
                },
                {
                    "id": "KG5337",
                    "name": "INTAKE MANIFOLD GASKET"
                },
                {
                    "id": "JD5868",
                    "name": "EXHAUST MANIFOLD GASKET"
                },
                {
                    "id": "AG9580",
                    "name": "CYL HEAD GASKET"
                }
            ]
        },
        {
            "id": "20",
            "category": "SEALS ",
            "category_parts": [
                {
                    "id": "",
                    "name": ""
                },
                {
                    "id": "9914",
                    "name": "MAIN BRG SEAL"
                },
                {
                    "id": "NB806",
                    "name": "MAIN BRG SEAL [9010411]"
                }
            ]
        },
        {
            "id": "23",
            "category": "LUBRICANTS",
            "category_parts": [
                {
                    "id": "",
                    "name": ""
                },
                {
                    "id": "550053715",
                    "name": "ENGINE OIL SHELL HELIX ULTRA 5W40 5L"
                }
            ]
        },
        {
            "id": "24",
            "category": "WHEEL BEARINGS",
            "category_parts": [
                {
                    "id": "",
                    "name": ""
                },
                {
                    "id": "VKBA6582",
                    "name": "WHEEL BRG KIT FRNT SKF"
                },
                {
                    "id": "VKBA6584",
                    "name": "WHEEL BRG KIT REAR SKF"
                }
            ]
        },
        {
            "id": "26",
            "category": "STEERING",
            "category_parts": [
                {
                    "id": "",
                    "name": ""
                },
                {
                    "id": "VKDY322009",
                    "name": "STEERING RACK END L230 SKF"
                },
                {
                    "id": "VKDY312008",
                    "name": "TIE ROD END L116 SKF"
                },
                {
                    "id": "VKDY312009",
                    "name": "TIE ROD END L116 SKF"
                }
            ]
        },
        {
            "id": "27",
            "category": "BEARINGS",
            "category_parts": [
                {
                    "id": "",
                    "name": ""
                },
                {
                    "id": "VKBA6582",
                    "name": "WHEEL BRG KIT FRNT SKF"
                },
                {
                    "id": "VKBA6584",
                    "name": "WHEEL BRG KIT REAR SKF"
                },
                {
                    "id": "VKDS322008B",
                    "name": "CONTROL ARM L* SKF"
                },
                {
                    "id": "VKDS322009B",
                    "name": "CONTROL ARM L* SKF"
                },
                {
                    "id": "VKDS322010B",
                    "name": "CONTROL ARM L* SKF"
                },
                {
                    "id": "VKDS322011B",
                    "name": "CONTROL ARM L* SKF"
                },
                {
                    "id": "VKDS322013B",
                    "name": "CONTROL ARM L* SKF"
                }
            ]
        },
        {
            "id": "27",
            "category": "BEARINGS",
            "category_parts": [
                {
                    "id": "",
                    "name": ""
                },
                {
                    "id": "VKBA6582",
                    "name": "WHEEL BRG KIT FRNT SKF"
                },
                {
                    "id": "VKBA6584",
                    "name": "WHEEL BRG KIT REAR SKF"
                },
                {
                    "id": "VKDS322008B",
                    "name": "CONTROL ARM L* SKF"
                },
                {
                    "id": "VKDS322009B",
                    "name": "CONTROL ARM L* SKF"
                },
                {
                    "id": "VKDS322010B",
                    "name": "CONTROL ARM L* SKF"
                },
                {
                    "id": "VKDS322011B",
                    "name": "CONTROL ARM L* SKF"
                },
                {
                    "id": "VKDS322013B",
                    "name": "CONTROL ARM L* SKF"
                }
            ]
        }
    ]
}
