{
    "id": "68",
    "parts": [
        {
            "id": "1",
            "category": "SERVICE PARTS",
            "category_parts": [
                {
                    "id": "",
                    "name": ""
                },
                {
                    "id": "G837",
                    "name": "OIL FILTER GUD CARTRIDGE H160 OD73 IDT33 IDB33"
                },
                {
                    "id": "CH945",
                    "name": "OIL FILTER FRAM"
                },
                {
                    "id": "AG442",
                    "name": "AIR FILTER GUD"
                },
                {
                    "id": "AG442FRAM",
                    "name": "AIR FILTER FRAM"
                },
                {
                    "id": "G908",
                    "name": "FUEL FILTER CARTRIDGE GUD"
                },
                {
                    "id": "G4187",
                    "name": "FUEL FILTER FRAM"
                },
                {
                    "id": "B7ES",
                    "name": "SPARK PLUG NGK"
                },
                {
                    "id": "OE008",
                    "name": "SPARK PLUG CHAMPION"
                },
                {
                    "id": "0242242505",
                    "name": "SPARK PLUG BOSCH"
                },
                {
                    "id": "0242245519",
                    "name": "SPARK PLUG BOSCH"
                },
                {
                    "id": "0242245552",
                    "name": "SPARK PLUG BOSCH"
                },
                {
                    "id": "WR5DC+",
                    "name": "SPARK PLUG BOSCH SUPER +"
                },
                {
                    "id": "WR56",
                    "name": "SPARK PLUG BOSCH SUPER 4"
                },
                {
                    "id": "ATE102",
                    "name": "DISC PAD FRNT ATE L62 H57 T15"
                },
                {
                    "id": "FDB3M",
                    "name": "DISC PAD FRNT FERODO L56 H53 T15"
                },
                {
                    "id": "FDB2H",
                    "name": "DISC PAD FRNT FERODO L62 H56 T15"
                },
                {
                    "id": "FDB2M",
                    "name": "DISC PAD FRNT FERODO L62 H56 T15"
                },
                {
                    "id": "D101",
                    "name": "DISC PAD FRNT SAFELINE L56 H53 T14"
                },
                {
                    "id": "D111",
                    "name": "DISC PAD FRNT SAFELINE L56 H53 T15"
                },
                {
                    "id": "D102",
                    "name": "DISC PAD FRNT SAFELINE L62 H56 T15"
                },
                {
                    "id": "ATE101",
                    "name": "DISC PAD REAR ATE L56 H53 T15"
                },
                {
                    "id": "FDB704",
                    "name": "DISC PAD REAR FERODO L62 H56 T15"
                },
                {
                    "id": "0986495141",
                    "name": "DISC PAD REAR BOSCH L62 H57 T15"
                },
                {
                    "id": "0986495078",
                    "name": "DISC PAD REAR BOSCH L62 H57 T16"
                },
                {
                    "id": "D4053",
                    "name": "DISC PAD REAR SAFELINE L62 H57 T15"
                },
                {
                    "id": "05P025",
                    "name": "DISC PAD REAR LPR"
                },
                {
                    "id": "05P024",
                    "name": "DISC PAD REAR LPR L62 H56"
                },
                {
                    "id": "ADB0126",
                    "name": "DISC PAD REAR NIPPON L0 H0 T0"
                },
                {
                    "id": "3359766",
                    "name": "ENGINE OIL CASTROL GTX 20W50 5L"
                },
                {
                    "id": "550039899",
                    "name": "ENGINE OIL SHELL HELIX HX3 20W50 5L"
                },
                {
                    "id": "550040629",
                    "name": "ENGINE OIL SHELL HELIX HX5H 25W60 5L"
                }
            ]
        },
        {
            "id": "2",
            "category": "BRAKES",
            "category_parts": [
                {
                    "id": "",
                    "name": ""
                },
                {
                    "id": "ATE102",
                    "name": "DISC PAD FRNT ATE L62 H57 T15"
                },
                {
                    "id": "FDB3M",
                    "name": "DISC PAD FRNT FERODO L56 H53 T15"
                },
                {
                    "id": "FDB2H",
                    "name": "DISC PAD FRNT FERODO L62 H56 T15"
                },
                {
                    "id": "FDB2M",
                    "name": "DISC PAD FRNT FERODO L62 H56 T15"
                },
                {
                    "id": "D101",
                    "name": "DISC PAD FRNT SAFELINE L56 H53 T14"
                },
                {
                    "id": "D111",
                    "name": "DISC PAD FRNT SAFELINE L56 H53 T15"
                },
                {
                    "id": "D102",
                    "name": "DISC PAD FRNT SAFELINE L62 H56 T15"
                },
                {
                    "id": "ATE101",
                    "name": "DISC PAD REAR ATE L56 H53 T15"
                },
                {
                    "id": "FDB704",
                    "name": "DISC PAD REAR FERODO L62 H56 T15"
                },
                {
                    "id": "0986495141",
                    "name": "DISC PAD REAR BOSCH L62 H57 T15"
                },
                {
                    "id": "0986495078",
                    "name": "DISC PAD REAR BOSCH L62 H57 T16"
                },
                {
                    "id": "D4053",
                    "name": "DISC PAD REAR SAFELINE L62 H57 T15"
                },
                {
                    "id": "05P025",
                    "name": "DISC PAD REAR LPR"
                },
                {
                    "id": "05P024",
                    "name": "DISC PAD REAR LPR L62 H56"
                },
                {
                    "id": "ADB0126",
                    "name": "DISC PAD REAR NIPPON L0 H0 T0"
                },
                {
                    "id": "DDF036",
                    "name": "BRAKE DISC FS FERODO D267 H70 S82 [4]"
                },
                {
                    "id": "DDF002",
                    "name": "BRAKE DISC RS FERODO D267 H64 S70 [4]"
                },
                {
                    "id": "FWI227",
                    "name": "DISC PAD SENSOR FRNT [L94MM] FERODO"
                },
                {
                    "id": "30.222.0074",
                    "name": "BRAKE M/CYL HYDRADRIVE 22.22MM"
                },
                {
                    "id": "M2220074",
                    "name": "BRAKE M/CYL BETTABRAKE 22.22MM"
                },
                {
                    "id": "M2220189",
                    "name": "BRAKE M/CYL BETTABRAKE 22.22MM"
                },
                {
                    "id": "BM222.2400",
                    "name": "BRAKE M/CYL PQ"
                },
                {
                    "id": "SEA7693E",
                    "name": "BRAKE M/CYL KIT 20.64MM CPD"
                },
                {
                    "id": "SEA7127E",
                    "name": "BRAKE M/CYL KIT 22.22MM CPD"
                },
                {
                    "id": "SEA7519E",
                    "name": "BRAKE M/CYL KIT 22.22MM CPD"
                },
                {
                    "id": "RK1.22.10",
                    "name": "BRAKE M/CYL KIT LMB"
                },
                {
                    "id": "RK1.22.02",
                    "name": "BRAKE M/CYL KIT [BONALDI] LMB"
                },
                {
                    "id": "P7623X",
                    "name": "BRAKE M/CYL KIT 20.64MM PQ"
                },
                {
                    "id": "BMK206.7693",
                    "name": "BRAKE M/CYL KIT PQ"
                },
                {
                    "id": "SEA541E",
                    "name": "W/CYL KIT REAR 23.81MM CPD"
                },
                {
                    "id": "SEA642E",
                    "name": "W/CYL KIT REAR 44.45MM CPD"
                },
                {
                    "id": "CK38.0641",
                    "name": "W/CYL KIT REAR PQ"
                },
                {
                    "id": "CK48.4572",
                    "name": "W/CYL KIT REAR PQ"
                },
                {
                    "id": "1039-1",
                    "name": "ANTI-RATTLE CLIP FRNT [FDB11] BHCS"
                },
                {
                    "id": "903-1",
                    "name": "ANTI-RATTLE CLIP FRNT [FDB2] BHCS"
                },
                {
                    "id": "SEA1038E",
                    "name": "CALIPER KIT FRNT 48.00MM CPD"
                },
                {
                    "id": "SEA535E",
                    "name": "CALIPER KIT FRNT 48.00MM CPD"
                },
                {
                    "id": "SEA1039E",
                    "name": "CALIPER KIT FRNT 60.00MM CPD"
                },
                {
                    "id": "P535S",
                    "name": "CALIPER KIT FRNT 48MM PQ"
                },
                {
                    "id": "RK5.48.02",
                    "name": "CALIPER KIT LMB"
                },
                {
                    "id": "RK5.38.02",
                    "name": "CALIPER KIT [REAR] LMB"
                },
                {
                    "id": "905-1",
                    "name": "ANTI-RATTLE CLIP REAR BHCS"
                },
                {
                    "id": "SEA641E",
                    "name": "CALIPER KIT REAR 38.00MM CPD"
                },
                {
                    "id": "SEA691E",
                    "name": "CALIPER KIT REAR 38.00MM CPD"
                },
                {
                    "id": "P641S",
                    "name": "CALIPER KIT REAR 38MM PQ"
                }
            ]
        },
        {
            "id": "3",
            "category": "SUSPENSION COMPONENTS [FRONT]",
            "category_parts": [
                {
                    "id": "",
                    "name": ""
                },
                {
                    "id": "GA2055",
                    "name": "SHOCK FRNT MONROE [DISCONTINUED]"
                },
                {
                    "id": "G45122",
                    "name": "SHOCK FRNT GABRIEL"
                },
                {
                    "id": "443114",
                    "name": "SHOCK FRNT KYB[OIL]"
                },
                {
                    "id": "BJ630",
                    "name": "BALL JOINT LOWER PQ"
                },
                {
                    "id": "DE1100",
                    "name": "STABILIZER LINK FRNT TC"
                },
                {
                    "id": "DE1101",
                    "name": "STABILIZER LINK FRNT TC"
                }
            ]
        },
        {
            "id": "4",
            "category": "SUSPENSION COMPONENTS [REAR]",
            "category_parts": [
                {
                    "id": "",
                    "name": ""
                },
                {
                    "id": "R2554",
                    "name": "SHOCK REAR MONROE [DISCONTINUED]"
                },
                {
                    "id": "45464",
                    "name": "SHOCK REAR GABRIEL"
                },
                {
                    "id": "443126",
                    "name": "SHOCK REAR KYB[OIL]"
                }
            ]
        },
        {
            "id": "5",
            "category": "COOLING SYSTEM",
            "category_parts": [
                {
                    "id": "",
                    "name": ""
                },
                {
                    "id": "RG3-10",
                    "name": "RADIATOR CAP DOUBLE SEAL ECHLIN"
                },
                {
                    "id": "41901",
                    "name": "RADIATOR CAP PRES/BUTTON 70 KP OSSCA/ATS"
                },
                {
                    "id": "TG3-10",
                    "name": "RADIATOR CAP [SINGLE SEAL] RAM"
                },
                {
                    "id": "TG3-10M",
                    "name": "RADIATOR CAP MP"
                },
                {
                    "id": "6255",
                    "name": "THERMOSTAT [54MM 83C] ECHLIN"
                },
                {
                    "id": "6255M",
                    "name": "THERMOSTAT [54MM 83C] MOTOPART"
                },
                {
                    "id": "235.82",
                    "name": "THERMOSTAT [54MM 83C] HELLA"
                },
                {
                    "id": "VKPC82403",
                    "name": "WATER PUMP SKF"
                },
                {
                    "id": "NWP1005",
                    "name": "WATER PUMP PI"
                },
                {
                    "id": "NWP1010",
                    "name": "WATER PUMP PI"
                },
                {
                    "id": "NWP1005M",
                    "name": "WATER PUMP"
                },
                {
                    "id": "NWP1010M",
                    "name": "WATER PUMP"
                },
                {
                    "id": "W17200",
                    "name": "WATER PUMP ALFA SINGLE OUTLET AZ"
                },
                {
                    "id": "A-135",
                    "name": "WATER PUMP DOLZ"
                },
                {
                    "id": "A-132",
                    "name": "WATER PUMP DOLZ [63-67]"
                },
                {
                    "id": "PG210",
                    "name": "FANBELT RAM"
                },
                {
                    "id": "PG213",
                    "name": "FANBELT RAM"
                },
                {
                    "id": "PG215",
                    "name": "FANBELT RAM"
                }
            ]
        },
        {
            "id": "6",
            "category": "CLUTCH COMPONENTS",
            "category_parts": [
                {
                    "id": "",
                    "name": ""
                },
                {
                    "id": "SEA7561E",
                    "name": "CLUTCH M/CYL KIT 17.46MM CPD"
                },
                {
                    "id": "30.175.0008",
                    "name": "CLUTCH M/CYL HYDRADRIVE 17.46MM"
                },
                {
                    "id": "M1750008",
                    "name": "CLUTCH M/CYL BETTABRAKE 17.46MM"
                },
                {
                    "id": "M1750014",
                    "name": "CLUTCH M/CYL BETTABRAKE 17.46MM"
                },
                {
                    "id": "CM175.2405",
                    "name": "CLUTCH M/CYL PQ"
                },
                {
                    "id": "CMK175.7561",
                    "name": "CLUTCH M/CYL KIT PQ"
                },
                {
                    "id": "P7561X",
                    "name": "CLUTCH M/CYL KIT PQ"
                },
                {
                    "id": "RK7.17.02",
                    "name": "CLUTCH M/CYL KIT LMB"
                },
                {
                    "id": "RK7.19.01",
                    "name": "CLUTCH M/CYL KIT [BONALDI] LMB"
                },
                {
                    "id": "SEA1014E",
                    "name": "CLUTCH S/CYL KIT 25.40MM CPD"
                },
                {
                    "id": "SEA689E",
                    "name": "CLUTCH S/CYL KIT 25.40MM CPD"
                },
                {
                    "id": "31.254.0004",
                    "name": "CLUTCH S/CYL HYDRADRIVE 25.40MM"
                },
                {
                    "id": "S2540004",
                    "name": "CLUTCH S/CYL BETTABRAKE 25.40MM"
                },
                {
                    "id": "CS254.2401",
                    "name": "CLUTCH S/CYL PQ"
                },
                {
                    "id": "CSK254.1014P",
                    "name": "CLUTCH S/CYL KIT 25.40 [+PIST] PQ"
                },
                {
                    "id": "P1014S-PIST",
                    "name": "CLUTCH S/CYL KIT 25.40 [+PIST] PQ"
                },
                {
                    "id": "P1014S",
                    "name": "CLUTCH S/CYL KIT 25.40 [-PIST] PQ"
                },
                {
                    "id": "RK8.25.03",
                    "name": "CLUTCH S/CYL KIT ATE"
                },
                {
                    "id": "RK8.25.10",
                    "name": "CLUTCH S/CYL KIT [BENDIX]"
                },
                {
                    "id": "RB9035",
                    "name": "CLUTCH RELEASE BRG PQ"
                },
                {
                    "id": "3000007002",
                    "name": "CLUTCH KIT SACHS"
                }
            ]
        },
        {
            "id": "7",
            "category": "IGNITION SYSTEM",
            "category_parts": [
                {
                    "id": "",
                    "name": ""
                },
                {
                    "id": "CS313",
                    "name": "DISTRIBUTOR POINTS ECHLIN"
                },
                {
                    "id": "CP313",
                    "name": "DISTRIBUTOR POINTS ATS"
                },
                {
                    "id": "EP263",
                    "name": "DISTRIBUTOR CONDENSER ECHLIN"
                },
                {
                    "id": "EP143",
                    "name": "DISTRIBUTOR ROTOR ECHLIN"
                },
                {
                    "id": "EP131",
                    "name": "DISTRIBUTOR CAP ECHLIN"
                },
                {
                    "id": "S00-103",
                    "name": "PLUG WIRE SET BOUGICORD"
                },
                {
                    "id": "08-131",
                    "name": "PLUG WIRE SET"
                },
                {
                    "id": "IC15",
                    "name": "IGN COIL ELEC [2 PIN]"
                },
                {
                    "id": "IC90",
                    "name": "IGN COIL ELEC [BOSCH +PIN]"
                },
                {
                    "id": "IC70",
                    "name": "IGN COIL ELEC [BOSCH STD -PIN]"
                },
                {
                    "id": "IC31",
                    "name": "IGNITION COIL STD [-RESISTOR] ECHLIN"
                },
                {
                    "id": "IC12",
                    "name": "IGNITION COIL [3 PIN] [-RESISTOR] ECHLIN"
                },
                {
                    "id": "110003",
                    "name": "IGN COIL ELEC [BOSCH +PIN]"
                },
                {
                    "id": "110005",
                    "name": "IGN COIL ELEC [LUCAS]"
                },
                {
                    "id": "110001",
                    "name": "IGNITION COIL STD [-RESISTOR] HUCO"
                },
                {
                    "id": "ICU12",
                    "name": "IGNITION COIL OSSCA/ATS"
                },
                {
                    "id": "ICU15",
                    "name": "IGNITION COIL OSSCA/ATS"
                },
                {
                    "id": "IC012042",
                    "name": "IGNITION COIL KAIZEN"
                },
                {
                    "id": "IC330003",
                    "name": "IGNITION COIL KAIZEN"
                }
            ]
        },
        {
            "id": "8",
            "category": "DRIVESHAFT COMPONENTS",
            "category_parts": [
                {
                    "id": "",
                    "name": ""
                },
                {
                    "id": "RK200M",
                    "name": "CV BOOT KIT OUTER"
                },
                {
                    "id": "CV21K",
                    "name": "CV BOOT KIT OUTER PQ"
                },
                {
                    "id": "RK601M",
                    "name": "CV BOOT KIT INNER"
                },
                {
                    "id": "CV12K",
                    "name": "CV BOOT KIT INNER PQ"
                },
                {
                    "id": "GU500",
                    "name": "UNIVERSAL JOINT C23.8 X56.6 OC"
                },
                {
                    "id": "GU410",
                    "name": "UNIVERSAL JOINT IMPORT P/SHAFT"
                },
                {
                    "id": "407210",
                    "name": "PINION OIL SEAL PQ"
                }
            ]
        },
        {
            "id": "9",
            "category": "FUEL SYSTEM",
            "category_parts": [
                {
                    "id": "",
                    "name": ""
                },
                {
                    "id": "NFP1000",
                    "name": "FUEL PUMP PI"
                },
                {
                    "id": "FP200",
                    "name": "FUEL PUMP AZ"
                },
                {
                    "id": "G908",
                    "name": "FUEL FILTER CARTRIDGE GUD"
                },
                {
                    "id": "G4187",
                    "name": "FUEL FILTER FRAM"
                },
                {
                    "id": "CK68WE",
                    "name": "CARBURETTOR KIT [WEBER 40DCOE]"
                }
            ]
        },
        {
            "id": "10",
            "category": "TIMING COMPONENTS",
            "category_parts": [
                {
                    "id": "",
                    "name": ""
                },
                {
                    "id": "DR110",
                    "name": "TIMING CHAIN"
                },
                {
                    "id": "DR48",
                    "name": "TIMING CHAIN"
                },
                {
                    "id": "DR110M",
                    "name": "TIMING CHAIN MP"
                },
                {
                    "id": "DR48M",
                    "name": "TIMING CHAIN MP"
                }
            ]
        },
        {
            "id": "11",
            "category": "CYLINDER HEAD COMPONENTS",
            "category_parts": [
                {
                    "id": "",
                    "name": ""
                },
                {
                    "id": "AF370",
                    "name": "CYLINDER HEAD GASKET"
                },
                {
                    "id": "JM664",
                    "name": "VALVE COVER GASKET PAYEN"
                },
                {
                    "id": "JA840",
                    "name": "INTAKE MANIFOLD GASKET"
                },
                {
                    "id": "JA829",
                    "name": "EXHAUST MANIFOLD GASKET"
                },
                {
                    "id": "MMG0016",
                    "name": "EXHAUST MANIFOLD GASKET"
                },
                {
                    "id": "256-291",
                    "name": "EXHAUST GASKET INTERMEDIATE BOSAL"
                },
                {
                    "id": "256-300",
                    "name": "FLANGE GASKET ALFA (2 PER CAR) BOSAL"
                },
                {
                    "id": "FF377",
                    "name": "GASKET SET FULL SET"
                },
                {
                    "id": "FF37G",
                    "name": "GASKET SET FULL SET"
                },
                {
                    "id": "RV33830",
                    "name": "VALVE EXHAUST"
                },
                {
                    "id": "33830",
                    "name": "VALVE EXHAUST TRW"
                },
                {
                    "id": "RV33829",
                    "name": "VALVE INLET"
                },
                {
                    "id": "33829",
                    "name": "VALVE INLET TRW"
                },
                {
                    "id": "RVG12001",
                    "name": "VALVE GUIDE INLET/EXHAUST"
                },
                {
                    "id": "KG913",
                    "name": "VALVE STEM SEAL"
                },
                {
                    "id": "RK12002",
                    "name": "SLEEVE KIT ALFA 1600 78MM"
                },
                {
                    "id": "OFC-79",
                    "name": "OIL FILLER CAP"
                },
                {
                    "id": "5625-003",
                    "name": "OIL FILLER CAP ECHLIN"
                },
                {
                    "id": "00484",
                    "name": "OIL FILLER CAP OSSCA/ATS"
                },
                {
                    "id": "FEB02113",
                    "name": "OIL FILLER CAP FEBI"
                }
            ]
        },
        {
            "id": "12",
            "category": "ENGINE SUB ASSEMBLY",
            "category_parts": [
                {
                    "id": "",
                    "name": ""
                },
                {
                    "id": "RR12008-000",
                    "name": "RINGSET 78MM 1.5/1.75/4MM"
                },
                {
                    "id": "RR12004-000",
                    "name": "RINGSET 78MM 1.75/1.75/4MM"
                },
                {
                    "id": "B4515-000",
                    "name": "CONROD BRG SET"
                },
                {
                    "id": "B4515-010",
                    "name": "CONROD BRG SET"
                },
                {
                    "id": "B4515-020",
                    "name": "CONROD BRG SET"
                },
                {
                    "id": "B4515-030",
                    "name": "CONROD BRG SET"
                },
                {
                    "id": "B4515-040",
                    "name": "CONROD BRG SET"
                },
                {
                    "id": "M5169-000",
                    "name": "MAIN BRG SET"
                },
                {
                    "id": "M5169-010",
                    "name": "MAIN BRG SET"
                },
                {
                    "id": "M5169-020",
                    "name": "MAIN BRG SET"
                },
                {
                    "id": "M5169-030",
                    "name": "MAIN BRG SET"
                },
                {
                    "id": "M5169-040",
                    "name": "MAIN BRG SET"
                },
                {
                    "id": "MB-69NM73NM",
                    "name": "TORQUE M/BRG BOLTS 69NM-73NM"
                },
                {
                    "id": "NOP1000",
                    "name": "OIL PUMP"
                },
                {
                    "id": "JH564",
                    "name": "OIL PAN GASKET PAYEN"
                },
                {
                    "id": "JH659",
                    "name": "OIL PAN GASKET PAYEN"
                },
                {
                    "id": "W2044-000",
                    "name": "THRUST WASHER SET"
                },
                {
                    "id": "253707",
                    "name": "OIL SEAL G/BOX FRNT PQ"
                },
                {
                    "id": "446010",
                    "name": "OIL SEAL G/BOX REAR PQ"
                },
                {
                    "id": "8210512",
                    "name": "MAIN BRG SEAL"
                },
                {
                    "id": "NB733",
                    "name": "MAIN BRG SEAL [82X105X12]"
                },
                {
                    "id": "355010",
                    "name": "TIMING COVER SEAL"
                },
                {
                    "id": "NB724",
                    "name": "TIMING COVER SEAL [355010]"
                }
            ]
        },
        {
            "id": "14",
            "category": "STARTER COMPONENTS",
            "category_parts": [
                {
                    "id": "",
                    "name": ""
                },
                {
                    "id": "111104",
                    "name": "STARTER MOTOR CARGO"
                },
                {
                    "id": "AEE354",
                    "name": "STARTER SOLENOID AUTOZONE"
                },
                {
                    "id": "SRK6",
                    "name": "STARTER REPAIR KIT"
                }
            ]
        },
        {
            "id": "15",
            "category": "ALTERNATOR COMPONENTS",
            "category_parts": [
                {
                    "id": "",
                    "name": ""
                },
                {
                    "id": "PG210",
                    "name": "FANBELT RAM"
                },
                {
                    "id": "PG213",
                    "name": "FANBELT RAM"
                },
                {
                    "id": "PG215",
                    "name": "FANBELT RAM"
                },
                {
                    "id": "63022RS",
                    "name": "ALTERNATOR BRG FRNT"
                }
            ]
        },
        {
            "id": "16",
            "category": "BODY PARTS FRONT AND REAR",
            "category_parts": [
                {
                    "id": "",
                    "name": ""
                },
                {
                    "id": "SLS1",
                    "name": "STOP LIGHT SWITCH [2 PIN M/CYL]"
                },
                {
                    "id": "09422",
                    "name": "STOP LIGHT SWITCH ATS"
                },
                {
                    "id": "SL143",
                    "name": "STOP LIGHT SWITCH [2 PIN M/CYL]"
                },
                {
                    "id": "SL143M",
                    "name": "STOP LIGHT SWITCH MP"
                },
                {
                    "id": "HF1009",
                    "name": "ROOF RACKS"
                }
            ]
        },
        {
            "id": "17",
            "category": "SWITCHES \u0026 ACCESSORIES",
            "category_parts": [
                {
                    "id": "",
                    "name": ""
                },
                {
                    "id": "S622",
                    "name": "BATTERY SABAT"
                },
                {
                    "id": "F622",
                    "name": "BATTERY EXIDE/MIDAS"
                },
                {
                    "id": "W622",
                    "name": "BATTERY WILLARD"
                },
                {
                    "id": "BU10-13",
                    "name": "WIPER BLADE REAR CHAMPION"
                },
                {
                    "id": "OPS15",
                    "name": "OIL PRESSURE SWITCH ATS"
                },
                {
                    "id": "OP6409",
                    "name": "OIL PRESSURE SWITCH ECHLIN"
                },
                {
                    "id": "OP6409M",
                    "name": "OIL PRESSURE SWITCH MP"
                },
                {
                    "id": "TS911SA",
                    "name": "TEMP SENDER UNIT [RED TOP] ECHLIN"
                },
                {
                    "id": "TS911SAM",
                    "name": "TEMP SENDER UNIT [RED TOP]"
                },
                {
                    "id": "RS117",
                    "name": "SWITCH REVERSE LIGHT ECHLIN"
                },
                {
                    "id": "SLS1",
                    "name": "STOP LIGHT SWITCH [2 PIN M/CYL]"
                },
                {
                    "id": "09422",
                    "name": "STOP LIGHT SWITCH ATS"
                },
                {
                    "id": "SL143",
                    "name": "STOP LIGHT SWITCH [2 PIN M/CYL]"
                },
                {
                    "id": "SL143M",
                    "name": "STOP LIGHT SWITCH MP"
                }
            ]
        },
        {
            "id": "18",
            "category": "GASKETS ",
            "category_parts": [
                {
                    "id": "",
                    "name": ""
                },
                {
                    "id": "FF377",
                    "name": "GASKET SET FULL SET"
                },
                {
                    "id": "FF37G",
                    "name": "GASKET SET FULL SET"
                },
                {
                    "id": "JA840",
                    "name": "INTAKE MANIFOLD GASKET"
                },
                {
                    "id": "JA829",
                    "name": "EXHAUST MANIFOLD GASKET"
                },
                {
                    "id": "MMG0016",
                    "name": "EXHAUST MANIFOLD GASKET"
                },
                {
                    "id": "256-291",
                    "name": "EXHAUST GASKET INTERMEDIATE BOSAL"
                },
                {
                    "id": "256-300",
                    "name": "FLANGE GASKET ALFA (2 PER CAR) BOSAL"
                },
                {
                    "id": "AF370",
                    "name": "CYLINDER HEAD GASKET"
                },
                {
                    "id": "JM664",
                    "name": "VALVE COVER GASKET PAYEN"
                },
                {
                    "id": "JH564",
                    "name": "OIL PAN GASKET PAYEN"
                },
                {
                    "id": "JH659",
                    "name": "OIL PAN GASKET PAYEN"
                }
            ]
        },
        {
            "id": "20",
            "category": "SEALS ",
            "category_parts": [
                {
                    "id": "",
                    "name": ""
                },
                {
                    "id": "305207",
                    "name": "OIL SEAL REAR WHEEL OUTER"
                },
                {
                    "id": "253707",
                    "name": "OIL SEAL G/BOX FRNT PQ"
                },
                {
                    "id": "446010",
                    "name": "OIL SEAL G/BOX REAR PQ"
                },
                {
                    "id": "8210512",
                    "name": "MAIN BRG SEAL"
                },
                {
                    "id": "NB733",
                    "name": "MAIN BRG SEAL [82X105X12]"
                },
                {
                    "id": "407210",
                    "name": "PINION OIL SEAL PQ"
                },
                {
                    "id": "355010",
                    "name": "TIMING COVER SEAL"
                },
                {
                    "id": "NB724",
                    "name": "TIMING COVER SEAL [355010]"
                },
                {
                    "id": "KG913",
                    "name": "VALVE STEM SEAL"
                }
            ]
        },
        {
            "id": "23",
            "category": "LUBRICANTS",
            "category_parts": [
                {
                    "id": "",
                    "name": ""
                },
                {
                    "id": "3359766",
                    "name": "ENGINE OIL CASTROL GTX 20W50 5L"
                },
                {
                    "id": "550039899",
                    "name": "ENGINE OIL SHELL HELIX HX3 20W50 5L"
                },
                {
                    "id": "550040629",
                    "name": "ENGINE OIL SHELL HELIX HX5H 25W60 5L"
                }
            ]
        },
        {
            "id": "24",
            "category": "WHEEL BEARINGS",
            "category_parts": [
                {
                    "id": "",
                    "name": ""
                },
                {
                    "id": "VKBA586",
                    "name": "WHEEL BRG KIT FRNT SKF"
                },
                {
                    "id": "VKBA594",
                    "name": "WHEEL BRG KIT FRNT SKF"
                },
                {
                    "id": "ATC1000",
                    "name": "WHEEL BRG KIT FRNT TC"
                },
                {
                    "id": "FW192",
                    "name": "WHEEL BRG KIT FRNT PQ"
                },
                {
                    "id": "VKBA569",
                    "name": "WHEEL BRG KIT REAR SKF"
                },
                {
                    "id": "ATC195",
                    "name": "WHEEL BRG KIT REAR TC"
                },
                {
                    "id": "RW195",
                    "name": "WHEEL BRG KIT REAR PQ"
                }
            ]
        },
        {
            "id": "26",
            "category": "STEERING",
            "category_parts": [
                {
                    "id": "",
                    "name": ""
                },
                {
                    "id": "SR77B",
                    "name": "STEERING RACK BOOT PQ"
                },
                {
                    "id": "TR1514",
                    "name": "TIE ROD END OUTER L/R PQ"
                },
                {
                    "id": "TR900",
                    "name": "TIE ROD END OUTER L/R PQ"
                },
                {
                    "id": "TR900L",
                    "name": "TIE ROD END OUTER [14MM] LHS PQ"
                },
                {
                    "id": "TR900R",
                    "name": "TIE ROD END OUTER [14MM] RHS PQ"
                },
                {
                    "id": "CTR900",
                    "name": "TIE ROD ENDS OUTER [14MM] AUTOCOM"
                },
                {
                    "id": "DE1375G",
                    "name": "TIE ROD END OUTER TC"
                },
                {
                    "id": "CB-72NM81NM",
                    "name": "TORQUE SETTING 72NM-81NM"
                }
            ]
        },
        {
            "id": "27",
            "category": "BEARINGS",
            "category_parts": [
                {
                    "id": "",
                    "name": ""
                },
                {
                    "id": "RB9035",
                    "name": "CLUTCH RELEASE BRG PQ"
                },
                {
                    "id": "B4515-000",
                    "name": "CONROD BRG SET"
                },
                {
                    "id": "B4515-010",
                    "name": "CONROD BRG SET"
                },
                {
                    "id": "B4515-020",
                    "name": "CONROD BRG SET"
                },
                {
                    "id": "B4515-030",
                    "name": "CONROD BRG SET"
                },
                {
                    "id": "B4515-040",
                    "name": "CONROD BRG SET"
                },
                {
                    "id": "M5169-000",
                    "name": "MAIN BRG SET"
                },
                {
                    "id": "M5169-010",
                    "name": "MAIN BRG SET"
                },
                {
                    "id": "M5169-020",
                    "name": "MAIN BRG SET"
                },
                {
                    "id": "M5169-030",
                    "name": "MAIN BRG SET"
                },
                {
                    "id": "M5169-040",
                    "name": "MAIN BRG SET"
                },
                {
                    "id": "VKBA586",
                    "name": "WHEEL BRG KIT FRNT SKF"
                },
                {
                    "id": "VKBA594",
                    "name": "WHEEL BRG KIT FRNT SKF"
                },
                {
                    "id": "ATC1000",
                    "name": "WHEEL BRG KIT FRNT TC"
                },
                {
                    "id": "FW192",
                    "name": "WHEEL BRG KIT FRNT PQ"
                },
                {
                    "id": "VKBA569",
                    "name": "WHEEL BRG KIT REAR SKF"
                },
                {
                    "id": "ATC195",
                    "name": "WHEEL BRG KIT REAR TC"
                },
                {
                    "id": "RW195",
                    "name": "WHEEL BRG KIT REAR PQ"
                }
            ]
        },
        {
            "id": "27",
            "category": "BEARINGS",
            "category_parts": [
                {
                    "id": "",
                    "name": ""
                },
                {
                    "id": "RB9035",
                    "name": "CLUTCH RELEASE BRG PQ"
                },
                {
                    "id": "B4515-000",
                    "name": "CONROD BRG SET"
                },
                {
                    "id": "B4515-010",
                    "name": "CONROD BRG SET"
                },
                {
                    "id": "B4515-020",
                    "name": "CONROD BRG SET"
                },
                {
                    "id": "B4515-030",
                    "name": "CONROD BRG SET"
                },
                {
                    "id": "B4515-040",
                    "name": "CONROD BRG SET"
                },
                {
                    "id": "M5169-000",
                    "name": "MAIN BRG SET"
                },
                {
                    "id": "M5169-010",
                    "name": "MAIN BRG SET"
                },
                {
                    "id": "M5169-020",
                    "name": "MAIN BRG SET"
                },
                {
                    "id": "M5169-030",
                    "name": "MAIN BRG SET"
                },
                {
                    "id": "M5169-040",
                    "name": "MAIN BRG SET"
                },
                {
                    "id": "VKBA586",
                    "name": "WHEEL BRG KIT FRNT SKF"
                },
                {
                    "id": "VKBA594",
                    "name": "WHEEL BRG KIT FRNT SKF"
                },
                {
                    "id": "ATC1000",
                    "name": "WHEEL BRG KIT FRNT TC"
                },
                {
                    "id": "FW192",
                    "name": "WHEEL BRG KIT FRNT PQ"
                },
                {
                    "id": "VKBA569",
                    "name": "WHEEL BRG KIT REAR SKF"
                },
                {
                    "id": "ATC195",
                    "name": "WHEEL BRG KIT REAR TC"
                },
                {
                    "id": "RW195",
                    "name": "WHEEL BRG KIT REAR PQ"
                }
            ]
        }
    ]
}
