{
    "id": "72",
    "parts": [
        {
            "id": "1",
            "category": "SERVICE PARTS",
            "category_parts": [
                {
                    "id": "",
                    "name": ""
                },
                {
                    "id": "WL7464",
                    "name": "OIL FILTER WIX"
                },
                {
                    "id": "WL7479",
                    "name": "OIL FILTER WIX"
                },
                {
                    "id": "AG1432",
                    "name": "AIR FILTER GUD PANEL L212 W200 H62"
                },
                {
                    "id": "WA9560",
                    "name": "AIR FILTER WIX"
                },
                {
                    "id": "WF8408",
                    "name": "FUEL FILTER WIX"
                },
                {
                    "id": "AC70GUD",
                    "name": "CABIN AIR FILTER GUD H23 L215 W266"
                },
                {
                    "id": "CF10282",
                    "name": "CABIN AIR FILTER FRAM"
                },
                {
                    "id": "WP9250",
                    "name": "CABIN AIR FILTER WIX"
                },
                {
                    "id": "WP9251",
                    "name": "CABIN AIR FILTER WIX"
                },
                {
                    "id": "ATE1038",
                    "name": "DISC PAD FRNT ATE L151 H57 T19"
                },
                {
                    "id": "FDB1468",
                    "name": "DISC PAD FRNT FERODO L151 H57 T18"
                },
                {
                    "id": "0986424595",
                    "name": "DISC PAD FRNT BOSCH L151 H58 T19"
                },
                {
                    "id": "D3490",
                    "name": "DISC PAD FRNT SAFELINE L151 H57 T18"
                },
                {
                    "id": "05P765",
                    "name": "DISC PAD FRNT LPR L151 H57 T18"
                },
                {
                    "id": "ATE1097",
                    "name": "DISC PAD REAR ATE L95 H43 T16"
                },
                {
                    "id": "ATE800",
                    "name": "DISC PAD REAR ATE L95 H47 T18"
                },
                {
                    "id": "FDB1469",
                    "name": "DISC PAD REAR FERODO L95 H43 T16"
                },
                {
                    "id": "FDB4692",
                    "name": "DISC PAD REAR FERODO L95 H44 T17"
                },
                {
                    "id": "FDB1784",
                    "name": "DISC PAD REAR FERODO L95 H47 T17"
                },
                {
                    "id": "0986494030",
                    "name": "DISC PAD REAR BOSCH L95 H43 T16"
                },
                {
                    "id": "0986495092",
                    "name": "DISC PAD REAR BOSCH L95 H47 T17"
                },
                {
                    "id": "D3489",
                    "name": "DISC PAD REAR SAFELINE L95 H43 T17"
                },
                {
                    "id": "D3734",
                    "name": "DISC PAD REAR SAFELINE L95 H47 T17"
                },
                {
                    "id": "05P780",
                    "name": "DISC PAD REAR LPR L95 H43 T16"
                },
                {
                    "id": "ADB01039",
                    "name": "DISC PAD REAR NIPPON L95 H43 T16"
                },
                {
                    "id": "ADB01658",
                    "name": "DISC PAD REAR NIPPON L95 H47 T17"
                },
                {
                    "id": "550048788",
                    "name": "ENGINE OIL SHELL HELIX ULTRA 5W30 5L"
                }
            ]
        },
        {
            "id": "2",
            "category": "BRAKES",
            "category_parts": [
                {
                    "id": "",
                    "name": ""
                },
                {
                    "id": "ATE1038",
                    "name": "DISC PAD FRNT ATE L151 H57 T19"
                },
                {
                    "id": "FDB1468",
                    "name": "DISC PAD FRNT FERODO L151 H57 T18"
                },
                {
                    "id": "0986424595",
                    "name": "DISC PAD FRNT BOSCH L151 H58 T19"
                },
                {
                    "id": "D3490",
                    "name": "DISC PAD FRNT SAFELINE L151 H57 T18"
                },
                {
                    "id": "05P765",
                    "name": "DISC PAD FRNT LPR L151 H57 T18"
                },
                {
                    "id": "ATE1097",
                    "name": "DISC PAD REAR ATE L95 H43 T16"
                },
                {
                    "id": "ATE800",
                    "name": "DISC PAD REAR ATE L95 H47 T18"
                },
                {
                    "id": "FDB1469",
                    "name": "DISC PAD REAR FERODO L95 H43 T16"
                },
                {
                    "id": "FDB4692",
                    "name": "DISC PAD REAR FERODO L95 H44 T17"
                },
                {
                    "id": "FDB1784",
                    "name": "DISC PAD REAR FERODO L95 H47 T17"
                },
                {
                    "id": "0986494030",
                    "name": "DISC PAD REAR BOSCH L95 H43 T16"
                },
                {
                    "id": "0986495092",
                    "name": "DISC PAD REAR BOSCH L95 H47 T17"
                },
                {
                    "id": "D3489",
                    "name": "DISC PAD REAR SAFELINE L95 H43 T17"
                },
                {
                    "id": "D3734",
                    "name": "DISC PAD REAR SAFELINE L95 H47 T17"
                },
                {
                    "id": "05P780",
                    "name": "DISC PAD REAR LPR L95 H43 T16"
                },
                {
                    "id": "ADB01039",
                    "name": "DISC PAD REAR NIPPON L95 H43 T16"
                },
                {
                    "id": "ADB01658",
                    "name": "DISC PAD REAR NIPPON L95 H47 T17"
                },
                {
                    "id": "DR7060",
                    "name": "BRAKE DISC FV ALFA D281 H43 S59 [4]"
                },
                {
                    "id": "DR7203",
                    "name": "BRAKE DISC FV ALFA D281 H43 S59 [4]"
                },
                {
                    "id": "126-0125",
                    "name": "BRAKE DISC FV ATE D281 H44 S59 4"
                },
                {
                    "id": "DDF1122",
                    "name": "BRAKE DISC FV FERODO D281 H44 S59 [4]"
                },
                {
                    "id": "DDF1741",
                    "name": "BRAKE DISC RS FERODO D251 H41 S59 [4]"
                },
                {
                    "id": "DDF1741C",
                    "name": "BRAKE DISC RS FERODO D251 H41 S59 [4]"
                }
            ]
        },
        {
            "id": "3",
            "category": "SUSPENSION COMPONENTS [FRONT]",
            "category_parts": [
                {
                    "id": "",
                    "name": ""
                },
                {
                    "id": "G8113",
                    "name": "SHOCK FRNT MONROE [LHS]"
                },
                {
                    "id": "G8112",
                    "name": "SHOCK FRNT MONROE [RHS]"
                },
                {
                    "id": "334694",
                    "name": "SHOCK FRNT KYB"
                },
                {
                    "id": "334695",
                    "name": "SHOCK FRNT KYB"
                },
                {
                    "id": "AF2817",
                    "name": "MOUNTING SHOCK FRNT L/R TEKNOSA"
                },
                {
                    "id": "SB-9501",
                    "name": "MOUNTING STRUT FRNT L/R TEKNOSA"
                },
                {
                    "id": "FEB38308",
                    "name": "STRUT MOUNTING FRNT [+BRG] FEBI"
                },
                {
                    "id": "AF1913",
                    "name": "BALL JOINT LOWER FRNT L/R TEKNOSA"
                },
                {
                    "id": "16652AP",
                    "name": "BALL JOINT LOWER L/R A-PLUS"
                },
                {
                    "id": "AF2026",
                    "name": "CONTROL ARM LOWER FRNT LHS TEKNOSA"
                },
                {
                    "id": "AF2027",
                    "name": "CONTROL ARM LOWER FRNT RHS TEKNOSA"
                },
                {
                    "id": "16258AP",
                    "name": "CONTROL ARM LOWER LHS A-PLUS"
                },
                {
                    "id": "16259AP",
                    "name": "CONTROL ARM LOWER RHS A-PLUS"
                },
                {
                    "id": "VKDS345003",
                    "name": "STABILIZER LINK L* H* ID* OD* SKF"
                },
                {
                    "id": "VKDS323060B",
                    "name": "CONTROL ARM L* SKF"
                },
                {
                    "id": "VKDS323061B",
                    "name": "CONTROL ARM L* SKF"
                },
                {
                    "id": "VKDS332024",
                    "name": "C/ARM BUSH L* H67.5 ID12.2 OD42.3 SKF"
                },
                {
                    "id": "VKDS333060",
                    "name": "C/ARM BUSH L66 H* ID* OD* SKF"
                },
                {
                    "id": "AF2122",
                    "name": "BUSH CONT ARM LOW FRNT L/R TEKNOSA"
                },
                {
                    "id": "AF2123",
                    "name": "BUSH CONT ARM LOW FRNT L/R TEKNOSA"
                },
                {
                    "id": "AF2124",
                    "name": "BUSH CONT ARM LOW FRNT L/R TEKNOSA"
                }
            ]
        },
        {
            "id": "4",
            "category": "SUSPENSION COMPONENTS [REAR]",
            "category_parts": [
                {
                    "id": "",
                    "name": ""
                },
                {
                    "id": "G1091",
                    "name": "SHOCK REAR MONROE"
                },
                {
                    "id": "348025",
                    "name": "SHOCK REAR KYB"
                },
                {
                    "id": "VKDA40224-1",
                    "name": "TOP MOUNT REAR SHOCK [SINGLE] SKF"
                },
                {
                    "id": "VKDA40224-2",
                    "name": "TOP MOUNT REAR SHOCK [SINGLE] SKF"
                },
                {
                    "id": "VKDA40224T",
                    "name": "TOP MOUNT REAR SHOCK [TWIN PACK] SKF"
                },
                {
                    "id": "FEB36815",
                    "name": "STRUT MOUNTING REAR FEBI"
                },
                {
                    "id": "FEB36816",
                    "name": "STRUT MOUNTING REAR FEBI"
                },
                {
                    "id": "FEB37354",
                    "name": "STRUT MOUNTING REAR FEBI"
                },
                {
                    "id": "FEB37355",
                    "name": "STRUT MOUNTING REAR FEBI"
                },
                {
                    "id": "VKDS332024",
                    "name": "C/ARM BUSH L* H67.5 ID12.2 OD42.3 SKF"
                },
                {
                    "id": "VKDS333060",
                    "name": "C/ARM BUSH L66 H* ID* OD* SKF"
                },
                {
                    "id": "18158AP",
                    "name": "C/ARM BUSH LOWER L/R A-PLUS"
                },
                {
                    "id": "18159AP",
                    "name": "C/ARM BUSH LOWER L/R A-PLUS"
                },
                {
                    "id": "20365AP",
                    "name": "C/ARM BUSH LOWER L/R A-PLUS"
                },
                {
                    "id": "AF2122",
                    "name": "BUSH CONT ARM LOW FRNT L/R TEKNOSA"
                },
                {
                    "id": "AF2123",
                    "name": "BUSH CONT ARM LOW FRNT L/R TEKNOSA"
                },
                {
                    "id": "AF2124",
                    "name": "BUSH CONT ARM LOW FRNT L/R TEKNOSA"
                },
                {
                    "id": "VKDS345003",
                    "name": "STABILIZER LINK L* H* ID* OD* SKF"
                },
                {
                    "id": "16653AP",
                    "name": "STABILIZER LINK L/R A-PLUS L301"
                },
                {
                    "id": "AF1530",
                    "name": "STABILIZER LINK FRNT L/R L301 TEKNOSA"
                },
                {
                    "id": "VKDS323060B",
                    "name": "CONTROL ARM L* SKF"
                },
                {
                    "id": "VKDS323061B",
                    "name": "CONTROL ARM L* SKF"
                }
            ]
        },
        {
            "id": "5",
            "category": "COOLING SYSTEM",
            "category_parts": [
                {
                    "id": "",
                    "name": ""
                },
                {
                    "id": "QCP3566",
                    "name": "WATER PUMP ECHLIN"
                },
                {
                    "id": "A-300",
                    "name": "WATER PUMP DOLZ"
                },
                {
                    "id": "532050510",
                    "name": "FAN BELT GUIDE PULLEY [70X26] LUK"
                },
                {
                    "id": "532056210",
                    "name": "FAN BELT GUIDE PULLEY [70X33] LUK"
                },
                {
                    "id": "534024110",
                    "name": "FAN BELT TENSIONER LEVER LUK"
                },
                {
                    "id": "VKM32235",
                    "name": "TENSIONER V-BELT PULLEY [OD:65 W:23] SKF"
                },
                {
                    "id": "VKM32046",
                    "name": "TENSIONER V-BELT PULLEY [OD:65 W:26] SKF"
                },
                {
                    "id": "VKM32048",
                    "name": "TENSIONER V-BELT PULLEY [OD:70 W:26] SKF"
                }
            ]
        },
        {
            "id": "6",
            "category": "CLUTCH COMPONENTS",
            "category_parts": [
                {
                    "id": "",
                    "name": ""
                },
                {
                    "id": "3000970071",
                    "name": "CLUTCH KIT SACHS [240X22.3-20]"
                }
            ]
        },
        {
            "id": "8",
            "category": "DRIVESHAFT COMPONENTS",
            "category_parts": [
                {
                    "id": "",
                    "name": ""
                },
                {
                    "id": "VKJP01001",
                    "name": "CV BOOT KIT OUTER SKF"
                },
                {
                    "id": "VKJP01001S",
                    "name": "CV BOOT KIT OUTER SKF"
                },
                {
                    "id": "VKJP01018",
                    "name": "CV BOOT KIT OUTER SKF"
                },
                {
                    "id": "VKJP1329",
                    "name": "CV BOOT KIT OUTER SKF"
                },
                {
                    "id": "VKJP8318",
                    "name": "CV BOOT KIT INNER SKF"
                },
                {
                    "id": "VKJC2723",
                    "name": "DRIVESHAFT KIT SKF"
                }
            ]
        },
        {
            "id": "9",
            "category": "FUEL SYSTEM",
            "category_parts": [
                {
                    "id": "",
                    "name": ""
                },
                {
                    "id": "WF8408",
                    "name": "FUEL FILTER WIX"
                }
            ]
        },
        {
            "id": "10",
            "category": "TIMING COMPONENTS",
            "category_parts": [
                {
                    "id": "",
                    "name": ""
                },
                {
                    "id": "VKMC02199-2",
                    "name": "T/BELT KIT SKF"
                },
                {
                    "id": "VKMA02199",
                    "name": "TIM BELT KIT [FIA194-24] SKF"
                },
                {
                    "id": "K015646XS",
                    "name": "TIM BELT KIT [FIA194-24] GATES"
                },
                {
                    "id": "FIA194-24-FSD",
                    "name": "TIM BELT [194X24MM] 5646XS AUTOBAX"
                },
                {
                    "id": "VKMV6PK1038",
                    "name": "ALTERNATOR BELT [-A/C] SKF"
                },
                {
                    "id": "VKMV6PK1035",
                    "name": "MULTI-GROOVE BELT SKF"
                },
                {
                    "id": "VKMV6PK1375",
                    "name": "MULTI-GROOVE BELT SKF"
                },
                {
                    "id": "VKMV6PK1377",
                    "name": "MULTI-GROOVE BELT SKF"
                },
                {
                    "id": "VKM32235",
                    "name": "TENSIONER V-BELT PULLEY [OD:65 W:23] SKF"
                },
                {
                    "id": "VKM32046",
                    "name": "TENSIONER V-BELT PULLEY [OD:65 W:26] SKF"
                },
                {
                    "id": "VKM32048",
                    "name": "TENSIONER V-BELT PULLEY [OD:70 W:26] SKF"
                },
                {
                    "id": "VKM93208",
                    "name": "CRANKSHAFT PULLEY [G:* OD:***] SKF"
                },
                {
                    "id": "VKM93203",
                    "name": "CRANKSHAFT PULLEY [G:6 OD:165] SKF"
                },
                {
                    "id": "532061110",
                    "name": "T/BELT GUIDE PULLEY [53X29] INA"
                },
                {
                    "id": "531084410",
                    "name": "T/BELT TENSIONER [65X30] LUK"
                },
                {
                    "id": "VKM12199",
                    "name": "T/BELT TENSIONER [D:64 W:30] SKF"
                },
                {
                    "id": "VKM12174",
                    "name": "T/BELT TENSIONER [D:65 W:30] SKF"
                },
                {
                    "id": "VKM22180",
                    "name": "TIM BELT GUIDE [53X29] SKF"
                }
            ]
        },
        {
            "id": "13",
            "category": "MOUNTINGS ",
            "category_parts": [
                {
                    "id": "",
                    "name": ""
                },
                {
                    "id": "SB-9507",
                    "name": "MOUNTING ENGINE FRNT LHS TEKNOSA"
                },
                {
                    "id": "SB-9507T",
                    "name": "MOUNTING ENGINE FRNT LHS TEKNOSA"
                },
                {
                    "id": "21528AP",
                    "name": "GEARBOX MOUNTING A-PLUS"
                },
                {
                    "id": "FEB38308",
                    "name": "STRUT MOUNTING FRNT [+BRG] FEBI"
                },
                {
                    "id": "AF2817",
                    "name": "MOUNTING SHOCK FRNT L/R TEKNOSA"
                },
                {
                    "id": "SB-9501",
                    "name": "MOUNTING STRUT FRNT L/R TEKNOSA"
                },
                {
                    "id": "FEB36815",
                    "name": "STRUT MOUNTING REAR FEBI"
                },
                {
                    "id": "FEB36816",
                    "name": "STRUT MOUNTING REAR FEBI"
                },
                {
                    "id": "FEB37354",
                    "name": "STRUT MOUNTING REAR FEBI"
                },
                {
                    "id": "FEB37355",
                    "name": "STRUT MOUNTING REAR FEBI"
                }
            ]
        },
        {
            "id": "15",
            "category": "ALTERNATOR COMPONENTS",
            "category_parts": [
                {
                    "id": "",
                    "name": ""
                },
                {
                    "id": "VKM03204",
                    "name": "ALT PULLEY [G:6 W:40.8 ID:17 OD:58] SKF"
                },
                {
                    "id": "535011210",
                    "name": "ALTERNATOR FREEWHEEL PULLEY INA"
                },
                {
                    "id": "535017110",
                    "name": "ALTERNATOR FREEWHEEL PULLEY INA"
                },
                {
                    "id": "532050510",
                    "name": "FAN BELT GUIDE PULLEY [70X26] LUK"
                },
                {
                    "id": "532056210",
                    "name": "FAN BELT GUIDE PULLEY [70X33] LUK"
                },
                {
                    "id": "534024110",
                    "name": "FAN BELT TENSIONER LEVER LUK"
                },
                {
                    "id": "VKM32235",
                    "name": "TENSIONER V-BELT PULLEY [OD:65 W:23] SKF"
                },
                {
                    "id": "VKM32046",
                    "name": "TENSIONER V-BELT PULLEY [OD:65 W:26] SKF"
                },
                {
                    "id": "VKM32048",
                    "name": "TENSIONER V-BELT PULLEY [OD:70 W:26] SKF"
                },
                {
                    "id": "DAN994",
                    "name": "ALTERNATOR DENSO"
                }
            ]
        },
        {
            "id": "16",
            "category": "BODY PARTS FRONT AND REAR",
            "category_parts": [
                {
                    "id": "",
                    "name": ""
                },
                {
                    "id": "G64210",
                    "name": "BULB HEADLIGHT LOW BEAM"
                },
                {
                    "id": "HB467",
                    "name": "BULB HEADLIGHT LOW BEAM ATS"
                },
                {
                    "id": "G7515",
                    "name": "BULB DAYTIME RUNNING LIGHT"
                },
                {
                    "id": "G64210",
                    "name": "BULB HEADLIGHT HIGH BEAM"
                },
                {
                    "id": "G64150",
                    "name": "BULB HEADLIGHT HIGH BEAM"
                },
                {
                    "id": "G7515",
                    "name": "BULB PARK LIGHT FRNT"
                },
                {
                    "id": "G501",
                    "name": "BULB PARK LIGHT FRNT ATS"
                },
                {
                    "id": "G7504",
                    "name": "BULB FLASHER FRNT"
                },
                {
                    "id": "G64150",
                    "name": "BULB FOG LIGHT FRNT"
                },
                {
                    "id": "HB448",
                    "name": "BULB FOG LIGHT FRNT ATS"
                },
                {
                    "id": "G2825",
                    "name": "BULB SIDE MARKER"
                },
                {
                    "id": "LED",
                    "name": "BULB TAILIGHT"
                },
                {
                    "id": "G7506",
                    "name": "BULB REVERSE LIGHT"
                },
                {
                    "id": "LED",
                    "name": "BULB FLASHER REAR"
                },
                {
                    "id": "G7506",
                    "name": "BULB FOG LIGHT REAR"
                },
                {
                    "id": "G1073",
                    "name": "BULB FOG LIGHT REAR ATS"
                },
                {
                    "id": "G2825",
                    "name": "BULB LICENSE PLATE"
                },
                {
                    "id": "LED",
                    "name": "BULB HI-MOUNT STOPLIGHT"
                }
            ]
        },
        {
            "id": "17",
            "category": "SWITCHES \u0026 ACCESSORIES",
            "category_parts": [
                {
                    "id": "",
                    "name": ""
                },
                {
                    "id": "S646",
                    "name": "BATTERY SABAT"
                },
                {
                    "id": "F646",
                    "name": "BATTERY EXIDE/MIDAS"
                },
                {
                    "id": "F652AGM",
                    "name": "BATTERY EXIDE/MIDAS START/STOP L278MM"
                },
                {
                    "id": "W646",
                    "name": "BATTERY WILLARD"
                },
                {
                    "id": "EU40",
                    "name": "WIPER BLADE FRNT CHAMPION"
                },
                {
                    "id": "BU10-26",
                    "name": "WIPER BLADE FRNT [DRIVER] CHAMPION"
                },
                {
                    "id": "EU65",
                    "name": "WIPER BLADE FRNT [DRIVER] CHAMPION"
                },
                {
                    "id": "3397008562",
                    "name": "WIPER BLADE FRNT BOSCH"
                },
                {
                    "id": "3397008573",
                    "name": "WIPER BLADE FRNT DRIV BOSCH"
                },
                {
                    "id": "3397007561",
                    "name": "WIPER BLADE KIT FRNT BOSCH"
                },
                {
                    "id": "BU10-16",
                    "name": "WIPER BLADE REAR CHAMPION"
                }
            ]
        },
        {
            "id": "23",
            "category": "LUBRICANTS",
            "category_parts": [
                {
                    "id": "",
                    "name": ""
                },
                {
                    "id": "550048788",
                    "name": "ENGINE OIL SHELL HELIX ULTRA 5W30 5L"
                }
            ]
        },
        {
            "id": "24",
            "category": "WHEEL BEARINGS",
            "category_parts": [
                {
                    "id": "",
                    "name": ""
                },
                {
                    "id": "VKBA6540",
                    "name": "WHEEL BRG KIT FRNT SKF"
                },
                {
                    "id": "ATC1023",
                    "name": "WHEEL BRG FRNT [37X72X37] +ABS TC"
                },
                {
                    "id": "VKBA3540",
                    "name": "WHEEL BRG RR [+HUB +ABS MAGNET SKF"
                },
                {
                    "id": "ATC1027",
                    "name": "WHEEL BRG RR [+HUB +ABS MAGNET TC"
                },
                {
                    "id": "FAG9071",
                    "name": "WHEEL BRG RR [+HUB +ABS MAGNET FAG"
                }
            ]
        },
        {
            "id": "26",
            "category": "STEERING",
            "category_parts": [
                {
                    "id": "",
                    "name": ""
                },
                {
                    "id": "16656AP",
                    "name": "STEERING RACK END L/R A-PLUS L293"
                },
                {
                    "id": "AF1417",
                    "name": "RACK END FRNT L/R L292 TEKNOSA"
                },
                {
                    "id": "AF1418",
                    "name": "RACK END FRNT L/R L295 TEKNOSA"
                },
                {
                    "id": "VKDY315003",
                    "name": "TIE ROD END L* SKF"
                },
                {
                    "id": "VKDY315004",
                    "name": "TIE ROD END L* SKF"
                },
                {
                    "id": "16256AP",
                    "name": "TIE ROD END OUTER LHS A-PLUS"
                },
                {
                    "id": "16257AP",
                    "name": "TIE ROD END OUTER RHS A-PLUS"
                },
                {
                    "id": "AF1026",
                    "name": "TIE ROD END OUTER FRNT LHS TEKNOSA"
                },
                {
                    "id": "AF1027",
                    "name": "TIE ROD END OUTER FRNT RHS TEKNOSA"
                },
                {
                    "id": "AF1319",
                    "name": "TIE ROD END SET OUTER FRNT L/R TEKNOSA"
                }
            ]
        },
        {
            "id": "27",
            "category": "BEARINGS",
            "category_parts": [
                {
                    "id": "",
                    "name": ""
                },
                {
                    "id": "VKBA6540",
                    "name": "WHEEL BRG KIT FRNT SKF"
                },
                {
                    "id": "ATC1023",
                    "name": "WHEEL BRG FRNT [37X72X37] +ABS TC"
                },
                {
                    "id": "VKBA3540",
                    "name": "WHEEL BRG RR [+HUB +ABS MAGNET SKF"
                },
                {
                    "id": "ATC1027",
                    "name": "WHEEL BRG RR [+HUB +ABS MAGNET TC"
                },
                {
                    "id": "FAG9071",
                    "name": "WHEEL BRG RR [+HUB +ABS MAGNET FAG"
                },
                {
                    "id": "VKDS323060B",
                    "name": "CONTROL ARM L* SKF"
                },
                {
                    "id": "VKDS323061B",
                    "name": "CONTROL ARM L* SKF"
                }
            ]
        },
        {
            "id": "27",
            "category": "BEARINGS",
            "category_parts": [
                {
                    "id": "",
                    "name": ""
                },
                {
                    "id": "VKBA6540",
                    "name": "WHEEL BRG KIT FRNT SKF"
                },
                {
                    "id": "ATC1023",
                    "name": "WHEEL BRG FRNT [37X72X37] +ABS TC"
                },
                {
                    "id": "VKBA3540",
                    "name": "WHEEL BRG RR [+HUB +ABS MAGNET SKF"
                },
                {
                    "id": "ATC1027",
                    "name": "WHEEL BRG RR [+HUB +ABS MAGNET TC"
                },
                {
                    "id": "FAG9071",
                    "name": "WHEEL BRG RR [+HUB +ABS MAGNET FAG"
                },
                {
                    "id": "VKDS323060B",
                    "name": "CONTROL ARM L* SKF"
                },
                {
                    "id": "VKDS323061B",
                    "name": "CONTROL ARM L* SKF"
                }
            ]
        }
    ]
}
