{
    "id": "87",
    "parts": [
        {
            "id": "1",
            "category": "SERVICE PARTS",
            "category_parts": [
                {
                    "id": "",
                    "name": ""
                },
                {
                    "id": "Z460",
                    "name": "OIL FILTER GUD OD76 H79 [3/4 - 16UNF]"
                },
                {
                    "id": "0451103351",
                    "name": "OIL FILTER BOSCH"
                },
                {
                    "id": "WL7324",
                    "name": "OIL FILTER WIX"
                },
                {
                    "id": "1457432202",
                    "name": "AIR FILTER BOSCH"
                },
                {
                    "id": "WA6258",
                    "name": "AIR FILTER WIX"
                },
                {
                    "id": "E98",
                    "name": "FUEL INJECTION FILTER GUD"
                },
                {
                    "id": "0450905087",
                    "name": "FUEL FILTER BOSCH"
                },
                {
                    "id": "WF8029",
                    "name": "FUEL FILTER WIX"
                },
                {
                    "id": "BCPR6ES",
                    "name": "SPARK PLUG NGK"
                },
                {
                    "id": "BCPR6ET",
                    "name": "SPARK PLUG NGK"
                },
                {
                    "id": "0242240521",
                    "name": "SPARK PLUG BOSCH"
                },
                {
                    "id": "0242240592",
                    "name": "SPARK PLUG BOSCH"
                },
                {
                    "id": "0242242505",
                    "name": "SPARK PLUG BOSCH"
                },
                {
                    "id": "0242245552",
                    "name": "SPARK PLUG BOSCH"
                },
                {
                    "id": "0242245574",
                    "name": "SPARK PLUG BOSCH PLAT/IRIDIUM"
                },
                {
                    "id": "1987432005",
                    "name": "CABIN AIR FILTER BOSCH"
                },
                {
                    "id": "ATE1023",
                    "name": "DISC PAD FRNT ATE L130 H59 T19"
                },
                {
                    "id": "FDB542",
                    "name": "DISC PAD FRNT FERODO L130 H59 T19"
                },
                {
                    "id": "0986494851",
                    "name": "DISC PAD FRNT BOSCH L130 H59 T19"
                },
                {
                    "id": "D4031",
                    "name": "DISC PAD FRNT SAFELINE L130 H60 T18"
                },
                {
                    "id": "OPT0965",
                    "name": "DISC PAD REAR L/R OPTIMA"
                },
                {
                    "id": "05P032",
                    "name": "DISC PAD FRNT LPR L130 H59 T19"
                },
                {
                    "id": "05P286",
                    "name": "DISC PAD FRNT LPR L130 H59 T19"
                },
                {
                    "id": "ADB1424",
                    "name": "DISC PAD FRNT NIPPON L110 H59 T19"
                },
                {
                    "id": "ATE521",
                    "name": "DISC PAD REAR ATE L87 H67 T17"
                },
                {
                    "id": "FDB222",
                    "name": "DISC PAD REAR FERODO L88 H68 T17"
                },
                {
                    "id": "0986494059",
                    "name": "DISC PAD REAR BOSCH L87 H67 T16"
                },
                {
                    "id": "D965",
                    "name": "DISC PAD REAR SAFELINE L87 H66 T17"
                },
                {
                    "id": "D3320",
                    "name": "DISC PAD REAR SAFELINE L87 H67 T17 [USE D965]"
                },
                {
                    "id": "05P215",
                    "name": "DISC PAD REAR LPR L87 H67 T17"
                },
                {
                    "id": "05P440",
                    "name": "DISC PAD REAR LPR L87 H67 T17"
                },
                {
                    "id": "ADB0558",
                    "name": "DISC PAD REAR NIPPON L87 H67 T17"
                },
                {
                    "id": "3359202",
                    "name": "ENGINE OIL CASTROL GTX 15W40 5L"
                },
                {
                    "id": "3433499",
                    "name": "ENGINE OIL CASTROL MAGNATEC 10W40 5L"
                },
                {
                    "id": "550074134",
                    "name": "ENGINE OIL SHELL HELIX HX5 15W40 5L"
                },
                {
                    "id": "550053709",
                    "name": "ENGINE OIL SHELL HELIX HX7 10W40 5L"
                }
            ]
        },
        {
            "id": "2",
            "category": "BRAKES",
            "category_parts": [
                {
                    "id": "",
                    "name": ""
                },
                {
                    "id": "ATE1023",
                    "name": "DISC PAD FRNT ATE L130 H59 T19"
                },
                {
                    "id": "FDB542",
                    "name": "DISC PAD FRNT FERODO L130 H59 T19"
                },
                {
                    "id": "0986494851",
                    "name": "DISC PAD FRNT BOSCH L130 H59 T19"
                },
                {
                    "id": "D4031",
                    "name": "DISC PAD FRNT SAFELINE L130 H60 T18"
                },
                {
                    "id": "OPT0965",
                    "name": "DISC PAD REAR L/R OPTIMA"
                },
                {
                    "id": "05P032",
                    "name": "DISC PAD FRNT LPR L130 H59 T19"
                },
                {
                    "id": "05P286",
                    "name": "DISC PAD FRNT LPR L130 H59 T19"
                },
                {
                    "id": "ADB1424",
                    "name": "DISC PAD FRNT NIPPON L110 H59 T19"
                },
                {
                    "id": "ATE521",
                    "name": "DISC PAD REAR ATE L87 H67 T17"
                },
                {
                    "id": "FDB222",
                    "name": "DISC PAD REAR FERODO L88 H68 T17"
                },
                {
                    "id": "0986494059",
                    "name": "DISC PAD REAR BOSCH L87 H67 T16"
                },
                {
                    "id": "D965",
                    "name": "DISC PAD REAR SAFELINE L87 H66 T17"
                },
                {
                    "id": "D3320",
                    "name": "DISC PAD REAR SAFELINE L87 H67 T17 [USE D965]"
                },
                {
                    "id": "05P215",
                    "name": "DISC PAD REAR LPR L87 H67 T17"
                },
                {
                    "id": "05P440",
                    "name": "DISC PAD REAR LPR L87 H67 T17"
                },
                {
                    "id": "ADB0558",
                    "name": "DISC PAD REAR NIPPON L87 H67 T17"
                },
                {
                    "id": "122.0145",
                    "name": "BRAKE DISC FV ATE D284 H44 S59 O127 [5]"
                },
                {
                    "id": "DDF474",
                    "name": "BRAKE DISC FV FERODO D281 H44 S59 [5]"
                },
                {
                    "id": "DR6064",
                    "name": "BRAKE DISC RS ALFA D251 H50 S59 [5]"
                },
                {
                    "id": "110.0209",
                    "name": "BRAKE DISC RS ATE D251 H51 S59 ID128 [5]"
                },
                {
                    "id": "DDF067",
                    "name": "BRAKE DISC RS FERODO D251 H51 S59 [5]"
                },
                {
                    "id": "DDF067C",
                    "name": "BRAKE DISC RS FERODO D251 H51 S59 [5]"
                }
            ]
        },
        {
            "id": "3",
            "category": "SUSPENSION COMPONENTS [FRONT]",
            "category_parts": [
                {
                    "id": "",
                    "name": ""
                },
                {
                    "id": "G16574",
                    "name": "SHOCK FRNT MONROE"
                },
                {
                    "id": "MK041",
                    "name": "STRUT MOUNTING FRNT MONROE"
                },
                {
                    "id": "PK007",
                    "name": "SHOCK PROTECTION KIT"
                },
                {
                    "id": "PK009",
                    "name": "SHOCK PROTECTION KIT MONROE [DISCONTINUED]"
                },
                {
                    "id": "AF1910",
                    "name": "BALL JOINT LOWER FRNT L/R TEKNOSA"
                },
                {
                    "id": "AF1911",
                    "name": "BALL JOINT LOWER FRNT L/R TEKNOSA"
                },
                {
                    "id": "BJ1078",
                    "name": "BALL JOINT LOWER L/R PQ"
                },
                {
                    "id": "12526AP",
                    "name": "BALL JOINT LOWER L/R A-PLUS [13MM]"
                },
                {
                    "id": "13203AP",
                    "name": "BALL JOINT LOWER L/R A-PLUS [15MM]"
                },
                {
                    "id": "VKDS312022",
                    "name": "BALL JOINT LOWER L* H* ID* OD* SKF"
                },
                {
                    "id": "AF2016",
                    "name": "CONTROL ARM LOWER FRNT LHS TEKNOSA"
                },
                {
                    "id": "AF2018",
                    "name": "CONTROL ARM LOWER FRNT LHS TEKNOSA"
                },
                {
                    "id": "AF2017",
                    "name": "CONTROL ARM LOWER FRNT RHS TEKNOSA"
                },
                {
                    "id": "AF2019",
                    "name": "CONTROL ARM LOWER FRNT RHS TEKNOSA"
                },
                {
                    "id": "CS134",
                    "name": "CONTROL ARM LOWER LHS"
                },
                {
                    "id": "CS133",
                    "name": "CONTROL ARM LOWER RHS"
                },
                {
                    "id": "13845AP",
                    "name": "CONTROL ARM LOWER LHS A-PLUS"
                },
                {
                    "id": "13847AP",
                    "name": "CONTROL ARM LOWER LHS A-PLUS"
                },
                {
                    "id": "13844AP",
                    "name": "CONTROL ARM LOWER RHS A-PLUS"
                },
                {
                    "id": "13848AP",
                    "name": "CONTROL ARM LOWER RHS A-PLUS"
                },
                {
                    "id": "VKDS342023",
                    "name": "STABILIZER LINK L105 H* ID* OD* SKF"
                },
                {
                    "id": "VKDS332033",
                    "name": "C/ARM BUSH L* H* ID* OD* SKF"
                },
                {
                    "id": "AF2119",
                    "name": "BUSH CONT ARM LOW FRNT L/R TEKNOSA"
                }
            ]
        },
        {
            "id": "4",
            "category": "SUSPENSION COMPONENTS [REAR]",
            "category_parts": [
                {
                    "id": "",
                    "name": ""
                },
                {
                    "id": "E4422",
                    "name": "SHOCK REAR MONROE"
                },
                {
                    "id": "16538",
                    "name": "STRUT MONROE ORIGINAL GAS REAR"
                },
                {
                    "id": "MK116",
                    "name": "STRUT MOUNTING REAR MONROE"
                },
                {
                    "id": "PK007",
                    "name": "SHOCK PROTECTION KIT"
                },
                {
                    "id": "PK009",
                    "name": "SHOCK PROTECTION KIT MONROE [DISCONTINUED]"
                },
                {
                    "id": "VKDS332033",
                    "name": "C/ARM BUSH L* H* ID* OD* SKF"
                },
                {
                    "id": "14240AP",
                    "name": "C/ARM BUSH LOWER L/R A-PLUS"
                },
                {
                    "id": "AF2119",
                    "name": "BUSH CONT ARM LOW FRNT L/R TEKNOSA"
                },
                {
                    "id": "VKDS342023",
                    "name": "STABILIZER LINK L105 H* ID* OD* SKF"
                },
                {
                    "id": "14101AP",
                    "name": "STABILIZER LINK L/R A-PLUS L105"
                },
                {
                    "id": "14120AP",
                    "name": "STABILIZER LINK L/R A-PLUS L106"
                },
                {
                    "id": "AF1519",
                    "name": "STABILIZER LINK FRNT L/R L105 TEKNOSA"
                },
                {
                    "id": "AF1520",
                    "name": "STABILIZER LINK FRNT L/R L106 TEKNOSA"
                }
            ]
        },
        {
            "id": "6",
            "category": "CLUTCH COMPONENTS",
            "category_parts": [
                {
                    "id": "",
                    "name": ""
                },
                {
                    "id": "0204162078",
                    "name": "CLUTCH M/CYL BOSCH"
                },
                {
                    "id": "0204162083",
                    "name": "CLUTCH M/CYL BOSCH"
                },
                {
                    "id": "0204163079",
                    "name": "CLUTCH S/CYL BOSCH"
                },
                {
                    "id": "F026005580",
                    "name": "CLUTCH S/CYL BOSCH"
                }
            ]
        },
        {
            "id": "8",
            "category": "DRIVESHAFT COMPONENTS",
            "category_parts": [
                {
                    "id": "",
                    "name": ""
                },
                {
                    "id": "PJ603001",
                    "name": "CV JOINT INNER 0X28X0X108 PQ"
                },
                {
                    "id": "VKJP01001S",
                    "name": "CV BOOT KIT OUTER SKF"
                }
            ]
        },
        {
            "id": "9",
            "category": "FUEL SYSTEM",
            "category_parts": [
                {
                    "id": "",
                    "name": ""
                },
                {
                    "id": "0580464990",
                    "name": "FUEL PUMP BOSCH"
                },
                {
                    "id": "E98",
                    "name": "FUEL INJECTION FILTER GUD"
                },
                {
                    "id": "0450905087",
                    "name": "FUEL FILTER BOSCH"
                },
                {
                    "id": "WF8029",
                    "name": "FUEL FILTER WIX"
                }
            ]
        },
        {
            "id": "10",
            "category": "TIMING COMPONENTS",
            "category_parts": [
                {
                    "id": "",
                    "name": ""
                },
                {
                    "id": "1987947818",
                    "name": "T/BELT KIT BOSCH"
                },
                {
                    "id": "1987948337",
                    "name": "T/BELT KIT BOSCH"
                }
            ]
        },
        {
            "id": "13",
            "category": "MOUNTINGS ",
            "category_parts": [
                {
                    "id": "",
                    "name": ""
                },
                {
                    "id": "MK041",
                    "name": "STRUT MOUNTING FRNT MONROE"
                },
                {
                    "id": "MK116",
                    "name": "STRUT MOUNTING REAR MONROE"
                }
            ]
        },
        {
            "id": "17",
            "category": "SWITCHES \u0026 ACCESSORIES",
            "category_parts": [
                {
                    "id": "",
                    "name": ""
                },
                {
                    "id": "F647",
                    "name": "BATTERY - EXIDE/MIDAS"
                },
                {
                    "id": "F651",
                    "name": "BATTERY EXIDE/MIDAS"
                },
                {
                    "id": "W647",
                    "name": "BATTERY WILLARD"
                },
                {
                    "id": "W651",
                    "name": "BATTERY WILLARD"
                }
            ]
        },
        {
            "id": "23",
            "category": "LUBRICANTS",
            "category_parts": [
                {
                    "id": "",
                    "name": ""
                },
                {
                    "id": "3359202",
                    "name": "ENGINE OIL CASTROL GTX 15W40 5L"
                },
                {
                    "id": "3433499",
                    "name": "ENGINE OIL CASTROL MAGNATEC 10W40 5L"
                },
                {
                    "id": "550074134",
                    "name": "ENGINE OIL SHELL HELIX HX5 15W40 5L"
                },
                {
                    "id": "550053709",
                    "name": "ENGINE OIL SHELL HELIX HX7 10W40 5L"
                }
            ]
        },
        {
            "id": "24",
            "category": "WHEEL BEARINGS",
            "category_parts": [
                {
                    "id": "",
                    "name": ""
                },
                {
                    "id": "VKBA1488",
                    "name": "WHEEL BRG KIT FRNT [-HUB] SKF"
                },
                {
                    "id": "ATC1602",
                    "name": "WHEEL BRG KIT FRNT [-HUB]"
                },
                {
                    "id": "FAG1008",
                    "name": "WHEEL BRG KIT FRNT [-HUB]"
                }
            ]
        },
        {
            "id": "26",
            "category": "STEERING",
            "category_parts": [
                {
                    "id": "",
                    "name": ""
                },
                {
                    "id": "13603AP",
                    "name": "STEERING RACK END L/R A-PLUS L269"
                },
                {
                    "id": "TR5586",
                    "name": "STEERING RACK END PQ"
                },
                {
                    "id": "AF1415",
                    "name": "RACK END FRNT L/R L269 TEKNOSA"
                },
                {
                    "id": "12261AP",
                    "name": "TIE ROD END OUTER L/R A-PLUS"
                },
                {
                    "id": "TR5585",
                    "name": "TIE ROD END OUTER PQ"
                },
                {
                    "id": "AF1023",
                    "name": "TIE ROD END OUTER FRNT L/R TEKNOSA"
                },
                {
                    "id": "AF1317",
                    "name": "TIE ROD END SET OUTER FRNT L/R TEKNOSA"
                }
            ]
        },
        {
            "id": "27",
            "category": "BEARINGS",
            "category_parts": [
                {
                    "id": "",
                    "name": ""
                },
                {
                    "id": "VKBA1488",
                    "name": "WHEEL BRG KIT FRNT [-HUB] SKF"
                },
                {
                    "id": "ATC1602",
                    "name": "WHEEL BRG KIT FRNT [-HUB]"
                },
                {
                    "id": "FAG1008",
                    "name": "WHEEL BRG KIT FRNT [-HUB]"
                }
            ]
        },
        {
            "id": "27",
            "category": "BEARINGS",
            "category_parts": [
                {
                    "id": "",
                    "name": ""
                },
                {
                    "id": "VKBA1488",
                    "name": "WHEEL BRG KIT FRNT [-HUB] SKF"
                },
                {
                    "id": "ATC1602",
                    "name": "WHEEL BRG KIT FRNT [-HUB]"
                },
                {
                    "id": "FAG1008",
                    "name": "WHEEL BRG KIT FRNT [-HUB]"
                }
            ]
        }
    ]
}
