{
    "id": "464",
    "parts": [
        {
            "id": "1",
            "category": "SERVICE PARTS",
            "category_parts": [
                {
                    "id": "",
                    "name": ""
                },
                {
                    "id": "Z93",
                    "name": "OIL FILTER GUD OD76 H124 [5/8 - 18UNF]"
                },
                {
                    "id": "PH2869",
                    "name": "OIL FILTER FRAM"
                },
                {
                    "id": "AG185",
                    "name": "AIR FILTER GUD"
                },
                {
                    "id": "CA646",
                    "name": "AIR FILTER FRAM"
                },
                {
                    "id": "BP5E",
                    "name": "SPARK PLUG NGK"
                },
                {
                    "id": "BP5ES",
                    "name": "SPARK PLUG NGK"
                },
                {
                    "id": "BP6E",
                    "name": "SPARK PLUG NGK"
                },
                {
                    "id": "BP6ES",
                    "name": "SPARK PLUG NGK"
                },
                {
                    "id": "BPR5E",
                    "name": "SPARK PLUG NGK"
                },
                {
                    "id": "BPR5ES",
                    "name": "SPARK PLUG NGK"
                },
                {
                    "id": "BPR5EY",
                    "name": "SPARK PLUG NGK"
                },
                {
                    "id": "BPR6E",
                    "name": "SPARK PLUG NGK"
                },
                {
                    "id": "BPR6ES",
                    "name": "SPARK PLUG NGK [96989]"
                },
                {
                    "id": "BPR6ESZ-N",
                    "name": "SPARK PLUG NGK"
                },
                {
                    "id": "BPR6EY",
                    "name": "SPARK PLUG NGK"
                },
                {
                    "id": "BP5EY",
                    "name": "SPARK PLUG NGK [WR8DC]"
                },
                {
                    "id": "04583",
                    "name": "SPARK PLUG OSSCA"
                },
                {
                    "id": "N9YC",
                    "name": "SPARK PLUG CHAMPION"
                },
                {
                    "id": "RN9YCC",
                    "name": "SPARK PLUG CHAMPION"
                },
                {
                    "id": "WR7DC",
                    "name": "SPARK PLUG BOSCH"
                },
                {
                    "id": "WR7DC+",
                    "name": "SPARK PLUG BOSCH"
                },
                {
                    "id": "WR8DC",
                    "name": "SPARK PLUG BOSCH"
                },
                {
                    "id": "W7DC",
                    "name": "SPARK PLUG BOSCH SUPER"
                },
                {
                    "id": "ATE105",
                    "name": "DISC PAD FRNT ATE L63 H64 T14"
                },
                {
                    "id": "FD535",
                    "name": "DISC PAD FRNT FERODO"
                },
                {
                    "id": "D105M",
                    "name": "DISC PAD FRNT MP L63 H55"
                },
                {
                    "id": "098650A002",
                    "name": "DISC PAD FNT BOSCH L63 H55"
                },
                {
                    "id": "D105",
                    "name": "DISC PAD FRNT SAFELINE L63 H55 T14"
                },
                {
                    "id": "BD1070",
                    "name": "DISC PAD SET FRNT GM"
                },
                {
                    "id": "B741M",
                    "name": "BONDED BRAKE SHOES MP"
                },
                {
                    "id": "10-239",
                    "name": "BRAKE SHOE SET REAR [B741M]"
                }
            ]
        },
        {
            "id": "2",
            "category": "BRAKES",
            "category_parts": [
                {
                    "id": "",
                    "name": ""
                },
                {
                    "id": "ATE105",
                    "name": "DISC PAD FRNT ATE L63 H64 T14"
                },
                {
                    "id": "FD535",
                    "name": "DISC PAD FRNT FERODO"
                },
                {
                    "id": "D105M",
                    "name": "DISC PAD FRNT MP L63 H55"
                },
                {
                    "id": "098650A002",
                    "name": "DISC PAD FNT BOSCH L63 H55"
                },
                {
                    "id": "D105",
                    "name": "DISC PAD FRNT SAFELINE L63 H55 T14"
                },
                {
                    "id": "BD1070",
                    "name": "DISC PAD SET FRNT GM"
                },
                {
                    "id": "B741M",
                    "name": "BONDED BRAKE SHOES MP"
                },
                {
                    "id": "10-239",
                    "name": "BRAKE SHOE SET REAR [B741M]"
                },
                {
                    "id": "RR30",
                    "name": "LOCKING COLLARS (1851009) BHCS"
                },
                {
                    "id": "SEA7207E",
                    "name": "BRAKE M/CYL KIT 17.78MM CPD"
                },
                {
                    "id": "SEA7565E",
                    "name": "BRAKE M/CYL KIT 19.05MM CPD"
                },
                {
                    "id": "SEA69E",
                    "name": "BRAKE M/CYL KIT 22.22MM CPD"
                },
                {
                    "id": "SEA73E",
                    "name": "BRAKE M/CYL KIT 25.40MM CPD"
                },
                {
                    "id": "SEA7148E",
                    "name": "BRAKE M/CYL KIT 31.80MM CPD"
                },
                {
                    "id": "RK2.19.12",
                    "name": "BRAKE M/CYL KIT LMB"
                },
                {
                    "id": "CPD.NIS410",
                    "name": "W/CYL REAR 19.05MM CPD"
                },
                {
                    "id": "32.159.0000",
                    "name": "BRAKE W/CYL REAR HYDRADRIVE 15.87MM"
                },
                {
                    "id": "32.190.0008",
                    "name": "BRAKE W/CYL REAR HYDRADRIVE 19.05MM"
                },
                {
                    "id": "32.195.0000",
                    "name": "BRAKE W/CYL REAR HYDRADRIVE 19.05MM"
                },
                {
                    "id": "W1590000",
                    "name": "W/CYL REAR BETTABRAKE 15.87MM"
                },
                {
                    "id": "W1900008",
                    "name": "W/CYL REAR BETTABRAKE 19.05MM"
                },
                {
                    "id": "W1950000",
                    "name": "W/YL REAR BETTABRAKE 19.05MM"
                },
                {
                    "id": "WC190.1020",
                    "name": "BRAKE W/CYL REAR 19.0MM BPD"
                },
                {
                    "id": "WC190.2010",
                    "name": "W/CYL REAR PQ"
                },
                {
                    "id": "AW1370",
                    "name": "BRAKE W/CYL REAR 19.05MM TC"
                },
                {
                    "id": "CY4925",
                    "name": "BRAKE W/CYL REAR ATS"
                },
                {
                    "id": "SEA428E",
                    "name": "W/CYL KIT REAR 19.05MM CPD"
                },
                {
                    "id": "SEA1142E",
                    "name": "W/CYL KIT REAR 23.81MM CPD"
                },
                {
                    "id": "P338S",
                    "name": "BRAKE W/CYL KIT RR PQ"
                },
                {
                    "id": "RK4.19.03",
                    "name": "BRAKE W/CYL KIT REAR LMB"
                },
                {
                    "id": "914-1",
                    "name": "ANTI RATTLE CLIP FRNT BHCS"
                },
                {
                    "id": "SEA1597E",
                    "name": "CALIPER KIT FRNT 54.00MM CPD"
                },
                {
                    "id": "SEA693E",
                    "name": "CALIPER KIT FRNT 54.00MM CPD"
                },
                {
                    "id": "P825S",
                    "name": "CALIPER KIT FRNT 48MM PQ"
                },
                {
                    "id": "RK5.54.01",
                    "name": "CALIPER KIT LMB"
                }
            ]
        },
        {
            "id": "5",
            "category": "COOLING SYSTEM",
            "category_parts": [
                {
                    "id": "",
                    "name": ""
                },
                {
                    "id": "01769",
                    "name": "RADIATOR CAP OSSCA/ATS"
                },
                {
                    "id": "RG3-13",
                    "name": "RADIATOR CAP OSSCA/ATS"
                },
                {
                    "id": "TH3-13",
                    "name": "RADIATOR CAP PRES/BUTTON 90 KP"
                },
                {
                    "id": "TG3-13",
                    "name": "RADIATOR CAP [SINGLE SEAL] RAM"
                },
                {
                    "id": "TG3-13M",
                    "name": "RADIATOR CAP MP"
                },
                {
                    "id": "RH7144",
                    "name": "HOSE RADIATOR UPPER RAM"
                },
                {
                    "id": "RBH7201",
                    "name": "HOSE RADIATOR LOWER RAM"
                },
                {
                    "id": "5483S",
                    "name": "THERMOSTAT [54MM 83C] ECHLIN"
                },
                {
                    "id": "5483SM",
                    "name": "THERMOSTAT [54MM 83C] MOTOPART"
                },
                {
                    "id": "207.82",
                    "name": "THERMOSTAT HELLA"
                },
                {
                    "id": "VKPC87200",
                    "name": "WATER PUMP SKF"
                },
                {
                    "id": "NWP4000",
                    "name": "WATER PUMP PI"
                },
                {
                    "id": "NWP4000M",
                    "name": "WATER PUMP MP"
                },
                {
                    "id": "W17054",
                    "name": "WATER PUMP AZ"
                },
                {
                    "id": "QCP3709P",
                    "name": "WATER PUMP AUSTIN MINI/APACHE ECHLIN"
                },
                {
                    "id": "M-136",
                    "name": "WATER PUMP DOLZ"
                },
                {
                    "id": "PG213",
                    "name": "FANBELT RAM"
                }
            ]
        },
        {
            "id": "6",
            "category": "CLUTCH COMPONENTS",
            "category_parts": [
                {
                    "id": "",
                    "name": ""
                },
                {
                    "id": "SEA7244E",
                    "name": "CLUTCH M/CYL KIT 15.87MM CPD"
                },
                {
                    "id": "CM159.1000",
                    "name": "CLUTCH M/CYL PQ"
                },
                {
                    "id": "P7207X",
                    "name": "CLUTCH M/CYL KIT PQ"
                },
                {
                    "id": "P7244X",
                    "name": "CLUTCH M/CYL KIT PQ"
                },
                {
                    "id": "RK7.15.05",
                    "name": "CLUTCH M/CYL KIT LMB"
                },
                {
                    "id": "CPD.LEY202",
                    "name": "CLUTCH S/CYL 22.22MM CPD"
                },
                {
                    "id": "SEA260E",
                    "name": "CLUTCH S/CYL KIT 22.22MM CPD"
                },
                {
                    "id": "SEA624E",
                    "name": "CLUTCH S/CYL KIT 25.40MM CPD"
                },
                {
                    "id": "31.222.0020",
                    "name": "CLUTCH S/CYL HYDRADRIVE 22.22MM"
                },
                {
                    "id": "S2220020",
                    "name": "CLUTCH S/CYL BETTABRAKE 22.22MM"
                },
                {
                    "id": "CS222.1000",
                    "name": "CLUTCH S/CYL PQ"
                },
                {
                    "id": "P260S",
                    "name": "CLUTCH S/CYL KIT 22.22MM PQ"
                },
                {
                    "id": "RK8.25.08",
                    "name": "CLUTCH S/CYL KIT"
                },
                {
                    "id": "RK8.22.03",
                    "name": "CLUTCH S/CYL KIT 22.22MM"
                },
                {
                    "id": "62032RS",
                    "name": "PILOT SHAFT BRG"
                },
                {
                    "id": "RB9545",
                    "name": "CLUTCH RELEASE BRG PQ"
                },
                {
                    "id": "412971",
                    "name": "USE 361964 ON COMPUTER"
                }
            ]
        },
        {
            "id": "7",
            "category": "IGNITION SYSTEM",
            "category_parts": [
                {
                    "id": "",
                    "name": ""
                },
                {
                    "id": "WFD456",
                    "name": "DISTRIBUTOR ATS"
                },
                {
                    "id": "CS208",
                    "name": "DISTRIBUTOR POINTS ECHLIN"
                },
                {
                    "id": "EP59",
                    "name": "DISTRIBUTOR CONDENSER ECHLIN"
                },
                {
                    "id": "EP58",
                    "name": "DISTRIBUTOR ROTOR ECHLIN"
                },
                {
                    "id": "EP60",
                    "name": "DISTRIBUTOR CAP ECHLIN"
                },
                {
                    "id": "IC15",
                    "name": "IGN COIL ELEC [2 PIN]"
                },
                {
                    "id": "IC90",
                    "name": "IGN COIL ELEC [BOSCH +PIN]"
                },
                {
                    "id": "IC70",
                    "name": "IGN COIL ELEC [BOSCH STD -PIN]"
                },
                {
                    "id": "IC31",
                    "name": "IGNITION COIL STD [-RESISTOR] ECHLIN"
                },
                {
                    "id": "IC12",
                    "name": "IGNITION COIL [3 PIN] [-RESISTOR] ECHLIN"
                },
                {
                    "id": "110003",
                    "name": "IGN COIL ELEC [BOSCH +PIN]"
                },
                {
                    "id": "110005",
                    "name": "IGN COIL ELEC [LUCAS]"
                },
                {
                    "id": "110001",
                    "name": "IGNITION COIL STD [-RESISTOR] HUCO"
                },
                {
                    "id": "ICU12",
                    "name": "IGNITION COIL OSSCA/ATS"
                },
                {
                    "id": "ICU15",
                    "name": "IGNITION COIL OSSCA/ATS"
                },
                {
                    "id": "IC012042",
                    "name": "IGNITION COIL KAIZEN"
                },
                {
                    "id": "IC330003",
                    "name": "IGNITION COIL KAIZEN"
                }
            ]
        },
        {
            "id": "8",
            "category": "DRIVESHAFT COMPONENTS",
            "category_parts": [
                {
                    "id": "",
                    "name": ""
                },
                {
                    "id": "AU5910",
                    "name": "CV JOINT OUTER FRNT L/R 19X19X48XI TEKNOSA"
                },
                {
                    "id": "GU500",
                    "name": "UNIVERSAL JOINT C23.8 X56.6 OC"
                },
                {
                    "id": "29710+49",
                    "name": "DIFF CARRIER BRG PQ"
                },
                {
                    "id": "NB284",
                    "name": "OIL SEAL PINION PAYEN [42X66.6X9.7MM]"
                }
            ]
        },
        {
            "id": "9",
            "category": "FUEL SYSTEM",
            "category_parts": [
                {
                    "id": "",
                    "name": ""
                },
                {
                    "id": "NFP4000",
                    "name": "FUEL PUMP PI"
                },
                {
                    "id": "NFP4000M",
                    "name": "FUEL PUMP PI"
                },
                {
                    "id": "FP2150",
                    "name": "FUEL PUMP AZ"
                },
                {
                    "id": "QFP20",
                    "name": "FUEL PUMP ECHLIN"
                },
                {
                    "id": "2-1240",
                    "name": "CARBURETTOR KIT [SU] ECHLIN"
                },
                {
                    "id": "2-3568",
                    "name": "CARB NEEDLE/SEAT"
                },
                {
                    "id": "1418-22",
                    "name": "FUEL CAP LOCKING ECHLIN"
                },
                {
                    "id": "PC1126",
                    "name": "FUEL CAP LOCKING"
                }
            ]
        },
        {
            "id": "10",
            "category": "TIMING COMPONENTS",
            "category_parts": [
                {
                    "id": "",
                    "name": ""
                },
                {
                    "id": "MINI-1275",
                    "name": "TIMING CHAIN KIT"
                },
                {
                    "id": "DR52",
                    "name": "TIMING CHAIN"
                },
                {
                    "id": "DR52M",
                    "name": "TIMING CHAIN MP"
                },
                {
                    "id": "CT110",
                    "name": "T/CHAIN TENSION LEVER"
                },
                {
                    "id": "JR149",
                    "name": "TIMING COVER GASKET 10 BOLT"
                },
                {
                    "id": "JR264",
                    "name": "TIMING COVER GASKET 11 BOLT"
                }
            ]
        },
        {
            "id": "11",
            "category": "CYLINDER HEAD COMPONENTS",
            "category_parts": [
                {
                    "id": "",
                    "name": ""
                },
                {
                    "id": "CF470",
                    "name": "HEAD SET GASKETS"
                },
                {
                    "id": "AF470",
                    "name": "CYLINDER HEAD GASKET"
                },
                {
                    "id": "AF470X",
                    "name": "CYL HEAD GASKET"
                },
                {
                    "id": "JM302",
                    "name": "VALVE COVER GASKET PAYEN"
                },
                {
                    "id": "JM416",
                    "name": "VALVE COVER GASKET PAYEN"
                },
                {
                    "id": "MVC0014",
                    "name": "VALVE COVER GASKET"
                },
                {
                    "id": "JA439",
                    "name": "INTAKE MANIFOLD GASKET"
                },
                {
                    "id": "FF470",
                    "name": "FULL GASKET SETS"
                },
                {
                    "id": "FF473",
                    "name": "FULL GASKET SETS"
                },
                {
                    "id": "RV34275",
                    "name": "VALVE EXH [30X7X90] 1GR"
                },
                {
                    "id": "RV34274",
                    "name": "VALVE INL [33X7X90] 1GR"
                },
                {
                    "id": "RVG22001",
                    "name": "VALVE GUIDE INL/EXH"
                },
                {
                    "id": "C3063-000",
                    "name": "CAMSHAFT BRG SET"
                }
            ]
        },
        {
            "id": "12",
            "category": "ENGINE SUB ASSEMBLY",
            "category_parts": [
                {
                    "id": "",
                    "name": ""
                },
                {
                    "id": "RP22056-000",
                    "name": "PISTON 70.61MM AUSTIN 1275CC"
                },
                {
                    "id": "RP22056-020",
                    "name": "PISTON 70.61MM AUSTIN 1275CC"
                },
                {
                    "id": "RP22056-030",
                    "name": "PISTON 70.61MM AUSTIN 1275CC"
                },
                {
                    "id": "RP22056-040",
                    "name": "PISTON 70.61MM AUSTIN 1275CC"
                },
                {
                    "id": "RP22056-060",
                    "name": "PISTON 70.61MM AUSTIN 1275CC"
                },
                {
                    "id": "RR22078-000",
                    "name": "RINGSET 70.6MM 1.5/1.5/4MM"
                },
                {
                    "id": "RR22056-000",
                    "name": "RINGSET 70.6MM 1.6/1.6/1.6/4MM"
                },
                {
                    "id": "RR22078-020",
                    "name": "RINGSET 70.6MM 1.5/1.5/4MM"
                },
                {
                    "id": "RR22056-020",
                    "name": "RINGSET 70.6MM 1.6/1.6/1.6/4MM"
                },
                {
                    "id": "RR22078-030",
                    "name": "RINGSET 70.6MM 1.5/1.5/4MM"
                },
                {
                    "id": "RR22056-030",
                    "name": "RINGSET 70.6MM 1.6/1.6/1.6/4MM"
                },
                {
                    "id": "RR22078-040",
                    "name": "RINGSET 70.6MM 1.5/1.5/4MM"
                },
                {
                    "id": "RR22056-040",
                    "name": "RINGSET 70.6MM 1.6/1.6/1.6/4MM"
                },
                {
                    "id": "RR22078-060",
                    "name": "RINGSET 70.6MM 1.5/1.5/4MM"
                },
                {
                    "id": "RR22056-060",
                    "name": "RINGSET 70.6MM 1.6/1.6/1.6/4MM"
                },
                {
                    "id": "C3063-000",
                    "name": "CAMSHAFT BRG SET"
                },
                {
                    "id": "B4484-000",
                    "name": "CONROD BRG SET"
                },
                {
                    "id": "B4484-010",
                    "name": "CONROD BRG SET"
                },
                {
                    "id": "B4484-020",
                    "name": "CONROD BRG SET"
                },
                {
                    "id": "B4484-030",
                    "name": "CONROD BRG SET"
                },
                {
                    "id": "B4484-040",
                    "name": "CONROD BRG SET"
                },
                {
                    "id": "B4484-060",
                    "name": "CONROD BRG SET"
                },
                {
                    "id": "M3337-000",
                    "name": "MAIN BRG SET"
                },
                {
                    "id": "M3337-010",
                    "name": "MAIN BRG SET"
                },
                {
                    "id": "M3337-020",
                    "name": "MAIN BRG SET"
                },
                {
                    "id": "M3337-030",
                    "name": "MAIN BRG SET"
                },
                {
                    "id": "M3337-040",
                    "name": "MAIN BRG SET"
                },
                {
                    "id": "M3337-060",
                    "name": "MAIN BRG SET"
                },
                {
                    "id": "NOP4005",
                    "name": "OIL PUMP"
                },
                {
                    "id": "HC031",
                    "name": "OIL PAN GASKET PAYEN"
                },
                {
                    "id": "HC063",
                    "name": "OIL PAN GASKET PAYEN"
                },
                {
                    "id": "W2136-000",
                    "name": "THRUST WASHER SET"
                },
                {
                    "id": "2517",
                    "name": "OIL SEAL G/BOX REAR PQ"
                },
                {
                    "id": "2734",
                    "name": "MAIN BRG SEAL"
                },
                {
                    "id": "5048",
                    "name": "TIMING COVER SEAL"
                },
                {
                    "id": "NA473",
                    "name": "TIMING COVER SEAL"
                },
                {
                    "id": "2738",
                    "name": "OIL SEAL PINION PQ"
                }
            ]
        },
        {
            "id": "14",
            "category": "STARTER COMPONENTS",
            "category_parts": [
                {
                    "id": "",
                    "name": ""
                },
                {
                    "id": "SD501X",
                    "name": "STARTER BENDIX [10T]"
                },
                {
                    "id": "SRK11",
                    "name": "R/KIT STARTER"
                },
                {
                    "id": "B1130",
                    "name": "STARTER MOTOR BUSH"
                }
            ]
        },
        {
            "id": "15",
            "category": "ALTERNATOR COMPONENTS",
            "category_parts": [
                {
                    "id": "",
                    "name": ""
                },
                {
                    "id": "ALT21113",
                    "name": "ALTERNATOR [LHS MOUNT]"
                },
                {
                    "id": "PG213",
                    "name": "FANBELT RAM"
                },
                {
                    "id": "62022RS",
                    "name": "ALTERNATOR BRG FRNT"
                },
                {
                    "id": "62012RS",
                    "name": "ALTERNATOR BRG FRNT BOSCH"
                },
                {
                    "id": "LASX40-41",
                    "name": "ALTERNATOR BRUSH SET LUCAS"
                },
                {
                    "id": "LAX31-32",
                    "name": "ALTERNATOR BRUSH SET LUCAS"
                },
                {
                    "id": "83166",
                    "name": "ALTERNATOR RECTIFIER LUCAS ECHLIN"
                },
                {
                    "id": "VR1623",
                    "name": "VOLTAGE REGULATOR KAIZEN"
                },
                {
                    "id": "VR541",
                    "name": "VOLTAGE REGULATOR ACSA-MAG"
                }
            ]
        },
        {
            "id": "16",
            "category": "BODY PARTS FRONT AND REAR",
            "category_parts": [
                {
                    "id": "",
                    "name": ""
                },
                {
                    "id": "SL176",
                    "name": "SWITCH STOP LIGHT"
                },
                {
                    "id": "SL176M",
                    "name": "STOP LIGHT SWITCH"
                }
            ]
        },
        {
            "id": "17",
            "category": "SWITCHES \u0026 ACCESSORIES",
            "category_parts": [
                {
                    "id": "",
                    "name": ""
                },
                {
                    "id": "B16-1",
                    "name": "WIPER BLADE FRNT DRIV/PASS OSSCA/ATS"
                },
                {
                    "id": "BU10-16",
                    "name": "WIPER BLADE REAR CHAMPION"
                },
                {
                    "id": "VR541",
                    "name": "VOLTAGE REGULATOR ACSA-MAG"
                },
                {
                    "id": "OPS15",
                    "name": "OIL PRESSURE SWITCH ATS"
                },
                {
                    "id": "OP6409",
                    "name": "OIL PRESSURE SWITCH ECHLIN"
                },
                {
                    "id": "OP6409M",
                    "name": "OIL PRESSURE SWITCH MP"
                },
                {
                    "id": "TS907SA",
                    "name": "TEMP SENDER UNIT ECHLIN"
                },
                {
                    "id": "TS907SAM",
                    "name": "TEMP SENDER UNIT"
                },
                {
                    "id": "SL176",
                    "name": "SWITCH STOP LIGHT"
                },
                {
                    "id": "SL176M",
                    "name": "STOP LIGHT SWITCH"
                }
            ]
        },
        {
            "id": "18",
            "category": "GASKETS ",
            "category_parts": [
                {
                    "id": "",
                    "name": ""
                },
                {
                    "id": "FF470",
                    "name": "FULL GASKET SETS"
                },
                {
                    "id": "FF473",
                    "name": "FULL GASKET SETS"
                },
                {
                    "id": "JA439",
                    "name": "INTAKE MANIFOLD GASKET"
                },
                {
                    "id": "CF470",
                    "name": "HEAD SET GASKETS"
                },
                {
                    "id": "AF470",
                    "name": "CYLINDER HEAD GASKET"
                },
                {
                    "id": "AF470X",
                    "name": "CYL HEAD GASKET"
                },
                {
                    "id": "JM302",
                    "name": "VALVE COVER GASKET PAYEN"
                },
                {
                    "id": "JM416",
                    "name": "VALVE COVER GASKET PAYEN"
                },
                {
                    "id": "MVC0014",
                    "name": "VALVE COVER GASKET"
                },
                {
                    "id": "HC031",
                    "name": "OIL PAN GASKET PAYEN"
                },
                {
                    "id": "HC063",
                    "name": "OIL PAN GASKET PAYEN"
                },
                {
                    "id": "HJ013",
                    "name": "TRANSMISSION PAN GASKET"
                }
            ]
        },
        {
            "id": "20",
            "category": "SEALS ",
            "category_parts": [
                {
                    "id": "",
                    "name": ""
                },
                {
                    "id": "2625",
                    "name": "OIL SEAL FRNT WHEEL"
                },
                {
                    "id": "2517",
                    "name": "OIL SEAL G/BOX REAR PQ"
                },
                {
                    "id": "2734",
                    "name": "MAIN BRG SEAL"
                },
                {
                    "id": "NB284",
                    "name": "OIL SEAL PINION PAYEN [42X66.6X9.7MM]"
                },
                {
                    "id": "5048",
                    "name": "TIMING COVER SEAL"
                },
                {
                    "id": "NA473",
                    "name": "TIMING COVER SEAL"
                },
                {
                    "id": "2738",
                    "name": "OIL SEAL PINION PQ"
                }
            ]
        },
        {
            "id": "24",
            "category": "WHEEL BEARINGS",
            "category_parts": [
                {
                    "id": "",
                    "name": ""
                },
                {
                    "id": "ATC239",
                    "name": "WHEEL BRG KIT FRNT TC"
                },
                {
                    "id": "FW239",
                    "name": "WHEEL BRG KIT FRNT PQ"
                },
                {
                    "id": "PQ239",
                    "name": "WHEEL BRG KIT FRNT PQ"
                },
                {
                    "id": "ATC154",
                    "name": "WHEEL BRG REAR [LOCAL AXLE] TC"
                },
                {
                    "id": "11910",
                    "name": "WHEEL BRG KIT REAR PQ"
                },
                {
                    "id": "11949",
                    "name": "WHEEL BRG KIT REAR PQ"
                },
                {
                    "id": "29710",
                    "name": "WHEEL BRG KIT REAR PQ"
                },
                {
                    "id": "29749",
                    "name": "WHEEL BRG KIT REAR PQ"
                },
                {
                    "id": "44610",
                    "name": "WHEEL BRG KIT REAR PQ"
                },
                {
                    "id": "44649",
                    "name": "WHEEL BRG KIT REAR PQ"
                },
                {
                    "id": "PQ154",
                    "name": "WHEEL BRG KIT REAR PQ"
                },
                {
                    "id": "RW154",
                    "name": "WHEEL BRG KIT REAR PQ"
                },
                {
                    "id": "FAG154",
                    "name": "WHEEL BRG KIT REAR FAG"
                },
                {
                    "id": "154M",
                    "name": "WHEEL BRG KIT REAR MP"
                },
                {
                    "id": "WBRW308",
                    "name": "WHEEL BRG KIT REAR GM"
                }
            ]
        },
        {
            "id": "26",
            "category": "STEERING",
            "category_parts": [
                {
                    "id": "",
                    "name": ""
                },
                {
                    "id": "R29",
                    "name": "R/PINION BMC 1100/11/55/APACHE"
                },
                {
                    "id": "TR1205",
                    "name": "TIE ROD END OUTER L/R PQ"
                },
                {
                    "id": "CTR1205",
                    "name": "TIE ROD ENDS OUTER AUTOCOM"
                },
                {
                    "id": "DE1373G",
                    "name": "TIE ROD ENDS OUTER TC"
                }
            ]
        },
        {
            "id": "27",
            "category": "BEARINGS",
            "category_parts": [
                {
                    "id": "",
                    "name": ""
                },
                {
                    "id": "RB9545",
                    "name": "CLUTCH RELEASE BRG PQ"
                },
                {
                    "id": "412971",
                    "name": "USE 361964 ON COMPUTER"
                },
                {
                    "id": "86610+49",
                    "name": "DIFF PINION BRG FRNT PQ"
                },
                {
                    "id": "88610+49",
                    "name": "DIFF PINION BRG REAR PQ"
                },
                {
                    "id": "29710+49",
                    "name": "DIFF CARRIER BRG PQ"
                },
                {
                    "id": "C3063-000",
                    "name": "CAMSHAFT BRG SET"
                },
                {
                    "id": "B4484-000",
                    "name": "CONROD BRG SET"
                },
                {
                    "id": "B4484-010",
                    "name": "CONROD BRG SET"
                },
                {
                    "id": "B4484-020",
                    "name": "CONROD BRG SET"
                },
                {
                    "id": "B4484-030",
                    "name": "CONROD BRG SET"
                },
                {
                    "id": "B4484-040",
                    "name": "CONROD BRG SET"
                },
                {
                    "id": "B4484-060",
                    "name": "CONROD BRG SET"
                },
                {
                    "id": "M3337-000",
                    "name": "MAIN BRG SET"
                },
                {
                    "id": "M3337-010",
                    "name": "MAIN BRG SET"
                },
                {
                    "id": "M3337-020",
                    "name": "MAIN BRG SET"
                },
                {
                    "id": "M3337-030",
                    "name": "MAIN BRG SET"
                },
                {
                    "id": "M3337-040",
                    "name": "MAIN BRG SET"
                },
                {
                    "id": "M3337-060",
                    "name": "MAIN BRG SET"
                },
                {
                    "id": "ATC239",
                    "name": "WHEEL BRG KIT FRNT TC"
                },
                {
                    "id": "FW239",
                    "name": "WHEEL BRG KIT FRNT PQ"
                },
                {
                    "id": "PQ239",
                    "name": "WHEEL BRG KIT FRNT PQ"
                },
                {
                    "id": "ATC154",
                    "name": "WHEEL BRG REAR [LOCAL AXLE] TC"
                },
                {
                    "id": "11910",
                    "name": "WHEEL BRG KIT REAR PQ"
                },
                {
                    "id": "11949",
                    "name": "WHEEL BRG KIT REAR PQ"
                },
                {
                    "id": "29710",
                    "name": "WHEEL BRG KIT REAR PQ"
                },
                {
                    "id": "29749",
                    "name": "WHEEL BRG KIT REAR PQ"
                },
                {
                    "id": "44610",
                    "name": "WHEEL BRG KIT REAR PQ"
                },
                {
                    "id": "44649",
                    "name": "WHEEL BRG KIT REAR PQ"
                },
                {
                    "id": "PQ154",
                    "name": "WHEEL BRG KIT REAR PQ"
                },
                {
                    "id": "RW154",
                    "name": "WHEEL BRG KIT REAR PQ"
                },
                {
                    "id": "FAG154",
                    "name": "WHEEL BRG KIT REAR FAG"
                },
                {
                    "id": "154M",
                    "name": "WHEEL BRG KIT REAR MP"
                },
                {
                    "id": "WBRW308",
                    "name": "WHEEL BRG KIT REAR GM"
                }
            ]
        },
        {
            "id": "27",
            "category": "BEARINGS",
            "category_parts": [
                {
                    "id": "",
                    "name": ""
                },
                {
                    "id": "RB9545",
                    "name": "CLUTCH RELEASE BRG PQ"
                },
                {
                    "id": "412971",
                    "name": "USE 361964 ON COMPUTER"
                },
                {
                    "id": "86610+49",
                    "name": "DIFF PINION BRG FRNT PQ"
                },
                {
                    "id": "88610+49",
                    "name": "DIFF PINION BRG REAR PQ"
                },
                {
                    "id": "29710+49",
                    "name": "DIFF CARRIER BRG PQ"
                },
                {
                    "id": "C3063-000",
                    "name": "CAMSHAFT BRG SET"
                },
                {
                    "id": "B4484-000",
                    "name": "CONROD BRG SET"
                },
                {
                    "id": "B4484-010",
                    "name": "CONROD BRG SET"
                },
                {
                    "id": "B4484-020",
                    "name": "CONROD BRG SET"
                },
                {
                    "id": "B4484-030",
                    "name": "CONROD BRG SET"
                },
                {
                    "id": "B4484-040",
                    "name": "CONROD BRG SET"
                },
                {
                    "id": "B4484-060",
                    "name": "CONROD BRG SET"
                },
                {
                    "id": "M3337-000",
                    "name": "MAIN BRG SET"
                },
                {
                    "id": "M3337-010",
                    "name": "MAIN BRG SET"
                },
                {
                    "id": "M3337-020",
                    "name": "MAIN BRG SET"
                },
                {
                    "id": "M3337-030",
                    "name": "MAIN BRG SET"
                },
                {
                    "id": "M3337-040",
                    "name": "MAIN BRG SET"
                },
                {
                    "id": "M3337-060",
                    "name": "MAIN BRG SET"
                },
                {
                    "id": "ATC239",
                    "name": "WHEEL BRG KIT FRNT TC"
                },
                {
                    "id": "FW239",
                    "name": "WHEEL BRG KIT FRNT PQ"
                },
                {
                    "id": "PQ239",
                    "name": "WHEEL BRG KIT FRNT PQ"
                },
                {
                    "id": "ATC154",
                    "name": "WHEEL BRG REAR [LOCAL AXLE] TC"
                },
                {
                    "id": "11910",
                    "name": "WHEEL BRG KIT REAR PQ"
                },
                {
                    "id": "11949",
                    "name": "WHEEL BRG KIT REAR PQ"
                },
                {
                    "id": "29710",
                    "name": "WHEEL BRG KIT REAR PQ"
                },
                {
                    "id": "29749",
                    "name": "WHEEL BRG KIT REAR PQ"
                },
                {
                    "id": "44610",
                    "name": "WHEEL BRG KIT REAR PQ"
                },
                {
                    "id": "44649",
                    "name": "WHEEL BRG KIT REAR PQ"
                },
                {
                    "id": "PQ154",
                    "name": "WHEEL BRG KIT REAR PQ"
                },
                {
                    "id": "RW154",
                    "name": "WHEEL BRG KIT REAR PQ"
                },
                {
                    "id": "FAG154",
                    "name": "WHEEL BRG KIT REAR FAG"
                },
                {
                    "id": "154M",
                    "name": "WHEEL BRG KIT REAR MP"
                },
                {
                    "id": "WBRW308",
                    "name": "WHEEL BRG KIT REAR GM"
                }
            ]
        }
    ]
}
