{
    "id": "477",
    "parts": [
        {
            "id": "11",
            "category": "CYLINDER HEAD COMPONENTS",
            "category_parts": [
                {
                    "id": "",
                    "name": ""
                },
                {
                    "id": "AE5060",
                    "name": "CYLINDER HEAD GASKET"
                },
                {
                    "id": "JD5280",
                    "name": "EXHAUST MANIFOLD GASKET"
                }
            ]
        },
        {
            "id": "18",
            "category": "GASKETS ",
            "category_parts": [
                {
                    "id": "",
                    "name": ""
                },
                {
                    "id": "JD5280",
                    "name": "EXHAUST MANIFOLD GASKET"
                },
                {
                    "id": "AE5060",
                    "name": "CYLINDER HEAD GASKET"
                }
            ]
        },
        {
            "id": "18",
            "category": "GASKETS ",
            "category_parts": [
                {
                    "id": "",
                    "name": ""
                },
                {
                    "id": "JD5280",
                    "name": "EXHAUST MANIFOLD GASKET"
                },
                {
                    "id": "AE5060",
                    "name": "CYLINDER HEAD GASKET"
                }
            ]
        }
    ]
}
